# Solar Horizon Hyper-Realistic 3D Asset: SolarisCruiserV2
# Vertices: 3317, Faces: 6548

v 0.900000 0.000000 -19.000000
v 0.869333 0.232937 -19.000000
v 0.779423 0.450000 -19.000000
v 0.636396 0.636396 -19.000000
v 0.450000 0.779423 -19.000000
v 0.232937 0.869333 -19.000000
v 0.000000 0.900000 -19.000000
v -0.232937 0.869333 -19.000000
v -0.450000 0.779423 -19.000000
v -0.636396 0.636396 -19.000000
v -0.779423 0.450000 -19.000000
v -0.869333 0.232937 -19.000000
v -0.900000 0.000000 -19.000000
v -0.869333 -0.232937 -19.000000
v -0.779423 -0.450000 -19.000000
v -0.636396 -0.636396 -19.000000
v -0.450000 -0.779423 -19.000000
v -0.232937 -0.869333 -19.000000
v -0.000000 -0.900000 -19.000000
v 0.232937 -0.869333 -19.000000
v 0.450000 -0.779423 -19.000000
v 0.636396 -0.636396 -19.000000
v 0.779423 -0.450000 -19.000000
v 0.869333 -0.232937 -19.000000
v 0.900000 0.000000 -15.833333
v 0.869333 0.232937 -15.833333
v 0.779423 0.450000 -15.833333
v 0.636396 0.636396 -15.833333
v 0.450000 0.779423 -15.833333
v 0.232937 0.869333 -15.833333
v 0.000000 0.900000 -15.833333
v -0.232937 0.869333 -15.833333
v -0.450000 0.779423 -15.833333
v -0.636396 0.636396 -15.833333
v -0.779423 0.450000 -15.833333
v -0.869333 0.232937 -15.833333
v -0.900000 0.000000 -15.833333
v -0.869333 -0.232937 -15.833333
v -0.779423 -0.450000 -15.833333
v -0.636396 -0.636396 -15.833333
v -0.450000 -0.779423 -15.833333
v -0.232937 -0.869333 -15.833333
v -0.000000 -0.900000 -15.833333
v 0.232937 -0.869333 -15.833333
v 0.450000 -0.779423 -15.833333
v 0.636396 -0.636396 -15.833333
v 0.779423 -0.450000 -15.833333
v 0.869333 -0.232937 -15.833333
v 0.900000 0.000000 -12.666667
v 0.869333 0.232937 -12.666667
v 0.779423 0.450000 -12.666667
v 0.636396 0.636396 -12.666667
v 0.450000 0.779423 -12.666667
v 0.232937 0.869333 -12.666667
v 0.000000 0.900000 -12.666667
v -0.232937 0.869333 -12.666667
v -0.450000 0.779423 -12.666667
v -0.636396 0.636396 -12.666667
v -0.779423 0.450000 -12.666667
v -0.869333 0.232937 -12.666667
v -0.900000 0.000000 -12.666667
v -0.869333 -0.232937 -12.666667
v -0.779423 -0.450000 -12.666667
v -0.636396 -0.636396 -12.666667
v -0.450000 -0.779423 -12.666667
v -0.232937 -0.869333 -12.666667
v -0.000000 -0.900000 -12.666667
v 0.232937 -0.869333 -12.666667
v 0.450000 -0.779423 -12.666667
v 0.636396 -0.636396 -12.666667
v 0.779423 -0.450000 -12.666667
v 0.869333 -0.232937 -12.666667
v 0.900000 0.000000 -9.500000
v 0.869333 0.232937 -9.500000
v 0.779423 0.450000 -9.500000
v 0.636396 0.636396 -9.500000
v 0.450000 0.779423 -9.500000
v 0.232937 0.869333 -9.500000
v 0.000000 0.900000 -9.500000
v -0.232937 0.869333 -9.500000
v -0.450000 0.779423 -9.500000
v -0.636396 0.636396 -9.500000
v -0.779423 0.450000 -9.500000
v -0.869333 0.232937 -9.500000
v -0.900000 0.000000 -9.500000
v -0.869333 -0.232937 -9.500000
v -0.779423 -0.450000 -9.500000
v -0.636396 -0.636396 -9.500000
v -0.450000 -0.779423 -9.500000
v -0.232937 -0.869333 -9.500000
v -0.000000 -0.900000 -9.500000
v 0.232937 -0.869333 -9.500000
v 0.450000 -0.779423 -9.500000
v 0.636396 -0.636396 -9.500000
v 0.779423 -0.450000 -9.500000
v 0.869333 -0.232937 -9.500000
v 0.900000 0.000000 -6.333333
v 0.869333 0.232937 -6.333333
v 0.779423 0.450000 -6.333333
v 0.636396 0.636396 -6.333333
v 0.450000 0.779423 -6.333333
v 0.232937 0.869333 -6.333333
v 0.000000 0.900000 -6.333333
v -0.232937 0.869333 -6.333333
v -0.450000 0.779423 -6.333333
v -0.636396 0.636396 -6.333333
v -0.779423 0.450000 -6.333333
v -0.869333 0.232937 -6.333333
v -0.900000 0.000000 -6.333333
v -0.869333 -0.232937 -6.333333
v -0.779423 -0.450000 -6.333333
v -0.636396 -0.636396 -6.333333
v -0.450000 -0.779423 -6.333333
v -0.232937 -0.869333 -6.333333
v -0.000000 -0.900000 -6.333333
v 0.232937 -0.869333 -6.333333
v 0.450000 -0.779423 -6.333333
v 0.636396 -0.636396 -6.333333
v 0.779423 -0.450000 -6.333333
v 0.869333 -0.232937 -6.333333
v 0.900000 0.000000 -3.166667
v 0.869333 0.232937 -3.166667
v 0.779423 0.450000 -3.166667
v 0.636396 0.636396 -3.166667
v 0.450000 0.779423 -3.166667
v 0.232937 0.869333 -3.166667
v 0.000000 0.900000 -3.166667
v -0.232937 0.869333 -3.166667
v -0.450000 0.779423 -3.166667
v -0.636396 0.636396 -3.166667
v -0.779423 0.450000 -3.166667
v -0.869333 0.232937 -3.166667
v -0.900000 0.000000 -3.166667
v -0.869333 -0.232937 -3.166667
v -0.779423 -0.450000 -3.166667
v -0.636396 -0.636396 -3.166667
v -0.450000 -0.779423 -3.166667
v -0.232937 -0.869333 -3.166667
v -0.000000 -0.900000 -3.166667
v 0.232937 -0.869333 -3.166667
v 0.450000 -0.779423 -3.166667
v 0.636396 -0.636396 -3.166667
v 0.779423 -0.450000 -3.166667
v 0.869333 -0.232937 -3.166667
v 0.900000 0.000000 0.000000
v 0.869333 0.232937 0.000000
v 0.779423 0.450000 0.000000
v 0.636396 0.636396 0.000000
v 0.450000 0.779423 0.000000
v 0.232937 0.869333 0.000000
v 0.000000 0.900000 0.000000
v -0.232937 0.869333 0.000000
v -0.450000 0.779423 0.000000
v -0.636396 0.636396 0.000000
v -0.779423 0.450000 0.000000
v -0.869333 0.232937 0.000000
v -0.900000 0.000000 0.000000
v -0.869333 -0.232937 0.000000
v -0.779423 -0.450000 0.000000
v -0.636396 -0.636396 0.000000
v -0.450000 -0.779423 0.000000
v -0.232937 -0.869333 0.000000
v -0.000000 -0.900000 0.000000
v 0.232937 -0.869333 0.000000
v 0.450000 -0.779423 0.000000
v 0.636396 -0.636396 0.000000
v 0.779423 -0.450000 0.000000
v 0.869333 -0.232937 0.000000
v 0.900000 0.000000 3.166667
v 0.869333 0.232937 3.166667
v 0.779423 0.450000 3.166667
v 0.636396 0.636396 3.166667
v 0.450000 0.779423 3.166667
v 0.232937 0.869333 3.166667
v 0.000000 0.900000 3.166667
v -0.232937 0.869333 3.166667
v -0.450000 0.779423 3.166667
v -0.636396 0.636396 3.166667
v -0.779423 0.450000 3.166667
v -0.869333 0.232937 3.166667
v -0.900000 0.000000 3.166667
v -0.869333 -0.232937 3.166667
v -0.779423 -0.450000 3.166667
v -0.636396 -0.636396 3.166667
v -0.450000 -0.779423 3.166667
v -0.232937 -0.869333 3.166667
v -0.000000 -0.900000 3.166667
v 0.232937 -0.869333 3.166667
v 0.450000 -0.779423 3.166667
v 0.636396 -0.636396 3.166667
v 0.779423 -0.450000 3.166667
v 0.869333 -0.232937 3.166667
v 0.900000 0.000000 6.333333
v 0.869333 0.232937 6.333333
v 0.779423 0.450000 6.333333
v 0.636396 0.636396 6.333333
v 0.450000 0.779423 6.333333
v 0.232937 0.869333 6.333333
v 0.000000 0.900000 6.333333
v -0.232937 0.869333 6.333333
v -0.450000 0.779423 6.333333
v -0.636396 0.636396 6.333333
v -0.779423 0.450000 6.333333
v -0.869333 0.232937 6.333333
v -0.900000 0.000000 6.333333
v -0.869333 -0.232937 6.333333
v -0.779423 -0.450000 6.333333
v -0.636396 -0.636396 6.333333
v -0.450000 -0.779423 6.333333
v -0.232937 -0.869333 6.333333
v -0.000000 -0.900000 6.333333
v 0.232937 -0.869333 6.333333
v 0.450000 -0.779423 6.333333
v 0.636396 -0.636396 6.333333
v 0.779423 -0.450000 6.333333
v 0.869333 -0.232937 6.333333
v 0.900000 0.000000 9.500000
v 0.869333 0.232937 9.500000
v 0.779423 0.450000 9.500000
v 0.636396 0.636396 9.500000
v 0.450000 0.779423 9.500000
v 0.232937 0.869333 9.500000
v 0.000000 0.900000 9.500000
v -0.232937 0.869333 9.500000
v -0.450000 0.779423 9.500000
v -0.636396 0.636396 9.500000
v -0.779423 0.450000 9.500000
v -0.869333 0.232937 9.500000
v -0.900000 0.000000 9.500000
v -0.869333 -0.232937 9.500000
v -0.779423 -0.450000 9.500000
v -0.636396 -0.636396 9.500000
v -0.450000 -0.779423 9.500000
v -0.232937 -0.869333 9.500000
v -0.000000 -0.900000 9.500000
v 0.232937 -0.869333 9.500000
v 0.450000 -0.779423 9.500000
v 0.636396 -0.636396 9.500000
v 0.779423 -0.450000 9.500000
v 0.869333 -0.232937 9.500000
v 0.900000 0.000000 12.666667
v 0.869333 0.232937 12.666667
v 0.779423 0.450000 12.666667
v 0.636396 0.636396 12.666667
v 0.450000 0.779423 12.666667
v 0.232937 0.869333 12.666667
v 0.000000 0.900000 12.666667
v -0.232937 0.869333 12.666667
v -0.450000 0.779423 12.666667
v -0.636396 0.636396 12.666667
v -0.779423 0.450000 12.666667
v -0.869333 0.232937 12.666667
v -0.900000 0.000000 12.666667
v -0.869333 -0.232937 12.666667
v -0.779423 -0.450000 12.666667
v -0.636396 -0.636396 12.666667
v -0.450000 -0.779423 12.666667
v -0.232937 -0.869333 12.666667
v -0.000000 -0.900000 12.666667
v 0.232937 -0.869333 12.666667
v 0.450000 -0.779423 12.666667
v 0.636396 -0.636396 12.666667
v 0.779423 -0.450000 12.666667
v 0.869333 -0.232937 12.666667
v 0.900000 0.000000 15.833333
v 0.869333 0.232937 15.833333
v 0.779423 0.450000 15.833333
v 0.636396 0.636396 15.833333
v 0.450000 0.779423 15.833333
v 0.232937 0.869333 15.833333
v 0.000000 0.900000 15.833333
v -0.232937 0.869333 15.833333
v -0.450000 0.779423 15.833333
v -0.636396 0.636396 15.833333
v -0.779423 0.450000 15.833333
v -0.869333 0.232937 15.833333
v -0.900000 0.000000 15.833333
v -0.869333 -0.232937 15.833333
v -0.779423 -0.450000 15.833333
v -0.636396 -0.636396 15.833333
v -0.450000 -0.779423 15.833333
v -0.232937 -0.869333 15.833333
v -0.000000 -0.900000 15.833333
v 0.232937 -0.869333 15.833333
v 0.450000 -0.779423 15.833333
v 0.636396 -0.636396 15.833333
v 0.779423 -0.450000 15.833333
v 0.869333 -0.232937 15.833333
v 0.900000 0.000000 19.000000
v 0.869333 0.232937 19.000000
v 0.779423 0.450000 19.000000
v 0.636396 0.636396 19.000000
v 0.450000 0.779423 19.000000
v 0.232937 0.869333 19.000000
v 0.000000 0.900000 19.000000
v -0.232937 0.869333 19.000000
v -0.450000 0.779423 19.000000
v -0.636396 0.636396 19.000000
v -0.779423 0.450000 19.000000
v -0.869333 0.232937 19.000000
v -0.900000 0.000000 19.000000
v -0.869333 -0.232937 19.000000
v -0.779423 -0.450000 19.000000
v -0.636396 -0.636396 19.000000
v -0.450000 -0.779423 19.000000
v -0.232937 -0.869333 19.000000
v -0.000000 -0.900000 19.000000
v 0.232937 -0.869333 19.000000
v 0.450000 -0.779423 19.000000
v 0.636396 -0.636396 19.000000
v 0.779423 -0.450000 19.000000
v 0.869333 -0.232937 19.000000
v 0.000000 0.000000 -19.000000
v 0.000000 0.000000 19.000000
v 4.400000 0.000000 -2.000000
v 4.292820 0.000000 -1.600000
v 4.000000 0.000000 -1.307180
v 3.600000 0.000000 -1.200000
v 3.200000 0.000000 -1.307180
v 2.907180 0.000000 -1.600000
v 2.800000 0.000000 -2.000000
v 2.907180 0.000000 -2.400000
v 3.200000 0.000000 -2.692820
v 3.600000 0.000000 -2.800000
v 4.000000 0.000000 -2.692820
v 4.292820 0.000000 -2.400000
v 4.232535 0.841904 -2.000000
v 4.133514 0.800888 -1.600000
v 3.862983 0.688830 -1.307180
v 3.493431 0.535757 -1.200000
v 3.123880 0.382683 -1.307180
v 2.853349 0.270626 -1.600000
v 2.754328 0.229610 -2.000000
v 2.853349 0.270626 -2.400000
v 3.123880 0.382683 -2.692820
v 3.493431 0.535757 -2.800000
v 3.862983 0.688830 -2.692820
v 4.133514 0.800888 -2.400000
v 3.755635 1.555635 -2.000000
v 3.679847 1.479847 -1.600000
v 3.472792 1.272792 -1.307180
v 3.189949 0.989949 -1.200000
v 2.907107 0.707107 -1.307180
v 2.700052 0.500052 -1.600000
v 2.624264 0.424264 -2.000000
v 2.700052 0.500052 -2.400000
v 2.907107 0.707107 -2.692820
v 3.189949 0.989949 -2.800000
v 3.472792 1.272792 -2.692820
v 3.679847 1.479847 -2.400000
v 3.041904 2.032535 -2.000000
v 3.000888 1.933514 -1.600000
v 2.888830 1.662983 -1.307180
v 2.735757 1.293431 -1.200000
v 2.582683 0.923880 -1.307180
v 2.470626 0.653349 -1.600000
v 2.429610 0.554328 -2.000000
v 2.470626 0.653349 -2.400000
v 2.582683 0.923880 -2.692820
v 2.735757 1.293431 -2.800000
v 2.888830 1.662983 -2.692820
v 3.000888 1.933514 -2.400000
v 2.200000 2.200000 -2.000000
v 2.200000 2.092820 -1.600000
v 2.200000 1.800000 -1.307180
v 2.200000 1.400000 -1.200000
v 2.200000 1.000000 -1.307180
v 2.200000 0.707180 -1.600000
v 2.200000 0.600000 -2.000000
v 2.200000 0.707180 -2.400000
v 2.200000 1.000000 -2.692820
v 2.200000 1.400000 -2.800000
v 2.200000 1.800000 -2.692820
v 2.200000 2.092820 -2.400000
v 1.358096 2.032535 -2.000000
v 1.399112 1.933514 -1.600000
v 1.511170 1.662983 -1.307180
v 1.664243 1.293431 -1.200000
v 1.817317 0.923880 -1.307180
v 1.929374 0.653349 -1.600000
v 1.970390 0.554328 -2.000000
v 1.929374 0.653349 -2.400000
v 1.817317 0.923880 -2.692820
v 1.664243 1.293431 -2.800000
v 1.511170 1.662983 -2.692820
v 1.399112 1.933514 -2.400000
v 0.644365 1.555635 -2.000000
v 0.720153 1.479847 -1.600000
v 0.927208 1.272792 -1.307180
v 1.210051 0.989949 -1.200000
v 1.492893 0.707107 -1.307180
v 1.699948 0.500052 -1.600000
v 1.775736 0.424264 -2.000000
v 1.699948 0.500052 -2.400000
v 1.492893 0.707107 -2.692820
v 1.210051 0.989949 -2.800000
v 0.927208 1.272792 -2.692820
v 0.720153 1.479847 -2.400000
v 0.167465 0.841904 -2.000000
v 0.266486 0.800888 -1.600000
v 0.537017 0.688830 -1.307180
v 0.906569 0.535757 -1.200000
v 1.276120 0.382683 -1.307180
v 1.546651 0.270626 -1.600000
v 1.645672 0.229610 -2.000000
v 1.546651 0.270626 -2.400000
v 1.276120 0.382683 -2.692820
v 0.906569 0.535757 -2.800000
v 0.537017 0.688830 -2.692820
v 0.266486 0.800888 -2.400000
v 0.000000 0.000000 -2.000000
v 0.107180 0.000000 -1.600000
v 0.400000 0.000000 -1.307180
v 0.800000 0.000000 -1.200000
v 1.200000 0.000000 -1.307180
v 1.492820 0.000000 -1.600000
v 1.600000 0.000000 -2.000000
v 1.492820 0.000000 -2.400000
v 1.200000 0.000000 -2.692820
v 0.800000 0.000000 -2.800000
v 0.400000 0.000000 -2.692820
v 0.107180 0.000000 -2.400000
v 0.167465 -0.841904 -2.000000
v 0.266486 -0.800888 -1.600000
v 0.537017 -0.688830 -1.307180
v 0.906569 -0.535757 -1.200000
v 1.276120 -0.382683 -1.307180
v 1.546651 -0.270626 -1.600000
v 1.645672 -0.229610 -2.000000
v 1.546651 -0.270626 -2.400000
v 1.276120 -0.382683 -2.692820
v 0.906569 -0.535757 -2.800000
v 0.537017 -0.688830 -2.692820
v 0.266486 -0.800888 -2.400000
v 0.644365 -1.555635 -2.000000
v 0.720153 -1.479847 -1.600000
v 0.927208 -1.272792 -1.307180
v 1.210051 -0.989949 -1.200000
v 1.492893 -0.707107 -1.307180
v 1.699948 -0.500052 -1.600000
v 1.775736 -0.424264 -2.000000
v 1.699948 -0.500052 -2.400000
v 1.492893 -0.707107 -2.692820
v 1.210051 -0.989949 -2.800000
v 0.927208 -1.272792 -2.692820
v 0.720153 -1.479847 -2.400000
v 1.358096 -2.032535 -2.000000
v 1.399112 -1.933514 -1.600000
v 1.511170 -1.662983 -1.307180
v 1.664243 -1.293431 -1.200000
v 1.817317 -0.923880 -1.307180
v 1.929374 -0.653349 -1.600000
v 1.970390 -0.554328 -2.000000
v 1.929374 -0.653349 -2.400000
v 1.817317 -0.923880 -2.692820
v 1.664243 -1.293431 -2.800000
v 1.511170 -1.662983 -2.692820
v 1.399112 -1.933514 -2.400000
v 2.200000 -2.200000 -2.000000
v 2.200000 -2.092820 -1.600000
v 2.200000 -1.800000 -1.307180
v 2.200000 -1.400000 -1.200000
v 2.200000 -1.000000 -1.307180
v 2.200000 -0.707180 -1.600000
v 2.200000 -0.600000 -2.000000
v 2.200000 -0.707180 -2.400000
v 2.200000 -1.000000 -2.692820
v 2.200000 -1.400000 -2.800000
v 2.200000 -1.800000 -2.692820
v 2.200000 -2.092820 -2.400000
v 3.041904 -2.032535 -2.000000
v 3.000888 -1.933514 -1.600000
v 2.888830 -1.662983 -1.307180
v 2.735757 -1.293431 -1.200000
v 2.582683 -0.923880 -1.307180
v 2.470626 -0.653349 -1.600000
v 2.429610 -0.554328 -2.000000
v 2.470626 -0.653349 -2.400000
v 2.582683 -0.923880 -2.692820
v 2.735757 -1.293431 -2.800000
v 2.888830 -1.662983 -2.692820
v 3.000888 -1.933514 -2.400000
v 3.755635 -1.555635 -2.000000
v 3.679847 -1.479847 -1.600000
v 3.472792 -1.272792 -1.307180
v 3.189949 -0.989949 -1.200000
v 2.907107 -0.707107 -1.307180
v 2.700052 -0.500052 -1.600000
v 2.624264 -0.424264 -2.000000
v 2.700052 -0.500052 -2.400000
v 2.907107 -0.707107 -2.692820
v 3.189949 -0.989949 -2.800000
v 3.472792 -1.272792 -2.692820
v 3.679847 -1.479847 -2.400000
v 4.232535 -0.841904 -2.000000
v 4.133514 -0.800888 -1.600000
v 3.862983 -0.688830 -1.307180
v 3.493431 -0.535757 -1.200000
v 3.123880 -0.382683 -1.307180
v 2.853349 -0.270626 -1.600000
v 2.754328 -0.229610 -2.000000
v 2.853349 -0.270626 -2.400000
v 3.123880 -0.382683 -2.692820
v 3.493431 -0.535757 -2.800000
v 3.862983 -0.688830 -2.692820
v 4.133514 -0.800888 -2.400000
v 2.200000 2.200000 -2.000000
v 2.092820 2.200000 -1.600000
v 1.800000 2.200000 -1.307180
v 1.400000 2.200000 -1.200000
v 1.000000 2.200000 -1.307180
v 0.707180 2.200000 -1.600000
v 0.600000 2.200000 -2.000000
v 0.707180 2.200000 -2.400000
v 1.000000 2.200000 -2.692820
v 1.400000 2.200000 -2.800000
v 1.800000 2.200000 -2.692820
v 2.092820 2.200000 -2.400000
v 2.032535 3.041904 -2.000000
v 1.933514 3.000888 -1.600000
v 1.662983 2.888830 -1.307180
v 1.293431 2.735757 -1.200000
v 0.923880 2.582683 -1.307180
v 0.653349 2.470626 -1.600000
v 0.554328 2.429610 -2.000000
v 0.653349 2.470626 -2.400000
v 0.923880 2.582683 -2.692820
v 1.293431 2.735757 -2.800000
v 1.662983 2.888830 -2.692820
v 1.933514 3.000888 -2.400000
v 1.555635 3.755635 -2.000000
v 1.479847 3.679847 -1.600000
v 1.272792 3.472792 -1.307180
v 0.989949 3.189949 -1.200000
v 0.707107 2.907107 -1.307180
v 0.500052 2.700052 -1.600000
v 0.424264 2.624264 -2.000000
v 0.500052 2.700052 -2.400000
v 0.707107 2.907107 -2.692820
v 0.989949 3.189949 -2.800000
v 1.272792 3.472792 -2.692820
v 1.479847 3.679847 -2.400000
v 0.841904 4.232535 -2.000000
v 0.800888 4.133514 -1.600000
v 0.688830 3.862983 -1.307180
v 0.535757 3.493431 -1.200000
v 0.382683 3.123880 -1.307180
v 0.270626 2.853349 -1.600000
v 0.229610 2.754328 -2.000000
v 0.270626 2.853349 -2.400000
v 0.382683 3.123880 -2.692820
v 0.535757 3.493431 -2.800000
v 0.688830 3.862983 -2.692820
v 0.800888 4.133514 -2.400000
v 0.000000 4.400000 -2.000000
v 0.000000 4.292820 -1.600000
v 0.000000 4.000000 -1.307180
v 0.000000 3.600000 -1.200000
v 0.000000 3.200000 -1.307180
v 0.000000 2.907180 -1.600000
v 0.000000 2.800000 -2.000000
v 0.000000 2.907180 -2.400000
v 0.000000 3.200000 -2.692820
v 0.000000 3.600000 -2.800000
v 0.000000 4.000000 -2.692820
v 0.000000 4.292820 -2.400000
v -0.841904 4.232535 -2.000000
v -0.800888 4.133514 -1.600000
v -0.688830 3.862983 -1.307180
v -0.535757 3.493431 -1.200000
v -0.382683 3.123880 -1.307180
v -0.270626 2.853349 -1.600000
v -0.229610 2.754328 -2.000000
v -0.270626 2.853349 -2.400000
v -0.382683 3.123880 -2.692820
v -0.535757 3.493431 -2.800000
v -0.688830 3.862983 -2.692820
v -0.800888 4.133514 -2.400000
v -1.555635 3.755635 -2.000000
v -1.479847 3.679847 -1.600000
v -1.272792 3.472792 -1.307180
v -0.989949 3.189949 -1.200000
v -0.707107 2.907107 -1.307180
v -0.500052 2.700052 -1.600000
v -0.424264 2.624264 -2.000000
v -0.500052 2.700052 -2.400000
v -0.707107 2.907107 -2.692820
v -0.989949 3.189949 -2.800000
v -1.272792 3.472792 -2.692820
v -1.479847 3.679847 -2.400000
v -2.032535 3.041904 -2.000000
v -1.933514 3.000888 -1.600000
v -1.662983 2.888830 -1.307180
v -1.293431 2.735757 -1.200000
v -0.923880 2.582683 -1.307180
v -0.653349 2.470626 -1.600000
v -0.554328 2.429610 -2.000000
v -0.653349 2.470626 -2.400000
v -0.923880 2.582683 -2.692820
v -1.293431 2.735757 -2.800000
v -1.662983 2.888830 -2.692820
v -1.933514 3.000888 -2.400000
v -2.200000 2.200000 -2.000000
v -2.092820 2.200000 -1.600000
v -1.800000 2.200000 -1.307180
v -1.400000 2.200000 -1.200000
v -1.000000 2.200000 -1.307180
v -0.707180 2.200000 -1.600000
v -0.600000 2.200000 -2.000000
v -0.707180 2.200000 -2.400000
v -1.000000 2.200000 -2.692820
v -1.400000 2.200000 -2.800000
v -1.800000 2.200000 -2.692820
v -2.092820 2.200000 -2.400000
v -2.032535 1.358096 -2.000000
v -1.933514 1.399112 -1.600000
v -1.662983 1.511170 -1.307180
v -1.293431 1.664243 -1.200000
v -0.923880 1.817317 -1.307180
v -0.653349 1.929374 -1.600000
v -0.554328 1.970390 -2.000000
v -0.653349 1.929374 -2.400000
v -0.923880 1.817317 -2.692820
v -1.293431 1.664243 -2.800000
v -1.662983 1.511170 -2.692820
v -1.933514 1.399112 -2.400000
v -1.555635 0.644365 -2.000000
v -1.479847 0.720153 -1.600000
v -1.272792 0.927208 -1.307180
v -0.989949 1.210051 -1.200000
v -0.707107 1.492893 -1.307180
v -0.500052 1.699948 -1.600000
v -0.424264 1.775736 -2.000000
v -0.500052 1.699948 -2.400000
v -0.707107 1.492893 -2.692820
v -0.989949 1.210051 -2.800000
v -1.272792 0.927208 -2.692820
v -1.479847 0.720153 -2.400000
v -0.841904 0.167465 -2.000000
v -0.800888 0.266486 -1.600000
v -0.688830 0.537017 -1.307180
v -0.535757 0.906569 -1.200000
v -0.382683 1.276120 -1.307180
v -0.270626 1.546651 -1.600000
v -0.229610 1.645672 -2.000000
v -0.270626 1.546651 -2.400000
v -0.382683 1.276120 -2.692820
v -0.535757 0.906569 -2.800000
v -0.688830 0.537017 -2.692820
v -0.800888 0.266486 -2.400000
v -0.000000 0.000000 -2.000000
v -0.000000 0.107180 -1.600000
v -0.000000 0.400000 -1.307180
v -0.000000 0.800000 -1.200000
v -0.000000 1.200000 -1.307180
v 0.000000 1.492820 -1.600000
v 0.000000 1.600000 -2.000000
v 0.000000 1.492820 -2.400000
v -0.000000 1.200000 -2.692820
v -0.000000 0.800000 -2.800000
v -0.000000 0.400000 -2.692820
v -0.000000 0.107180 -2.400000
v 0.841904 0.167465 -2.000000
v 0.800888 0.266486 -1.600000
v 0.688830 0.537017 -1.307180
v 0.535757 0.906569 -1.200000
v 0.382683 1.276120 -1.307180
v 0.270626 1.546651 -1.600000
v 0.229610 1.645672 -2.000000
v 0.270626 1.546651 -2.400000
v 0.382683 1.276120 -2.692820
v 0.535757 0.906569 -2.800000
v 0.688830 0.537017 -2.692820
v 0.800888 0.266486 -2.400000
v 1.555635 0.644365 -2.000000
v 1.479847 0.720153 -1.600000
v 1.272792 0.927208 -1.307180
v 0.989949 1.210051 -1.200000
v 0.707107 1.492893 -1.307180
v 0.500052 1.699948 -1.600000
v 0.424264 1.775736 -2.000000
v 0.500052 1.699948 -2.400000
v 0.707107 1.492893 -2.692820
v 0.989949 1.210051 -2.800000
v 1.272792 0.927208 -2.692820
v 1.479847 0.720153 -2.400000
v 2.032535 1.358096 -2.000000
v 1.933514 1.399112 -1.600000
v 1.662983 1.511170 -1.307180
v 1.293431 1.664243 -1.200000
v 0.923880 1.817317 -1.307180
v 0.653349 1.929374 -1.600000
v 0.554328 1.970390 -2.000000
v 0.653349 1.929374 -2.400000
v 0.923880 1.817317 -2.692820
v 1.293431 1.664243 -2.800000
v 1.662983 1.511170 -2.692820
v 1.933514 1.399112 -2.400000
v 0.000000 0.000000 -2.000000
v -0.107180 0.000000 -1.600000
v -0.400000 0.000000 -1.307180
v -0.800000 0.000000 -1.200000
v -1.200000 0.000000 -1.307180
v -1.492820 0.000000 -1.600000
v -1.600000 0.000000 -2.000000
v -1.492820 0.000000 -2.400000
v -1.200000 0.000000 -2.692820
v -0.800000 0.000000 -2.800000
v -0.400000 0.000000 -2.692820
v -0.107180 0.000000 -2.400000
v -0.167465 0.841904 -2.000000
v -0.266486 0.800888 -1.600000
v -0.537017 0.688830 -1.307180
v -0.906569 0.535757 -1.200000
v -1.276120 0.382683 -1.307180
v -1.546651 0.270626 -1.600000
v -1.645672 0.229610 -2.000000
v -1.546651 0.270626 -2.400000
v -1.276120 0.382683 -2.692820
v -0.906569 0.535757 -2.800000
v -0.537017 0.688830 -2.692820
v -0.266486 0.800888 -2.400000
v -0.644365 1.555635 -2.000000
v -0.720153 1.479847 -1.600000
v -0.927208 1.272792 -1.307180
v -1.210051 0.989949 -1.200000
v -1.492893 0.707107 -1.307180
v -1.699948 0.500052 -1.600000
v -1.775736 0.424264 -2.000000
v -1.699948 0.500052 -2.400000
v -1.492893 0.707107 -2.692820
v -1.210051 0.989949 -2.800000
v -0.927208 1.272792 -2.692820
v -0.720153 1.479847 -2.400000
v -1.358096 2.032535 -2.000000
v -1.399112 1.933514 -1.600000
v -1.511170 1.662983 -1.307180
v -1.664243 1.293431 -1.200000
v -1.817317 0.923880 -1.307180
v -1.929374 0.653349 -1.600000
v -1.970390 0.554328 -2.000000
v -1.929374 0.653349 -2.400000
v -1.817317 0.923880 -2.692820
v -1.664243 1.293431 -2.800000
v -1.511170 1.662983 -2.692820
v -1.399112 1.933514 -2.400000
v -2.200000 2.200000 -2.000000
v -2.200000 2.092820 -1.600000
v -2.200000 1.800000 -1.307180
v -2.200000 1.400000 -1.200000
v -2.200000 1.000000 -1.307180
v -2.200000 0.707180 -1.600000
v -2.200000 0.600000 -2.000000
v -2.200000 0.707180 -2.400000
v -2.200000 1.000000 -2.692820
v -2.200000 1.400000 -2.800000
v -2.200000 1.800000 -2.692820
v -2.200000 2.092820 -2.400000
v -3.041904 2.032535 -2.000000
v -3.000888 1.933514 -1.600000
v -2.888830 1.662983 -1.307180
v -2.735757 1.293431 -1.200000
v -2.582683 0.923880 -1.307180
v -2.470626 0.653349 -1.600000
v -2.429610 0.554328 -2.000000
v -2.470626 0.653349 -2.400000
v -2.582683 0.923880 -2.692820
v -2.735757 1.293431 -2.800000
v -2.888830 1.662983 -2.692820
v -3.000888 1.933514 -2.400000
v -3.755635 1.555635 -2.000000
v -3.679847 1.479847 -1.600000
v -3.472792 1.272792 -1.307180
v -3.189949 0.989949 -1.200000
v -2.907107 0.707107 -1.307180
v -2.700052 0.500052 -1.600000
v -2.624264 0.424264 -2.000000
v -2.700052 0.500052 -2.400000
v -2.907107 0.707107 -2.692820
v -3.189949 0.989949 -2.800000
v -3.472792 1.272792 -2.692820
v -3.679847 1.479847 -2.400000
v -4.232535 0.841904 -2.000000
v -4.133514 0.800888 -1.600000
v -3.862983 0.688830 -1.307180
v -3.493431 0.535757 -1.200000
v -3.123880 0.382683 -1.307180
v -2.853349 0.270626 -1.600000
v -2.754328 0.229610 -2.000000
v -2.853349 0.270626 -2.400000
v -3.123880 0.382683 -2.692820
v -3.493431 0.535757 -2.800000
v -3.862983 0.688830 -2.692820
v -4.133514 0.800888 -2.400000
v -4.400000 0.000000 -2.000000
v -4.292820 0.000000 -1.600000
v -4.000000 0.000000 -1.307180
v -3.600000 0.000000 -1.200000
v -3.200000 0.000000 -1.307180
v -2.907180 0.000000 -1.600000
v -2.800000 0.000000 -2.000000
v -2.907180 0.000000 -2.400000
v -3.200000 0.000000 -2.692820
v -3.600000 0.000000 -2.800000
v -4.000000 0.000000 -2.692820
v -4.292820 0.000000 -2.400000
v -4.232535 -0.841904 -2.000000
v -4.133514 -0.800888 -1.600000
v -3.862983 -0.688830 -1.307180
v -3.493431 -0.535757 -1.200000
v -3.123880 -0.382683 -1.307180
v -2.853349 -0.270626 -1.600000
v -2.754328 -0.229610 -2.000000
v -2.853349 -0.270626 -2.400000
v -3.123880 -0.382683 -2.692820
v -3.493431 -0.535757 -2.800000
v -3.862983 -0.688830 -2.692820
v -4.133514 -0.800888 -2.400000
v -3.755635 -1.555635 -2.000000
v -3.679847 -1.479847 -1.600000
v -3.472792 -1.272792 -1.307180
v -3.189949 -0.989949 -1.200000
v -2.907107 -0.707107 -1.307180
v -2.700052 -0.500052 -1.600000
v -2.624264 -0.424264 -2.000000
v -2.700052 -0.500052 -2.400000
v -2.907107 -0.707107 -2.692820
v -3.189949 -0.989949 -2.800000
v -3.472792 -1.272792 -2.692820
v -3.679847 -1.479847 -2.400000
v -3.041904 -2.032535 -2.000000
v -3.000888 -1.933514 -1.600000
v -2.888830 -1.662983 -1.307180
v -2.735757 -1.293431 -1.200000
v -2.582683 -0.923880 -1.307180
v -2.470626 -0.653349 -1.600000
v -2.429610 -0.554328 -2.000000
v -2.470626 -0.653349 -2.400000
v -2.582683 -0.923880 -2.692820
v -2.735757 -1.293431 -2.800000
v -2.888830 -1.662983 -2.692820
v -3.000888 -1.933514 -2.400000
v -2.200000 -2.200000 -2.000000
v -2.200000 -2.092820 -1.600000
v -2.200000 -1.800000 -1.307180
v -2.200000 -1.400000 -1.200000
v -2.200000 -1.000000 -1.307180
v -2.200000 -0.707180 -1.600000
v -2.200000 -0.600000 -2.000000
v -2.200000 -0.707180 -2.400000
v -2.200000 -1.000000 -2.692820
v -2.200000 -1.400000 -2.800000
v -2.200000 -1.800000 -2.692820
v -2.200000 -2.092820 -2.400000
v -1.358096 -2.032535 -2.000000
v -1.399112 -1.933514 -1.600000
v -1.511170 -1.662983 -1.307180
v -1.664243 -1.293431 -1.200000
v -1.817317 -0.923880 -1.307180
v -1.929374 -0.653349 -1.600000
v -1.970390 -0.554328 -2.000000
v -1.929374 -0.653349 -2.400000
v -1.817317 -0.923880 -2.692820
v -1.664243 -1.293431 -2.800000
v -1.511170 -1.662983 -2.692820
v -1.399112 -1.933514 -2.400000
v -0.644365 -1.555635 -2.000000
v -0.720153 -1.479847 -1.600000
v -0.927208 -1.272792 -1.307180
v -1.210051 -0.989949 -1.200000
v -1.492893 -0.707107 -1.307180
v -1.699948 -0.500052 -1.600000
v -1.775736 -0.424264 -2.000000
v -1.699948 -0.500052 -2.400000
v -1.492893 -0.707107 -2.692820
v -1.210051 -0.989949 -2.800000
v -0.927208 -1.272792 -2.692820
v -0.720153 -1.479847 -2.400000
v -0.167465 -0.841904 -2.000000
v -0.266486 -0.800888 -1.600000
v -0.537017 -0.688830 -1.307180
v -0.906569 -0.535757 -1.200000
v -1.276120 -0.382683 -1.307180
v -1.546651 -0.270626 -1.600000
v -1.645672 -0.229610 -2.000000
v -1.546651 -0.270626 -2.400000
v -1.276120 -0.382683 -2.692820
v -0.906569 -0.535757 -2.800000
v -0.537017 -0.688830 -2.692820
v -0.266486 -0.800888 -2.400000
v 2.200000 -2.200000 -2.000000
v 2.092820 -2.200000 -1.600000
v 1.800000 -2.200000 -1.307180
v 1.400000 -2.200000 -1.200000
v 1.000000 -2.200000 -1.307180
v 0.707180 -2.200000 -1.600000
v 0.600000 -2.200000 -2.000000
v 0.707180 -2.200000 -2.400000
v 1.000000 -2.200000 -2.692820
v 1.400000 -2.200000 -2.800000
v 1.800000 -2.200000 -2.692820
v 2.092820 -2.200000 -2.400000
v 2.032535 -1.358096 -2.000000
v 1.933514 -1.399112 -1.600000
v 1.662983 -1.511170 -1.307180
v 1.293431 -1.664243 -1.200000
v 0.923880 -1.817317 -1.307180
v 0.653349 -1.929374 -1.600000
v 0.554328 -1.970390 -2.000000
v 0.653349 -1.929374 -2.400000
v 0.923880 -1.817317 -2.692820
v 1.293431 -1.664243 -2.800000
v 1.662983 -1.511170 -2.692820
v 1.933514 -1.399112 -2.400000
v 1.555635 -0.644365 -2.000000
v 1.479847 -0.720153 -1.600000
v 1.272792 -0.927208 -1.307180
v 0.989949 -1.210051 -1.200000
v 0.707107 -1.492893 -1.307180
v 0.500052 -1.699948 -1.600000
v 0.424264 -1.775736 -2.000000
v 0.500052 -1.699948 -2.400000
v 0.707107 -1.492893 -2.692820
v 0.989949 -1.210051 -2.800000
v 1.272792 -0.927208 -2.692820
v 1.479847 -0.720153 -2.400000
v 0.841904 -0.167465 -2.000000
v 0.800888 -0.266486 -1.600000
v 0.688830 -0.537017 -1.307180
v 0.535757 -0.906569 -1.200000
v 0.382683 -1.276120 -1.307180
v 0.270626 -1.546651 -1.600000
v 0.229610 -1.645672 -2.000000
v 0.270626 -1.546651 -2.400000
v 0.382683 -1.276120 -2.692820
v 0.535757 -0.906569 -2.800000
v 0.688830 -0.537017 -2.692820
v 0.800888 -0.266486 -2.400000
v -0.000000 0.000000 -2.000000
v -0.000000 -0.107180 -1.600000
v -0.000000 -0.400000 -1.307180
v -0.000000 -0.800000 -1.200000
v -0.000000 -1.200000 -1.307180
v -0.000000 -1.492820 -1.600000
v -0.000000 -1.600000 -2.000000
v -0.000000 -1.492820 -2.400000
v -0.000000 -1.200000 -2.692820
v -0.000000 -0.800000 -2.800000
v -0.000000 -0.400000 -2.692820
v -0.000000 -0.107180 -2.400000
v -0.841904 -0.167465 -2.000000
v -0.800888 -0.266486 -1.600000
v -0.688830 -0.537017 -1.307180
v -0.535757 -0.906569 -1.200000
v -0.382683 -1.276120 -1.307180
v -0.270626 -1.546651 -1.600000
v -0.229610 -1.645672 -2.000000
v -0.270626 -1.546651 -2.400000
v -0.382683 -1.276120 -2.692820
v -0.535757 -0.906569 -2.800000
v -0.688830 -0.537017 -2.692820
v -0.800888 -0.266486 -2.400000
v -1.555635 -0.644365 -2.000000
v -1.479847 -0.720153 -1.600000
v -1.272792 -0.927208 -1.307180
v -0.989949 -1.210051 -1.200000
v -0.707107 -1.492893 -1.307180
v -0.500052 -1.699948 -1.600000
v -0.424264 -1.775736 -2.000000
v -0.500052 -1.699948 -2.400000
v -0.707107 -1.492893 -2.692820
v -0.989949 -1.210051 -2.800000
v -1.272792 -0.927208 -2.692820
v -1.479847 -0.720153 -2.400000
v -2.032535 -1.358096 -2.000000
v -1.933514 -1.399112 -1.600000
v -1.662983 -1.511170 -1.307180
v -1.293431 -1.664243 -1.200000
v -0.923880 -1.817317 -1.307180
v -0.653349 -1.929374 -1.600000
v -0.554328 -1.970390 -2.000000
v -0.653349 -1.929374 -2.400000
v -0.923880 -1.817317 -2.692820
v -1.293431 -1.664243 -2.800000
v -1.662983 -1.511170 -2.692820
v -1.933514 -1.399112 -2.400000
v -2.200000 -2.200000 -2.000000
v -2.092820 -2.200000 -1.600000
v -1.800000 -2.200000 -1.307180
v -1.400000 -2.200000 -1.200000
v -1.000000 -2.200000 -1.307180
v -0.707180 -2.200000 -1.600000
v -0.600000 -2.200000 -2.000000
v -0.707180 -2.200000 -2.400000
v -1.000000 -2.200000 -2.692820
v -1.400000 -2.200000 -2.800000
v -1.800000 -2.200000 -2.692820
v -2.092820 -2.200000 -2.400000
v -2.032535 -3.041904 -2.000000
v -1.933514 -3.000888 -1.600000
v -1.662983 -2.888830 -1.307180
v -1.293431 -2.735757 -1.200000
v -0.923880 -2.582683 -1.307180
v -0.653349 -2.470626 -1.600000
v -0.554328 -2.429610 -2.000000
v -0.653349 -2.470626 -2.400000
v -0.923880 -2.582683 -2.692820
v -1.293431 -2.735757 -2.800000
v -1.662983 -2.888830 -2.692820
v -1.933514 -3.000888 -2.400000
v -1.555635 -3.755635 -2.000000
v -1.479847 -3.679847 -1.600000
v -1.272792 -3.472792 -1.307180
v -0.989949 -3.189949 -1.200000
v -0.707107 -2.907107 -1.307180
v -0.500052 -2.700052 -1.600000
v -0.424264 -2.624264 -2.000000
v -0.500052 -2.700052 -2.400000
v -0.707107 -2.907107 -2.692820
v -0.989949 -3.189949 -2.800000
v -1.272792 -3.472792 -2.692820
v -1.479847 -3.679847 -2.400000
v -0.841904 -4.232535 -2.000000
v -0.800888 -4.133514 -1.600000
v -0.688830 -3.862983 -1.307180
v -0.535757 -3.493431 -1.200000
v -0.382683 -3.123880 -1.307180
v -0.270626 -2.853349 -1.600000
v -0.229610 -2.754328 -2.000000
v -0.270626 -2.853349 -2.400000
v -0.382683 -3.123880 -2.692820
v -0.535757 -3.493431 -2.800000
v -0.688830 -3.862983 -2.692820
v -0.800888 -4.133514 -2.400000
v -0.000000 -4.400000 -2.000000
v -0.000000 -4.292820 -1.600000
v -0.000000 -4.000000 -1.307180
v -0.000000 -3.600000 -1.200000
v -0.000000 -3.200000 -1.307180
v -0.000000 -2.907180 -1.600000
v -0.000000 -2.800000 -2.000000
v -0.000000 -2.907180 -2.400000
v -0.000000 -3.200000 -2.692820
v -0.000000 -3.600000 -2.800000
v -0.000000 -4.000000 -2.692820
v -0.000000 -4.292820 -2.400000
v 0.841904 -4.232535 -2.000000
v 0.800888 -4.133514 -1.600000
v 0.688830 -3.862983 -1.307180
v 0.535757 -3.493431 -1.200000
v 0.382683 -3.123880 -1.307180
v 0.270626 -2.853349 -1.600000
v 0.229610 -2.754328 -2.000000
v 0.270626 -2.853349 -2.400000
v 0.382683 -3.123880 -2.692820
v 0.535757 -3.493431 -2.800000
v 0.688830 -3.862983 -2.692820
v 0.800888 -4.133514 -2.400000
v 1.555635 -3.755635 -2.000000
v 1.479847 -3.679847 -1.600000
v 1.272792 -3.472792 -1.307180
v 0.989949 -3.189949 -1.200000
v 0.707107 -2.907107 -1.307180
v 0.500052 -2.700052 -1.600000
v 0.424264 -2.624264 -2.000000
v 0.500052 -2.700052 -2.400000
v 0.707107 -2.907107 -2.692820
v 0.989949 -3.189949 -2.800000
v 1.272792 -3.472792 -2.692820
v 1.479847 -3.679847 -2.400000
v 2.032535 -3.041904 -2.000000
v 1.933514 -3.000888 -1.600000
v 1.662983 -2.888830 -1.307180
v 1.293431 -2.735757 -1.200000
v 0.923880 -2.582683 -1.307180
v 0.653349 -2.470626 -1.600000
v 0.554328 -2.429610 -2.000000
v 0.653349 -2.470626 -2.400000
v 0.923880 -2.582683 -2.692820
v 1.293431 -2.735757 -2.800000
v 1.662983 -2.888830 -2.692820
v 1.933514 -3.000888 -2.400000
v 11.300000 0.000000 5.000000
v 11.248889 0.000000 5.388229
v 11.099038 0.000000 5.750000
v 10.860660 0.000000 6.060660
v 10.550000 0.000000 6.299038
v 10.188229 0.000000 6.448889
v 9.800000 0.000000 6.500000
v 9.411771 0.000000 6.448889
v 9.050000 0.000000 6.299038
v 8.739340 0.000000 6.060660
v 8.500962 0.000000 5.750000
v 8.351111 0.000000 5.388229
v 8.300000 0.000000 5.000000
v 8.351111 0.000000 4.611771
v 8.500962 0.000000 4.250000
v 8.739340 0.000000 3.939340
v 9.050000 0.000000 3.700962
v 9.411771 0.000000 3.551111
v 9.800000 0.000000 3.500000
v 10.188229 0.000000 3.551111
v 10.550000 0.000000 3.700962
v 10.860660 0.000000 3.939340
v 11.099038 0.000000 4.250000
v 11.248889 0.000000 4.611771
v 11.203327 1.474946 5.000000
v 11.152653 1.468275 5.388229
v 11.004084 1.448715 5.750000
v 10.767746 1.417601 6.060660
v 10.459743 1.377051 6.299038
v 10.101067 1.329831 6.448889
v 9.716160 1.279157 6.500000
v 9.331252 1.228483 6.448889
v 8.972576 1.181262 6.299038
v 8.664574 1.140713 6.060660
v 8.428235 1.109598 5.750000
v 8.279666 1.090039 5.388229
v 8.228992 1.083367 5.000000
v 8.279666 1.090039 4.611771
v 8.428235 1.109598 4.250000
v 8.664574 1.140713 3.939340
v 8.972576 1.181262 3.700962
v 9.331252 1.228483 3.551111
v 9.716160 1.279157 3.500000
v 10.101067 1.329831 3.551111
v 10.459743 1.377051 3.700962
v 10.767746 1.417601 3.939340
v 11.004084 1.448715 4.250000
v 11.152653 1.468275 4.611771
v 10.914962 2.924655 5.000000
v 10.865592 2.911427 5.388229
v 10.720848 2.872642 5.750000
v 10.490592 2.810946 6.060660
v 10.190517 2.730541 6.299038
v 9.841073 2.636908 6.448889
v 9.466073 2.536427 6.500000
v 9.091073 2.435946 6.448889
v 8.741629 2.342312 6.299038
v 8.441554 2.261908 6.060660
v 8.211299 2.200211 5.750000
v 8.066554 2.161427 5.388229
v 8.017184 2.148198 5.000000
v 8.066554 2.161427 4.611771
v 8.211299 2.200211 4.250000
v 8.441554 2.261908 3.939340
v 8.741629 2.342312 3.700962
v 9.091073 2.435946 3.551111
v 9.466073 2.536427 3.500000
v 9.841073 2.636908 3.551111
v 10.190517 2.730541 3.700962
v 10.490592 2.810946 3.939340
v 10.720848 2.872642 4.250000
v 10.865592 2.911427 4.611771
v 10.439839 4.324323 5.000000
v 10.392618 4.304763 5.388229
v 10.254174 4.247418 5.750000
v 10.033942 4.156195 6.060660
v 9.746929 4.037310 6.299038
v 9.412696 3.898866 6.448889
v 9.054019 3.750298 6.500000
v 8.695343 3.601729 6.448889
v 8.361110 3.463285 6.299038
v 8.074097 3.344401 6.060660
v 7.853865 3.253177 5.750000
v 7.715421 3.195832 5.388229
v 7.668200 3.176272 5.000000
v 7.715421 3.195832 4.611771
v 7.853865 3.253177 4.250000
v 8.074097 3.344401 3.939340
v 8.361110 3.463285 3.700962
v 8.695343 3.601729 3.551111
v 9.054019 3.750298 3.500000
v 9.412696 3.898866 3.551111
v 9.746929 4.037310 3.700962
v 10.033942 4.156195 3.939340
v 10.254174 4.247418 4.250000
v 10.392618 4.304763 4.611771
v 9.786087 5.650000 5.000000
v 9.741823 5.624444 5.388229
v 9.612049 5.549519 5.750000
v 9.405608 5.430330 6.060660
v 9.136568 5.275000 6.299038
v 8.823265 5.094114 6.448889
v 8.487049 4.900000 6.500000
v 8.150833 4.705886 6.448889
v 7.837530 4.525000 6.299038
v 7.568490 4.369670 6.060660
v 7.362049 4.250481 5.750000
v 7.232275 4.175556 5.388229
v 7.188011 4.150000 5.000000
v 7.232275 4.175556 4.611771
v 7.362049 4.250481 4.250000
v 7.568490 4.369670 3.939340
v 7.837530 4.525000 3.700962
v 8.150833 4.705886 3.551111
v 8.487049 4.900000 3.500000
v 8.823265 5.094114 3.551111
v 9.136568 5.275000 3.700962
v 9.405608 5.430330 3.939340
v 9.612049 5.549519 4.250000
v 9.741823 5.624444 4.611771
v 8.964893 6.879004 5.000000
v 8.924343 6.847890 5.388229
v 8.805459 6.756666 5.750000
v 8.616341 6.611551 6.060660
v 8.369878 6.422433 6.299038
v 8.082865 6.202201 6.448889
v 7.774863 5.965862 6.500000
v 7.466860 5.729523 6.448889
v 7.179848 5.509291 6.299038
v 6.933384 5.320173 6.060660
v 6.744267 5.175058 5.750000
v 6.625382 5.083834 5.388229
v 6.584833 5.052720 5.000000
v 6.625382 5.083834 4.611771
v 6.744267 5.175058 4.250000
v 6.933384 5.320173 3.939340
v 7.179848 5.509291 3.700962
v 7.466860 5.729523 3.551111
v 7.774863 5.965862 3.500000
v 8.082865 6.202201 3.551111
v 8.369878 6.422433 3.700962
v 8.616341 6.611551 3.939340
v 8.805459 6.756666 4.250000
v 8.924343 6.847890 4.611771
v 7.990307 7.990307 5.000000
v 7.954166 7.954166 5.388229
v 7.848205 7.848205 5.750000
v 7.679646 7.679646 6.060660
v 7.459977 7.459977 6.299038
v 7.204166 7.204166 6.448889
v 6.929646 6.929646 6.500000
v 6.655127 6.655127 6.448889
v 6.399316 6.399316 6.299038
v 6.179646 6.179646 6.060660
v 6.011088 6.011088 5.750000
v 5.905127 5.905127 5.388229
v 5.868986 5.868986 5.000000
v 5.905127 5.905127 4.611771
v 6.011088 6.011088 4.250000
v 6.179646 6.179646 3.939340
v 6.399316 6.399316 3.700962
v 6.655127 6.655127 3.551111
v 6.929646 6.929646 3.500000
v 7.204166 7.204166 3.551111
v 7.459977 7.459977 3.700962
v 7.679646 7.679646 3.939340
v 7.848205 7.848205 4.250000
v 7.954166 7.954166 4.611771
v 6.879004 8.964893 5.000000
v 6.847890 8.924343 5.388229
v 6.756666 8.805459 5.750000
v 6.611551 8.616341 6.060660
v 6.422433 8.369878 6.299038
v 6.202201 8.082865 6.448889
v 5.965862 7.774863 6.500000
v 5.729523 7.466860 6.448889
v 5.509291 7.179848 6.299038
v 5.320173 6.933384 6.060660
v 5.175058 6.744267 5.750000
v 5.083834 6.625382 5.388229
v 5.052720 6.584833 5.000000
v 5.083834 6.625382 4.611771
v 5.175058 6.744267 4.250000
v 5.320173 6.933384 3.939340
v 5.509291 7.179848 3.700962
v 5.729523 7.466860 3.551111
v 5.965862 7.774863 3.500000
v 6.202201 8.082865 3.551111
v 6.422433 8.369878 3.700962
v 6.611551 8.616341 3.939340
v 6.756666 8.805459 4.250000
v 6.847890 8.924343 4.611771
v 5.650000 9.786087 5.000000
v 5.624444 9.741823 5.388229
v 5.549519 9.612049 5.750000
v 5.430330 9.405608 6.060660
v 5.275000 9.136568 6.299038
v 5.094114 8.823265 6.448889
v 4.900000 8.487049 6.500000
v 4.705886 8.150833 6.448889
v 4.525000 7.837530 6.299038
v 4.369670 7.568490 6.060660
v 4.250481 7.362049 5.750000
v 4.175556 7.232275 5.388229
v 4.150000 7.188011 5.000000
v 4.175556 7.232275 4.611771
v 4.250481 7.362049 4.250000
v 4.369670 7.568490 3.939340
v 4.525000 7.837530 3.700962
v 4.705886 8.150833 3.551111
v 4.900000 8.487049 3.500000
v 5.094114 8.823265 3.551111
v 5.275000 9.136568 3.700962
v 5.430330 9.405608 3.939340
v 5.549519 9.612049 4.250000
v 5.624444 9.741823 4.611771
v 4.324323 10.439839 5.000000
v 4.304763 10.392618 5.388229
v 4.247418 10.254174 5.750000
v 4.156195 10.033942 6.060660
v 4.037310 9.746929 6.299038
v 3.898866 9.412696 6.448889
v 3.750298 9.054019 6.500000
v 3.601729 8.695343 6.448889
v 3.463285 8.361110 6.299038
v 3.344401 8.074097 6.060660
v 3.253177 7.853865 5.750000
v 3.195832 7.715421 5.388229
v 3.176272 7.668200 5.000000
v 3.195832 7.715421 4.611771
v 3.253177 7.853865 4.250000
v 3.344401 8.074097 3.939340
v 3.463285 8.361110 3.700962
v 3.601729 8.695343 3.551111
v 3.750298 9.054019 3.500000
v 3.898866 9.412696 3.551111
v 4.037310 9.746929 3.700962
v 4.156195 10.033942 3.939340
v 4.247418 10.254174 4.250000
v 4.304763 10.392618 4.611771
v 2.924655 10.914962 5.000000
v 2.911427 10.865592 5.388229
v 2.872642 10.720848 5.750000
v 2.810946 10.490592 6.060660
v 2.730541 10.190517 6.299038
v 2.636908 9.841073 6.448889
v 2.536427 9.466073 6.500000
v 2.435946 9.091073 6.448889
v 2.342312 8.741629 6.299038
v 2.261908 8.441554 6.060660
v 2.200211 8.211299 5.750000
v 2.161427 8.066554 5.388229
v 2.148198 8.017184 5.000000
v 2.161427 8.066554 4.611771
v 2.200211 8.211299 4.250000
v 2.261908 8.441554 3.939340
v 2.342312 8.741629 3.700962
v 2.435946 9.091073 3.551111
v 2.536427 9.466073 3.500000
v 2.636908 9.841073 3.551111
v 2.730541 10.190517 3.700962
v 2.810946 10.490592 3.939340
v 2.872642 10.720848 4.250000
v 2.911427 10.865592 4.611771
v 1.474946 11.203327 5.000000
v 1.468275 11.152653 5.388229
v 1.448715 11.004084 5.750000
v 1.417601 10.767746 6.060660
v 1.377051 10.459743 6.299038
v 1.329831 10.101067 6.448889
v 1.279157 9.716160 6.500000
v 1.228483 9.331252 6.448889
v 1.181262 8.972576 6.299038
v 1.140713 8.664574 6.060660
v 1.109598 8.428235 5.750000
v 1.090039 8.279666 5.388229
v 1.083367 8.228992 5.000000
v 1.090039 8.279666 4.611771
v 1.109598 8.428235 4.250000
v 1.140713 8.664574 3.939340
v 1.181262 8.972576 3.700962
v 1.228483 9.331252 3.551111
v 1.279157 9.716160 3.500000
v 1.329831 10.101067 3.551111
v 1.377051 10.459743 3.700962
v 1.417601 10.767746 3.939340
v 1.448715 11.004084 4.250000
v 1.468275 11.152653 4.611771
v 0.000000 11.300000 5.000000
v 0.000000 11.248889 5.388229
v 0.000000 11.099038 5.750000
v 0.000000 10.860660 6.060660
v 0.000000 10.550000 6.299038
v 0.000000 10.188229 6.448889
v 0.000000 9.800000 6.500000
v 0.000000 9.411771 6.448889
v 0.000000 9.050000 6.299038
v 0.000000 8.739340 6.060660
v 0.000000 8.500962 5.750000
v 0.000000 8.351111 5.388229
v 0.000000 8.300000 5.000000
v 0.000000 8.351111 4.611771
v 0.000000 8.500962 4.250000
v 0.000000 8.739340 3.939340
v 0.000000 9.050000 3.700962
v 0.000000 9.411771 3.551111
v 0.000000 9.800000 3.500000
v 0.000000 10.188229 3.551111
v 0.000000 10.550000 3.700962
v 0.000000 10.860660 3.939340
v 0.000000 11.099038 4.250000
v 0.000000 11.248889 4.611771
v -1.474946 11.203327 5.000000
v -1.468275 11.152653 5.388229
v -1.448715 11.004084 5.750000
v -1.417601 10.767746 6.060660
v -1.377051 10.459743 6.299038
v -1.329831 10.101067 6.448889
v -1.279157 9.716160 6.500000
v -1.228483 9.331252 6.448889
v -1.181262 8.972576 6.299038
v -1.140713 8.664574 6.060660
v -1.109598 8.428235 5.750000
v -1.090039 8.279666 5.388229
v -1.083367 8.228992 5.000000
v -1.090039 8.279666 4.611771
v -1.109598 8.428235 4.250000
v -1.140713 8.664574 3.939340
v -1.181262 8.972576 3.700962
v -1.228483 9.331252 3.551111
v -1.279157 9.716160 3.500000
v -1.329831 10.101067 3.551111
v -1.377051 10.459743 3.700962
v -1.417601 10.767746 3.939340
v -1.448715 11.004084 4.250000
v -1.468275 11.152653 4.611771
v -2.924655 10.914962 5.000000
v -2.911427 10.865592 5.388229
v -2.872642 10.720848 5.750000
v -2.810946 10.490592 6.060660
v -2.730541 10.190517 6.299038
v -2.636908 9.841073 6.448889
v -2.536427 9.466073 6.500000
v -2.435946 9.091073 6.448889
v -2.342312 8.741629 6.299038
v -2.261908 8.441554 6.060660
v -2.200211 8.211299 5.750000
v -2.161427 8.066554 5.388229
v -2.148198 8.017184 5.000000
v -2.161427 8.066554 4.611771
v -2.200211 8.211299 4.250000
v -2.261908 8.441554 3.939340
v -2.342312 8.741629 3.700962
v -2.435946 9.091073 3.551111
v -2.536427 9.466073 3.500000
v -2.636908 9.841073 3.551111
v -2.730541 10.190517 3.700962
v -2.810946 10.490592 3.939340
v -2.872642 10.720848 4.250000
v -2.911427 10.865592 4.611771
v -4.324323 10.439839 5.000000
v -4.304763 10.392618 5.388229
v -4.247418 10.254174 5.750000
v -4.156195 10.033942 6.060660
v -4.037310 9.746929 6.299038
v -3.898866 9.412696 6.448889
v -3.750298 9.054019 6.500000
v -3.601729 8.695343 6.448889
v -3.463285 8.361110 6.299038
v -3.344401 8.074097 6.060660
v -3.253177 7.853865 5.750000
v -3.195832 7.715421 5.388229
v -3.176272 7.668200 5.000000
v -3.195832 7.715421 4.611771
v -3.253177 7.853865 4.250000
v -3.344401 8.074097 3.939340
v -3.463285 8.361110 3.700962
v -3.601729 8.695343 3.551111
v -3.750298 9.054019 3.500000
v -3.898866 9.412696 3.551111
v -4.037310 9.746929 3.700962
v -4.156195 10.033942 3.939340
v -4.247418 10.254174 4.250000
v -4.304763 10.392618 4.611771
v -5.650000 9.786087 5.000000
v -5.624444 9.741823 5.388229
v -5.549519 9.612049 5.750000
v -5.430330 9.405608 6.060660
v -5.275000 9.136568 6.299038
v -5.094114 8.823265 6.448889
v -4.900000 8.487049 6.500000
v -4.705886 8.150833 6.448889
v -4.525000 7.837530 6.299038
v -4.369670 7.568490 6.060660
v -4.250481 7.362049 5.750000
v -4.175556 7.232275 5.388229
v -4.150000 7.188011 5.000000
v -4.175556 7.232275 4.611771
v -4.250481 7.362049 4.250000
v -4.369670 7.568490 3.939340
v -4.525000 7.837530 3.700962
v -4.705886 8.150833 3.551111
v -4.900000 8.487049 3.500000
v -5.094114 8.823265 3.551111
v -5.275000 9.136568 3.700962
v -5.430330 9.405608 3.939340
v -5.549519 9.612049 4.250000
v -5.624444 9.741823 4.611771
v -6.879004 8.964893 5.000000
v -6.847890 8.924343 5.388229
v -6.756666 8.805459 5.750000
v -6.611551 8.616341 6.060660
v -6.422433 8.369878 6.299038
v -6.202201 8.082865 6.448889
v -5.965862 7.774863 6.500000
v -5.729523 7.466860 6.448889
v -5.509291 7.179848 6.299038
v -5.320173 6.933384 6.060660
v -5.175058 6.744267 5.750000
v -5.083834 6.625382 5.388229
v -5.052720 6.584833 5.000000
v -5.083834 6.625382 4.611771
v -5.175058 6.744267 4.250000
v -5.320173 6.933384 3.939340
v -5.509291 7.179848 3.700962
v -5.729523 7.466860 3.551111
v -5.965862 7.774863 3.500000
v -6.202201 8.082865 3.551111
v -6.422433 8.369878 3.700962
v -6.611551 8.616341 3.939340
v -6.756666 8.805459 4.250000
v -6.847890 8.924343 4.611771
v -7.990307 7.990307 5.000000
v -7.954166 7.954166 5.388229
v -7.848205 7.848205 5.750000
v -7.679646 7.679646 6.060660
v -7.459977 7.459977 6.299038
v -7.204166 7.204166 6.448889
v -6.929646 6.929646 6.500000
v -6.655127 6.655127 6.448889
v -6.399316 6.399316 6.299038
v -6.179646 6.179646 6.060660
v -6.011088 6.011088 5.750000
v -5.905127 5.905127 5.388229
v -5.868986 5.868986 5.000000
v -5.905127 5.905127 4.611771
v -6.011088 6.011088 4.250000
v -6.179646 6.179646 3.939340
v -6.399316 6.399316 3.700962
v -6.655127 6.655127 3.551111
v -6.929646 6.929646 3.500000
v -7.204166 7.204166 3.551111
v -7.459977 7.459977 3.700962
v -7.679646 7.679646 3.939340
v -7.848205 7.848205 4.250000
v -7.954166 7.954166 4.611771
v -8.964893 6.879004 5.000000
v -8.924343 6.847890 5.388229
v -8.805459 6.756666 5.750000
v -8.616341 6.611551 6.060660
v -8.369878 6.422433 6.299038
v -8.082865 6.202201 6.448889
v -7.774863 5.965862 6.500000
v -7.466860 5.729523 6.448889
v -7.179848 5.509291 6.299038
v -6.933384 5.320173 6.060660
v -6.744267 5.175058 5.750000
v -6.625382 5.083834 5.388229
v -6.584833 5.052720 5.000000
v -6.625382 5.083834 4.611771
v -6.744267 5.175058 4.250000
v -6.933384 5.320173 3.939340
v -7.179848 5.509291 3.700962
v -7.466860 5.729523 3.551111
v -7.774863 5.965862 3.500000
v -8.082865 6.202201 3.551111
v -8.369878 6.422433 3.700962
v -8.616341 6.611551 3.939340
v -8.805459 6.756666 4.250000
v -8.924343 6.847890 4.611771
v -9.786087 5.650000 5.000000
v -9.741823 5.624444 5.388229
v -9.612049 5.549519 5.750000
v -9.405608 5.430330 6.060660
v -9.136568 5.275000 6.299038
v -8.823265 5.094114 6.448889
v -8.487049 4.900000 6.500000
v -8.150833 4.705886 6.448889
v -7.837530 4.525000 6.299038
v -7.568490 4.369670 6.060660
v -7.362049 4.250481 5.750000
v -7.232275 4.175556 5.388229
v -7.188011 4.150000 5.000000
v -7.232275 4.175556 4.611771
v -7.362049 4.250481 4.250000
v -7.568490 4.369670 3.939340
v -7.837530 4.525000 3.700962
v -8.150833 4.705886 3.551111
v -8.487049 4.900000 3.500000
v -8.823265 5.094114 3.551111
v -9.136568 5.275000 3.700962
v -9.405608 5.430330 3.939340
v -9.612049 5.549519 4.250000
v -9.741823 5.624444 4.611771
v -10.439839 4.324323 5.000000
v -10.392618 4.304763 5.388229
v -10.254174 4.247418 5.750000
v -10.033942 4.156195 6.060660
v -9.746929 4.037310 6.299038
v -9.412696 3.898866 6.448889
v -9.054019 3.750298 6.500000
v -8.695343 3.601729 6.448889
v -8.361110 3.463285 6.299038
v -8.074097 3.344401 6.060660
v -7.853865 3.253177 5.750000
v -7.715421 3.195832 5.388229
v -7.668200 3.176272 5.000000
v -7.715421 3.195832 4.611771
v -7.853865 3.253177 4.250000
v -8.074097 3.344401 3.939340
v -8.361110 3.463285 3.700962
v -8.695343 3.601729 3.551111
v -9.054019 3.750298 3.500000
v -9.412696 3.898866 3.551111
v -9.746929 4.037310 3.700962
v -10.033942 4.156195 3.939340
v -10.254174 4.247418 4.250000
v -10.392618 4.304763 4.611771
v -10.914962 2.924655 5.000000
v -10.865592 2.911427 5.388229
v -10.720848 2.872642 5.750000
v -10.490592 2.810946 6.060660
v -10.190517 2.730541 6.299038
v -9.841073 2.636908 6.448889
v -9.466073 2.536427 6.500000
v -9.091073 2.435946 6.448889
v -8.741629 2.342312 6.299038
v -8.441554 2.261908 6.060660
v -8.211299 2.200211 5.750000
v -8.066554 2.161427 5.388229
v -8.017184 2.148198 5.000000
v -8.066554 2.161427 4.611771
v -8.211299 2.200211 4.250000
v -8.441554 2.261908 3.939340
v -8.741629 2.342312 3.700962
v -9.091073 2.435946 3.551111
v -9.466073 2.536427 3.500000
v -9.841073 2.636908 3.551111
v -10.190517 2.730541 3.700962
v -10.490592 2.810946 3.939340
v -10.720848 2.872642 4.250000
v -10.865592 2.911427 4.611771
v -11.203327 1.474946 5.000000
v -11.152653 1.468275 5.388229
v -11.004084 1.448715 5.750000
v -10.767746 1.417601 6.060660
v -10.459743 1.377051 6.299038
v -10.101067 1.329831 6.448889
v -9.716160 1.279157 6.500000
v -9.331252 1.228483 6.448889
v -8.972576 1.181262 6.299038
v -8.664574 1.140713 6.060660
v -8.428235 1.109598 5.750000
v -8.279666 1.090039 5.388229
v -8.228992 1.083367 5.000000
v -8.279666 1.090039 4.611771
v -8.428235 1.109598 4.250000
v -8.664574 1.140713 3.939340
v -8.972576 1.181262 3.700962
v -9.331252 1.228483 3.551111
v -9.716160 1.279157 3.500000
v -10.101067 1.329831 3.551111
v -10.459743 1.377051 3.700962
v -10.767746 1.417601 3.939340
v -11.004084 1.448715 4.250000
v -11.152653 1.468275 4.611771
v -11.300000 0.000000 5.000000
v -11.248889 0.000000 5.388229
v -11.099038 0.000000 5.750000
v -10.860660 0.000000 6.060660
v -10.550000 0.000000 6.299038
v -10.188229 0.000000 6.448889
v -9.800000 0.000000 6.500000
v -9.411771 0.000000 6.448889
v -9.050000 0.000000 6.299038
v -8.739340 0.000000 6.060660
v -8.500962 0.000000 5.750000
v -8.351111 0.000000 5.388229
v -8.300000 0.000000 5.000000
v -8.351111 0.000000 4.611771
v -8.500962 0.000000 4.250000
v -8.739340 0.000000 3.939340
v -9.050000 0.000000 3.700962
v -9.411771 0.000000 3.551111
v -9.800000 0.000000 3.500000
v -10.188229 0.000000 3.551111
v -10.550000 0.000000 3.700962
v -10.860660 0.000000 3.939340
v -11.099038 0.000000 4.250000
v -11.248889 0.000000 4.611771
v -11.203327 -1.474946 5.000000
v -11.152653 -1.468275 5.388229
v -11.004084 -1.448715 5.750000
v -10.767746 -1.417601 6.060660
v -10.459743 -1.377051 6.299038
v -10.101067 -1.329831 6.448889
v -9.716160 -1.279157 6.500000
v -9.331252 -1.228483 6.448889
v -8.972576 -1.181262 6.299038
v -8.664574 -1.140713 6.060660
v -8.428235 -1.109598 5.750000
v -8.279666 -1.090039 5.388229
v -8.228992 -1.083367 5.000000
v -8.279666 -1.090039 4.611771
v -8.428235 -1.109598 4.250000
v -8.664574 -1.140713 3.939340
v -8.972576 -1.181262 3.700962
v -9.331252 -1.228483 3.551111
v -9.716160 -1.279157 3.500000
v -10.101067 -1.329831 3.551111
v -10.459743 -1.377051 3.700962
v -10.767746 -1.417601 3.939340
v -11.004084 -1.448715 4.250000
v -11.152653 -1.468275 4.611771
v -10.914962 -2.924655 5.000000
v -10.865592 -2.911427 5.388229
v -10.720848 -2.872642 5.750000
v -10.490592 -2.810946 6.060660
v -10.190517 -2.730541 6.299038
v -9.841073 -2.636908 6.448889
v -9.466073 -2.536427 6.500000
v -9.091073 -2.435946 6.448889
v -8.741629 -2.342312 6.299038
v -8.441554 -2.261908 6.060660
v -8.211299 -2.200211 5.750000
v -8.066554 -2.161427 5.388229
v -8.017184 -2.148198 5.000000
v -8.066554 -2.161427 4.611771
v -8.211299 -2.200211 4.250000
v -8.441554 -2.261908 3.939340
v -8.741629 -2.342312 3.700962
v -9.091073 -2.435946 3.551111
v -9.466073 -2.536427 3.500000
v -9.841073 -2.636908 3.551111
v -10.190517 -2.730541 3.700962
v -10.490592 -2.810946 3.939340
v -10.720848 -2.872642 4.250000
v -10.865592 -2.911427 4.611771
v -10.439839 -4.324323 5.000000
v -10.392618 -4.304763 5.388229
v -10.254174 -4.247418 5.750000
v -10.033942 -4.156195 6.060660
v -9.746929 -4.037310 6.299038
v -9.412696 -3.898866 6.448889
v -9.054019 -3.750298 6.500000
v -8.695343 -3.601729 6.448889
v -8.361110 -3.463285 6.299038
v -8.074097 -3.344401 6.060660
v -7.853865 -3.253177 5.750000
v -7.715421 -3.195832 5.388229
v -7.668200 -3.176272 5.000000
v -7.715421 -3.195832 4.611771
v -7.853865 -3.253177 4.250000
v -8.074097 -3.344401 3.939340
v -8.361110 -3.463285 3.700962
v -8.695343 -3.601729 3.551111
v -9.054019 -3.750298 3.500000
v -9.412696 -3.898866 3.551111
v -9.746929 -4.037310 3.700962
v -10.033942 -4.156195 3.939340
v -10.254174 -4.247418 4.250000
v -10.392618 -4.304763 4.611771
v -9.786087 -5.650000 5.000000
v -9.741823 -5.624444 5.388229
v -9.612049 -5.549519 5.750000
v -9.405608 -5.430330 6.060660
v -9.136568 -5.275000 6.299038
v -8.823265 -5.094114 6.448889
v -8.487049 -4.900000 6.500000
v -8.150833 -4.705886 6.448889
v -7.837530 -4.525000 6.299038
v -7.568490 -4.369670 6.060660
v -7.362049 -4.250481 5.750000
v -7.232275 -4.175556 5.388229
v -7.188011 -4.150000 5.000000
v -7.232275 -4.175556 4.611771
v -7.362049 -4.250481 4.250000
v -7.568490 -4.369670 3.939340
v -7.837530 -4.525000 3.700962
v -8.150833 -4.705886 3.551111
v -8.487049 -4.900000 3.500000
v -8.823265 -5.094114 3.551111
v -9.136568 -5.275000 3.700962
v -9.405608 -5.430330 3.939340
v -9.612049 -5.549519 4.250000
v -9.741823 -5.624444 4.611771
v -8.964893 -6.879004 5.000000
v -8.924343 -6.847890 5.388229
v -8.805459 -6.756666 5.750000
v -8.616341 -6.611551 6.060660
v -8.369878 -6.422433 6.299038
v -8.082865 -6.202201 6.448889
v -7.774863 -5.965862 6.500000
v -7.466860 -5.729523 6.448889
v -7.179848 -5.509291 6.299038
v -6.933384 -5.320173 6.060660
v -6.744267 -5.175058 5.750000
v -6.625382 -5.083834 5.388229
v -6.584833 -5.052720 5.000000
v -6.625382 -5.083834 4.611771
v -6.744267 -5.175058 4.250000
v -6.933384 -5.320173 3.939340
v -7.179848 -5.509291 3.700962
v -7.466860 -5.729523 3.551111
v -7.774863 -5.965862 3.500000
v -8.082865 -6.202201 3.551111
v -8.369878 -6.422433 3.700962
v -8.616341 -6.611551 3.939340
v -8.805459 -6.756666 4.250000
v -8.924343 -6.847890 4.611771
v -7.990307 -7.990307 5.000000
v -7.954166 -7.954166 5.388229
v -7.848205 -7.848205 5.750000
v -7.679646 -7.679646 6.060660
v -7.459977 -7.459977 6.299038
v -7.204166 -7.204166 6.448889
v -6.929646 -6.929646 6.500000
v -6.655127 -6.655127 6.448889
v -6.399316 -6.399316 6.299038
v -6.179646 -6.179646 6.060660
v -6.011088 -6.011088 5.750000
v -5.905127 -5.905127 5.388229
v -5.868986 -5.868986 5.000000
v -5.905127 -5.905127 4.611771
v -6.011088 -6.011088 4.250000
v -6.179646 -6.179646 3.939340
v -6.399316 -6.399316 3.700962
v -6.655127 -6.655127 3.551111
v -6.929646 -6.929646 3.500000
v -7.204166 -7.204166 3.551111
v -7.459977 -7.459977 3.700962
v -7.679646 -7.679646 3.939340
v -7.848205 -7.848205 4.250000
v -7.954166 -7.954166 4.611771
v -6.879004 -8.964893 5.000000
v -6.847890 -8.924343 5.388229
v -6.756666 -8.805459 5.750000
v -6.611551 -8.616341 6.060660
v -6.422433 -8.369878 6.299038
v -6.202201 -8.082865 6.448889
v -5.965862 -7.774863 6.500000
v -5.729523 -7.466860 6.448889
v -5.509291 -7.179848 6.299038
v -5.320173 -6.933384 6.060660
v -5.175058 -6.744267 5.750000
v -5.083834 -6.625382 5.388229
v -5.052720 -6.584833 5.000000
v -5.083834 -6.625382 4.611771
v -5.175058 -6.744267 4.250000
v -5.320173 -6.933384 3.939340
v -5.509291 -7.179848 3.700962
v -5.729523 -7.466860 3.551111
v -5.965862 -7.774863 3.500000
v -6.202201 -8.082865 3.551111
v -6.422433 -8.369878 3.700962
v -6.611551 -8.616341 3.939340
v -6.756666 -8.805459 4.250000
v -6.847890 -8.924343 4.611771
v -5.650000 -9.786087 5.000000
v -5.624444 -9.741823 5.388229
v -5.549519 -9.612049 5.750000
v -5.430330 -9.405608 6.060660
v -5.275000 -9.136568 6.299038
v -5.094114 -8.823265 6.448889
v -4.900000 -8.487049 6.500000
v -4.705886 -8.150833 6.448889
v -4.525000 -7.837530 6.299038
v -4.369670 -7.568490 6.060660
v -4.250481 -7.362049 5.750000
v -4.175556 -7.232275 5.388229
v -4.150000 -7.188011 5.000000
v -4.175556 -7.232275 4.611771
v -4.250481 -7.362049 4.250000
v -4.369670 -7.568490 3.939340
v -4.525000 -7.837530 3.700962
v -4.705886 -8.150833 3.551111
v -4.900000 -8.487049 3.500000
v -5.094114 -8.823265 3.551111
v -5.275000 -9.136568 3.700962
v -5.430330 -9.405608 3.939340
v -5.549519 -9.612049 4.250000
v -5.624444 -9.741823 4.611771
v -4.324323 -10.439839 5.000000
v -4.304763 -10.392618 5.388229
v -4.247418 -10.254174 5.750000
v -4.156195 -10.033942 6.060660
v -4.037310 -9.746929 6.299038
v -3.898866 -9.412696 6.448889
v -3.750298 -9.054019 6.500000
v -3.601729 -8.695343 6.448889
v -3.463285 -8.361110 6.299038
v -3.344401 -8.074097 6.060660
v -3.253177 -7.853865 5.750000
v -3.195832 -7.715421 5.388229
v -3.176272 -7.668200 5.000000
v -3.195832 -7.715421 4.611771
v -3.253177 -7.853865 4.250000
v -3.344401 -8.074097 3.939340
v -3.463285 -8.361110 3.700962
v -3.601729 -8.695343 3.551111
v -3.750298 -9.054019 3.500000
v -3.898866 -9.412696 3.551111
v -4.037310 -9.746929 3.700962
v -4.156195 -10.033942 3.939340
v -4.247418 -10.254174 4.250000
v -4.304763 -10.392618 4.611771
v -2.924655 -10.914962 5.000000
v -2.911427 -10.865592 5.388229
v -2.872642 -10.720848 5.750000
v -2.810946 -10.490592 6.060660
v -2.730541 -10.190517 6.299038
v -2.636908 -9.841073 6.448889
v -2.536427 -9.466073 6.500000
v -2.435946 -9.091073 6.448889
v -2.342312 -8.741629 6.299038
v -2.261908 -8.441554 6.060660
v -2.200211 -8.211299 5.750000
v -2.161427 -8.066554 5.388229
v -2.148198 -8.017184 5.000000
v -2.161427 -8.066554 4.611771
v -2.200211 -8.211299 4.250000
v -2.261908 -8.441554 3.939340
v -2.342312 -8.741629 3.700962
v -2.435946 -9.091073 3.551111
v -2.536427 -9.466073 3.500000
v -2.636908 -9.841073 3.551111
v -2.730541 -10.190517 3.700962
v -2.810946 -10.490592 3.939340
v -2.872642 -10.720848 4.250000
v -2.911427 -10.865592 4.611771
v -1.474946 -11.203327 5.000000
v -1.468275 -11.152653 5.388229
v -1.448715 -11.004084 5.750000
v -1.417601 -10.767746 6.060660
v -1.377051 -10.459743 6.299038
v -1.329831 -10.101067 6.448889
v -1.279157 -9.716160 6.500000
v -1.228483 -9.331252 6.448889
v -1.181262 -8.972576 6.299038
v -1.140713 -8.664574 6.060660
v -1.109598 -8.428235 5.750000
v -1.090039 -8.279666 5.388229
v -1.083367 -8.228992 5.000000
v -1.090039 -8.279666 4.611771
v -1.109598 -8.428235 4.250000
v -1.140713 -8.664574 3.939340
v -1.181262 -8.972576 3.700962
v -1.228483 -9.331252 3.551111
v -1.279157 -9.716160 3.500000
v -1.329831 -10.101067 3.551111
v -1.377051 -10.459743 3.700962
v -1.417601 -10.767746 3.939340
v -1.448715 -11.004084 4.250000
v -1.468275 -11.152653 4.611771
v -0.000000 -11.300000 5.000000
v -0.000000 -11.248889 5.388229
v -0.000000 -11.099038 5.750000
v -0.000000 -10.860660 6.060660
v -0.000000 -10.550000 6.299038
v -0.000000 -10.188229 6.448889
v -0.000000 -9.800000 6.500000
v -0.000000 -9.411771 6.448889
v -0.000000 -9.050000 6.299038
v -0.000000 -8.739340 6.060660
v -0.000000 -8.500962 5.750000
v -0.000000 -8.351111 5.388229
v -0.000000 -8.300000 5.000000
v -0.000000 -8.351111 4.611771
v -0.000000 -8.500962 4.250000
v -0.000000 -8.739340 3.939340
v -0.000000 -9.050000 3.700962
v -0.000000 -9.411771 3.551111
v -0.000000 -9.800000 3.500000
v -0.000000 -10.188229 3.551111
v -0.000000 -10.550000 3.700962
v -0.000000 -10.860660 3.939340
v -0.000000 -11.099038 4.250000
v -0.000000 -11.248889 4.611771
v 1.474946 -11.203327 5.000000
v 1.468275 -11.152653 5.388229
v 1.448715 -11.004084 5.750000
v 1.417601 -10.767746 6.060660
v 1.377051 -10.459743 6.299038
v 1.329831 -10.101067 6.448889
v 1.279157 -9.716160 6.500000
v 1.228483 -9.331252 6.448889
v 1.181262 -8.972576 6.299038
v 1.140713 -8.664574 6.060660
v 1.109598 -8.428235 5.750000
v 1.090039 -8.279666 5.388229
v 1.083367 -8.228992 5.000000
v 1.090039 -8.279666 4.611771
v 1.109598 -8.428235 4.250000
v 1.140713 -8.664574 3.939340
v 1.181262 -8.972576 3.700962
v 1.228483 -9.331252 3.551111
v 1.279157 -9.716160 3.500000
v 1.329831 -10.101067 3.551111
v 1.377051 -10.459743 3.700962
v 1.417601 -10.767746 3.939340
v 1.448715 -11.004084 4.250000
v 1.468275 -11.152653 4.611771
v 2.924655 -10.914962 5.000000
v 2.911427 -10.865592 5.388229
v 2.872642 -10.720848 5.750000
v 2.810946 -10.490592 6.060660
v 2.730541 -10.190517 6.299038
v 2.636908 -9.841073 6.448889
v 2.536427 -9.466073 6.500000
v 2.435946 -9.091073 6.448889
v 2.342312 -8.741629 6.299038
v 2.261908 -8.441554 6.060660
v 2.200211 -8.211299 5.750000
v 2.161427 -8.066554 5.388229
v 2.148198 -8.017184 5.000000
v 2.161427 -8.066554 4.611771
v 2.200211 -8.211299 4.250000
v 2.261908 -8.441554 3.939340
v 2.342312 -8.741629 3.700962
v 2.435946 -9.091073 3.551111
v 2.536427 -9.466073 3.500000
v 2.636908 -9.841073 3.551111
v 2.730541 -10.190517 3.700962
v 2.810946 -10.490592 3.939340
v 2.872642 -10.720848 4.250000
v 2.911427 -10.865592 4.611771
v 4.324323 -10.439839 5.000000
v 4.304763 -10.392618 5.388229
v 4.247418 -10.254174 5.750000
v 4.156195 -10.033942 6.060660
v 4.037310 -9.746929 6.299038
v 3.898866 -9.412696 6.448889
v 3.750298 -9.054019 6.500000
v 3.601729 -8.695343 6.448889
v 3.463285 -8.361110 6.299038
v 3.344401 -8.074097 6.060660
v 3.253177 -7.853865 5.750000
v 3.195832 -7.715421 5.388229
v 3.176272 -7.668200 5.000000
v 3.195832 -7.715421 4.611771
v 3.253177 -7.853865 4.250000
v 3.344401 -8.074097 3.939340
v 3.463285 -8.361110 3.700962
v 3.601729 -8.695343 3.551111
v 3.750298 -9.054019 3.500000
v 3.898866 -9.412696 3.551111
v 4.037310 -9.746929 3.700962
v 4.156195 -10.033942 3.939340
v 4.247418 -10.254174 4.250000
v 4.304763 -10.392618 4.611771
v 5.650000 -9.786087 5.000000
v 5.624444 -9.741823 5.388229
v 5.549519 -9.612049 5.750000
v 5.430330 -9.405608 6.060660
v 5.275000 -9.136568 6.299038
v 5.094114 -8.823265 6.448889
v 4.900000 -8.487049 6.500000
v 4.705886 -8.150833 6.448889
v 4.525000 -7.837530 6.299038
v 4.369670 -7.568490 6.060660
v 4.250481 -7.362049 5.750000
v 4.175556 -7.232275 5.388229
v 4.150000 -7.188011 5.000000
v 4.175556 -7.232275 4.611771
v 4.250481 -7.362049 4.250000
v 4.369670 -7.568490 3.939340
v 4.525000 -7.837530 3.700962
v 4.705886 -8.150833 3.551111
v 4.900000 -8.487049 3.500000
v 5.094114 -8.823265 3.551111
v 5.275000 -9.136568 3.700962
v 5.430330 -9.405608 3.939340
v 5.549519 -9.612049 4.250000
v 5.624444 -9.741823 4.611771
v 6.879004 -8.964893 5.000000
v 6.847890 -8.924343 5.388229
v 6.756666 -8.805459 5.750000
v 6.611551 -8.616341 6.060660
v 6.422433 -8.369878 6.299038
v 6.202201 -8.082865 6.448889
v 5.965862 -7.774863 6.500000
v 5.729523 -7.466860 6.448889
v 5.509291 -7.179848 6.299038
v 5.320173 -6.933384 6.060660
v 5.175058 -6.744267 5.750000
v 5.083834 -6.625382 5.388229
v 5.052720 -6.584833 5.000000
v 5.083834 -6.625382 4.611771
v 5.175058 -6.744267 4.250000
v 5.320173 -6.933384 3.939340
v 5.509291 -7.179848 3.700962
v 5.729523 -7.466860 3.551111
v 5.965862 -7.774863 3.500000
v 6.202201 -8.082865 3.551111
v 6.422433 -8.369878 3.700962
v 6.611551 -8.616341 3.939340
v 6.756666 -8.805459 4.250000
v 6.847890 -8.924343 4.611771
v 7.990307 -7.990307 5.000000
v 7.954166 -7.954166 5.388229
v 7.848205 -7.848205 5.750000
v 7.679646 -7.679646 6.060660
v 7.459977 -7.459977 6.299038
v 7.204166 -7.204166 6.448889
v 6.929646 -6.929646 6.500000
v 6.655127 -6.655127 6.448889
v 6.399316 -6.399316 6.299038
v 6.179646 -6.179646 6.060660
v 6.011088 -6.011088 5.750000
v 5.905127 -5.905127 5.388229
v 5.868986 -5.868986 5.000000
v 5.905127 -5.905127 4.611771
v 6.011088 -6.011088 4.250000
v 6.179646 -6.179646 3.939340
v 6.399316 -6.399316 3.700962
v 6.655127 -6.655127 3.551111
v 6.929646 -6.929646 3.500000
v 7.204166 -7.204166 3.551111
v 7.459977 -7.459977 3.700962
v 7.679646 -7.679646 3.939340
v 7.848205 -7.848205 4.250000
v 7.954166 -7.954166 4.611771
v 8.964893 -6.879004 5.000000
v 8.924343 -6.847890 5.388229
v 8.805459 -6.756666 5.750000
v 8.616341 -6.611551 6.060660
v 8.369878 -6.422433 6.299038
v 8.082865 -6.202201 6.448889
v 7.774863 -5.965862 6.500000
v 7.466860 -5.729523 6.448889
v 7.179848 -5.509291 6.299038
v 6.933384 -5.320173 6.060660
v 6.744267 -5.175058 5.750000
v 6.625382 -5.083834 5.388229
v 6.584833 -5.052720 5.000000
v 6.625382 -5.083834 4.611771
v 6.744267 -5.175058 4.250000
v 6.933384 -5.320173 3.939340
v 7.179848 -5.509291 3.700962
v 7.466860 -5.729523 3.551111
v 7.774863 -5.965862 3.500000
v 8.082865 -6.202201 3.551111
v 8.369878 -6.422433 3.700962
v 8.616341 -6.611551 3.939340
v 8.805459 -6.756666 4.250000
v 8.924343 -6.847890 4.611771
v 9.786087 -5.650000 5.000000
v 9.741823 -5.624444 5.388229
v 9.612049 -5.549519 5.750000
v 9.405608 -5.430330 6.060660
v 9.136568 -5.275000 6.299038
v 8.823265 -5.094114 6.448889
v 8.487049 -4.900000 6.500000
v 8.150833 -4.705886 6.448889
v 7.837530 -4.525000 6.299038
v 7.568490 -4.369670 6.060660
v 7.362049 -4.250481 5.750000
v 7.232275 -4.175556 5.388229
v 7.188011 -4.150000 5.000000
v 7.232275 -4.175556 4.611771
v 7.362049 -4.250481 4.250000
v 7.568490 -4.369670 3.939340
v 7.837530 -4.525000 3.700962
v 8.150833 -4.705886 3.551111
v 8.487049 -4.900000 3.500000
v 8.823265 -5.094114 3.551111
v 9.136568 -5.275000 3.700962
v 9.405608 -5.430330 3.939340
v 9.612049 -5.549519 4.250000
v 9.741823 -5.624444 4.611771
v 10.439839 -4.324323 5.000000
v 10.392618 -4.304763 5.388229
v 10.254174 -4.247418 5.750000
v 10.033942 -4.156195 6.060660
v 9.746929 -4.037310 6.299038
v 9.412696 -3.898866 6.448889
v 9.054019 -3.750298 6.500000
v 8.695343 -3.601729 6.448889
v 8.361110 -3.463285 6.299038
v 8.074097 -3.344401 6.060660
v 7.853865 -3.253177 5.750000
v 7.715421 -3.195832 5.388229
v 7.668200 -3.176272 5.000000
v 7.715421 -3.195832 4.611771
v 7.853865 -3.253177 4.250000
v 8.074097 -3.344401 3.939340
v 8.361110 -3.463285 3.700962
v 8.695343 -3.601729 3.551111
v 9.054019 -3.750298 3.500000
v 9.412696 -3.898866 3.551111
v 9.746929 -4.037310 3.700962
v 10.033942 -4.156195 3.939340
v 10.254174 -4.247418 4.250000
v 10.392618 -4.304763 4.611771
v 10.914962 -2.924655 5.000000
v 10.865592 -2.911427 5.388229
v 10.720848 -2.872642 5.750000
v 10.490592 -2.810946 6.060660
v 10.190517 -2.730541 6.299038
v 9.841073 -2.636908 6.448889
v 9.466073 -2.536427 6.500000
v 9.091073 -2.435946 6.448889
v 8.741629 -2.342312 6.299038
v 8.441554 -2.261908 6.060660
v 8.211299 -2.200211 5.750000
v 8.066554 -2.161427 5.388229
v 8.017184 -2.148198 5.000000
v 8.066554 -2.161427 4.611771
v 8.211299 -2.200211 4.250000
v 8.441554 -2.261908 3.939340
v 8.741629 -2.342312 3.700962
v 9.091073 -2.435946 3.551111
v 9.466073 -2.536427 3.500000
v 9.841073 -2.636908 3.551111
v 10.190517 -2.730541 3.700962
v 10.490592 -2.810946 3.939340
v 10.720848 -2.872642 4.250000
v 10.865592 -2.911427 4.611771
v 11.203327 -1.474946 5.000000
v 11.152653 -1.468275 5.388229
v 11.004084 -1.448715 5.750000
v 10.767746 -1.417601 6.060660
v 10.459743 -1.377051 6.299038
v 10.101067 -1.329831 6.448889
v 9.716160 -1.279157 6.500000
v 9.331252 -1.228483 6.448889
v 8.972576 -1.181262 6.299038
v 8.664574 -1.140713 6.060660
v 8.428235 -1.109598 5.750000
v 8.279666 -1.090039 5.388229
v 8.228992 -1.083367 5.000000
v 8.279666 -1.090039 4.611771
v 8.428235 -1.109598 4.250000
v 8.664574 -1.140713 3.939340
v 8.972576 -1.181262 3.700962
v 9.331252 -1.228483 3.551111
v 9.716160 -1.279157 3.500000
v 10.101067 -1.329831 3.551111
v 10.459743 -1.377051 3.700962
v 10.767746 -1.417601 3.939340
v 11.004084 -1.448715 4.250000
v 11.152653 -1.468275 4.611771
v 0.050000 0.350000 5.000000
v 0.050000 0.303109 5.175000
v 0.050000 0.175000 5.303109
v 0.050000 0.000000 5.350000
v 0.050000 -0.175000 5.303109
v 0.050000 -0.303109 5.175000
v 0.050000 -0.350000 5.000000
v 0.050000 -0.303109 4.825000
v 0.050000 -0.175000 4.696891
v 0.050000 -0.000000 4.650000
v 0.050000 0.175000 4.696891
v 0.050000 0.303109 4.825000
v 4.800000 0.350000 5.000000
v 4.800000 0.303109 5.175000
v 4.800000 0.175000 5.303109
v 4.800000 0.000000 5.350000
v 4.800000 -0.175000 5.303109
v 4.800000 -0.303109 5.175000
v 4.800000 -0.350000 5.000000
v 4.800000 -0.303109 4.825000
v 4.800000 -0.175000 4.696891
v 4.800000 -0.000000 4.650000
v 4.800000 0.175000 4.696891
v 4.800000 0.303109 4.825000
v 9.550000 0.350000 5.000000
v 9.550000 0.303109 5.175000
v 9.550000 0.175000 5.303109
v 9.550000 0.000000 5.350000
v 9.550000 -0.175000 5.303109
v 9.550000 -0.303109 5.175000
v 9.550000 -0.350000 5.000000
v 9.550000 -0.303109 4.825000
v 9.550000 -0.175000 4.696891
v 9.550000 -0.000000 4.650000
v 9.550000 0.175000 4.696891
v 9.550000 0.303109 4.825000
v 0.050000 0.000000 5.000000
v 9.550000 0.000000 5.000000
v -4.750000 5.150000 5.000000
v -4.750000 5.103109 5.175000
v -4.750000 4.975000 5.303109
v -4.750000 4.800000 5.350000
v -4.750000 4.625000 5.303109
v -4.750000 4.496891 5.175000
v -4.750000 4.450000 5.000000
v -4.750000 4.496891 4.825000
v -4.750000 4.625000 4.696891
v -4.750000 4.800000 4.650000
v -4.750000 4.975000 4.696891
v -4.750000 5.103109 4.825000
v 0.000000 5.150000 5.000000
v 0.000000 5.103109 5.175000
v 0.000000 4.975000 5.303109
v 0.000000 4.800000 5.350000
v 0.000000 4.625000 5.303109
v 0.000000 4.496891 5.175000
v 0.000000 4.450000 5.000000
v 0.000000 4.496891 4.825000
v 0.000000 4.625000 4.696891
v 0.000000 4.800000 4.650000
v 0.000000 4.975000 4.696891
v 0.000000 5.103109 4.825000
v 4.750000 5.150000 5.000000
v 4.750000 5.103109 5.175000
v 4.750000 4.975000 5.303109
v 4.750000 4.800000 5.350000
v 4.750000 4.625000 5.303109
v 4.750000 4.496891 5.175000
v 4.750000 4.450000 5.000000
v 4.750000 4.496891 4.825000
v 4.750000 4.625000 4.696891
v 4.750000 4.800000 4.650000
v 4.750000 4.975000 4.696891
v 4.750000 5.103109 4.825000
v -4.750000 4.800000 5.000000
v 4.750000 4.800000 5.000000
v -9.550000 0.350000 5.000000
v -9.550000 0.303109 5.175000
v -9.550000 0.175000 5.303109
v -9.550000 0.000000 5.350000
v -9.550000 -0.175000 5.303109
v -9.550000 -0.303109 5.175000
v -9.550000 -0.350000 5.000000
v -9.550000 -0.303109 4.825000
v -9.550000 -0.175000 4.696891
v -9.550000 0.000000 4.650000
v -9.550000 0.175000 4.696891
v -9.550000 0.303109 4.825000
v -4.800000 0.350000 5.000000
v -4.800000 0.303109 5.175000
v -4.800000 0.175000 5.303109
v -4.800000 0.000000 5.350000
v -4.800000 -0.175000 5.303109
v -4.800000 -0.303109 5.175000
v -4.800000 -0.350000 5.000000
v -4.800000 -0.303109 4.825000
v -4.800000 -0.175000 4.696891
v -4.800000 0.000000 4.650000
v -4.800000 0.175000 4.696891
v -4.800000 0.303109 4.825000
v -0.050000 0.350000 5.000000
v -0.050000 0.303109 5.175000
v -0.050000 0.175000 5.303109
v -0.050000 0.000000 5.350000
v -0.050000 -0.175000 5.303109
v -0.050000 -0.303109 5.175000
v -0.050000 -0.350000 5.000000
v -0.050000 -0.303109 4.825000
v -0.050000 -0.175000 4.696891
v -0.050000 0.000000 4.650000
v -0.050000 0.175000 4.696891
v -0.050000 0.303109 4.825000
v -9.550000 0.000000 5.000000
v -0.050000 0.000000 5.000000
v -4.750000 -4.450000 5.000000
v -4.750000 -4.496891 5.175000
v -4.750000 -4.625000 5.303109
v -4.750000 -4.800000 5.350000
v -4.750000 -4.975000 5.303109
v -4.750000 -5.103109 5.175000
v -4.750000 -5.150000 5.000000
v -4.750000 -5.103109 4.825000
v -4.750000 -4.975000 4.696891
v -4.750000 -4.800000 4.650000
v -4.750000 -4.625000 4.696891
v -4.750000 -4.496891 4.825000
v -0.000000 -4.450000 5.000000
v -0.000000 -4.496891 5.175000
v -0.000000 -4.625000 5.303109
v -0.000000 -4.800000 5.350000
v -0.000000 -4.975000 5.303109
v -0.000000 -5.103109 5.175000
v -0.000000 -5.150000 5.000000
v -0.000000 -5.103109 4.825000
v -0.000000 -4.975000 4.696891
v -0.000000 -4.800000 4.650000
v -0.000000 -4.625000 4.696891
v -0.000000 -4.496891 4.825000
v 4.750000 -4.450000 5.000000
v 4.750000 -4.496891 5.175000
v 4.750000 -4.625000 5.303109
v 4.750000 -4.800000 5.350000
v 4.750000 -4.975000 5.303109
v 4.750000 -5.103109 5.175000
v 4.750000 -5.150000 5.000000
v 4.750000 -5.103109 4.825000
v 4.750000 -4.975000 4.696891
v 4.750000 -4.800000 4.650000
v 4.750000 -4.625000 4.696891
v 4.750000 -4.496891 4.825000
v -4.750000 -4.800000 5.000000
v 4.750000 -4.800000 5.000000
v 2.400000 0.000000 15.000000
v 2.353885 0.468217 15.000000
v 2.217311 0.918440 15.000000
v 1.995527 1.333369 15.000000
v 1.697056 1.697056 15.000000
v 1.333369 1.995527 15.000000
v 0.918440 2.217311 15.000000
v 0.468217 2.353885 15.000000
v 0.000000 2.400000 15.000000
v -0.468217 2.353885 15.000000
v -0.918440 2.217311 15.000000
v -1.333369 1.995527 15.000000
v -1.697056 1.697056 15.000000
v -1.995527 1.333369 15.000000
v -2.217311 0.918440 15.000000
v -2.353885 0.468217 15.000000
v -2.400000 0.000000 15.000000
v -2.353885 -0.468217 15.000000
v -2.217311 -0.918440 15.000000
v -1.995527 -1.333369 15.000000
v -1.697056 -1.697056 15.000000
v -1.333369 -1.995527 15.000000
v -0.918440 -2.217311 15.000000
v -0.468217 -2.353885 15.000000
v -0.000000 -2.400000 15.000000
v 0.468217 -2.353885 15.000000
v 0.918440 -2.217311 15.000000
v 1.333369 -1.995527 15.000000
v 1.697056 -1.697056 15.000000
v 1.995527 -1.333369 15.000000
v 2.217311 -0.918440 15.000000
v 2.353885 -0.468217 15.000000
v 2.400000 0.000000 16.500000
v 2.353885 0.468217 16.500000
v 2.217311 0.918440 16.500000
v 1.995527 1.333369 16.500000
v 1.697056 1.697056 16.500000
v 1.333369 1.995527 16.500000
v 0.918440 2.217311 16.500000
v 0.468217 2.353885 16.500000
v 0.000000 2.400000 16.500000
v -0.468217 2.353885 16.500000
v -0.918440 2.217311 16.500000
v -1.333369 1.995527 16.500000
v -1.697056 1.697056 16.500000
v -1.995527 1.333369 16.500000
v -2.217311 0.918440 16.500000
v -2.353885 0.468217 16.500000
v -2.400000 0.000000 16.500000
v -2.353885 -0.468217 16.500000
v -2.217311 -0.918440 16.500000
v -1.995527 -1.333369 16.500000
v -1.697056 -1.697056 16.500000
v -1.333369 -1.995527 16.500000
v -0.918440 -2.217311 16.500000
v -0.468217 -2.353885 16.500000
v -0.000000 -2.400000 16.500000
v 0.468217 -2.353885 16.500000
v 0.918440 -2.217311 16.500000
v 1.333369 -1.995527 16.500000
v 1.697056 -1.697056 16.500000
v 1.995527 -1.333369 16.500000
v 2.217311 -0.918440 16.500000
v 2.353885 -0.468217 16.500000
v 2.400000 0.000000 18.000000
v 2.353885 0.468217 18.000000
v 2.217311 0.918440 18.000000
v 1.995527 1.333369 18.000000
v 1.697056 1.697056 18.000000
v 1.333369 1.995527 18.000000
v 0.918440 2.217311 18.000000
v 0.468217 2.353885 18.000000
v 0.000000 2.400000 18.000000
v -0.468217 2.353885 18.000000
v -0.918440 2.217311 18.000000
v -1.333369 1.995527 18.000000
v -1.697056 1.697056 18.000000
v -1.995527 1.333369 18.000000
v -2.217311 0.918440 18.000000
v -2.353885 0.468217 18.000000
v -2.400000 0.000000 18.000000
v -2.353885 -0.468217 18.000000
v -2.217311 -0.918440 18.000000
v -1.995527 -1.333369 18.000000
v -1.697056 -1.697056 18.000000
v -1.333369 -1.995527 18.000000
v -0.918440 -2.217311 18.000000
v -0.468217 -2.353885 18.000000
v -0.000000 -2.400000 18.000000
v 0.468217 -2.353885 18.000000
v 0.918440 -2.217311 18.000000
v 1.333369 -1.995527 18.000000
v 1.697056 -1.697056 18.000000
v 1.995527 -1.333369 18.000000
v 2.217311 -0.918440 18.000000
v 2.353885 -0.468217 18.000000
v 2.400000 0.000000 19.500000
v 2.353885 0.468217 19.500000
v 2.217311 0.918440 19.500000
v 1.995527 1.333369 19.500000
v 1.697056 1.697056 19.500000
v 1.333369 1.995527 19.500000
v 0.918440 2.217311 19.500000
v 0.468217 2.353885 19.500000
v 0.000000 2.400000 19.500000
v -0.468217 2.353885 19.500000
v -0.918440 2.217311 19.500000
v -1.333369 1.995527 19.500000
v -1.697056 1.697056 19.500000
v -1.995527 1.333369 19.500000
v -2.217311 0.918440 19.500000
v -2.353885 0.468217 19.500000
v -2.400000 0.000000 19.500000
v -2.353885 -0.468217 19.500000
v -2.217311 -0.918440 19.500000
v -1.995527 -1.333369 19.500000
v -1.697056 -1.697056 19.500000
v -1.333369 -1.995527 19.500000
v -0.918440 -2.217311 19.500000
v -0.468217 -2.353885 19.500000
v -0.000000 -2.400000 19.500000
v 0.468217 -2.353885 19.500000
v 0.918440 -2.217311 19.500000
v 1.333369 -1.995527 19.500000
v 1.697056 -1.697056 19.500000
v 1.995527 -1.333369 19.500000
v 2.217311 -0.918440 19.500000
v 2.353885 -0.468217 19.500000
v 2.400000 0.000000 21.000000
v 2.353885 0.468217 21.000000
v 2.217311 0.918440 21.000000
v 1.995527 1.333369 21.000000
v 1.697056 1.697056 21.000000
v 1.333369 1.995527 21.000000
v 0.918440 2.217311 21.000000
v 0.468217 2.353885 21.000000
v 0.000000 2.400000 21.000000
v -0.468217 2.353885 21.000000
v -0.918440 2.217311 21.000000
v -1.333369 1.995527 21.000000
v -1.697056 1.697056 21.000000
v -1.995527 1.333369 21.000000
v -2.217311 0.918440 21.000000
v -2.353885 0.468217 21.000000
v -2.400000 0.000000 21.000000
v -2.353885 -0.468217 21.000000
v -2.217311 -0.918440 21.000000
v -1.995527 -1.333369 21.000000
v -1.697056 -1.697056 21.000000
v -1.333369 -1.995527 21.000000
v -0.918440 -2.217311 21.000000
v -0.468217 -2.353885 21.000000
v -0.000000 -2.400000 21.000000
v 0.468217 -2.353885 21.000000
v 0.918440 -2.217311 21.000000
v 1.333369 -1.995527 21.000000
v 1.697056 -1.697056 21.000000
v 1.995527 -1.333369 21.000000
v 2.217311 -0.918440 21.000000
v 2.353885 -0.468217 21.000000
v 0.000000 0.000000 15.000000
v 0.000000 0.000000 21.000000
v 0.000000 0.000000 22.000000
v 0.450000 0.000000 21.989000
v 0.443163 0.078142 21.989000
v 0.422862 0.153909 21.989000
v 0.389711 0.225000 21.989000
v 0.344720 0.289254 21.989000
v 0.289254 0.344720 21.989000
v 0.225000 0.389711 21.989000
v 0.153909 0.422862 21.989000
v 0.078142 0.443163 21.989000
v 0.000000 0.450000 21.989000
v -0.078142 0.443163 21.989000
v -0.153909 0.422862 21.989000
v -0.225000 0.389711 21.989000
v -0.289254 0.344720 21.989000
v -0.344720 0.289254 21.989000
v -0.389711 0.225000 21.989000
v -0.422862 0.153909 21.989000
v -0.443163 0.078142 21.989000
v -0.450000 0.000000 21.989000
v -0.443163 -0.078142 21.989000
v -0.422862 -0.153909 21.989000
v -0.389711 -0.225000 21.989000
v -0.344720 -0.289254 21.989000
v -0.289254 -0.344720 21.989000
v -0.225000 -0.389711 21.989000
v -0.153909 -0.422862 21.989000
v -0.078142 -0.443163 21.989000
v -0.000000 -0.450000 21.989000
v 0.078142 -0.443163 21.989000
v 0.153909 -0.422862 21.989000
v 0.225000 -0.389711 21.989000
v 0.289254 -0.344720 21.989000
v 0.344720 -0.289254 21.989000
v 0.389711 -0.225000 21.989000
v 0.422862 -0.153909 21.989000
v 0.443163 -0.078142 21.989000
v 0.900000 0.000000 21.956000
v 0.886327 0.156283 21.956000
v 0.845723 0.307818 21.956000
v 0.779423 0.450000 21.956000
v 0.689440 0.578509 21.956000
v 0.578509 0.689440 21.956000
v 0.450000 0.779423 21.956000
v 0.307818 0.845723 21.956000
v 0.156283 0.886327 21.956000
v 0.000000 0.900000 21.956000
v -0.156283 0.886327 21.956000
v -0.307818 0.845723 21.956000
v -0.450000 0.779423 21.956000
v -0.578509 0.689440 21.956000
v -0.689440 0.578509 21.956000
v -0.779423 0.450000 21.956000
v -0.845723 0.307818 21.956000
v -0.886327 0.156283 21.956000
v -0.900000 0.000000 21.956000
v -0.886327 -0.156283 21.956000
v -0.845723 -0.307818 21.956000
v -0.779423 -0.450000 21.956000
v -0.689440 -0.578509 21.956000
v -0.578509 -0.689440 21.956000
v -0.450000 -0.779423 21.956000
v -0.307818 -0.845723 21.956000
v -0.156283 -0.886327 21.956000
v -0.000000 -0.900000 21.956000
v 0.156283 -0.886327 21.956000
v 0.307818 -0.845723 21.956000
v 0.450000 -0.779423 21.956000
v 0.578509 -0.689440 21.956000
v 0.689440 -0.578509 21.956000
v 0.779423 -0.450000 21.956000
v 0.845723 -0.307818 21.956000
v 0.886327 -0.156283 21.956000
v 1.350000 0.000000 21.901000
v 1.329490 0.234425 21.901000
v 1.268585 0.461727 21.901000
v 1.169134 0.675000 21.901000
v 1.034160 0.867763 21.901000
v 0.867763 1.034160 21.901000
v 0.675000 1.169134 21.901000
v 0.461727 1.268585 21.901000
v 0.234425 1.329490 21.901000
v 0.000000 1.350000 21.901000
v -0.234425 1.329490 21.901000
v -0.461727 1.268585 21.901000
v -0.675000 1.169134 21.901000
v -0.867763 1.034160 21.901000
v -1.034160 0.867763 21.901000
v -1.169134 0.675000 21.901000
v -1.268585 0.461727 21.901000
v -1.329490 0.234425 21.901000
v -1.350000 0.000000 21.901000
v -1.329490 -0.234425 21.901000
v -1.268585 -0.461727 21.901000
v -1.169134 -0.675000 21.901000
v -1.034160 -0.867763 21.901000
v -0.867763 -1.034160 21.901000
v -0.675000 -1.169134 21.901000
v -0.461727 -1.268585 21.901000
v -0.234425 -1.329490 21.901000
v -0.000000 -1.350000 21.901000
v 0.234425 -1.329490 21.901000
v 0.461727 -1.268585 21.901000
v 0.675000 -1.169134 21.901000
v 0.867763 -1.034160 21.901000
v 1.034160 -0.867763 21.901000
v 1.169134 -0.675000 21.901000
v 1.268585 -0.461727 21.901000
v 1.329490 -0.234425 21.901000
v 1.800000 0.000000 21.824000
v 1.772654 0.312567 21.824000
v 1.691447 0.615636 21.824000
v 1.558846 0.900000 21.824000
v 1.378880 1.157018 21.824000
v 1.157018 1.378880 21.824000
v 0.900000 1.558846 21.824000
v 0.615636 1.691447 21.824000
v 0.312567 1.772654 21.824000
v 0.000000 1.800000 21.824000
v -0.312567 1.772654 21.824000
v -0.615636 1.691447 21.824000
v -0.900000 1.558846 21.824000
v -1.157018 1.378880 21.824000
v -1.378880 1.157018 21.824000
v -1.558846 0.900000 21.824000
v -1.691447 0.615636 21.824000
v -1.772654 0.312567 21.824000
v -1.800000 0.000000 21.824000
v -1.772654 -0.312567 21.824000
v -1.691447 -0.615636 21.824000
v -1.558846 -0.900000 21.824000
v -1.378880 -1.157018 21.824000
v -1.157018 -1.378880 21.824000
v -0.900000 -1.558846 21.824000
v -0.615636 -1.691447 21.824000
v -0.312567 -1.772654 21.824000
v -0.000000 -1.800000 21.824000
v 0.312567 -1.772654 21.824000
v 0.615636 -1.691447 21.824000
v 0.900000 -1.558846 21.824000
v 1.157018 -1.378880 21.824000
v 1.378880 -1.157018 21.824000
v 1.558846 -0.900000 21.824000
v 1.691447 -0.615636 21.824000
v 1.772654 -0.312567 21.824000
v 2.250000 0.000000 21.725000
v 2.215817 0.390708 21.725000
v 2.114308 0.769545 21.725000
v 1.948557 1.125000 21.725000
v 1.723600 1.446272 21.725000
v 1.446272 1.723600 21.725000
v 1.125000 1.948557 21.725000
v 0.769545 2.114308 21.725000
v 0.390708 2.215817 21.725000
v 0.000000 2.250000 21.725000
v -0.390708 2.215817 21.725000
v -0.769545 2.114308 21.725000
v -1.125000 1.948557 21.725000
v -1.446272 1.723600 21.725000
v -1.723600 1.446272 21.725000
v -1.948557 1.125000 21.725000
v -2.114308 0.769545 21.725000
v -2.215817 0.390708 21.725000
v -2.250000 0.000000 21.725000
v -2.215817 -0.390708 21.725000
v -2.114308 -0.769545 21.725000
v -1.948557 -1.125000 21.725000
v -1.723600 -1.446272 21.725000
v -1.446272 -1.723600 21.725000
v -1.125000 -1.948557 21.725000
v -0.769545 -2.114308 21.725000
v -0.390708 -2.215817 21.725000
v -0.000000 -2.250000 21.725000
v 0.390708 -2.215817 21.725000
v 0.769545 -2.114308 21.725000
v 1.125000 -1.948557 21.725000
v 1.446272 -1.723600 21.725000
v 1.723600 -1.446272 21.725000
v 1.948557 -1.125000 21.725000
v 2.114308 -0.769545 21.725000
v 2.215817 -0.390708 21.725000
v 2.700000 0.000000 21.604000
v 2.658981 0.468850 21.604000
v 2.537170 0.923454 21.604000
v 2.338269 1.350000 21.604000
v 2.068320 1.735527 21.604000
v 1.735527 2.068320 21.604000
v 1.350000 2.338269 21.604000
v 0.923454 2.537170 21.604000
v 0.468850 2.658981 21.604000
v 0.000000 2.700000 21.604000
v -0.468850 2.658981 21.604000
v -0.923454 2.537170 21.604000
v -1.350000 2.338269 21.604000
v -1.735527 2.068320 21.604000
v -2.068320 1.735527 21.604000
v -2.338269 1.350000 21.604000
v -2.537170 0.923454 21.604000
v -2.658981 0.468850 21.604000
v -2.700000 0.000000 21.604000
v -2.658981 -0.468850 21.604000
v -2.537170 -0.923454 21.604000
v -2.338269 -1.350000 21.604000
v -2.068320 -1.735527 21.604000
v -1.735527 -2.068320 21.604000
v -1.350000 -2.338269 21.604000
v -0.923454 -2.537170 21.604000
v -0.468850 -2.658981 21.604000
v -0.000000 -2.700000 21.604000
v 0.468850 -2.658981 21.604000
v 0.923454 -2.537170 21.604000
v 1.350000 -2.338269 21.604000
v 1.735527 -2.068320 21.604000
v 2.068320 -1.735527 21.604000
v 2.338269 -1.350000 21.604000
v 2.537170 -0.923454 21.604000
v 2.658981 -0.468850 21.604000
v 3.150000 0.000000 21.461000
v 3.102144 0.546992 21.461000
v 2.960032 1.077363 21.461000
v 2.727980 1.575000 21.461000
v 2.413040 2.024781 21.461000
v 2.024781 2.413040 21.461000
v 1.575000 2.727980 21.461000
v 1.077363 2.960032 21.461000
v 0.546992 3.102144 21.461000
v 0.000000 3.150000 21.461000
v -0.546992 3.102144 21.461000
v -1.077363 2.960032 21.461000
v -1.575000 2.727980 21.461000
v -2.024781 2.413040 21.461000
v -2.413040 2.024781 21.461000
v -2.727980 1.575000 21.461000
v -2.960032 1.077363 21.461000
v -3.102144 0.546992 21.461000
v -3.150000 0.000000 21.461000
v -3.102144 -0.546992 21.461000
v -2.960032 -1.077363 21.461000
v -2.727980 -1.575000 21.461000
v -2.413040 -2.024781 21.461000
v -2.024781 -2.413040 21.461000
v -1.575000 -2.727980 21.461000
v -1.077363 -2.960032 21.461000
v -0.546992 -3.102144 21.461000
v -0.000000 -3.150000 21.461000
v 0.546992 -3.102144 21.461000
v 1.077363 -2.960032 21.461000
v 1.575000 -2.727980 21.461000
v 2.024781 -2.413040 21.461000
v 2.413040 -2.024781 21.461000
v 2.727980 -1.575000 21.461000
v 2.960032 -1.077363 21.461000
v 3.102144 -0.546992 21.461000
v 3.600000 0.000000 21.296000
v 3.545308 0.625133 21.296000
v 3.382893 1.231273 21.296000
v 3.117691 1.800000 21.296000
v 2.757760 2.314035 21.296000
v 2.314035 2.757760 21.296000
v 1.800000 3.117691 21.296000
v 1.231273 3.382893 21.296000
v 0.625133 3.545308 21.296000
v 0.000000 3.600000 21.296000
v -0.625133 3.545308 21.296000
v -1.231273 3.382893 21.296000
v -1.800000 3.117691 21.296000
v -2.314035 2.757760 21.296000
v -2.757760 2.314035 21.296000
v -3.117691 1.800000 21.296000
v -3.382893 1.231273 21.296000
v -3.545308 0.625133 21.296000
v -3.600000 0.000000 21.296000
v -3.545308 -0.625133 21.296000
v -3.382893 -1.231273 21.296000
v -3.117691 -1.800000 21.296000
v -2.757760 -2.314035 21.296000
v -2.314035 -2.757760 21.296000
v -1.800000 -3.117691 21.296000
v -1.231273 -3.382893 21.296000
v -0.625133 -3.545308 21.296000
v -0.000000 -3.600000 21.296000
v 0.625133 -3.545308 21.296000
v 1.231273 -3.382893 21.296000
v 1.800000 -3.117691 21.296000
v 2.314035 -2.757760 21.296000
v 2.757760 -2.314035 21.296000
v 3.117691 -1.800000 21.296000
v 3.382893 -1.231273 21.296000
v 3.545308 -0.625133 21.296000
v 4.050000 0.000000 21.109000
v 3.988471 0.703275 21.109000
v 3.805755 1.385182 21.109000
v 3.507403 2.025000 21.109000
v 3.102480 2.603290 21.109000
v 2.603290 3.102480 21.109000
v 2.025000 3.507403 21.109000
v 1.385182 3.805755 21.109000
v 0.703275 3.988471 21.109000
v 0.000000 4.050000 21.109000
v -0.703275 3.988471 21.109000
v -1.385182 3.805755 21.109000
v -2.025000 3.507403 21.109000
v -2.603290 3.102480 21.109000
v -3.102480 2.603290 21.109000
v -3.507403 2.025000 21.109000
v -3.805755 1.385182 21.109000
v -3.988471 0.703275 21.109000
v -4.050000 0.000000 21.109000
v -3.988471 -0.703275 21.109000
v -3.805755 -1.385182 21.109000
v -3.507403 -2.025000 21.109000
v -3.102480 -2.603290 21.109000
v -2.603290 -3.102480 21.109000
v -2.025000 -3.507403 21.109000
v -1.385182 -3.805755 21.109000
v -0.703275 -3.988471 21.109000
v -0.000000 -4.050000 21.109000
v 0.703275 -3.988471 21.109000
v 1.385182 -3.805755 21.109000
v 2.025000 -3.507403 21.109000
v 2.603290 -3.102480 21.109000
v 3.102480 -2.603290 21.109000
v 3.507403 -2.025000 21.109000
v 3.805755 -1.385182 21.109000
v 3.988471 -0.703275 21.109000
v 4.500000 0.000000 20.900000
v 4.431635 0.781417 20.900000
v 4.228617 1.539091 20.900000
v 3.897114 2.250000 20.900000
v 3.447200 2.892544 20.900000
v 2.892544 3.447200 20.900000
v 2.250000 3.897114 20.900000
v 1.539091 4.228617 20.900000
v 0.781417 4.431635 20.900000
v 0.000000 4.500000 20.900000
v -0.781417 4.431635 20.900000
v -1.539091 4.228617 20.900000
v -2.250000 3.897114 20.900000
v -2.892544 3.447200 20.900000
v -3.447200 2.892544 20.900000
v -3.897114 2.250000 20.900000
v -4.228617 1.539091 20.900000
v -4.431635 0.781417 20.900000
v -4.500000 0.000000 20.900000
v -4.431635 -0.781417 20.900000
v -4.228617 -1.539091 20.900000
v -3.897114 -2.250000 20.900000
v -3.447200 -2.892544 20.900000
v -2.892544 -3.447200 20.900000
v -2.250000 -3.897114 20.900000
v -1.539091 -4.228617 20.900000
v -0.781417 -4.431635 20.900000
v -0.000000 -4.500000 20.900000
v 0.781417 -4.431635 20.900000
v 1.539091 -4.228617 20.900000
v 2.250000 -3.897114 20.900000
v 2.892544 -3.447200 20.900000
v 3.447200 -2.892544 20.900000
v 3.897114 -2.250000 20.900000
v 4.228617 -1.539091 20.900000
v 4.431635 -0.781417 20.900000
v 0.080000 0.000000 22.400000
v 0.056569 0.056569 22.400000
v 0.000000 0.080000 22.400000
v -0.056569 0.056569 22.400000
v -0.080000 0.000000 22.400000
v -0.056569 -0.056569 22.400000
v -0.000000 -0.080000 22.400000
v 0.056569 -0.056569 22.400000
v 0.080000 0.000000 23.500000
v 0.056569 0.056569 23.500000
v 0.000000 0.080000 23.500000
v -0.056569 0.056569 23.500000
v -0.080000 0.000000 23.500000
v -0.056569 -0.056569 23.500000
v -0.000000 -0.080000 23.500000
v 0.056569 -0.056569 23.500000
v 0.080000 0.000000 24.600000
v 0.056569 0.056569 24.600000
v 0.000000 0.080000 24.600000
v -0.056569 0.056569 24.600000
v -0.080000 0.000000 24.600000
v -0.056569 -0.056569 24.600000
v -0.000000 -0.080000 24.600000
v 0.056569 -0.056569 24.600000
v 0.000000 0.000000 22.400000
v 0.000000 0.000000 24.600000
v -8.000000 -0.080000 -14.000000
v 8.000000 -0.080000 -14.000000
v 8.000000 0.080000 -14.000000
v -8.000000 0.080000 -14.000000
v -8.000000 -0.080000 -4.000000
v 8.000000 -0.080000 -4.000000
v 8.000000 0.080000 -4.000000
v -8.000000 0.080000 -4.000000
v -0.080000 -8.000000 -14.000000
v 0.080000 -8.000000 -14.000000
v 0.080000 8.000000 -14.000000
v -0.080000 8.000000 -14.000000
v -0.080000 -8.000000 -4.000000
v 0.080000 -8.000000 -4.000000
v 0.080000 8.000000 -4.000000
v -0.080000 8.000000 -4.000000
v 3.150000 0.000000 -23.100000
v 3.114222 0.271760 -23.100000
v 3.009327 0.525000 -23.100000
v 2.842462 0.742462 -23.100000
v 2.625000 0.909327 -23.100000
v 2.371760 1.014222 -23.100000
v 2.100000 1.050000 -23.100000
v 1.828240 1.014222 -23.100000
v 1.575000 0.909327 -23.100000
v 1.357538 0.742462 -23.100000
v 1.190673 0.525000 -23.100000
v 1.085778 0.271760 -23.100000
v 1.050000 0.000000 -23.100000
v 1.085778 -0.271760 -23.100000
v 1.190673 -0.525000 -23.100000
v 1.357538 -0.742462 -23.100000
v 1.575000 -0.909327 -23.100000
v 1.828240 -1.014222 -23.100000
v 2.100000 -1.050000 -23.100000
v 2.371760 -1.014222 -23.100000
v 2.625000 -0.909327 -23.100000
v 2.842462 -0.742462 -23.100000
v 3.009327 -0.525000 -23.100000
v 3.114222 -0.271760 -23.100000
v 3.150000 0.000000 -22.050000
v 3.114222 0.271760 -22.050000
v 3.009327 0.525000 -22.050000
v 2.842462 0.742462 -22.050000
v 2.625000 0.909327 -22.050000
v 2.371760 1.014222 -22.050000
v 2.100000 1.050000 -22.050000
v 1.828240 1.014222 -22.050000
v 1.575000 0.909327 -22.050000
v 1.357538 0.742462 -22.050000
v 1.190673 0.525000 -22.050000
v 1.085778 0.271760 -22.050000
v 1.050000 0.000000 -22.050000
v 1.085778 -0.271760 -22.050000
v 1.190673 -0.525000 -22.050000
v 1.357538 -0.742462 -22.050000
v 1.575000 -0.909327 -22.050000
v 1.828240 -1.014222 -22.050000
v 2.100000 -1.050000 -22.050000
v 2.371760 -1.014222 -22.050000
v 2.625000 -0.909327 -22.050000
v 2.842462 -0.742462 -22.050000
v 3.009327 -0.525000 -22.050000
v 3.114222 -0.271760 -22.050000
v 3.150000 0.000000 -21.000000
v 3.114222 0.271760 -21.000000
v 3.009327 0.525000 -21.000000
v 2.842462 0.742462 -21.000000
v 2.625000 0.909327 -21.000000
v 2.371760 1.014222 -21.000000
v 2.100000 1.050000 -21.000000
v 1.828240 1.014222 -21.000000
v 1.575000 0.909327 -21.000000
v 1.357538 0.742462 -21.000000
v 1.190673 0.525000 -21.000000
v 1.085778 0.271760 -21.000000
v 1.050000 0.000000 -21.000000
v 1.085778 -0.271760 -21.000000
v 1.190673 -0.525000 -21.000000
v 1.357538 -0.742462 -21.000000
v 1.575000 -0.909327 -21.000000
v 1.828240 -1.014222 -21.000000
v 2.100000 -1.050000 -21.000000
v 2.371760 -1.014222 -21.000000
v 2.625000 -0.909327 -21.000000
v 2.842462 -0.742462 -21.000000
v 3.009327 -0.525000 -21.000000
v 3.114222 -0.271760 -21.000000
v 3.150000 0.000000 -19.950000
v 3.114222 0.271760 -19.950000
v 3.009327 0.525000 -19.950000
v 2.842462 0.742462 -19.950000
v 2.625000 0.909327 -19.950000
v 2.371760 1.014222 -19.950000
v 2.100000 1.050000 -19.950000
v 1.828240 1.014222 -19.950000
v 1.575000 0.909327 -19.950000
v 1.357538 0.742462 -19.950000
v 1.190673 0.525000 -19.950000
v 1.085778 0.271760 -19.950000
v 1.050000 0.000000 -19.950000
v 1.085778 -0.271760 -19.950000
v 1.190673 -0.525000 -19.950000
v 1.357538 -0.742462 -19.950000
v 1.575000 -0.909327 -19.950000
v 1.828240 -1.014222 -19.950000
v 2.100000 -1.050000 -19.950000
v 2.371760 -1.014222 -19.950000
v 2.625000 -0.909327 -19.950000
v 2.842462 -0.742462 -19.950000
v 3.009327 -0.525000 -19.950000
v 3.114222 -0.271760 -19.950000
v 3.150000 0.000000 -18.900000
v 3.114222 0.271760 -18.900000
v 3.009327 0.525000 -18.900000
v 2.842462 0.742462 -18.900000
v 2.625000 0.909327 -18.900000
v 2.371760 1.014222 -18.900000
v 2.100000 1.050000 -18.900000
v 1.828240 1.014222 -18.900000
v 1.575000 0.909327 -18.900000
v 1.357538 0.742462 -18.900000
v 1.190673 0.525000 -18.900000
v 1.085778 0.271760 -18.900000
v 1.050000 0.000000 -18.900000
v 1.085778 -0.271760 -18.900000
v 1.190673 -0.525000 -18.900000
v 1.357538 -0.742462 -18.900000
v 1.575000 -0.909327 -18.900000
v 1.828240 -1.014222 -18.900000
v 2.100000 -1.050000 -18.900000
v 2.371760 -1.014222 -18.900000
v 2.625000 -0.909327 -18.900000
v 2.842462 -0.742462 -18.900000
v 3.009327 -0.525000 -18.900000
v 3.114222 -0.271760 -18.900000
v 2.100000 0.000000 -23.100000
v 2.100000 0.000000 -18.900000
v 0.000000 1.818653 -23.100000
v -0.035778 2.090413 -23.100000
v -0.140673 2.343653 -23.100000
v -0.307538 2.561115 -23.100000
v -0.525000 2.727980 -23.100000
v -0.778240 2.832875 -23.100000
v -1.050000 2.868653 -23.100000
v -1.321760 2.832875 -23.100000
v -1.575000 2.727980 -23.100000
v -1.792462 2.561115 -23.100000
v -1.959327 2.343653 -23.100000
v -2.064222 2.090413 -23.100000
v -2.100000 1.818653 -23.100000
v -2.064222 1.546893 -23.100000
v -1.959327 1.293653 -23.100000
v -1.792462 1.076191 -23.100000
v -1.575000 0.909327 -23.100000
v -1.321760 0.804431 -23.100000
v -1.050000 0.768653 -23.100000
v -0.778240 0.804431 -23.100000
v -0.525000 0.909327 -23.100000
v -0.307538 1.076191 -23.100000
v -0.140673 1.293653 -23.100000
v -0.035778 1.546893 -23.100000
v 0.000000 1.818653 -22.050000
v -0.035778 2.090413 -22.050000
v -0.140673 2.343653 -22.050000
v -0.307538 2.561115 -22.050000
v -0.525000 2.727980 -22.050000
v -0.778240 2.832875 -22.050000
v -1.050000 2.868653 -22.050000
v -1.321760 2.832875 -22.050000
v -1.575000 2.727980 -22.050000
v -1.792462 2.561115 -22.050000
v -1.959327 2.343653 -22.050000
v -2.064222 2.090413 -22.050000
v -2.100000 1.818653 -22.050000
v -2.064222 1.546893 -22.050000
v -1.959327 1.293653 -22.050000
v -1.792462 1.076191 -22.050000
v -1.575000 0.909327 -22.050000
v -1.321760 0.804431 -22.050000
v -1.050000 0.768653 -22.050000
v -0.778240 0.804431 -22.050000
v -0.525000 0.909327 -22.050000
v -0.307538 1.076191 -22.050000
v -0.140673 1.293653 -22.050000
v -0.035778 1.546893 -22.050000
v 0.000000 1.818653 -21.000000
v -0.035778 2.090413 -21.000000
v -0.140673 2.343653 -21.000000
v -0.307538 2.561115 -21.000000
v -0.525000 2.727980 -21.000000
v -0.778240 2.832875 -21.000000
v -1.050000 2.868653 -21.000000
v -1.321760 2.832875 -21.000000
v -1.575000 2.727980 -21.000000
v -1.792462 2.561115 -21.000000
v -1.959327 2.343653 -21.000000
v -2.064222 2.090413 -21.000000
v -2.100000 1.818653 -21.000000
v -2.064222 1.546893 -21.000000
v -1.959327 1.293653 -21.000000
v -1.792462 1.076191 -21.000000
v -1.575000 0.909327 -21.000000
v -1.321760 0.804431 -21.000000
v -1.050000 0.768653 -21.000000
v -0.778240 0.804431 -21.000000
v -0.525000 0.909327 -21.000000
v -0.307538 1.076191 -21.000000
v -0.140673 1.293653 -21.000000
v -0.035778 1.546893 -21.000000
v 0.000000 1.818653 -19.950000
v -0.035778 2.090413 -19.950000
v -0.140673 2.343653 -19.950000
v -0.307538 2.561115 -19.950000
v -0.525000 2.727980 -19.950000
v -0.778240 2.832875 -19.950000
v -1.050000 2.868653 -19.950000
v -1.321760 2.832875 -19.950000
v -1.575000 2.727980 -19.950000
v -1.792462 2.561115 -19.950000
v -1.959327 2.343653 -19.950000
v -2.064222 2.090413 -19.950000
v -2.100000 1.818653 -19.950000
v -2.064222 1.546893 -19.950000
v -1.959327 1.293653 -19.950000
v -1.792462 1.076191 -19.950000
v -1.575000 0.909327 -19.950000
v -1.321760 0.804431 -19.950000
v -1.050000 0.768653 -19.950000
v -0.778240 0.804431 -19.950000
v -0.525000 0.909327 -19.950000
v -0.307538 1.076191 -19.950000
v -0.140673 1.293653 -19.950000
v -0.035778 1.546893 -19.950000
v 0.000000 1.818653 -18.900000
v -0.035778 2.090413 -18.900000
v -0.140673 2.343653 -18.900000
v -0.307538 2.561115 -18.900000
v -0.525000 2.727980 -18.900000
v -0.778240 2.832875 -18.900000
v -1.050000 2.868653 -18.900000
v -1.321760 2.832875 -18.900000
v -1.575000 2.727980 -18.900000
v -1.792462 2.561115 -18.900000
v -1.959327 2.343653 -18.900000
v -2.064222 2.090413 -18.900000
v -2.100000 1.818653 -18.900000
v -2.064222 1.546893 -18.900000
v -1.959327 1.293653 -18.900000
v -1.792462 1.076191 -18.900000
v -1.575000 0.909327 -18.900000
v -1.321760 0.804431 -18.900000
v -1.050000 0.768653 -18.900000
v -0.778240 0.804431 -18.900000
v -0.525000 0.909327 -18.900000
v -0.307538 1.076191 -18.900000
v -0.140673 1.293653 -18.900000
v -0.035778 1.546893 -18.900000
v -1.050000 1.818653 -23.100000
v -1.050000 1.818653 -18.900000
v -0.000000 -1.818653 -23.100000
v -0.035778 -1.546893 -23.100000
v -0.140673 -1.293653 -23.100000
v -0.307538 -1.076191 -23.100000
v -0.525000 -0.909327 -23.100000
v -0.778240 -0.804431 -23.100000
v -1.050000 -0.768653 -23.100000
v -1.321760 -0.804431 -23.100000
v -1.575000 -0.909327 -23.100000
v -1.792462 -1.076191 -23.100000
v -1.959327 -1.293653 -23.100000
v -2.064222 -1.546893 -23.100000
v -2.100000 -1.818653 -23.100000
v -2.064222 -2.090413 -23.100000
v -1.959327 -2.343653 -23.100000
v -1.792462 -2.561115 -23.100000
v -1.575000 -2.727980 -23.100000
v -1.321760 -2.832875 -23.100000
v -1.050000 -2.868653 -23.100000
v -0.778240 -2.832875 -23.100000
v -0.525000 -2.727980 -23.100000
v -0.307538 -2.561115 -23.100000
v -0.140673 -2.343653 -23.100000
v -0.035778 -2.090413 -23.100000
v -0.000000 -1.818653 -22.050000
v -0.035778 -1.546893 -22.050000
v -0.140673 -1.293653 -22.050000
v -0.307538 -1.076191 -22.050000
v -0.525000 -0.909327 -22.050000
v -0.778240 -0.804431 -22.050000
v -1.050000 -0.768653 -22.050000
v -1.321760 -0.804431 -22.050000
v -1.575000 -0.909327 -22.050000
v -1.792462 -1.076191 -22.050000
v -1.959327 -1.293653 -22.050000
v -2.064222 -1.546893 -22.050000
v -2.100000 -1.818653 -22.050000
v -2.064222 -2.090413 -22.050000
v -1.959327 -2.343653 -22.050000
v -1.792462 -2.561115 -22.050000
v -1.575000 -2.727980 -22.050000
v -1.321760 -2.832875 -22.050000
v -1.050000 -2.868653 -22.050000
v -0.778240 -2.832875 -22.050000
v -0.525000 -2.727980 -22.050000
v -0.307538 -2.561115 -22.050000
v -0.140673 -2.343653 -22.050000
v -0.035778 -2.090413 -22.050000
v -0.000000 -1.818653 -21.000000
v -0.035778 -1.546893 -21.000000
v -0.140673 -1.293653 -21.000000
v -0.307538 -1.076191 -21.000000
v -0.525000 -0.909327 -21.000000
v -0.778240 -0.804431 -21.000000
v -1.050000 -0.768653 -21.000000
v -1.321760 -0.804431 -21.000000
v -1.575000 -0.909327 -21.000000
v -1.792462 -1.076191 -21.000000
v -1.959327 -1.293653 -21.000000
v -2.064222 -1.546893 -21.000000
v -2.100000 -1.818653 -21.000000
v -2.064222 -2.090413 -21.000000
v -1.959327 -2.343653 -21.000000
v -1.792462 -2.561115 -21.000000
v -1.575000 -2.727980 -21.000000
v -1.321760 -2.832875 -21.000000
v -1.050000 -2.868653 -21.000000
v -0.778240 -2.832875 -21.000000
v -0.525000 -2.727980 -21.000000
v -0.307538 -2.561115 -21.000000
v -0.140673 -2.343653 -21.000000
v -0.035778 -2.090413 -21.000000
v -0.000000 -1.818653 -19.950000
v -0.035778 -1.546893 -19.950000
v -0.140673 -1.293653 -19.950000
v -0.307538 -1.076191 -19.950000
v -0.525000 -0.909327 -19.950000
v -0.778240 -0.804431 -19.950000
v -1.050000 -0.768653 -19.950000
v -1.321760 -0.804431 -19.950000
v -1.575000 -0.909327 -19.950000
v -1.792462 -1.076191 -19.950000
v -1.959327 -1.293653 -19.950000
v -2.064222 -1.546893 -19.950000
v -2.100000 -1.818653 -19.950000
v -2.064222 -2.090413 -19.950000
v -1.959327 -2.343653 -19.950000
v -1.792462 -2.561115 -19.950000
v -1.575000 -2.727980 -19.950000
v -1.321760 -2.832875 -19.950000
v -1.050000 -2.868653 -19.950000
v -0.778240 -2.832875 -19.950000
v -0.525000 -2.727980 -19.950000
v -0.307538 -2.561115 -19.950000
v -0.140673 -2.343653 -19.950000
v -0.035778 -2.090413 -19.950000
v -0.000000 -1.818653 -18.900000
v -0.035778 -1.546893 -18.900000
v -0.140673 -1.293653 -18.900000
v -0.307538 -1.076191 -18.900000
v -0.525000 -0.909327 -18.900000
v -0.778240 -0.804431 -18.900000
v -1.050000 -0.768653 -18.900000
v -1.321760 -0.804431 -18.900000
v -1.575000 -0.909327 -18.900000
v -1.792462 -1.076191 -18.900000
v -1.959327 -1.293653 -18.900000
v -2.064222 -1.546893 -18.900000
v -2.100000 -1.818653 -18.900000
v -2.064222 -2.090413 -18.900000
v -1.959327 -2.343653 -18.900000
v -1.792462 -2.561115 -18.900000
v -1.575000 -2.727980 -18.900000
v -1.321760 -2.832875 -18.900000
v -1.050000 -2.868653 -18.900000
v -0.778240 -2.832875 -18.900000
v -0.525000 -2.727980 -18.900000
v -0.307538 -2.561115 -18.900000
v -0.140673 -2.343653 -18.900000
v -0.035778 -2.090413 -18.900000
v -1.050000 -1.818653 -23.100000
v -1.050000 -1.818653 -18.900000

g SolarisCruiserV2
s 1
f 1 25 26
f 1 26 2
f 2 26 27
f 2 27 3
f 3 27 28
f 3 28 4
f 4 28 29
f 4 29 5
f 5 29 30
f 5 30 6
f 6 30 31
f 6 31 7
f 7 31 32
f 7 32 8
f 8 32 33
f 8 33 9
f 9 33 34
f 9 34 10
f 10 34 35
f 10 35 11
f 11 35 36
f 11 36 12
f 12 36 37
f 12 37 13
f 13 37 38
f 13 38 14
f 14 38 39
f 14 39 15
f 15 39 40
f 15 40 16
f 16 40 41
f 16 41 17
f 17 41 42
f 17 42 18
f 18 42 43
f 18 43 19
f 19 43 44
f 19 44 20
f 20 44 45
f 20 45 21
f 21 45 46
f 21 46 22
f 22 46 47
f 22 47 23
f 23 47 48
f 23 48 24
f 24 48 25
f 24 25 1
f 25 49 50
f 25 50 26
f 26 50 51
f 26 51 27
f 27 51 52
f 27 52 28
f 28 52 53
f 28 53 29
f 29 53 54
f 29 54 30
f 30 54 55
f 30 55 31
f 31 55 56
f 31 56 32
f 32 56 57
f 32 57 33
f 33 57 58
f 33 58 34
f 34 58 59
f 34 59 35
f 35 59 60
f 35 60 36
f 36 60 61
f 36 61 37
f 37 61 62
f 37 62 38
f 38 62 63
f 38 63 39
f 39 63 64
f 39 64 40
f 40 64 65
f 40 65 41
f 41 65 66
f 41 66 42
f 42 66 67
f 42 67 43
f 43 67 68
f 43 68 44
f 44 68 69
f 44 69 45
f 45 69 70
f 45 70 46
f 46 70 71
f 46 71 47
f 47 71 72
f 47 72 48
f 48 72 49
f 48 49 25
f 49 73 74
f 49 74 50
f 50 74 75
f 50 75 51
f 51 75 76
f 51 76 52
f 52 76 77
f 52 77 53
f 53 77 78
f 53 78 54
f 54 78 79
f 54 79 55
f 55 79 80
f 55 80 56
f 56 80 81
f 56 81 57
f 57 81 82
f 57 82 58
f 58 82 83
f 58 83 59
f 59 83 84
f 59 84 60
f 60 84 85
f 60 85 61
f 61 85 86
f 61 86 62
f 62 86 87
f 62 87 63
f 63 87 88
f 63 88 64
f 64 88 89
f 64 89 65
f 65 89 90
f 65 90 66
f 66 90 91
f 66 91 67
f 67 91 92
f 67 92 68
f 68 92 93
f 68 93 69
f 69 93 94
f 69 94 70
f 70 94 95
f 70 95 71
f 71 95 96
f 71 96 72
f 72 96 73
f 72 73 49
f 73 97 98
f 73 98 74
f 74 98 99
f 74 99 75
f 75 99 100
f 75 100 76
f 76 100 101
f 76 101 77
f 77 101 102
f 77 102 78
f 78 102 103
f 78 103 79
f 79 103 104
f 79 104 80
f 80 104 105
f 80 105 81
f 81 105 106
f 81 106 82
f 82 106 107
f 82 107 83
f 83 107 108
f 83 108 84
f 84 108 109
f 84 109 85
f 85 109 110
f 85 110 86
f 86 110 111
f 86 111 87
f 87 111 112
f 87 112 88
f 88 112 113
f 88 113 89
f 89 113 114
f 89 114 90
f 90 114 115
f 90 115 91
f 91 115 116
f 91 116 92
f 92 116 117
f 92 117 93
f 93 117 118
f 93 118 94
f 94 118 119
f 94 119 95
f 95 119 120
f 95 120 96
f 96 120 97
f 96 97 73
f 97 121 122
f 97 122 98
f 98 122 123
f 98 123 99
f 99 123 124
f 99 124 100
f 100 124 125
f 100 125 101
f 101 125 126
f 101 126 102
f 102 126 127
f 102 127 103
f 103 127 128
f 103 128 104
f 104 128 129
f 104 129 105
f 105 129 130
f 105 130 106
f 106 130 131
f 106 131 107
f 107 131 132
f 107 132 108
f 108 132 133
f 108 133 109
f 109 133 134
f 109 134 110
f 110 134 135
f 110 135 111
f 111 135 136
f 111 136 112
f 112 136 137
f 112 137 113
f 113 137 138
f 113 138 114
f 114 138 139
f 114 139 115
f 115 139 140
f 115 140 116
f 116 140 141
f 116 141 117
f 117 141 142
f 117 142 118
f 118 142 143
f 118 143 119
f 119 143 144
f 119 144 120
f 120 144 121
f 120 121 97
f 121 145 146
f 121 146 122
f 122 146 147
f 122 147 123
f 123 147 148
f 123 148 124
f 124 148 149
f 124 149 125
f 125 149 150
f 125 150 126
f 126 150 151
f 126 151 127
f 127 151 152
f 127 152 128
f 128 152 153
f 128 153 129
f 129 153 154
f 129 154 130
f 130 154 155
f 130 155 131
f 131 155 156
f 131 156 132
f 132 156 157
f 132 157 133
f 133 157 158
f 133 158 134
f 134 158 159
f 134 159 135
f 135 159 160
f 135 160 136
f 136 160 161
f 136 161 137
f 137 161 162
f 137 162 138
f 138 162 163
f 138 163 139
f 139 163 164
f 139 164 140
f 140 164 165
f 140 165 141
f 141 165 166
f 141 166 142
f 142 166 167
f 142 167 143
f 143 167 168
f 143 168 144
f 144 168 145
f 144 145 121
f 145 169 170
f 145 170 146
f 146 170 171
f 146 171 147
f 147 171 172
f 147 172 148
f 148 172 173
f 148 173 149
f 149 173 174
f 149 174 150
f 150 174 175
f 150 175 151
f 151 175 176
f 151 176 152
f 152 176 177
f 152 177 153
f 153 177 178
f 153 178 154
f 154 178 179
f 154 179 155
f 155 179 180
f 155 180 156
f 156 180 181
f 156 181 157
f 157 181 182
f 157 182 158
f 158 182 183
f 158 183 159
f 159 183 184
f 159 184 160
f 160 184 185
f 160 185 161
f 161 185 186
f 161 186 162
f 162 186 187
f 162 187 163
f 163 187 188
f 163 188 164
f 164 188 189
f 164 189 165
f 165 189 190
f 165 190 166
f 166 190 191
f 166 191 167
f 167 191 192
f 167 192 168
f 168 192 169
f 168 169 145
f 169 193 194
f 169 194 170
f 170 194 195
f 170 195 171
f 171 195 196
f 171 196 172
f 172 196 197
f 172 197 173
f 173 197 198
f 173 198 174
f 174 198 199
f 174 199 175
f 175 199 200
f 175 200 176
f 176 200 201
f 176 201 177
f 177 201 202
f 177 202 178
f 178 202 203
f 178 203 179
f 179 203 204
f 179 204 180
f 180 204 205
f 180 205 181
f 181 205 206
f 181 206 182
f 182 206 207
f 182 207 183
f 183 207 208
f 183 208 184
f 184 208 209
f 184 209 185
f 185 209 210
f 185 210 186
f 186 210 211
f 186 211 187
f 187 211 212
f 187 212 188
f 188 212 213
f 188 213 189
f 189 213 214
f 189 214 190
f 190 214 215
f 190 215 191
f 191 215 216
f 191 216 192
f 192 216 193
f 192 193 169
f 193 217 218
f 193 218 194
f 194 218 219
f 194 219 195
f 195 219 220
f 195 220 196
f 196 220 221
f 196 221 197
f 197 221 222
f 197 222 198
f 198 222 223
f 198 223 199
f 199 223 224
f 199 224 200
f 200 224 225
f 200 225 201
f 201 225 226
f 201 226 202
f 202 226 227
f 202 227 203
f 203 227 228
f 203 228 204
f 204 228 229
f 204 229 205
f 205 229 230
f 205 230 206
f 206 230 231
f 206 231 207
f 207 231 232
f 207 232 208
f 208 232 233
f 208 233 209
f 209 233 234
f 209 234 210
f 210 234 235
f 210 235 211
f 211 235 236
f 211 236 212
f 212 236 237
f 212 237 213
f 213 237 238
f 213 238 214
f 214 238 239
f 214 239 215
f 215 239 240
f 215 240 216
f 216 240 217
f 216 217 193
f 217 241 242
f 217 242 218
f 218 242 243
f 218 243 219
f 219 243 244
f 219 244 220
f 220 244 245
f 220 245 221
f 221 245 246
f 221 246 222
f 222 246 247
f 222 247 223
f 223 247 248
f 223 248 224
f 224 248 249
f 224 249 225
f 225 249 250
f 225 250 226
f 226 250 251
f 226 251 227
f 227 251 252
f 227 252 228
f 228 252 253
f 228 253 229
f 229 253 254
f 229 254 230
f 230 254 255
f 230 255 231
f 231 255 256
f 231 256 232
f 232 256 257
f 232 257 233
f 233 257 258
f 233 258 234
f 234 258 259
f 234 259 235
f 235 259 260
f 235 260 236
f 236 260 261
f 236 261 237
f 237 261 262
f 237 262 238
f 238 262 263
f 238 263 239
f 239 263 264
f 239 264 240
f 240 264 241
f 240 241 217
f 241 265 266
f 241 266 242
f 242 266 267
f 242 267 243
f 243 267 268
f 243 268 244
f 244 268 269
f 244 269 245
f 245 269 270
f 245 270 246
f 246 270 271
f 246 271 247
f 247 271 272
f 247 272 248
f 248 272 273
f 248 273 249
f 249 273 274
f 249 274 250
f 250 274 275
f 250 275 251
f 251 275 276
f 251 276 252
f 252 276 277
f 252 277 253
f 253 277 278
f 253 278 254
f 254 278 279
f 254 279 255
f 255 279 280
f 255 280 256
f 256 280 281
f 256 281 257
f 257 281 282
f 257 282 258
f 258 282 283
f 258 283 259
f 259 283 284
f 259 284 260
f 260 284 285
f 260 285 261
f 261 285 286
f 261 286 262
f 262 286 287
f 262 287 263
f 263 287 288
f 263 288 264
f 264 288 265
f 264 265 241
f 265 289 290
f 265 290 266
f 266 290 291
f 266 291 267
f 267 291 292
f 267 292 268
f 268 292 293
f 268 293 269
f 269 293 294
f 269 294 270
f 270 294 295
f 270 295 271
f 271 295 296
f 271 296 272
f 272 296 297
f 272 297 273
f 273 297 298
f 273 298 274
f 274 298 299
f 274 299 275
f 275 299 300
f 275 300 276
f 276 300 301
f 276 301 277
f 277 301 302
f 277 302 278
f 278 302 303
f 278 303 279
f 279 303 304
f 279 304 280
f 280 304 305
f 280 305 281
f 281 305 306
f 281 306 282
f 282 306 307
f 282 307 283
f 283 307 308
f 283 308 284
f 284 308 309
f 284 309 285
f 285 309 310
f 285 310 286
f 286 310 311
f 286 311 287
f 287 311 312
f 287 312 288
f 288 312 289
f 288 289 265
f 313 2 1
f 314 289 290
f 313 3 2
f 314 290 291
f 313 4 3
f 314 291 292
f 313 5 4
f 314 292 293
f 313 6 5
f 314 293 294
f 313 7 6
f 314 294 295
f 313 8 7
f 314 295 296
f 313 9 8
f 314 296 297
f 313 10 9
f 314 297 298
f 313 11 10
f 314 298 299
f 313 12 11
f 314 299 300
f 313 13 12
f 314 300 301
f 313 14 13
f 314 301 302
f 313 15 14
f 314 302 303
f 313 16 15
f 314 303 304
f 313 17 16
f 314 304 305
f 313 18 17
f 314 305 306
f 313 19 18
f 314 306 307
f 313 20 19
f 314 307 308
f 313 21 20
f 314 308 309
f 313 22 21
f 314 309 310
f 313 23 22
f 314 310 311
f 313 24 23
f 314 311 312
f 313 1 24
f 314 312 289
f 315 327 328
f 315 328 316
f 316 328 329
f 316 329 317
f 317 329 330
f 317 330 318
f 318 330 331
f 318 331 319
f 319 331 332
f 319 332 320
f 320 332 333
f 320 333 321
f 321 333 334
f 321 334 322
f 322 334 335
f 322 335 323
f 323 335 336
f 323 336 324
f 324 336 337
f 324 337 325
f 325 337 338
f 325 338 326
f 326 338 327
f 326 327 315
f 327 339 340
f 327 340 328
f 328 340 341
f 328 341 329
f 329 341 342
f 329 342 330
f 330 342 343
f 330 343 331
f 331 343 344
f 331 344 332
f 332 344 345
f 332 345 333
f 333 345 346
f 333 346 334
f 334 346 347
f 334 347 335
f 335 347 348
f 335 348 336
f 336 348 349
f 336 349 337
f 337 349 350
f 337 350 338
f 338 350 339
f 338 339 327
f 339 351 352
f 339 352 340
f 340 352 353
f 340 353 341
f 341 353 354
f 341 354 342
f 342 354 355
f 342 355 343
f 343 355 356
f 343 356 344
f 344 356 357
f 344 357 345
f 345 357 358
f 345 358 346
f 346 358 359
f 346 359 347
f 347 359 360
f 347 360 348
f 348 360 361
f 348 361 349
f 349 361 362
f 349 362 350
f 350 362 351
f 350 351 339
f 351 363 364
f 351 364 352
f 352 364 365
f 352 365 353
f 353 365 366
f 353 366 354
f 354 366 367
f 354 367 355
f 355 367 368
f 355 368 356
f 356 368 369
f 356 369 357
f 357 369 370
f 357 370 358
f 358 370 371
f 358 371 359
f 359 371 372
f 359 372 360
f 360 372 373
f 360 373 361
f 361 373 374
f 361 374 362
f 362 374 363
f 362 363 351
f 363 375 376
f 363 376 364
f 364 376 377
f 364 377 365
f 365 377 378
f 365 378 366
f 366 378 379
f 366 379 367
f 367 379 380
f 367 380 368
f 368 380 381
f 368 381 369
f 369 381 382
f 369 382 370
f 370 382 383
f 370 383 371
f 371 383 384
f 371 384 372
f 372 384 385
f 372 385 373
f 373 385 386
f 373 386 374
f 374 386 375
f 374 375 363
f 375 387 388
f 375 388 376
f 376 388 389
f 376 389 377
f 377 389 390
f 377 390 378
f 378 390 391
f 378 391 379
f 379 391 392
f 379 392 380
f 380 392 393
f 380 393 381
f 381 393 394
f 381 394 382
f 382 394 395
f 382 395 383
f 383 395 396
f 383 396 384
f 384 396 397
f 384 397 385
f 385 397 398
f 385 398 386
f 386 398 387
f 386 387 375
f 387 399 400
f 387 400 388
f 388 400 401
f 388 401 389
f 389 401 402
f 389 402 390
f 390 402 403
f 390 403 391
f 391 403 404
f 391 404 392
f 392 404 405
f 392 405 393
f 393 405 406
f 393 406 394
f 394 406 407
f 394 407 395
f 395 407 408
f 395 408 396
f 396 408 409
f 396 409 397
f 397 409 410
f 397 410 398
f 398 410 399
f 398 399 387
f 399 411 412
f 399 412 400
f 400 412 413
f 400 413 401
f 401 413 414
f 401 414 402
f 402 414 415
f 402 415 403
f 403 415 416
f 403 416 404
f 404 416 417
f 404 417 405
f 405 417 418
f 405 418 406
f 406 418 419
f 406 419 407
f 407 419 420
f 407 420 408
f 408 420 421
f 408 421 409
f 409 421 422
f 409 422 410
f 410 422 411
f 410 411 399
f 411 423 424
f 411 424 412
f 412 424 425
f 412 425 413
f 413 425 426
f 413 426 414
f 414 426 427
f 414 427 415
f 415 427 428
f 415 428 416
f 416 428 429
f 416 429 417
f 417 429 430
f 417 430 418
f 418 430 431
f 418 431 419
f 419 431 432
f 419 432 420
f 420 432 433
f 420 433 421
f 421 433 434
f 421 434 422
f 422 434 423
f 422 423 411
f 423 435 436
f 423 436 424
f 424 436 437
f 424 437 425
f 425 437 438
f 425 438 426
f 426 438 439
f 426 439 427
f 427 439 440
f 427 440 428
f 428 440 441
f 428 441 429
f 429 441 442
f 429 442 430
f 430 442 443
f 430 443 431
f 431 443 444
f 431 444 432
f 432 444 445
f 432 445 433
f 433 445 446
f 433 446 434
f 434 446 435
f 434 435 423
f 435 447 448
f 435 448 436
f 436 448 449
f 436 449 437
f 437 449 450
f 437 450 438
f 438 450 451
f 438 451 439
f 439 451 452
f 439 452 440
f 440 452 453
f 440 453 441
f 441 453 454
f 441 454 442
f 442 454 455
f 442 455 443
f 443 455 456
f 443 456 444
f 444 456 457
f 444 457 445
f 445 457 458
f 445 458 446
f 446 458 447
f 446 447 435
f 447 459 460
f 447 460 448
f 448 460 461
f 448 461 449
f 449 461 462
f 449 462 450
f 450 462 463
f 450 463 451
f 451 463 464
f 451 464 452
f 452 464 465
f 452 465 453
f 453 465 466
f 453 466 454
f 454 466 467
f 454 467 455
f 455 467 468
f 455 468 456
f 456 468 469
f 456 469 457
f 457 469 470
f 457 470 458
f 458 470 459
f 458 459 447
f 459 471 472
f 459 472 460
f 460 472 473
f 460 473 461
f 461 473 474
f 461 474 462
f 462 474 475
f 462 475 463
f 463 475 476
f 463 476 464
f 464 476 477
f 464 477 465
f 465 477 478
f 465 478 466
f 466 478 479
f 466 479 467
f 467 479 480
f 467 480 468
f 468 480 481
f 468 481 469
f 469 481 482
f 469 482 470
f 470 482 471
f 470 471 459
f 471 483 484
f 471 484 472
f 472 484 485
f 472 485 473
f 473 485 486
f 473 486 474
f 474 486 487
f 474 487 475
f 475 487 488
f 475 488 476
f 476 488 489
f 476 489 477
f 477 489 490
f 477 490 478
f 478 490 491
f 478 491 479
f 479 491 492
f 479 492 480
f 480 492 493
f 480 493 481
f 481 493 494
f 481 494 482
f 482 494 483
f 482 483 471
f 483 495 496
f 483 496 484
f 484 496 497
f 484 497 485
f 485 497 498
f 485 498 486
f 486 498 499
f 486 499 487
f 487 499 500
f 487 500 488
f 488 500 501
f 488 501 489
f 489 501 502
f 489 502 490
f 490 502 503
f 490 503 491
f 491 503 504
f 491 504 492
f 492 504 505
f 492 505 493
f 493 505 506
f 493 506 494
f 494 506 495
f 494 495 483
f 495 315 316
f 495 316 496
f 496 316 317
f 496 317 497
f 497 317 318
f 497 318 498
f 498 318 319
f 498 319 499
f 499 319 320
f 499 320 500
f 500 320 321
f 500 321 501
f 501 321 322
f 501 322 502
f 502 322 323
f 502 323 503
f 503 323 324
f 503 324 504
f 504 324 325
f 504 325 505
f 505 325 326
f 505 326 506
f 506 326 315
f 506 315 495
f 507 519 520
f 507 520 508
f 508 520 521
f 508 521 509
f 509 521 522
f 509 522 510
f 510 522 523
f 510 523 511
f 511 523 524
f 511 524 512
f 512 524 525
f 512 525 513
f 513 525 526
f 513 526 514
f 514 526 527
f 514 527 515
f 515 527 528
f 515 528 516
f 516 528 529
f 516 529 517
f 517 529 530
f 517 530 518
f 518 530 519
f 518 519 507
f 519 531 532
f 519 532 520
f 520 532 533
f 520 533 521
f 521 533 534
f 521 534 522
f 522 534 535
f 522 535 523
f 523 535 536
f 523 536 524
f 524 536 537
f 524 537 525
f 525 537 538
f 525 538 526
f 526 538 539
f 526 539 527
f 527 539 540
f 527 540 528
f 528 540 541
f 528 541 529
f 529 541 542
f 529 542 530
f 530 542 531
f 530 531 519
f 531 543 544
f 531 544 532
f 532 544 545
f 532 545 533
f 533 545 546
f 533 546 534
f 534 546 547
f 534 547 535
f 535 547 548
f 535 548 536
f 536 548 549
f 536 549 537
f 537 549 550
f 537 550 538
f 538 550 551
f 538 551 539
f 539 551 552
f 539 552 540
f 540 552 553
f 540 553 541
f 541 553 554
f 541 554 542
f 542 554 543
f 542 543 531
f 543 555 556
f 543 556 544
f 544 556 557
f 544 557 545
f 545 557 558
f 545 558 546
f 546 558 559
f 546 559 547
f 547 559 560
f 547 560 548
f 548 560 561
f 548 561 549
f 549 561 562
f 549 562 550
f 550 562 563
f 550 563 551
f 551 563 564
f 551 564 552
f 552 564 565
f 552 565 553
f 553 565 566
f 553 566 554
f 554 566 555
f 554 555 543
f 555 567 568
f 555 568 556
f 556 568 569
f 556 569 557
f 557 569 570
f 557 570 558
f 558 570 571
f 558 571 559
f 559 571 572
f 559 572 560
f 560 572 573
f 560 573 561
f 561 573 574
f 561 574 562
f 562 574 575
f 562 575 563
f 563 575 576
f 563 576 564
f 564 576 577
f 564 577 565
f 565 577 578
f 565 578 566
f 566 578 567
f 566 567 555
f 567 579 580
f 567 580 568
f 568 580 581
f 568 581 569
f 569 581 582
f 569 582 570
f 570 582 583
f 570 583 571
f 571 583 584
f 571 584 572
f 572 584 585
f 572 585 573
f 573 585 586
f 573 586 574
f 574 586 587
f 574 587 575
f 575 587 588
f 575 588 576
f 576 588 589
f 576 589 577
f 577 589 590
f 577 590 578
f 578 590 579
f 578 579 567
f 579 591 592
f 579 592 580
f 580 592 593
f 580 593 581
f 581 593 594
f 581 594 582
f 582 594 595
f 582 595 583
f 583 595 596
f 583 596 584
f 584 596 597
f 584 597 585
f 585 597 598
f 585 598 586
f 586 598 599
f 586 599 587
f 587 599 600
f 587 600 588
f 588 600 601
f 588 601 589
f 589 601 602
f 589 602 590
f 590 602 591
f 590 591 579
f 591 603 604
f 591 604 592
f 592 604 605
f 592 605 593
f 593 605 606
f 593 606 594
f 594 606 607
f 594 607 595
f 595 607 608
f 595 608 596
f 596 608 609
f 596 609 597
f 597 609 610
f 597 610 598
f 598 610 611
f 598 611 599
f 599 611 612
f 599 612 600
f 600 612 613
f 600 613 601
f 601 613 614
f 601 614 602
f 602 614 603
f 602 603 591
f 603 615 616
f 603 616 604
f 604 616 617
f 604 617 605
f 605 617 618
f 605 618 606
f 606 618 619
f 606 619 607
f 607 619 620
f 607 620 608
f 608 620 621
f 608 621 609
f 609 621 622
f 609 622 610
f 610 622 623
f 610 623 611
f 611 623 624
f 611 624 612
f 612 624 625
f 612 625 613
f 613 625 626
f 613 626 614
f 614 626 615
f 614 615 603
f 615 627 628
f 615 628 616
f 616 628 629
f 616 629 617
f 617 629 630
f 617 630 618
f 618 630 631
f 618 631 619
f 619 631 632
f 619 632 620
f 620 632 633
f 620 633 621
f 621 633 634
f 621 634 622
f 622 634 635
f 622 635 623
f 623 635 636
f 623 636 624
f 624 636 637
f 624 637 625
f 625 637 638
f 625 638 626
f 626 638 627
f 626 627 615
f 627 639 640
f 627 640 628
f 628 640 641
f 628 641 629
f 629 641 642
f 629 642 630
f 630 642 643
f 630 643 631
f 631 643 644
f 631 644 632
f 632 644 645
f 632 645 633
f 633 645 646
f 633 646 634
f 634 646 647
f 634 647 635
f 635 647 648
f 635 648 636
f 636 648 649
f 636 649 637
f 637 649 650
f 637 650 638
f 638 650 639
f 638 639 627
f 639 651 652
f 639 652 640
f 640 652 653
f 640 653 641
f 641 653 654
f 641 654 642
f 642 654 655
f 642 655 643
f 643 655 656
f 643 656 644
f 644 656 657
f 644 657 645
f 645 657 658
f 645 658 646
f 646 658 659
f 646 659 647
f 647 659 660
f 647 660 648
f 648 660 661
f 648 661 649
f 649 661 662
f 649 662 650
f 650 662 651
f 650 651 639
f 651 663 664
f 651 664 652
f 652 664 665
f 652 665 653
f 653 665 666
f 653 666 654
f 654 666 667
f 654 667 655
f 655 667 668
f 655 668 656
f 656 668 669
f 656 669 657
f 657 669 670
f 657 670 658
f 658 670 671
f 658 671 659
f 659 671 672
f 659 672 660
f 660 672 673
f 660 673 661
f 661 673 674
f 661 674 662
f 662 674 663
f 662 663 651
f 663 675 676
f 663 676 664
f 664 676 677
f 664 677 665
f 665 677 678
f 665 678 666
f 666 678 679
f 666 679 667
f 667 679 680
f 667 680 668
f 668 680 681
f 668 681 669
f 669 681 682
f 669 682 670
f 670 682 683
f 670 683 671
f 671 683 684
f 671 684 672
f 672 684 685
f 672 685 673
f 673 685 686
f 673 686 674
f 674 686 675
f 674 675 663
f 675 687 688
f 675 688 676
f 676 688 689
f 676 689 677
f 677 689 690
f 677 690 678
f 678 690 691
f 678 691 679
f 679 691 692
f 679 692 680
f 680 692 693
f 680 693 681
f 681 693 694
f 681 694 682
f 682 694 695
f 682 695 683
f 683 695 696
f 683 696 684
f 684 696 697
f 684 697 685
f 685 697 698
f 685 698 686
f 686 698 687
f 686 687 675
f 687 507 508
f 687 508 688
f 688 508 509
f 688 509 689
f 689 509 510
f 689 510 690
f 690 510 511
f 690 511 691
f 691 511 512
f 691 512 692
f 692 512 513
f 692 513 693
f 693 513 514
f 693 514 694
f 694 514 515
f 694 515 695
f 695 515 516
f 695 516 696
f 696 516 517
f 696 517 697
f 697 517 518
f 697 518 698
f 698 518 507
f 698 507 687
f 699 711 712
f 699 712 700
f 700 712 713
f 700 713 701
f 701 713 714
f 701 714 702
f 702 714 715
f 702 715 703
f 703 715 716
f 703 716 704
f 704 716 717
f 704 717 705
f 705 717 718
f 705 718 706
f 706 718 719
f 706 719 707
f 707 719 720
f 707 720 708
f 708 720 721
f 708 721 709
f 709 721 722
f 709 722 710
f 710 722 711
f 710 711 699
f 711 723 724
f 711 724 712
f 712 724 725
f 712 725 713
f 713 725 726
f 713 726 714
f 714 726 727
f 714 727 715
f 715 727 728
f 715 728 716
f 716 728 729
f 716 729 717
f 717 729 730
f 717 730 718
f 718 730 731
f 718 731 719
f 719 731 732
f 719 732 720
f 720 732 733
f 720 733 721
f 721 733 734
f 721 734 722
f 722 734 723
f 722 723 711
f 723 735 736
f 723 736 724
f 724 736 737
f 724 737 725
f 725 737 738
f 725 738 726
f 726 738 739
f 726 739 727
f 727 739 740
f 727 740 728
f 728 740 741
f 728 741 729
f 729 741 742
f 729 742 730
f 730 742 743
f 730 743 731
f 731 743 744
f 731 744 732
f 732 744 745
f 732 745 733
f 733 745 746
f 733 746 734
f 734 746 735
f 734 735 723
f 735 747 748
f 735 748 736
f 736 748 749
f 736 749 737
f 737 749 750
f 737 750 738
f 738 750 751
f 738 751 739
f 739 751 752
f 739 752 740
f 740 752 753
f 740 753 741
f 741 753 754
f 741 754 742
f 742 754 755
f 742 755 743
f 743 755 756
f 743 756 744
f 744 756 757
f 744 757 745
f 745 757 758
f 745 758 746
f 746 758 747
f 746 747 735
f 747 759 760
f 747 760 748
f 748 760 761
f 748 761 749
f 749 761 762
f 749 762 750
f 750 762 763
f 750 763 751
f 751 763 764
f 751 764 752
f 752 764 765
f 752 765 753
f 753 765 766
f 753 766 754
f 754 766 767
f 754 767 755
f 755 767 768
f 755 768 756
f 756 768 769
f 756 769 757
f 757 769 770
f 757 770 758
f 758 770 759
f 758 759 747
f 759 771 772
f 759 772 760
f 760 772 773
f 760 773 761
f 761 773 774
f 761 774 762
f 762 774 775
f 762 775 763
f 763 775 776
f 763 776 764
f 764 776 777
f 764 777 765
f 765 777 778
f 765 778 766
f 766 778 779
f 766 779 767
f 767 779 780
f 767 780 768
f 768 780 781
f 768 781 769
f 769 781 782
f 769 782 770
f 770 782 771
f 770 771 759
f 771 783 784
f 771 784 772
f 772 784 785
f 772 785 773
f 773 785 786
f 773 786 774
f 774 786 787
f 774 787 775
f 775 787 788
f 775 788 776
f 776 788 789
f 776 789 777
f 777 789 790
f 777 790 778
f 778 790 791
f 778 791 779
f 779 791 792
f 779 792 780
f 780 792 793
f 780 793 781
f 781 793 794
f 781 794 782
f 782 794 783
f 782 783 771
f 783 795 796
f 783 796 784
f 784 796 797
f 784 797 785
f 785 797 798
f 785 798 786
f 786 798 799
f 786 799 787
f 787 799 800
f 787 800 788
f 788 800 801
f 788 801 789
f 789 801 802
f 789 802 790
f 790 802 803
f 790 803 791
f 791 803 804
f 791 804 792
f 792 804 805
f 792 805 793
f 793 805 806
f 793 806 794
f 794 806 795
f 794 795 783
f 795 807 808
f 795 808 796
f 796 808 809
f 796 809 797
f 797 809 810
f 797 810 798
f 798 810 811
f 798 811 799
f 799 811 812
f 799 812 800
f 800 812 813
f 800 813 801
f 801 813 814
f 801 814 802
f 802 814 815
f 802 815 803
f 803 815 816
f 803 816 804
f 804 816 817
f 804 817 805
f 805 817 818
f 805 818 806
f 806 818 807
f 806 807 795
f 807 819 820
f 807 820 808
f 808 820 821
f 808 821 809
f 809 821 822
f 809 822 810
f 810 822 823
f 810 823 811
f 811 823 824
f 811 824 812
f 812 824 825
f 812 825 813
f 813 825 826
f 813 826 814
f 814 826 827
f 814 827 815
f 815 827 828
f 815 828 816
f 816 828 829
f 816 829 817
f 817 829 830
f 817 830 818
f 818 830 819
f 818 819 807
f 819 831 832
f 819 832 820
f 820 832 833
f 820 833 821
f 821 833 834
f 821 834 822
f 822 834 835
f 822 835 823
f 823 835 836
f 823 836 824
f 824 836 837
f 824 837 825
f 825 837 838
f 825 838 826
f 826 838 839
f 826 839 827
f 827 839 840
f 827 840 828
f 828 840 841
f 828 841 829
f 829 841 842
f 829 842 830
f 830 842 831
f 830 831 819
f 831 843 844
f 831 844 832
f 832 844 845
f 832 845 833
f 833 845 846
f 833 846 834
f 834 846 847
f 834 847 835
f 835 847 848
f 835 848 836
f 836 848 849
f 836 849 837
f 837 849 850
f 837 850 838
f 838 850 851
f 838 851 839
f 839 851 852
f 839 852 840
f 840 852 853
f 840 853 841
f 841 853 854
f 841 854 842
f 842 854 843
f 842 843 831
f 843 855 856
f 843 856 844
f 844 856 857
f 844 857 845
f 845 857 858
f 845 858 846
f 846 858 859
f 846 859 847
f 847 859 860
f 847 860 848
f 848 860 861
f 848 861 849
f 849 861 862
f 849 862 850
f 850 862 863
f 850 863 851
f 851 863 864
f 851 864 852
f 852 864 865
f 852 865 853
f 853 865 866
f 853 866 854
f 854 866 855
f 854 855 843
f 855 867 868
f 855 868 856
f 856 868 869
f 856 869 857
f 857 869 870
f 857 870 858
f 858 870 871
f 858 871 859
f 859 871 872
f 859 872 860
f 860 872 873
f 860 873 861
f 861 873 874
f 861 874 862
f 862 874 875
f 862 875 863
f 863 875 876
f 863 876 864
f 864 876 877
f 864 877 865
f 865 877 878
f 865 878 866
f 866 878 867
f 866 867 855
f 867 879 880
f 867 880 868
f 868 880 881
f 868 881 869
f 869 881 882
f 869 882 870
f 870 882 883
f 870 883 871
f 871 883 884
f 871 884 872
f 872 884 885
f 872 885 873
f 873 885 886
f 873 886 874
f 874 886 887
f 874 887 875
f 875 887 888
f 875 888 876
f 876 888 889
f 876 889 877
f 877 889 890
f 877 890 878
f 878 890 879
f 878 879 867
f 879 699 700
f 879 700 880
f 880 700 701
f 880 701 881
f 881 701 702
f 881 702 882
f 882 702 703
f 882 703 883
f 883 703 704
f 883 704 884
f 884 704 705
f 884 705 885
f 885 705 706
f 885 706 886
f 886 706 707
f 886 707 887
f 887 707 708
f 887 708 888
f 888 708 709
f 888 709 889
f 889 709 710
f 889 710 890
f 890 710 699
f 890 699 879
f 891 903 904
f 891 904 892
f 892 904 905
f 892 905 893
f 893 905 906
f 893 906 894
f 894 906 907
f 894 907 895
f 895 907 908
f 895 908 896
f 896 908 909
f 896 909 897
f 897 909 910
f 897 910 898
f 898 910 911
f 898 911 899
f 899 911 912
f 899 912 900
f 900 912 913
f 900 913 901
f 901 913 914
f 901 914 902
f 902 914 903
f 902 903 891
f 903 915 916
f 903 916 904
f 904 916 917
f 904 917 905
f 905 917 918
f 905 918 906
f 906 918 919
f 906 919 907
f 907 919 920
f 907 920 908
f 908 920 921
f 908 921 909
f 909 921 922
f 909 922 910
f 910 922 923
f 910 923 911
f 911 923 924
f 911 924 912
f 912 924 925
f 912 925 913
f 913 925 926
f 913 926 914
f 914 926 915
f 914 915 903
f 915 927 928
f 915 928 916
f 916 928 929
f 916 929 917
f 917 929 930
f 917 930 918
f 918 930 931
f 918 931 919
f 919 931 932
f 919 932 920
f 920 932 933
f 920 933 921
f 921 933 934
f 921 934 922
f 922 934 935
f 922 935 923
f 923 935 936
f 923 936 924
f 924 936 937
f 924 937 925
f 925 937 938
f 925 938 926
f 926 938 927
f 926 927 915
f 927 939 940
f 927 940 928
f 928 940 941
f 928 941 929
f 929 941 942
f 929 942 930
f 930 942 943
f 930 943 931
f 931 943 944
f 931 944 932
f 932 944 945
f 932 945 933
f 933 945 946
f 933 946 934
f 934 946 947
f 934 947 935
f 935 947 948
f 935 948 936
f 936 948 949
f 936 949 937
f 937 949 950
f 937 950 938
f 938 950 939
f 938 939 927
f 939 951 952
f 939 952 940
f 940 952 953
f 940 953 941
f 941 953 954
f 941 954 942
f 942 954 955
f 942 955 943
f 943 955 956
f 943 956 944
f 944 956 957
f 944 957 945
f 945 957 958
f 945 958 946
f 946 958 959
f 946 959 947
f 947 959 960
f 947 960 948
f 948 960 961
f 948 961 949
f 949 961 962
f 949 962 950
f 950 962 951
f 950 951 939
f 951 963 964
f 951 964 952
f 952 964 965
f 952 965 953
f 953 965 966
f 953 966 954
f 954 966 967
f 954 967 955
f 955 967 968
f 955 968 956
f 956 968 969
f 956 969 957
f 957 969 970
f 957 970 958
f 958 970 971
f 958 971 959
f 959 971 972
f 959 972 960
f 960 972 973
f 960 973 961
f 961 973 974
f 961 974 962
f 962 974 963
f 962 963 951
f 963 975 976
f 963 976 964
f 964 976 977
f 964 977 965
f 965 977 978
f 965 978 966
f 966 978 979
f 966 979 967
f 967 979 980
f 967 980 968
f 968 980 981
f 968 981 969
f 969 981 982
f 969 982 970
f 970 982 983
f 970 983 971
f 971 983 984
f 971 984 972
f 972 984 985
f 972 985 973
f 973 985 986
f 973 986 974
f 974 986 975
f 974 975 963
f 975 987 988
f 975 988 976
f 976 988 989
f 976 989 977
f 977 989 990
f 977 990 978
f 978 990 991
f 978 991 979
f 979 991 992
f 979 992 980
f 980 992 993
f 980 993 981
f 981 993 994
f 981 994 982
f 982 994 995
f 982 995 983
f 983 995 996
f 983 996 984
f 984 996 997
f 984 997 985
f 985 997 998
f 985 998 986
f 986 998 987
f 986 987 975
f 987 999 1000
f 987 1000 988
f 988 1000 1001
f 988 1001 989
f 989 1001 1002
f 989 1002 990
f 990 1002 1003
f 990 1003 991
f 991 1003 1004
f 991 1004 992
f 992 1004 1005
f 992 1005 993
f 993 1005 1006
f 993 1006 994
f 994 1006 1007
f 994 1007 995
f 995 1007 1008
f 995 1008 996
f 996 1008 1009
f 996 1009 997
f 997 1009 1010
f 997 1010 998
f 998 1010 999
f 998 999 987
f 999 1011 1012
f 999 1012 1000
f 1000 1012 1013
f 1000 1013 1001
f 1001 1013 1014
f 1001 1014 1002
f 1002 1014 1015
f 1002 1015 1003
f 1003 1015 1016
f 1003 1016 1004
f 1004 1016 1017
f 1004 1017 1005
f 1005 1017 1018
f 1005 1018 1006
f 1006 1018 1019
f 1006 1019 1007
f 1007 1019 1020
f 1007 1020 1008
f 1008 1020 1021
f 1008 1021 1009
f 1009 1021 1022
f 1009 1022 1010
f 1010 1022 1011
f 1010 1011 999
f 1011 1023 1024
f 1011 1024 1012
f 1012 1024 1025
f 1012 1025 1013
f 1013 1025 1026
f 1013 1026 1014
f 1014 1026 1027
f 1014 1027 1015
f 1015 1027 1028
f 1015 1028 1016
f 1016 1028 1029
f 1016 1029 1017
f 1017 1029 1030
f 1017 1030 1018
f 1018 1030 1031
f 1018 1031 1019
f 1019 1031 1032
f 1019 1032 1020
f 1020 1032 1033
f 1020 1033 1021
f 1021 1033 1034
f 1021 1034 1022
f 1022 1034 1023
f 1022 1023 1011
f 1023 1035 1036
f 1023 1036 1024
f 1024 1036 1037
f 1024 1037 1025
f 1025 1037 1038
f 1025 1038 1026
f 1026 1038 1039
f 1026 1039 1027
f 1027 1039 1040
f 1027 1040 1028
f 1028 1040 1041
f 1028 1041 1029
f 1029 1041 1042
f 1029 1042 1030
f 1030 1042 1043
f 1030 1043 1031
f 1031 1043 1044
f 1031 1044 1032
f 1032 1044 1045
f 1032 1045 1033
f 1033 1045 1046
f 1033 1046 1034
f 1034 1046 1035
f 1034 1035 1023
f 1035 1047 1048
f 1035 1048 1036
f 1036 1048 1049
f 1036 1049 1037
f 1037 1049 1050
f 1037 1050 1038
f 1038 1050 1051
f 1038 1051 1039
f 1039 1051 1052
f 1039 1052 1040
f 1040 1052 1053
f 1040 1053 1041
f 1041 1053 1054
f 1041 1054 1042
f 1042 1054 1055
f 1042 1055 1043
f 1043 1055 1056
f 1043 1056 1044
f 1044 1056 1057
f 1044 1057 1045
f 1045 1057 1058
f 1045 1058 1046
f 1046 1058 1047
f 1046 1047 1035
f 1047 1059 1060
f 1047 1060 1048
f 1048 1060 1061
f 1048 1061 1049
f 1049 1061 1062
f 1049 1062 1050
f 1050 1062 1063
f 1050 1063 1051
f 1051 1063 1064
f 1051 1064 1052
f 1052 1064 1065
f 1052 1065 1053
f 1053 1065 1066
f 1053 1066 1054
f 1054 1066 1067
f 1054 1067 1055
f 1055 1067 1068
f 1055 1068 1056
f 1056 1068 1069
f 1056 1069 1057
f 1057 1069 1070
f 1057 1070 1058
f 1058 1070 1059
f 1058 1059 1047
f 1059 1071 1072
f 1059 1072 1060
f 1060 1072 1073
f 1060 1073 1061
f 1061 1073 1074
f 1061 1074 1062
f 1062 1074 1075
f 1062 1075 1063
f 1063 1075 1076
f 1063 1076 1064
f 1064 1076 1077
f 1064 1077 1065
f 1065 1077 1078
f 1065 1078 1066
f 1066 1078 1079
f 1066 1079 1067
f 1067 1079 1080
f 1067 1080 1068
f 1068 1080 1081
f 1068 1081 1069
f 1069 1081 1082
f 1069 1082 1070
f 1070 1082 1071
f 1070 1071 1059
f 1071 891 892
f 1071 892 1072
f 1072 892 893
f 1072 893 1073
f 1073 893 894
f 1073 894 1074
f 1074 894 895
f 1074 895 1075
f 1075 895 896
f 1075 896 1076
f 1076 896 897
f 1076 897 1077
f 1077 897 898
f 1077 898 1078
f 1078 898 899
f 1078 899 1079
f 1079 899 900
f 1079 900 1080
f 1080 900 901
f 1080 901 1081
f 1081 901 902
f 1081 902 1082
f 1082 902 891
f 1082 891 1071
f 1083 1107 1108
f 1083 1108 1084
f 1084 1108 1109
f 1084 1109 1085
f 1085 1109 1110
f 1085 1110 1086
f 1086 1110 1111
f 1086 1111 1087
f 1087 1111 1112
f 1087 1112 1088
f 1088 1112 1113
f 1088 1113 1089
f 1089 1113 1114
f 1089 1114 1090
f 1090 1114 1115
f 1090 1115 1091
f 1091 1115 1116
f 1091 1116 1092
f 1092 1116 1117
f 1092 1117 1093
f 1093 1117 1118
f 1093 1118 1094
f 1094 1118 1119
f 1094 1119 1095
f 1095 1119 1120
f 1095 1120 1096
f 1096 1120 1121
f 1096 1121 1097
f 1097 1121 1122
f 1097 1122 1098
f 1098 1122 1123
f 1098 1123 1099
f 1099 1123 1124
f 1099 1124 1100
f 1100 1124 1125
f 1100 1125 1101
f 1101 1125 1126
f 1101 1126 1102
f 1102 1126 1127
f 1102 1127 1103
f 1103 1127 1128
f 1103 1128 1104
f 1104 1128 1129
f 1104 1129 1105
f 1105 1129 1130
f 1105 1130 1106
f 1106 1130 1107
f 1106 1107 1083
f 1107 1131 1132
f 1107 1132 1108
f 1108 1132 1133
f 1108 1133 1109
f 1109 1133 1134
f 1109 1134 1110
f 1110 1134 1135
f 1110 1135 1111
f 1111 1135 1136
f 1111 1136 1112
f 1112 1136 1137
f 1112 1137 1113
f 1113 1137 1138
f 1113 1138 1114
f 1114 1138 1139
f 1114 1139 1115
f 1115 1139 1140
f 1115 1140 1116
f 1116 1140 1141
f 1116 1141 1117
f 1117 1141 1142
f 1117 1142 1118
f 1118 1142 1143
f 1118 1143 1119
f 1119 1143 1144
f 1119 1144 1120
f 1120 1144 1145
f 1120 1145 1121
f 1121 1145 1146
f 1121 1146 1122
f 1122 1146 1147
f 1122 1147 1123
f 1123 1147 1148
f 1123 1148 1124
f 1124 1148 1149
f 1124 1149 1125
f 1125 1149 1150
f 1125 1150 1126
f 1126 1150 1151
f 1126 1151 1127
f 1127 1151 1152
f 1127 1152 1128
f 1128 1152 1153
f 1128 1153 1129
f 1129 1153 1154
f 1129 1154 1130
f 1130 1154 1131
f 1130 1131 1107
f 1131 1155 1156
f 1131 1156 1132
f 1132 1156 1157
f 1132 1157 1133
f 1133 1157 1158
f 1133 1158 1134
f 1134 1158 1159
f 1134 1159 1135
f 1135 1159 1160
f 1135 1160 1136
f 1136 1160 1161
f 1136 1161 1137
f 1137 1161 1162
f 1137 1162 1138
f 1138 1162 1163
f 1138 1163 1139
f 1139 1163 1164
f 1139 1164 1140
f 1140 1164 1165
f 1140 1165 1141
f 1141 1165 1166
f 1141 1166 1142
f 1142 1166 1167
f 1142 1167 1143
f 1143 1167 1168
f 1143 1168 1144
f 1144 1168 1169
f 1144 1169 1145
f 1145 1169 1170
f 1145 1170 1146
f 1146 1170 1171
f 1146 1171 1147
f 1147 1171 1172
f 1147 1172 1148
f 1148 1172 1173
f 1148 1173 1149
f 1149 1173 1174
f 1149 1174 1150
f 1150 1174 1175
f 1150 1175 1151
f 1151 1175 1176
f 1151 1176 1152
f 1152 1176 1177
f 1152 1177 1153
f 1153 1177 1178
f 1153 1178 1154
f 1154 1178 1155
f 1154 1155 1131
f 1155 1179 1180
f 1155 1180 1156
f 1156 1180 1181
f 1156 1181 1157
f 1157 1181 1182
f 1157 1182 1158
f 1158 1182 1183
f 1158 1183 1159
f 1159 1183 1184
f 1159 1184 1160
f 1160 1184 1185
f 1160 1185 1161
f 1161 1185 1186
f 1161 1186 1162
f 1162 1186 1187
f 1162 1187 1163
f 1163 1187 1188
f 1163 1188 1164
f 1164 1188 1189
f 1164 1189 1165
f 1165 1189 1190
f 1165 1190 1166
f 1166 1190 1191
f 1166 1191 1167
f 1167 1191 1192
f 1167 1192 1168
f 1168 1192 1193
f 1168 1193 1169
f 1169 1193 1194
f 1169 1194 1170
f 1170 1194 1195
f 1170 1195 1171
f 1171 1195 1196
f 1171 1196 1172
f 1172 1196 1197
f 1172 1197 1173
f 1173 1197 1198
f 1173 1198 1174
f 1174 1198 1199
f 1174 1199 1175
f 1175 1199 1200
f 1175 1200 1176
f 1176 1200 1201
f 1176 1201 1177
f 1177 1201 1202
f 1177 1202 1178
f 1178 1202 1179
f 1178 1179 1155
f 1179 1203 1204
f 1179 1204 1180
f 1180 1204 1205
f 1180 1205 1181
f 1181 1205 1206
f 1181 1206 1182
f 1182 1206 1207
f 1182 1207 1183
f 1183 1207 1208
f 1183 1208 1184
f 1184 1208 1209
f 1184 1209 1185
f 1185 1209 1210
f 1185 1210 1186
f 1186 1210 1211
f 1186 1211 1187
f 1187 1211 1212
f 1187 1212 1188
f 1188 1212 1213
f 1188 1213 1189
f 1189 1213 1214
f 1189 1214 1190
f 1190 1214 1215
f 1190 1215 1191
f 1191 1215 1216
f 1191 1216 1192
f 1192 1216 1217
f 1192 1217 1193
f 1193 1217 1218
f 1193 1218 1194
f 1194 1218 1219
f 1194 1219 1195
f 1195 1219 1220
f 1195 1220 1196
f 1196 1220 1221
f 1196 1221 1197
f 1197 1221 1222
f 1197 1222 1198
f 1198 1222 1223
f 1198 1223 1199
f 1199 1223 1224
f 1199 1224 1200
f 1200 1224 1225
f 1200 1225 1201
f 1201 1225 1226
f 1201 1226 1202
f 1202 1226 1203
f 1202 1203 1179
f 1203 1227 1228
f 1203 1228 1204
f 1204 1228 1229
f 1204 1229 1205
f 1205 1229 1230
f 1205 1230 1206
f 1206 1230 1231
f 1206 1231 1207
f 1207 1231 1232
f 1207 1232 1208
f 1208 1232 1233
f 1208 1233 1209
f 1209 1233 1234
f 1209 1234 1210
f 1210 1234 1235
f 1210 1235 1211
f 1211 1235 1236
f 1211 1236 1212
f 1212 1236 1237
f 1212 1237 1213
f 1213 1237 1238
f 1213 1238 1214
f 1214 1238 1239
f 1214 1239 1215
f 1215 1239 1240
f 1215 1240 1216
f 1216 1240 1241
f 1216 1241 1217
f 1217 1241 1242
f 1217 1242 1218
f 1218 1242 1243
f 1218 1243 1219
f 1219 1243 1244
f 1219 1244 1220
f 1220 1244 1245
f 1220 1245 1221
f 1221 1245 1246
f 1221 1246 1222
f 1222 1246 1247
f 1222 1247 1223
f 1223 1247 1248
f 1223 1248 1224
f 1224 1248 1249
f 1224 1249 1225
f 1225 1249 1250
f 1225 1250 1226
f 1226 1250 1227
f 1226 1227 1203
f 1227 1251 1252
f 1227 1252 1228
f 1228 1252 1253
f 1228 1253 1229
f 1229 1253 1254
f 1229 1254 1230
f 1230 1254 1255
f 1230 1255 1231
f 1231 1255 1256
f 1231 1256 1232
f 1232 1256 1257
f 1232 1257 1233
f 1233 1257 1258
f 1233 1258 1234
f 1234 1258 1259
f 1234 1259 1235
f 1235 1259 1260
f 1235 1260 1236
f 1236 1260 1261
f 1236 1261 1237
f 1237 1261 1262
f 1237 1262 1238
f 1238 1262 1263
f 1238 1263 1239
f 1239 1263 1264
f 1239 1264 1240
f 1240 1264 1265
f 1240 1265 1241
f 1241 1265 1266
f 1241 1266 1242
f 1242 1266 1267
f 1242 1267 1243
f 1243 1267 1268
f 1243 1268 1244
f 1244 1268 1269
f 1244 1269 1245
f 1245 1269 1270
f 1245 1270 1246
f 1246 1270 1271
f 1246 1271 1247
f 1247 1271 1272
f 1247 1272 1248
f 1248 1272 1273
f 1248 1273 1249
f 1249 1273 1274
f 1249 1274 1250
f 1250 1274 1251
f 1250 1251 1227
f 1251 1275 1276
f 1251 1276 1252
f 1252 1276 1277
f 1252 1277 1253
f 1253 1277 1278
f 1253 1278 1254
f 1254 1278 1279
f 1254 1279 1255
f 1255 1279 1280
f 1255 1280 1256
f 1256 1280 1281
f 1256 1281 1257
f 1257 1281 1282
f 1257 1282 1258
f 1258 1282 1283
f 1258 1283 1259
f 1259 1283 1284
f 1259 1284 1260
f 1260 1284 1285
f 1260 1285 1261
f 1261 1285 1286
f 1261 1286 1262
f 1262 1286 1287
f 1262 1287 1263
f 1263 1287 1288
f 1263 1288 1264
f 1264 1288 1289
f 1264 1289 1265
f 1265 1289 1290
f 1265 1290 1266
f 1266 1290 1291
f 1266 1291 1267
f 1267 1291 1292
f 1267 1292 1268
f 1268 1292 1293
f 1268 1293 1269
f 1269 1293 1294
f 1269 1294 1270
f 1270 1294 1295
f 1270 1295 1271
f 1271 1295 1296
f 1271 1296 1272
f 1272 1296 1297
f 1272 1297 1273
f 1273 1297 1298
f 1273 1298 1274
f 1274 1298 1275
f 1274 1275 1251
f 1275 1299 1300
f 1275 1300 1276
f 1276 1300 1301
f 1276 1301 1277
f 1277 1301 1302
f 1277 1302 1278
f 1278 1302 1303
f 1278 1303 1279
f 1279 1303 1304
f 1279 1304 1280
f 1280 1304 1305
f 1280 1305 1281
f 1281 1305 1306
f 1281 1306 1282
f 1282 1306 1307
f 1282 1307 1283
f 1283 1307 1308
f 1283 1308 1284
f 1284 1308 1309
f 1284 1309 1285
f 1285 1309 1310
f 1285 1310 1286
f 1286 1310 1311
f 1286 1311 1287
f 1287 1311 1312
f 1287 1312 1288
f 1288 1312 1313
f 1288 1313 1289
f 1289 1313 1314
f 1289 1314 1290
f 1290 1314 1315
f 1290 1315 1291
f 1291 1315 1316
f 1291 1316 1292
f 1292 1316 1317
f 1292 1317 1293
f 1293 1317 1318
f 1293 1318 1294
f 1294 1318 1319
f 1294 1319 1295
f 1295 1319 1320
f 1295 1320 1296
f 1296 1320 1321
f 1296 1321 1297
f 1297 1321 1322
f 1297 1322 1298
f 1298 1322 1299
f 1298 1299 1275
f 1299 1323 1324
f 1299 1324 1300
f 1300 1324 1325
f 1300 1325 1301
f 1301 1325 1326
f 1301 1326 1302
f 1302 1326 1327
f 1302 1327 1303
f 1303 1327 1328
f 1303 1328 1304
f 1304 1328 1329
f 1304 1329 1305
f 1305 1329 1330
f 1305 1330 1306
f 1306 1330 1331
f 1306 1331 1307
f 1307 1331 1332
f 1307 1332 1308
f 1308 1332 1333
f 1308 1333 1309
f 1309 1333 1334
f 1309 1334 1310
f 1310 1334 1335
f 1310 1335 1311
f 1311 1335 1336
f 1311 1336 1312
f 1312 1336 1337
f 1312 1337 1313
f 1313 1337 1338
f 1313 1338 1314
f 1314 1338 1339
f 1314 1339 1315
f 1315 1339 1340
f 1315 1340 1316
f 1316 1340 1341
f 1316 1341 1317
f 1317 1341 1342
f 1317 1342 1318
f 1318 1342 1343
f 1318 1343 1319
f 1319 1343 1344
f 1319 1344 1320
f 1320 1344 1345
f 1320 1345 1321
f 1321 1345 1346
f 1321 1346 1322
f 1322 1346 1323
f 1322 1323 1299
f 1323 1347 1348
f 1323 1348 1324
f 1324 1348 1349
f 1324 1349 1325
f 1325 1349 1350
f 1325 1350 1326
f 1326 1350 1351
f 1326 1351 1327
f 1327 1351 1352
f 1327 1352 1328
f 1328 1352 1353
f 1328 1353 1329
f 1329 1353 1354
f 1329 1354 1330
f 1330 1354 1355
f 1330 1355 1331
f 1331 1355 1356
f 1331 1356 1332
f 1332 1356 1357
f 1332 1357 1333
f 1333 1357 1358
f 1333 1358 1334
f 1334 1358 1359
f 1334 1359 1335
f 1335 1359 1360
f 1335 1360 1336
f 1336 1360 1361
f 1336 1361 1337
f 1337 1361 1362
f 1337 1362 1338
f 1338 1362 1363
f 1338 1363 1339
f 1339 1363 1364
f 1339 1364 1340
f 1340 1364 1365
f 1340 1365 1341
f 1341 1365 1366
f 1341 1366 1342
f 1342 1366 1367
f 1342 1367 1343
f 1343 1367 1368
f 1343 1368 1344
f 1344 1368 1369
f 1344 1369 1345
f 1345 1369 1370
f 1345 1370 1346
f 1346 1370 1347
f 1346 1347 1323
f 1347 1371 1372
f 1347 1372 1348
f 1348 1372 1373
f 1348 1373 1349
f 1349 1373 1374
f 1349 1374 1350
f 1350 1374 1375
f 1350 1375 1351
f 1351 1375 1376
f 1351 1376 1352
f 1352 1376 1377
f 1352 1377 1353
f 1353 1377 1378
f 1353 1378 1354
f 1354 1378 1379
f 1354 1379 1355
f 1355 1379 1380
f 1355 1380 1356
f 1356 1380 1381
f 1356 1381 1357
f 1357 1381 1382
f 1357 1382 1358
f 1358 1382 1383
f 1358 1383 1359
f 1359 1383 1384
f 1359 1384 1360
f 1360 1384 1385
f 1360 1385 1361
f 1361 1385 1386
f 1361 1386 1362
f 1362 1386 1387
f 1362 1387 1363
f 1363 1387 1388
f 1363 1388 1364
f 1364 1388 1389
f 1364 1389 1365
f 1365 1389 1390
f 1365 1390 1366
f 1366 1390 1391
f 1366 1391 1367
f 1367 1391 1392
f 1367 1392 1368
f 1368 1392 1393
f 1368 1393 1369
f 1369 1393 1394
f 1369 1394 1370
f 1370 1394 1371
f 1370 1371 1347
f 1371 1395 1396
f 1371 1396 1372
f 1372 1396 1397
f 1372 1397 1373
f 1373 1397 1398
f 1373 1398 1374
f 1374 1398 1399
f 1374 1399 1375
f 1375 1399 1400
f 1375 1400 1376
f 1376 1400 1401
f 1376 1401 1377
f 1377 1401 1402
f 1377 1402 1378
f 1378 1402 1403
f 1378 1403 1379
f 1379 1403 1404
f 1379 1404 1380
f 1380 1404 1405
f 1380 1405 1381
f 1381 1405 1406
f 1381 1406 1382
f 1382 1406 1407
f 1382 1407 1383
f 1383 1407 1408
f 1383 1408 1384
f 1384 1408 1409
f 1384 1409 1385
f 1385 1409 1410
f 1385 1410 1386
f 1386 1410 1411
f 1386 1411 1387
f 1387 1411 1412
f 1387 1412 1388
f 1388 1412 1413
f 1388 1413 1389
f 1389 1413 1414
f 1389 1414 1390
f 1390 1414 1415
f 1390 1415 1391
f 1391 1415 1416
f 1391 1416 1392
f 1392 1416 1417
f 1392 1417 1393
f 1393 1417 1418
f 1393 1418 1394
f 1394 1418 1395
f 1394 1395 1371
f 1395 1419 1420
f 1395 1420 1396
f 1396 1420 1421
f 1396 1421 1397
f 1397 1421 1422
f 1397 1422 1398
f 1398 1422 1423
f 1398 1423 1399
f 1399 1423 1424
f 1399 1424 1400
f 1400 1424 1425
f 1400 1425 1401
f 1401 1425 1426
f 1401 1426 1402
f 1402 1426 1427
f 1402 1427 1403
f 1403 1427 1428
f 1403 1428 1404
f 1404 1428 1429
f 1404 1429 1405
f 1405 1429 1430
f 1405 1430 1406
f 1406 1430 1431
f 1406 1431 1407
f 1407 1431 1432
f 1407 1432 1408
f 1408 1432 1433
f 1408 1433 1409
f 1409 1433 1434
f 1409 1434 1410
f 1410 1434 1435
f 1410 1435 1411
f 1411 1435 1436
f 1411 1436 1412
f 1412 1436 1437
f 1412 1437 1413
f 1413 1437 1438
f 1413 1438 1414
f 1414 1438 1439
f 1414 1439 1415
f 1415 1439 1440
f 1415 1440 1416
f 1416 1440 1441
f 1416 1441 1417
f 1417 1441 1442
f 1417 1442 1418
f 1418 1442 1419
f 1418 1419 1395
f 1419 1443 1444
f 1419 1444 1420
f 1420 1444 1445
f 1420 1445 1421
f 1421 1445 1446
f 1421 1446 1422
f 1422 1446 1447
f 1422 1447 1423
f 1423 1447 1448
f 1423 1448 1424
f 1424 1448 1449
f 1424 1449 1425
f 1425 1449 1450
f 1425 1450 1426
f 1426 1450 1451
f 1426 1451 1427
f 1427 1451 1452
f 1427 1452 1428
f 1428 1452 1453
f 1428 1453 1429
f 1429 1453 1454
f 1429 1454 1430
f 1430 1454 1455
f 1430 1455 1431
f 1431 1455 1456
f 1431 1456 1432
f 1432 1456 1457
f 1432 1457 1433
f 1433 1457 1458
f 1433 1458 1434
f 1434 1458 1459
f 1434 1459 1435
f 1435 1459 1460
f 1435 1460 1436
f 1436 1460 1461
f 1436 1461 1437
f 1437 1461 1462
f 1437 1462 1438
f 1438 1462 1463
f 1438 1463 1439
f 1439 1463 1464
f 1439 1464 1440
f 1440 1464 1465
f 1440 1465 1441
f 1441 1465 1466
f 1441 1466 1442
f 1442 1466 1443
f 1442 1443 1419
f 1443 1467 1468
f 1443 1468 1444
f 1444 1468 1469
f 1444 1469 1445
f 1445 1469 1470
f 1445 1470 1446
f 1446 1470 1471
f 1446 1471 1447
f 1447 1471 1472
f 1447 1472 1448
f 1448 1472 1473
f 1448 1473 1449
f 1449 1473 1474
f 1449 1474 1450
f 1450 1474 1475
f 1450 1475 1451
f 1451 1475 1476
f 1451 1476 1452
f 1452 1476 1477
f 1452 1477 1453
f 1453 1477 1478
f 1453 1478 1454
f 1454 1478 1479
f 1454 1479 1455
f 1455 1479 1480
f 1455 1480 1456
f 1456 1480 1481
f 1456 1481 1457
f 1457 1481 1482
f 1457 1482 1458
f 1458 1482 1483
f 1458 1483 1459
f 1459 1483 1484
f 1459 1484 1460
f 1460 1484 1485
f 1460 1485 1461
f 1461 1485 1486
f 1461 1486 1462
f 1462 1486 1487
f 1462 1487 1463
f 1463 1487 1488
f 1463 1488 1464
f 1464 1488 1489
f 1464 1489 1465
f 1465 1489 1490
f 1465 1490 1466
f 1466 1490 1467
f 1466 1467 1443
f 1467 1491 1492
f 1467 1492 1468
f 1468 1492 1493
f 1468 1493 1469
f 1469 1493 1494
f 1469 1494 1470
f 1470 1494 1495
f 1470 1495 1471
f 1471 1495 1496
f 1471 1496 1472
f 1472 1496 1497
f 1472 1497 1473
f 1473 1497 1498
f 1473 1498 1474
f 1474 1498 1499
f 1474 1499 1475
f 1475 1499 1500
f 1475 1500 1476
f 1476 1500 1501
f 1476 1501 1477
f 1477 1501 1502
f 1477 1502 1478
f 1478 1502 1503
f 1478 1503 1479
f 1479 1503 1504
f 1479 1504 1480
f 1480 1504 1505
f 1480 1505 1481
f 1481 1505 1506
f 1481 1506 1482
f 1482 1506 1507
f 1482 1507 1483
f 1483 1507 1508
f 1483 1508 1484
f 1484 1508 1509
f 1484 1509 1485
f 1485 1509 1510
f 1485 1510 1486
f 1486 1510 1511
f 1486 1511 1487
f 1487 1511 1512
f 1487 1512 1488
f 1488 1512 1513
f 1488 1513 1489
f 1489 1513 1514
f 1489 1514 1490
f 1490 1514 1491
f 1490 1491 1467
f 1491 1515 1516
f 1491 1516 1492
f 1492 1516 1517
f 1492 1517 1493
f 1493 1517 1518
f 1493 1518 1494
f 1494 1518 1519
f 1494 1519 1495
f 1495 1519 1520
f 1495 1520 1496
f 1496 1520 1521
f 1496 1521 1497
f 1497 1521 1522
f 1497 1522 1498
f 1498 1522 1523
f 1498 1523 1499
f 1499 1523 1524
f 1499 1524 1500
f 1500 1524 1525
f 1500 1525 1501
f 1501 1525 1526
f 1501 1526 1502
f 1502 1526 1527
f 1502 1527 1503
f 1503 1527 1528
f 1503 1528 1504
f 1504 1528 1529
f 1504 1529 1505
f 1505 1529 1530
f 1505 1530 1506
f 1506 1530 1531
f 1506 1531 1507
f 1507 1531 1532
f 1507 1532 1508
f 1508 1532 1533
f 1508 1533 1509
f 1509 1533 1534
f 1509 1534 1510
f 1510 1534 1535
f 1510 1535 1511
f 1511 1535 1536
f 1511 1536 1512
f 1512 1536 1537
f 1512 1537 1513
f 1513 1537 1538
f 1513 1538 1514
f 1514 1538 1515
f 1514 1515 1491
f 1515 1539 1540
f 1515 1540 1516
f 1516 1540 1541
f 1516 1541 1517
f 1517 1541 1542
f 1517 1542 1518
f 1518 1542 1543
f 1518 1543 1519
f 1519 1543 1544
f 1519 1544 1520
f 1520 1544 1545
f 1520 1545 1521
f 1521 1545 1546
f 1521 1546 1522
f 1522 1546 1547
f 1522 1547 1523
f 1523 1547 1548
f 1523 1548 1524
f 1524 1548 1549
f 1524 1549 1525
f 1525 1549 1550
f 1525 1550 1526
f 1526 1550 1551
f 1526 1551 1527
f 1527 1551 1552
f 1527 1552 1528
f 1528 1552 1553
f 1528 1553 1529
f 1529 1553 1554
f 1529 1554 1530
f 1530 1554 1555
f 1530 1555 1531
f 1531 1555 1556
f 1531 1556 1532
f 1532 1556 1557
f 1532 1557 1533
f 1533 1557 1558
f 1533 1558 1534
f 1534 1558 1559
f 1534 1559 1535
f 1535 1559 1560
f 1535 1560 1536
f 1536 1560 1561
f 1536 1561 1537
f 1537 1561 1562
f 1537 1562 1538
f 1538 1562 1539
f 1538 1539 1515
f 1539 1563 1564
f 1539 1564 1540
f 1540 1564 1565
f 1540 1565 1541
f 1541 1565 1566
f 1541 1566 1542
f 1542 1566 1567
f 1542 1567 1543
f 1543 1567 1568
f 1543 1568 1544
f 1544 1568 1569
f 1544 1569 1545
f 1545 1569 1570
f 1545 1570 1546
f 1546 1570 1571
f 1546 1571 1547
f 1547 1571 1572
f 1547 1572 1548
f 1548 1572 1573
f 1548 1573 1549
f 1549 1573 1574
f 1549 1574 1550
f 1550 1574 1575
f 1550 1575 1551
f 1551 1575 1576
f 1551 1576 1552
f 1552 1576 1577
f 1552 1577 1553
f 1553 1577 1578
f 1553 1578 1554
f 1554 1578 1579
f 1554 1579 1555
f 1555 1579 1580
f 1555 1580 1556
f 1556 1580 1581
f 1556 1581 1557
f 1557 1581 1582
f 1557 1582 1558
f 1558 1582 1583
f 1558 1583 1559
f 1559 1583 1584
f 1559 1584 1560
f 1560 1584 1585
f 1560 1585 1561
f 1561 1585 1586
f 1561 1586 1562
f 1562 1586 1563
f 1562 1563 1539
f 1563 1587 1588
f 1563 1588 1564
f 1564 1588 1589
f 1564 1589 1565
f 1565 1589 1590
f 1565 1590 1566
f 1566 1590 1591
f 1566 1591 1567
f 1567 1591 1592
f 1567 1592 1568
f 1568 1592 1593
f 1568 1593 1569
f 1569 1593 1594
f 1569 1594 1570
f 1570 1594 1595
f 1570 1595 1571
f 1571 1595 1596
f 1571 1596 1572
f 1572 1596 1597
f 1572 1597 1573
f 1573 1597 1598
f 1573 1598 1574
f 1574 1598 1599
f 1574 1599 1575
f 1575 1599 1600
f 1575 1600 1576
f 1576 1600 1601
f 1576 1601 1577
f 1577 1601 1602
f 1577 1602 1578
f 1578 1602 1603
f 1578 1603 1579
f 1579 1603 1604
f 1579 1604 1580
f 1580 1604 1605
f 1580 1605 1581
f 1581 1605 1606
f 1581 1606 1582
f 1582 1606 1607
f 1582 1607 1583
f 1583 1607 1608
f 1583 1608 1584
f 1584 1608 1609
f 1584 1609 1585
f 1585 1609 1610
f 1585 1610 1586
f 1586 1610 1587
f 1586 1587 1563
f 1587 1611 1612
f 1587 1612 1588
f 1588 1612 1613
f 1588 1613 1589
f 1589 1613 1614
f 1589 1614 1590
f 1590 1614 1615
f 1590 1615 1591
f 1591 1615 1616
f 1591 1616 1592
f 1592 1616 1617
f 1592 1617 1593
f 1593 1617 1618
f 1593 1618 1594
f 1594 1618 1619
f 1594 1619 1595
f 1595 1619 1620
f 1595 1620 1596
f 1596 1620 1621
f 1596 1621 1597
f 1597 1621 1622
f 1597 1622 1598
f 1598 1622 1623
f 1598 1623 1599
f 1599 1623 1624
f 1599 1624 1600
f 1600 1624 1625
f 1600 1625 1601
f 1601 1625 1626
f 1601 1626 1602
f 1602 1626 1627
f 1602 1627 1603
f 1603 1627 1628
f 1603 1628 1604
f 1604 1628 1629
f 1604 1629 1605
f 1605 1629 1630
f 1605 1630 1606
f 1606 1630 1631
f 1606 1631 1607
f 1607 1631 1632
f 1607 1632 1608
f 1608 1632 1633
f 1608 1633 1609
f 1609 1633 1634
f 1609 1634 1610
f 1610 1634 1611
f 1610 1611 1587
f 1611 1635 1636
f 1611 1636 1612
f 1612 1636 1637
f 1612 1637 1613
f 1613 1637 1638
f 1613 1638 1614
f 1614 1638 1639
f 1614 1639 1615
f 1615 1639 1640
f 1615 1640 1616
f 1616 1640 1641
f 1616 1641 1617
f 1617 1641 1642
f 1617 1642 1618
f 1618 1642 1643
f 1618 1643 1619
f 1619 1643 1644
f 1619 1644 1620
f 1620 1644 1645
f 1620 1645 1621
f 1621 1645 1646
f 1621 1646 1622
f 1622 1646 1647
f 1622 1647 1623
f 1623 1647 1648
f 1623 1648 1624
f 1624 1648 1649
f 1624 1649 1625
f 1625 1649 1650
f 1625 1650 1626
f 1626 1650 1651
f 1626 1651 1627
f 1627 1651 1652
f 1627 1652 1628
f 1628 1652 1653
f 1628 1653 1629
f 1629 1653 1654
f 1629 1654 1630
f 1630 1654 1655
f 1630 1655 1631
f 1631 1655 1656
f 1631 1656 1632
f 1632 1656 1657
f 1632 1657 1633
f 1633 1657 1658
f 1633 1658 1634
f 1634 1658 1635
f 1634 1635 1611
f 1635 1659 1660
f 1635 1660 1636
f 1636 1660 1661
f 1636 1661 1637
f 1637 1661 1662
f 1637 1662 1638
f 1638 1662 1663
f 1638 1663 1639
f 1639 1663 1664
f 1639 1664 1640
f 1640 1664 1665
f 1640 1665 1641
f 1641 1665 1666
f 1641 1666 1642
f 1642 1666 1667
f 1642 1667 1643
f 1643 1667 1668
f 1643 1668 1644
f 1644 1668 1669
f 1644 1669 1645
f 1645 1669 1670
f 1645 1670 1646
f 1646 1670 1671
f 1646 1671 1647
f 1647 1671 1672
f 1647 1672 1648
f 1648 1672 1673
f 1648 1673 1649
f 1649 1673 1674
f 1649 1674 1650
f 1650 1674 1675
f 1650 1675 1651
f 1651 1675 1676
f 1651 1676 1652
f 1652 1676 1677
f 1652 1677 1653
f 1653 1677 1678
f 1653 1678 1654
f 1654 1678 1679
f 1654 1679 1655
f 1655 1679 1680
f 1655 1680 1656
f 1656 1680 1681
f 1656 1681 1657
f 1657 1681 1682
f 1657 1682 1658
f 1658 1682 1659
f 1658 1659 1635
f 1659 1683 1684
f 1659 1684 1660
f 1660 1684 1685
f 1660 1685 1661
f 1661 1685 1686
f 1661 1686 1662
f 1662 1686 1687
f 1662 1687 1663
f 1663 1687 1688
f 1663 1688 1664
f 1664 1688 1689
f 1664 1689 1665
f 1665 1689 1690
f 1665 1690 1666
f 1666 1690 1691
f 1666 1691 1667
f 1667 1691 1692
f 1667 1692 1668
f 1668 1692 1693
f 1668 1693 1669
f 1669 1693 1694
f 1669 1694 1670
f 1670 1694 1695
f 1670 1695 1671
f 1671 1695 1696
f 1671 1696 1672
f 1672 1696 1697
f 1672 1697 1673
f 1673 1697 1698
f 1673 1698 1674
f 1674 1698 1699
f 1674 1699 1675
f 1675 1699 1700
f 1675 1700 1676
f 1676 1700 1701
f 1676 1701 1677
f 1677 1701 1702
f 1677 1702 1678
f 1678 1702 1703
f 1678 1703 1679
f 1679 1703 1704
f 1679 1704 1680
f 1680 1704 1705
f 1680 1705 1681
f 1681 1705 1706
f 1681 1706 1682
f 1682 1706 1683
f 1682 1683 1659
f 1683 1707 1708
f 1683 1708 1684
f 1684 1708 1709
f 1684 1709 1685
f 1685 1709 1710
f 1685 1710 1686
f 1686 1710 1711
f 1686 1711 1687
f 1687 1711 1712
f 1687 1712 1688
f 1688 1712 1713
f 1688 1713 1689
f 1689 1713 1714
f 1689 1714 1690
f 1690 1714 1715
f 1690 1715 1691
f 1691 1715 1716
f 1691 1716 1692
f 1692 1716 1717
f 1692 1717 1693
f 1693 1717 1718
f 1693 1718 1694
f 1694 1718 1719
f 1694 1719 1695
f 1695 1719 1720
f 1695 1720 1696
f 1696 1720 1721
f 1696 1721 1697
f 1697 1721 1722
f 1697 1722 1698
f 1698 1722 1723
f 1698 1723 1699
f 1699 1723 1724
f 1699 1724 1700
f 1700 1724 1725
f 1700 1725 1701
f 1701 1725 1726
f 1701 1726 1702
f 1702 1726 1727
f 1702 1727 1703
f 1703 1727 1728
f 1703 1728 1704
f 1704 1728 1729
f 1704 1729 1705
f 1705 1729 1730
f 1705 1730 1706
f 1706 1730 1707
f 1706 1707 1683
f 1707 1731 1732
f 1707 1732 1708
f 1708 1732 1733
f 1708 1733 1709
f 1709 1733 1734
f 1709 1734 1710
f 1710 1734 1735
f 1710 1735 1711
f 1711 1735 1736
f 1711 1736 1712
f 1712 1736 1737
f 1712 1737 1713
f 1713 1737 1738
f 1713 1738 1714
f 1714 1738 1739
f 1714 1739 1715
f 1715 1739 1740
f 1715 1740 1716
f 1716 1740 1741
f 1716 1741 1717
f 1717 1741 1742
f 1717 1742 1718
f 1718 1742 1743
f 1718 1743 1719
f 1719 1743 1744
f 1719 1744 1720
f 1720 1744 1745
f 1720 1745 1721
f 1721 1745 1746
f 1721 1746 1722
f 1722 1746 1747
f 1722 1747 1723
f 1723 1747 1748
f 1723 1748 1724
f 1724 1748 1749
f 1724 1749 1725
f 1725 1749 1750
f 1725 1750 1726
f 1726 1750 1751
f 1726 1751 1727
f 1727 1751 1752
f 1727 1752 1728
f 1728 1752 1753
f 1728 1753 1729
f 1729 1753 1754
f 1729 1754 1730
f 1730 1754 1731
f 1730 1731 1707
f 1731 1755 1756
f 1731 1756 1732
f 1732 1756 1757
f 1732 1757 1733
f 1733 1757 1758
f 1733 1758 1734
f 1734 1758 1759
f 1734 1759 1735
f 1735 1759 1760
f 1735 1760 1736
f 1736 1760 1761
f 1736 1761 1737
f 1737 1761 1762
f 1737 1762 1738
f 1738 1762 1763
f 1738 1763 1739
f 1739 1763 1764
f 1739 1764 1740
f 1740 1764 1765
f 1740 1765 1741
f 1741 1765 1766
f 1741 1766 1742
f 1742 1766 1767
f 1742 1767 1743
f 1743 1767 1768
f 1743 1768 1744
f 1744 1768 1769
f 1744 1769 1745
f 1745 1769 1770
f 1745 1770 1746
f 1746 1770 1771
f 1746 1771 1747
f 1747 1771 1772
f 1747 1772 1748
f 1748 1772 1773
f 1748 1773 1749
f 1749 1773 1774
f 1749 1774 1750
f 1750 1774 1775
f 1750 1775 1751
f 1751 1775 1776
f 1751 1776 1752
f 1752 1776 1777
f 1752 1777 1753
f 1753 1777 1778
f 1753 1778 1754
f 1754 1778 1755
f 1754 1755 1731
f 1755 1779 1780
f 1755 1780 1756
f 1756 1780 1781
f 1756 1781 1757
f 1757 1781 1782
f 1757 1782 1758
f 1758 1782 1783
f 1758 1783 1759
f 1759 1783 1784
f 1759 1784 1760
f 1760 1784 1785
f 1760 1785 1761
f 1761 1785 1786
f 1761 1786 1762
f 1762 1786 1787
f 1762 1787 1763
f 1763 1787 1788
f 1763 1788 1764
f 1764 1788 1789
f 1764 1789 1765
f 1765 1789 1790
f 1765 1790 1766
f 1766 1790 1791
f 1766 1791 1767
f 1767 1791 1792
f 1767 1792 1768
f 1768 1792 1793
f 1768 1793 1769
f 1769 1793 1794
f 1769 1794 1770
f 1770 1794 1795
f 1770 1795 1771
f 1771 1795 1796
f 1771 1796 1772
f 1772 1796 1797
f 1772 1797 1773
f 1773 1797 1798
f 1773 1798 1774
f 1774 1798 1799
f 1774 1799 1775
f 1775 1799 1800
f 1775 1800 1776
f 1776 1800 1801
f 1776 1801 1777
f 1777 1801 1802
f 1777 1802 1778
f 1778 1802 1779
f 1778 1779 1755
f 1779 1803 1804
f 1779 1804 1780
f 1780 1804 1805
f 1780 1805 1781
f 1781 1805 1806
f 1781 1806 1782
f 1782 1806 1807
f 1782 1807 1783
f 1783 1807 1808
f 1783 1808 1784
f 1784 1808 1809
f 1784 1809 1785
f 1785 1809 1810
f 1785 1810 1786
f 1786 1810 1811
f 1786 1811 1787
f 1787 1811 1812
f 1787 1812 1788
f 1788 1812 1813
f 1788 1813 1789
f 1789 1813 1814
f 1789 1814 1790
f 1790 1814 1815
f 1790 1815 1791
f 1791 1815 1816
f 1791 1816 1792
f 1792 1816 1817
f 1792 1817 1793
f 1793 1817 1818
f 1793 1818 1794
f 1794 1818 1819
f 1794 1819 1795
f 1795 1819 1820
f 1795 1820 1796
f 1796 1820 1821
f 1796 1821 1797
f 1797 1821 1822
f 1797 1822 1798
f 1798 1822 1823
f 1798 1823 1799
f 1799 1823 1824
f 1799 1824 1800
f 1800 1824 1825
f 1800 1825 1801
f 1801 1825 1826
f 1801 1826 1802
f 1802 1826 1803
f 1802 1803 1779
f 1803 1827 1828
f 1803 1828 1804
f 1804 1828 1829
f 1804 1829 1805
f 1805 1829 1830
f 1805 1830 1806
f 1806 1830 1831
f 1806 1831 1807
f 1807 1831 1832
f 1807 1832 1808
f 1808 1832 1833
f 1808 1833 1809
f 1809 1833 1834
f 1809 1834 1810
f 1810 1834 1835
f 1810 1835 1811
f 1811 1835 1836
f 1811 1836 1812
f 1812 1836 1837
f 1812 1837 1813
f 1813 1837 1838
f 1813 1838 1814
f 1814 1838 1839
f 1814 1839 1815
f 1815 1839 1840
f 1815 1840 1816
f 1816 1840 1841
f 1816 1841 1817
f 1817 1841 1842
f 1817 1842 1818
f 1818 1842 1843
f 1818 1843 1819
f 1819 1843 1844
f 1819 1844 1820
f 1820 1844 1845
f 1820 1845 1821
f 1821 1845 1846
f 1821 1846 1822
f 1822 1846 1847
f 1822 1847 1823
f 1823 1847 1848
f 1823 1848 1824
f 1824 1848 1849
f 1824 1849 1825
f 1825 1849 1850
f 1825 1850 1826
f 1826 1850 1827
f 1826 1827 1803
f 1827 1851 1852
f 1827 1852 1828
f 1828 1852 1853
f 1828 1853 1829
f 1829 1853 1854
f 1829 1854 1830
f 1830 1854 1855
f 1830 1855 1831
f 1831 1855 1856
f 1831 1856 1832
f 1832 1856 1857
f 1832 1857 1833
f 1833 1857 1858
f 1833 1858 1834
f 1834 1858 1859
f 1834 1859 1835
f 1835 1859 1860
f 1835 1860 1836
f 1836 1860 1861
f 1836 1861 1837
f 1837 1861 1862
f 1837 1862 1838
f 1838 1862 1863
f 1838 1863 1839
f 1839 1863 1864
f 1839 1864 1840
f 1840 1864 1865
f 1840 1865 1841
f 1841 1865 1866
f 1841 1866 1842
f 1842 1866 1867
f 1842 1867 1843
f 1843 1867 1868
f 1843 1868 1844
f 1844 1868 1869
f 1844 1869 1845
f 1845 1869 1870
f 1845 1870 1846
f 1846 1870 1871
f 1846 1871 1847
f 1847 1871 1872
f 1847 1872 1848
f 1848 1872 1873
f 1848 1873 1849
f 1849 1873 1874
f 1849 1874 1850
f 1850 1874 1851
f 1850 1851 1827
f 1851 1875 1876
f 1851 1876 1852
f 1852 1876 1877
f 1852 1877 1853
f 1853 1877 1878
f 1853 1878 1854
f 1854 1878 1879
f 1854 1879 1855
f 1855 1879 1880
f 1855 1880 1856
f 1856 1880 1881
f 1856 1881 1857
f 1857 1881 1882
f 1857 1882 1858
f 1858 1882 1883
f 1858 1883 1859
f 1859 1883 1884
f 1859 1884 1860
f 1860 1884 1885
f 1860 1885 1861
f 1861 1885 1886
f 1861 1886 1862
f 1862 1886 1887
f 1862 1887 1863
f 1863 1887 1888
f 1863 1888 1864
f 1864 1888 1889
f 1864 1889 1865
f 1865 1889 1890
f 1865 1890 1866
f 1866 1890 1891
f 1866 1891 1867
f 1867 1891 1892
f 1867 1892 1868
f 1868 1892 1893
f 1868 1893 1869
f 1869 1893 1894
f 1869 1894 1870
f 1870 1894 1895
f 1870 1895 1871
f 1871 1895 1896
f 1871 1896 1872
f 1872 1896 1897
f 1872 1897 1873
f 1873 1897 1898
f 1873 1898 1874
f 1874 1898 1875
f 1874 1875 1851
f 1875 1899 1900
f 1875 1900 1876
f 1876 1900 1901
f 1876 1901 1877
f 1877 1901 1902
f 1877 1902 1878
f 1878 1902 1903
f 1878 1903 1879
f 1879 1903 1904
f 1879 1904 1880
f 1880 1904 1905
f 1880 1905 1881
f 1881 1905 1906
f 1881 1906 1882
f 1882 1906 1907
f 1882 1907 1883
f 1883 1907 1908
f 1883 1908 1884
f 1884 1908 1909
f 1884 1909 1885
f 1885 1909 1910
f 1885 1910 1886
f 1886 1910 1911
f 1886 1911 1887
f 1887 1911 1912
f 1887 1912 1888
f 1888 1912 1913
f 1888 1913 1889
f 1889 1913 1914
f 1889 1914 1890
f 1890 1914 1915
f 1890 1915 1891
f 1891 1915 1916
f 1891 1916 1892
f 1892 1916 1917
f 1892 1917 1893
f 1893 1917 1918
f 1893 1918 1894
f 1894 1918 1919
f 1894 1919 1895
f 1895 1919 1920
f 1895 1920 1896
f 1896 1920 1921
f 1896 1921 1897
f 1897 1921 1922
f 1897 1922 1898
f 1898 1922 1899
f 1898 1899 1875
f 1899 1923 1924
f 1899 1924 1900
f 1900 1924 1925
f 1900 1925 1901
f 1901 1925 1926
f 1901 1926 1902
f 1902 1926 1927
f 1902 1927 1903
f 1903 1927 1928
f 1903 1928 1904
f 1904 1928 1929
f 1904 1929 1905
f 1905 1929 1930
f 1905 1930 1906
f 1906 1930 1931
f 1906 1931 1907
f 1907 1931 1932
f 1907 1932 1908
f 1908 1932 1933
f 1908 1933 1909
f 1909 1933 1934
f 1909 1934 1910
f 1910 1934 1935
f 1910 1935 1911
f 1911 1935 1936
f 1911 1936 1912
f 1912 1936 1937
f 1912 1937 1913
f 1913 1937 1938
f 1913 1938 1914
f 1914 1938 1939
f 1914 1939 1915
f 1915 1939 1940
f 1915 1940 1916
f 1916 1940 1941
f 1916 1941 1917
f 1917 1941 1942
f 1917 1942 1918
f 1918 1942 1943
f 1918 1943 1919
f 1919 1943 1944
f 1919 1944 1920
f 1920 1944 1945
f 1920 1945 1921
f 1921 1945 1946
f 1921 1946 1922
f 1922 1946 1923
f 1922 1923 1899
f 1923 1947 1948
f 1923 1948 1924
f 1924 1948 1949
f 1924 1949 1925
f 1925 1949 1950
f 1925 1950 1926
f 1926 1950 1951
f 1926 1951 1927
f 1927 1951 1952
f 1927 1952 1928
f 1928 1952 1953
f 1928 1953 1929
f 1929 1953 1954
f 1929 1954 1930
f 1930 1954 1955
f 1930 1955 1931
f 1931 1955 1956
f 1931 1956 1932
f 1932 1956 1957
f 1932 1957 1933
f 1933 1957 1958
f 1933 1958 1934
f 1934 1958 1959
f 1934 1959 1935
f 1935 1959 1960
f 1935 1960 1936
f 1936 1960 1961
f 1936 1961 1937
f 1937 1961 1962
f 1937 1962 1938
f 1938 1962 1963
f 1938 1963 1939
f 1939 1963 1964
f 1939 1964 1940
f 1940 1964 1965
f 1940 1965 1941
f 1941 1965 1966
f 1941 1966 1942
f 1942 1966 1967
f 1942 1967 1943
f 1943 1967 1968
f 1943 1968 1944
f 1944 1968 1969
f 1944 1969 1945
f 1945 1969 1970
f 1945 1970 1946
f 1946 1970 1947
f 1946 1947 1923
f 1947 1971 1972
f 1947 1972 1948
f 1948 1972 1973
f 1948 1973 1949
f 1949 1973 1974
f 1949 1974 1950
f 1950 1974 1975
f 1950 1975 1951
f 1951 1975 1976
f 1951 1976 1952
f 1952 1976 1977
f 1952 1977 1953
f 1953 1977 1978
f 1953 1978 1954
f 1954 1978 1979
f 1954 1979 1955
f 1955 1979 1980
f 1955 1980 1956
f 1956 1980 1981
f 1956 1981 1957
f 1957 1981 1982
f 1957 1982 1958
f 1958 1982 1983
f 1958 1983 1959
f 1959 1983 1984
f 1959 1984 1960
f 1960 1984 1985
f 1960 1985 1961
f 1961 1985 1986
f 1961 1986 1962
f 1962 1986 1987
f 1962 1987 1963
f 1963 1987 1988
f 1963 1988 1964
f 1964 1988 1989
f 1964 1989 1965
f 1965 1989 1990
f 1965 1990 1966
f 1966 1990 1991
f 1966 1991 1967
f 1967 1991 1992
f 1967 1992 1968
f 1968 1992 1993
f 1968 1993 1969
f 1969 1993 1994
f 1969 1994 1970
f 1970 1994 1971
f 1970 1971 1947
f 1971 1995 1996
f 1971 1996 1972
f 1972 1996 1997
f 1972 1997 1973
f 1973 1997 1998
f 1973 1998 1974
f 1974 1998 1999
f 1974 1999 1975
f 1975 1999 2000
f 1975 2000 1976
f 1976 2000 2001
f 1976 2001 1977
f 1977 2001 2002
f 1977 2002 1978
f 1978 2002 2003
f 1978 2003 1979
f 1979 2003 2004
f 1979 2004 1980
f 1980 2004 2005
f 1980 2005 1981
f 1981 2005 2006
f 1981 2006 1982
f 1982 2006 2007
f 1982 2007 1983
f 1983 2007 2008
f 1983 2008 1984
f 1984 2008 2009
f 1984 2009 1985
f 1985 2009 2010
f 1985 2010 1986
f 1986 2010 2011
f 1986 2011 1987
f 1987 2011 2012
f 1987 2012 1988
f 1988 2012 2013
f 1988 2013 1989
f 1989 2013 2014
f 1989 2014 1990
f 1990 2014 2015
f 1990 2015 1991
f 1991 2015 2016
f 1991 2016 1992
f 1992 2016 2017
f 1992 2017 1993
f 1993 2017 2018
f 1993 2018 1994
f 1994 2018 1995
f 1994 1995 1971
f 1995 2019 2020
f 1995 2020 1996
f 1996 2020 2021
f 1996 2021 1997
f 1997 2021 2022
f 1997 2022 1998
f 1998 2022 2023
f 1998 2023 1999
f 1999 2023 2024
f 1999 2024 2000
f 2000 2024 2025
f 2000 2025 2001
f 2001 2025 2026
f 2001 2026 2002
f 2002 2026 2027
f 2002 2027 2003
f 2003 2027 2028
f 2003 2028 2004
f 2004 2028 2029
f 2004 2029 2005
f 2005 2029 2030
f 2005 2030 2006
f 2006 2030 2031
f 2006 2031 2007
f 2007 2031 2032
f 2007 2032 2008
f 2008 2032 2033
f 2008 2033 2009
f 2009 2033 2034
f 2009 2034 2010
f 2010 2034 2035
f 2010 2035 2011
f 2011 2035 2036
f 2011 2036 2012
f 2012 2036 2037
f 2012 2037 2013
f 2013 2037 2038
f 2013 2038 2014
f 2014 2038 2039
f 2014 2039 2015
f 2015 2039 2040
f 2015 2040 2016
f 2016 2040 2041
f 2016 2041 2017
f 2017 2041 2042
f 2017 2042 2018
f 2018 2042 2019
f 2018 2019 1995
f 2019 2043 2044
f 2019 2044 2020
f 2020 2044 2045
f 2020 2045 2021
f 2021 2045 2046
f 2021 2046 2022
f 2022 2046 2047
f 2022 2047 2023
f 2023 2047 2048
f 2023 2048 2024
f 2024 2048 2049
f 2024 2049 2025
f 2025 2049 2050
f 2025 2050 2026
f 2026 2050 2051
f 2026 2051 2027
f 2027 2051 2052
f 2027 2052 2028
f 2028 2052 2053
f 2028 2053 2029
f 2029 2053 2054
f 2029 2054 2030
f 2030 2054 2055
f 2030 2055 2031
f 2031 2055 2056
f 2031 2056 2032
f 2032 2056 2057
f 2032 2057 2033
f 2033 2057 2058
f 2033 2058 2034
f 2034 2058 2059
f 2034 2059 2035
f 2035 2059 2060
f 2035 2060 2036
f 2036 2060 2061
f 2036 2061 2037
f 2037 2061 2062
f 2037 2062 2038
f 2038 2062 2063
f 2038 2063 2039
f 2039 2063 2064
f 2039 2064 2040
f 2040 2064 2065
f 2040 2065 2041
f 2041 2065 2066
f 2041 2066 2042
f 2042 2066 2043
f 2042 2043 2019
f 2043 2067 2068
f 2043 2068 2044
f 2044 2068 2069
f 2044 2069 2045
f 2045 2069 2070
f 2045 2070 2046
f 2046 2070 2071
f 2046 2071 2047
f 2047 2071 2072
f 2047 2072 2048
f 2048 2072 2073
f 2048 2073 2049
f 2049 2073 2074
f 2049 2074 2050
f 2050 2074 2075
f 2050 2075 2051
f 2051 2075 2076
f 2051 2076 2052
f 2052 2076 2077
f 2052 2077 2053
f 2053 2077 2078
f 2053 2078 2054
f 2054 2078 2079
f 2054 2079 2055
f 2055 2079 2080
f 2055 2080 2056
f 2056 2080 2081
f 2056 2081 2057
f 2057 2081 2082
f 2057 2082 2058
f 2058 2082 2083
f 2058 2083 2059
f 2059 2083 2084
f 2059 2084 2060
f 2060 2084 2085
f 2060 2085 2061
f 2061 2085 2086
f 2061 2086 2062
f 2062 2086 2087
f 2062 2087 2063
f 2063 2087 2088
f 2063 2088 2064
f 2064 2088 2089
f 2064 2089 2065
f 2065 2089 2090
f 2065 2090 2066
f 2066 2090 2067
f 2066 2067 2043
f 2067 2091 2092
f 2067 2092 2068
f 2068 2092 2093
f 2068 2093 2069
f 2069 2093 2094
f 2069 2094 2070
f 2070 2094 2095
f 2070 2095 2071
f 2071 2095 2096
f 2071 2096 2072
f 2072 2096 2097
f 2072 2097 2073
f 2073 2097 2098
f 2073 2098 2074
f 2074 2098 2099
f 2074 2099 2075
f 2075 2099 2100
f 2075 2100 2076
f 2076 2100 2101
f 2076 2101 2077
f 2077 2101 2102
f 2077 2102 2078
f 2078 2102 2103
f 2078 2103 2079
f 2079 2103 2104
f 2079 2104 2080
f 2080 2104 2105
f 2080 2105 2081
f 2081 2105 2106
f 2081 2106 2082
f 2082 2106 2107
f 2082 2107 2083
f 2083 2107 2108
f 2083 2108 2084
f 2084 2108 2109
f 2084 2109 2085
f 2085 2109 2110
f 2085 2110 2086
f 2086 2110 2111
f 2086 2111 2087
f 2087 2111 2112
f 2087 2112 2088
f 2088 2112 2113
f 2088 2113 2089
f 2089 2113 2114
f 2089 2114 2090
f 2090 2114 2091
f 2090 2091 2067
f 2091 2115 2116
f 2091 2116 2092
f 2092 2116 2117
f 2092 2117 2093
f 2093 2117 2118
f 2093 2118 2094
f 2094 2118 2119
f 2094 2119 2095
f 2095 2119 2120
f 2095 2120 2096
f 2096 2120 2121
f 2096 2121 2097
f 2097 2121 2122
f 2097 2122 2098
f 2098 2122 2123
f 2098 2123 2099
f 2099 2123 2124
f 2099 2124 2100
f 2100 2124 2125
f 2100 2125 2101
f 2101 2125 2126
f 2101 2126 2102
f 2102 2126 2127
f 2102 2127 2103
f 2103 2127 2128
f 2103 2128 2104
f 2104 2128 2129
f 2104 2129 2105
f 2105 2129 2130
f 2105 2130 2106
f 2106 2130 2131
f 2106 2131 2107
f 2107 2131 2132
f 2107 2132 2108
f 2108 2132 2133
f 2108 2133 2109
f 2109 2133 2134
f 2109 2134 2110
f 2110 2134 2135
f 2110 2135 2111
f 2111 2135 2136
f 2111 2136 2112
f 2112 2136 2137
f 2112 2137 2113
f 2113 2137 2138
f 2113 2138 2114
f 2114 2138 2115
f 2114 2115 2091
f 2115 2139 2140
f 2115 2140 2116
f 2116 2140 2141
f 2116 2141 2117
f 2117 2141 2142
f 2117 2142 2118
f 2118 2142 2143
f 2118 2143 2119
f 2119 2143 2144
f 2119 2144 2120
f 2120 2144 2145
f 2120 2145 2121
f 2121 2145 2146
f 2121 2146 2122
f 2122 2146 2147
f 2122 2147 2123
f 2123 2147 2148
f 2123 2148 2124
f 2124 2148 2149
f 2124 2149 2125
f 2125 2149 2150
f 2125 2150 2126
f 2126 2150 2151
f 2126 2151 2127
f 2127 2151 2152
f 2127 2152 2128
f 2128 2152 2153
f 2128 2153 2129
f 2129 2153 2154
f 2129 2154 2130
f 2130 2154 2155
f 2130 2155 2131
f 2131 2155 2156
f 2131 2156 2132
f 2132 2156 2157
f 2132 2157 2133
f 2133 2157 2158
f 2133 2158 2134
f 2134 2158 2159
f 2134 2159 2135
f 2135 2159 2160
f 2135 2160 2136
f 2136 2160 2161
f 2136 2161 2137
f 2137 2161 2162
f 2137 2162 2138
f 2138 2162 2139
f 2138 2139 2115
f 2139 2163 2164
f 2139 2164 2140
f 2140 2164 2165
f 2140 2165 2141
f 2141 2165 2166
f 2141 2166 2142
f 2142 2166 2167
f 2142 2167 2143
f 2143 2167 2168
f 2143 2168 2144
f 2144 2168 2169
f 2144 2169 2145
f 2145 2169 2170
f 2145 2170 2146
f 2146 2170 2171
f 2146 2171 2147
f 2147 2171 2172
f 2147 2172 2148
f 2148 2172 2173
f 2148 2173 2149
f 2149 2173 2174
f 2149 2174 2150
f 2150 2174 2175
f 2150 2175 2151
f 2151 2175 2176
f 2151 2176 2152
f 2152 2176 2177
f 2152 2177 2153
f 2153 2177 2178
f 2153 2178 2154
f 2154 2178 2179
f 2154 2179 2155
f 2155 2179 2180
f 2155 2180 2156
f 2156 2180 2181
f 2156 2181 2157
f 2157 2181 2182
f 2157 2182 2158
f 2158 2182 2183
f 2158 2183 2159
f 2159 2183 2184
f 2159 2184 2160
f 2160 2184 2185
f 2160 2185 2161
f 2161 2185 2186
f 2161 2186 2162
f 2162 2186 2163
f 2162 2163 2139
f 2163 2187 2188
f 2163 2188 2164
f 2164 2188 2189
f 2164 2189 2165
f 2165 2189 2190
f 2165 2190 2166
f 2166 2190 2191
f 2166 2191 2167
f 2167 2191 2192
f 2167 2192 2168
f 2168 2192 2193
f 2168 2193 2169
f 2169 2193 2194
f 2169 2194 2170
f 2170 2194 2195
f 2170 2195 2171
f 2171 2195 2196
f 2171 2196 2172
f 2172 2196 2197
f 2172 2197 2173
f 2173 2197 2198
f 2173 2198 2174
f 2174 2198 2199
f 2174 2199 2175
f 2175 2199 2200
f 2175 2200 2176
f 2176 2200 2201
f 2176 2201 2177
f 2177 2201 2202
f 2177 2202 2178
f 2178 2202 2203
f 2178 2203 2179
f 2179 2203 2204
f 2179 2204 2180
f 2180 2204 2205
f 2180 2205 2181
f 2181 2205 2206
f 2181 2206 2182
f 2182 2206 2207
f 2182 2207 2183
f 2183 2207 2208
f 2183 2208 2184
f 2184 2208 2209
f 2184 2209 2185
f 2185 2209 2210
f 2185 2210 2186
f 2186 2210 2187
f 2186 2187 2163
f 2187 2211 2212
f 2187 2212 2188
f 2188 2212 2213
f 2188 2213 2189
f 2189 2213 2214
f 2189 2214 2190
f 2190 2214 2215
f 2190 2215 2191
f 2191 2215 2216
f 2191 2216 2192
f 2192 2216 2217
f 2192 2217 2193
f 2193 2217 2218
f 2193 2218 2194
f 2194 2218 2219
f 2194 2219 2195
f 2195 2219 2220
f 2195 2220 2196
f 2196 2220 2221
f 2196 2221 2197
f 2197 2221 2222
f 2197 2222 2198
f 2198 2222 2223
f 2198 2223 2199
f 2199 2223 2224
f 2199 2224 2200
f 2200 2224 2225
f 2200 2225 2201
f 2201 2225 2226
f 2201 2226 2202
f 2202 2226 2227
f 2202 2227 2203
f 2203 2227 2228
f 2203 2228 2204
f 2204 2228 2229
f 2204 2229 2205
f 2205 2229 2230
f 2205 2230 2206
f 2206 2230 2231
f 2206 2231 2207
f 2207 2231 2232
f 2207 2232 2208
f 2208 2232 2233
f 2208 2233 2209
f 2209 2233 2234
f 2209 2234 2210
f 2210 2234 2211
f 2210 2211 2187
f 2211 1083 1084
f 2211 1084 2212
f 2212 1084 1085
f 2212 1085 2213
f 2213 1085 1086
f 2213 1086 2214
f 2214 1086 1087
f 2214 1087 2215
f 2215 1087 1088
f 2215 1088 2216
f 2216 1088 1089
f 2216 1089 2217
f 2217 1089 1090
f 2217 1090 2218
f 2218 1090 1091
f 2218 1091 2219
f 2219 1091 1092
f 2219 1092 2220
f 2220 1092 1093
f 2220 1093 2221
f 2221 1093 1094
f 2221 1094 2222
f 2222 1094 1095
f 2222 1095 2223
f 2223 1095 1096
f 2223 1096 2224
f 2224 1096 1097
f 2224 1097 2225
f 2225 1097 1098
f 2225 1098 2226
f 2226 1098 1099
f 2226 1099 2227
f 2227 1099 1100
f 2227 1100 2228
f 2228 1100 1101
f 2228 1101 2229
f 2229 1101 1102
f 2229 1102 2230
f 2230 1102 1103
f 2230 1103 2231
f 2231 1103 1104
f 2231 1104 2232
f 2232 1104 1105
f 2232 1105 2233
f 2233 1105 1106
f 2233 1106 2234
f 2234 1106 1083
f 2234 1083 2211
f 2235 2247 2248
f 2235 2248 2236
f 2236 2248 2249
f 2236 2249 2237
f 2237 2249 2250
f 2237 2250 2238
f 2238 2250 2251
f 2238 2251 2239
f 2239 2251 2252
f 2239 2252 2240
f 2240 2252 2253
f 2240 2253 2241
f 2241 2253 2254
f 2241 2254 2242
f 2242 2254 2255
f 2242 2255 2243
f 2243 2255 2256
f 2243 2256 2244
f 2244 2256 2257
f 2244 2257 2245
f 2245 2257 2258
f 2245 2258 2246
f 2246 2258 2247
f 2246 2247 2235
f 2247 2259 2260
f 2247 2260 2248
f 2248 2260 2261
f 2248 2261 2249
f 2249 2261 2262
f 2249 2262 2250
f 2250 2262 2263
f 2250 2263 2251
f 2251 2263 2264
f 2251 2264 2252
f 2252 2264 2265
f 2252 2265 2253
f 2253 2265 2266
f 2253 2266 2254
f 2254 2266 2267
f 2254 2267 2255
f 2255 2267 2268
f 2255 2268 2256
f 2256 2268 2269
f 2256 2269 2257
f 2257 2269 2270
f 2257 2270 2258
f 2258 2270 2259
f 2258 2259 2247
f 2271 2236 2235
f 2272 2259 2260
f 2271 2237 2236
f 2272 2260 2261
f 2271 2238 2237
f 2272 2261 2262
f 2271 2239 2238
f 2272 2262 2263
f 2271 2240 2239
f 2272 2263 2264
f 2271 2241 2240
f 2272 2264 2265
f 2271 2242 2241
f 2272 2265 2266
f 2271 2243 2242
f 2272 2266 2267
f 2271 2244 2243
f 2272 2267 2268
f 2271 2245 2244
f 2272 2268 2269
f 2271 2246 2245
f 2272 2269 2270
f 2271 2235 2246
f 2272 2270 2259
f 2273 2285 2286
f 2273 2286 2274
f 2274 2286 2287
f 2274 2287 2275
f 2275 2287 2288
f 2275 2288 2276
f 2276 2288 2289
f 2276 2289 2277
f 2277 2289 2290
f 2277 2290 2278
f 2278 2290 2291
f 2278 2291 2279
f 2279 2291 2292
f 2279 2292 2280
f 2280 2292 2293
f 2280 2293 2281
f 2281 2293 2294
f 2281 2294 2282
f 2282 2294 2295
f 2282 2295 2283
f 2283 2295 2296
f 2283 2296 2284
f 2284 2296 2285
f 2284 2285 2273
f 2285 2297 2298
f 2285 2298 2286
f 2286 2298 2299
f 2286 2299 2287
f 2287 2299 2300
f 2287 2300 2288
f 2288 2300 2301
f 2288 2301 2289
f 2289 2301 2302
f 2289 2302 2290
f 2290 2302 2303
f 2290 2303 2291
f 2291 2303 2304
f 2291 2304 2292
f 2292 2304 2305
f 2292 2305 2293
f 2293 2305 2306
f 2293 2306 2294
f 2294 2306 2307
f 2294 2307 2295
f 2295 2307 2308
f 2295 2308 2296
f 2296 2308 2297
f 2296 2297 2285
f 2309 2274 2273
f 2310 2297 2298
f 2309 2275 2274
f 2310 2298 2299
f 2309 2276 2275
f 2310 2299 2300
f 2309 2277 2276
f 2310 2300 2301
f 2309 2278 2277
f 2310 2301 2302
f 2309 2279 2278
f 2310 2302 2303
f 2309 2280 2279
f 2310 2303 2304
f 2309 2281 2280
f 2310 2304 2305
f 2309 2282 2281
f 2310 2305 2306
f 2309 2283 2282
f 2310 2306 2307
f 2309 2284 2283
f 2310 2307 2308
f 2309 2273 2284
f 2310 2308 2297
f 2311 2323 2324
f 2311 2324 2312
f 2312 2324 2325
f 2312 2325 2313
f 2313 2325 2326
f 2313 2326 2314
f 2314 2326 2327
f 2314 2327 2315
f 2315 2327 2328
f 2315 2328 2316
f 2316 2328 2329
f 2316 2329 2317
f 2317 2329 2330
f 2317 2330 2318
f 2318 2330 2331
f 2318 2331 2319
f 2319 2331 2332
f 2319 2332 2320
f 2320 2332 2333
f 2320 2333 2321
f 2321 2333 2334
f 2321 2334 2322
f 2322 2334 2323
f 2322 2323 2311
f 2323 2335 2336
f 2323 2336 2324
f 2324 2336 2337
f 2324 2337 2325
f 2325 2337 2338
f 2325 2338 2326
f 2326 2338 2339
f 2326 2339 2327
f 2327 2339 2340
f 2327 2340 2328
f 2328 2340 2341
f 2328 2341 2329
f 2329 2341 2342
f 2329 2342 2330
f 2330 2342 2343
f 2330 2343 2331
f 2331 2343 2344
f 2331 2344 2332
f 2332 2344 2345
f 2332 2345 2333
f 2333 2345 2346
f 2333 2346 2334
f 2334 2346 2335
f 2334 2335 2323
f 2347 2312 2311
f 2348 2335 2336
f 2347 2313 2312
f 2348 2336 2337
f 2347 2314 2313
f 2348 2337 2338
f 2347 2315 2314
f 2348 2338 2339
f 2347 2316 2315
f 2348 2339 2340
f 2347 2317 2316
f 2348 2340 2341
f 2347 2318 2317
f 2348 2341 2342
f 2347 2319 2318
f 2348 2342 2343
f 2347 2320 2319
f 2348 2343 2344
f 2347 2321 2320
f 2348 2344 2345
f 2347 2322 2321
f 2348 2345 2346
f 2347 2311 2322
f 2348 2346 2335
f 2349 2361 2362
f 2349 2362 2350
f 2350 2362 2363
f 2350 2363 2351
f 2351 2363 2364
f 2351 2364 2352
f 2352 2364 2365
f 2352 2365 2353
f 2353 2365 2366
f 2353 2366 2354
f 2354 2366 2367
f 2354 2367 2355
f 2355 2367 2368
f 2355 2368 2356
f 2356 2368 2369
f 2356 2369 2357
f 2357 2369 2370
f 2357 2370 2358
f 2358 2370 2371
f 2358 2371 2359
f 2359 2371 2372
f 2359 2372 2360
f 2360 2372 2361
f 2360 2361 2349
f 2361 2373 2374
f 2361 2374 2362
f 2362 2374 2375
f 2362 2375 2363
f 2363 2375 2376
f 2363 2376 2364
f 2364 2376 2377
f 2364 2377 2365
f 2365 2377 2378
f 2365 2378 2366
f 2366 2378 2379
f 2366 2379 2367
f 2367 2379 2380
f 2367 2380 2368
f 2368 2380 2381
f 2368 2381 2369
f 2369 2381 2382
f 2369 2382 2370
f 2370 2382 2383
f 2370 2383 2371
f 2371 2383 2384
f 2371 2384 2372
f 2372 2384 2373
f 2372 2373 2361
f 2385 2350 2349
f 2386 2373 2374
f 2385 2351 2350
f 2386 2374 2375
f 2385 2352 2351
f 2386 2375 2376
f 2385 2353 2352
f 2386 2376 2377
f 2385 2354 2353
f 2386 2377 2378
f 2385 2355 2354
f 2386 2378 2379
f 2385 2356 2355
f 2386 2379 2380
f 2385 2357 2356
f 2386 2380 2381
f 2385 2358 2357
f 2386 2381 2382
f 2385 2359 2358
f 2386 2382 2383
f 2385 2360 2359
f 2386 2383 2384
f 2385 2349 2360
f 2386 2384 2373
f 2387 2419 2420
f 2387 2420 2388
f 2388 2420 2421
f 2388 2421 2389
f 2389 2421 2422
f 2389 2422 2390
f 2390 2422 2423
f 2390 2423 2391
f 2391 2423 2424
f 2391 2424 2392
f 2392 2424 2425
f 2392 2425 2393
f 2393 2425 2426
f 2393 2426 2394
f 2394 2426 2427
f 2394 2427 2395
f 2395 2427 2428
f 2395 2428 2396
f 2396 2428 2429
f 2396 2429 2397
f 2397 2429 2430
f 2397 2430 2398
f 2398 2430 2431
f 2398 2431 2399
f 2399 2431 2432
f 2399 2432 2400
f 2400 2432 2433
f 2400 2433 2401
f 2401 2433 2434
f 2401 2434 2402
f 2402 2434 2435
f 2402 2435 2403
f 2403 2435 2436
f 2403 2436 2404
f 2404 2436 2437
f 2404 2437 2405
f 2405 2437 2438
f 2405 2438 2406
f 2406 2438 2439
f 2406 2439 2407
f 2407 2439 2440
f 2407 2440 2408
f 2408 2440 2441
f 2408 2441 2409
f 2409 2441 2442
f 2409 2442 2410
f 2410 2442 2443
f 2410 2443 2411
f 2411 2443 2444
f 2411 2444 2412
f 2412 2444 2445
f 2412 2445 2413
f 2413 2445 2446
f 2413 2446 2414
f 2414 2446 2447
f 2414 2447 2415
f 2415 2447 2448
f 2415 2448 2416
f 2416 2448 2449
f 2416 2449 2417
f 2417 2449 2450
f 2417 2450 2418
f 2418 2450 2419
f 2418 2419 2387
f 2419 2451 2452
f 2419 2452 2420
f 2420 2452 2453
f 2420 2453 2421
f 2421 2453 2454
f 2421 2454 2422
f 2422 2454 2455
f 2422 2455 2423
f 2423 2455 2456
f 2423 2456 2424
f 2424 2456 2457
f 2424 2457 2425
f 2425 2457 2458
f 2425 2458 2426
f 2426 2458 2459
f 2426 2459 2427
f 2427 2459 2460
f 2427 2460 2428
f 2428 2460 2461
f 2428 2461 2429
f 2429 2461 2462
f 2429 2462 2430
f 2430 2462 2463
f 2430 2463 2431
f 2431 2463 2464
f 2431 2464 2432
f 2432 2464 2465
f 2432 2465 2433
f 2433 2465 2466
f 2433 2466 2434
f 2434 2466 2467
f 2434 2467 2435
f 2435 2467 2468
f 2435 2468 2436
f 2436 2468 2469
f 2436 2469 2437
f 2437 2469 2470
f 2437 2470 2438
f 2438 2470 2471
f 2438 2471 2439
f 2439 2471 2472
f 2439 2472 2440
f 2440 2472 2473
f 2440 2473 2441
f 2441 2473 2474
f 2441 2474 2442
f 2442 2474 2475
f 2442 2475 2443
f 2443 2475 2476
f 2443 2476 2444
f 2444 2476 2477
f 2444 2477 2445
f 2445 2477 2478
f 2445 2478 2446
f 2446 2478 2479
f 2446 2479 2447
f 2447 2479 2480
f 2447 2480 2448
f 2448 2480 2481
f 2448 2481 2449
f 2449 2481 2482
f 2449 2482 2450
f 2450 2482 2451
f 2450 2451 2419
f 2451 2483 2484
f 2451 2484 2452
f 2452 2484 2485
f 2452 2485 2453
f 2453 2485 2486
f 2453 2486 2454
f 2454 2486 2487
f 2454 2487 2455
f 2455 2487 2488
f 2455 2488 2456
f 2456 2488 2489
f 2456 2489 2457
f 2457 2489 2490
f 2457 2490 2458
f 2458 2490 2491
f 2458 2491 2459
f 2459 2491 2492
f 2459 2492 2460
f 2460 2492 2493
f 2460 2493 2461
f 2461 2493 2494
f 2461 2494 2462
f 2462 2494 2495
f 2462 2495 2463
f 2463 2495 2496
f 2463 2496 2464
f 2464 2496 2497
f 2464 2497 2465
f 2465 2497 2498
f 2465 2498 2466
f 2466 2498 2499
f 2466 2499 2467
f 2467 2499 2500
f 2467 2500 2468
f 2468 2500 2501
f 2468 2501 2469
f 2469 2501 2502
f 2469 2502 2470
f 2470 2502 2503
f 2470 2503 2471
f 2471 2503 2504
f 2471 2504 2472
f 2472 2504 2505
f 2472 2505 2473
f 2473 2505 2506
f 2473 2506 2474
f 2474 2506 2507
f 2474 2507 2475
f 2475 2507 2508
f 2475 2508 2476
f 2476 2508 2509
f 2476 2509 2477
f 2477 2509 2510
f 2477 2510 2478
f 2478 2510 2511
f 2478 2511 2479
f 2479 2511 2512
f 2479 2512 2480
f 2480 2512 2513
f 2480 2513 2481
f 2481 2513 2514
f 2481 2514 2482
f 2482 2514 2483
f 2482 2483 2451
f 2483 2515 2516
f 2483 2516 2484
f 2484 2516 2517
f 2484 2517 2485
f 2485 2517 2518
f 2485 2518 2486
f 2486 2518 2519
f 2486 2519 2487
f 2487 2519 2520
f 2487 2520 2488
f 2488 2520 2521
f 2488 2521 2489
f 2489 2521 2522
f 2489 2522 2490
f 2490 2522 2523
f 2490 2523 2491
f 2491 2523 2524
f 2491 2524 2492
f 2492 2524 2525
f 2492 2525 2493
f 2493 2525 2526
f 2493 2526 2494
f 2494 2526 2527
f 2494 2527 2495
f 2495 2527 2528
f 2495 2528 2496
f 2496 2528 2529
f 2496 2529 2497
f 2497 2529 2530
f 2497 2530 2498
f 2498 2530 2531
f 2498 2531 2499
f 2499 2531 2532
f 2499 2532 2500
f 2500 2532 2533
f 2500 2533 2501
f 2501 2533 2534
f 2501 2534 2502
f 2502 2534 2535
f 2502 2535 2503
f 2503 2535 2536
f 2503 2536 2504
f 2504 2536 2537
f 2504 2537 2505
f 2505 2537 2538
f 2505 2538 2506
f 2506 2538 2539
f 2506 2539 2507
f 2507 2539 2540
f 2507 2540 2508
f 2508 2540 2541
f 2508 2541 2509
f 2509 2541 2542
f 2509 2542 2510
f 2510 2542 2543
f 2510 2543 2511
f 2511 2543 2544
f 2511 2544 2512
f 2512 2544 2545
f 2512 2545 2513
f 2513 2545 2546
f 2513 2546 2514
f 2514 2546 2515
f 2514 2515 2483
f 2547 2388 2387
f 2548 2515 2516
f 2547 2389 2388
f 2548 2516 2517
f 2547 2390 2389
f 2548 2517 2518
f 2547 2391 2390
f 2548 2518 2519
f 2547 2392 2391
f 2548 2519 2520
f 2547 2393 2392
f 2548 2520 2521
f 2547 2394 2393
f 2548 2521 2522
f 2547 2395 2394
f 2548 2522 2523
f 2547 2396 2395
f 2548 2523 2524
f 2547 2397 2396
f 2548 2524 2525
f 2547 2398 2397
f 2548 2525 2526
f 2547 2399 2398
f 2548 2526 2527
f 2547 2400 2399
f 2548 2527 2528
f 2547 2401 2400
f 2548 2528 2529
f 2547 2402 2401
f 2548 2529 2530
f 2547 2403 2402
f 2548 2530 2531
f 2547 2404 2403
f 2548 2531 2532
f 2547 2405 2404
f 2548 2532 2533
f 2547 2406 2405
f 2548 2533 2534
f 2547 2407 2406
f 2548 2534 2535
f 2547 2408 2407
f 2548 2535 2536
f 2547 2409 2408
f 2548 2536 2537
f 2547 2410 2409
f 2548 2537 2538
f 2547 2411 2410
f 2548 2538 2539
f 2547 2412 2411
f 2548 2539 2540
f 2547 2413 2412
f 2548 2540 2541
f 2547 2414 2413
f 2548 2541 2542
f 2547 2415 2414
f 2548 2542 2543
f 2547 2416 2415
f 2548 2543 2544
f 2547 2417 2416
f 2548 2544 2545
f 2547 2418 2417
f 2548 2545 2546
f 2547 2387 2418
f 2548 2546 2515
f 2549 2550 2551
f 2549 2551 2552
f 2549 2552 2553
f 2549 2553 2554
f 2549 2554 2555
f 2549 2555 2556
f 2549 2556 2557
f 2549 2557 2558
f 2549 2558 2559
f 2549 2559 2560
f 2549 2560 2561
f 2549 2561 2562
f 2549 2562 2563
f 2549 2563 2564
f 2549 2564 2565
f 2549 2565 2566
f 2549 2566 2567
f 2549 2567 2568
f 2549 2568 2569
f 2549 2569 2570
f 2549 2570 2571
f 2549 2571 2572
f 2549 2572 2573
f 2549 2573 2574
f 2549 2574 2575
f 2549 2575 2576
f 2549 2576 2577
f 2549 2577 2578
f 2549 2578 2579
f 2549 2579 2580
f 2549 2580 2581
f 2549 2581 2582
f 2549 2582 2583
f 2549 2583 2584
f 2549 2584 2585
f 2549 2585 2550
f 2550 2586 2587
f 2550 2587 2551
f 2551 2587 2588
f 2551 2588 2552
f 2552 2588 2589
f 2552 2589 2553
f 2553 2589 2590
f 2553 2590 2554
f 2554 2590 2591
f 2554 2591 2555
f 2555 2591 2592
f 2555 2592 2556
f 2556 2592 2593
f 2556 2593 2557
f 2557 2593 2594
f 2557 2594 2558
f 2558 2594 2595
f 2558 2595 2559
f 2559 2595 2596
f 2559 2596 2560
f 2560 2596 2597
f 2560 2597 2561
f 2561 2597 2598
f 2561 2598 2562
f 2562 2598 2599
f 2562 2599 2563
f 2563 2599 2600
f 2563 2600 2564
f 2564 2600 2601
f 2564 2601 2565
f 2565 2601 2602
f 2565 2602 2566
f 2566 2602 2603
f 2566 2603 2567
f 2567 2603 2604
f 2567 2604 2568
f 2568 2604 2605
f 2568 2605 2569
f 2569 2605 2606
f 2569 2606 2570
f 2570 2606 2607
f 2570 2607 2571
f 2571 2607 2608
f 2571 2608 2572
f 2572 2608 2609
f 2572 2609 2573
f 2573 2609 2610
f 2573 2610 2574
f 2574 2610 2611
f 2574 2611 2575
f 2575 2611 2612
f 2575 2612 2576
f 2576 2612 2613
f 2576 2613 2577
f 2577 2613 2614
f 2577 2614 2578
f 2578 2614 2615
f 2578 2615 2579
f 2579 2615 2616
f 2579 2616 2580
f 2580 2616 2617
f 2580 2617 2581
f 2581 2617 2618
f 2581 2618 2582
f 2582 2618 2619
f 2582 2619 2583
f 2583 2619 2620
f 2583 2620 2584
f 2584 2620 2621
f 2584 2621 2585
f 2585 2621 2586
f 2585 2586 2550
f 2586 2622 2623
f 2586 2623 2587
f 2587 2623 2624
f 2587 2624 2588
f 2588 2624 2625
f 2588 2625 2589
f 2589 2625 2626
f 2589 2626 2590
f 2590 2626 2627
f 2590 2627 2591
f 2591 2627 2628
f 2591 2628 2592
f 2592 2628 2629
f 2592 2629 2593
f 2593 2629 2630
f 2593 2630 2594
f 2594 2630 2631
f 2594 2631 2595
f 2595 2631 2632
f 2595 2632 2596
f 2596 2632 2633
f 2596 2633 2597
f 2597 2633 2634
f 2597 2634 2598
f 2598 2634 2635
f 2598 2635 2599
f 2599 2635 2636
f 2599 2636 2600
f 2600 2636 2637
f 2600 2637 2601
f 2601 2637 2638
f 2601 2638 2602
f 2602 2638 2639
f 2602 2639 2603
f 2603 2639 2640
f 2603 2640 2604
f 2604 2640 2641
f 2604 2641 2605
f 2605 2641 2642
f 2605 2642 2606
f 2606 2642 2643
f 2606 2643 2607
f 2607 2643 2644
f 2607 2644 2608
f 2608 2644 2645
f 2608 2645 2609
f 2609 2645 2646
f 2609 2646 2610
f 2610 2646 2647
f 2610 2647 2611
f 2611 2647 2648
f 2611 2648 2612
f 2612 2648 2649
f 2612 2649 2613
f 2613 2649 2650
f 2613 2650 2614
f 2614 2650 2651
f 2614 2651 2615
f 2615 2651 2652
f 2615 2652 2616
f 2616 2652 2653
f 2616 2653 2617
f 2617 2653 2654
f 2617 2654 2618
f 2618 2654 2655
f 2618 2655 2619
f 2619 2655 2656
f 2619 2656 2620
f 2620 2656 2657
f 2620 2657 2621
f 2621 2657 2622
f 2621 2622 2586
f 2622 2658 2659
f 2622 2659 2623
f 2623 2659 2660
f 2623 2660 2624
f 2624 2660 2661
f 2624 2661 2625
f 2625 2661 2662
f 2625 2662 2626
f 2626 2662 2663
f 2626 2663 2627
f 2627 2663 2664
f 2627 2664 2628
f 2628 2664 2665
f 2628 2665 2629
f 2629 2665 2666
f 2629 2666 2630
f 2630 2666 2667
f 2630 2667 2631
f 2631 2667 2668
f 2631 2668 2632
f 2632 2668 2669
f 2632 2669 2633
f 2633 2669 2670
f 2633 2670 2634
f 2634 2670 2671
f 2634 2671 2635
f 2635 2671 2672
f 2635 2672 2636
f 2636 2672 2673
f 2636 2673 2637
f 2637 2673 2674
f 2637 2674 2638
f 2638 2674 2675
f 2638 2675 2639
f 2639 2675 2676
f 2639 2676 2640
f 2640 2676 2677
f 2640 2677 2641
f 2641 2677 2678
f 2641 2678 2642
f 2642 2678 2679
f 2642 2679 2643
f 2643 2679 2680
f 2643 2680 2644
f 2644 2680 2681
f 2644 2681 2645
f 2645 2681 2682
f 2645 2682 2646
f 2646 2682 2683
f 2646 2683 2647
f 2647 2683 2684
f 2647 2684 2648
f 2648 2684 2685
f 2648 2685 2649
f 2649 2685 2686
f 2649 2686 2650
f 2650 2686 2687
f 2650 2687 2651
f 2651 2687 2688
f 2651 2688 2652
f 2652 2688 2689
f 2652 2689 2653
f 2653 2689 2690
f 2653 2690 2654
f 2654 2690 2691
f 2654 2691 2655
f 2655 2691 2692
f 2655 2692 2656
f 2656 2692 2693
f 2656 2693 2657
f 2657 2693 2658
f 2657 2658 2622
f 2658 2694 2695
f 2658 2695 2659
f 2659 2695 2696
f 2659 2696 2660
f 2660 2696 2697
f 2660 2697 2661
f 2661 2697 2698
f 2661 2698 2662
f 2662 2698 2699
f 2662 2699 2663
f 2663 2699 2700
f 2663 2700 2664
f 2664 2700 2701
f 2664 2701 2665
f 2665 2701 2702
f 2665 2702 2666
f 2666 2702 2703
f 2666 2703 2667
f 2667 2703 2704
f 2667 2704 2668
f 2668 2704 2705
f 2668 2705 2669
f 2669 2705 2706
f 2669 2706 2670
f 2670 2706 2707
f 2670 2707 2671
f 2671 2707 2708
f 2671 2708 2672
f 2672 2708 2709
f 2672 2709 2673
f 2673 2709 2710
f 2673 2710 2674
f 2674 2710 2711
f 2674 2711 2675
f 2675 2711 2712
f 2675 2712 2676
f 2676 2712 2713
f 2676 2713 2677
f 2677 2713 2714
f 2677 2714 2678
f 2678 2714 2715
f 2678 2715 2679
f 2679 2715 2716
f 2679 2716 2680
f 2680 2716 2717
f 2680 2717 2681
f 2681 2717 2718
f 2681 2718 2682
f 2682 2718 2719
f 2682 2719 2683
f 2683 2719 2720
f 2683 2720 2684
f 2684 2720 2721
f 2684 2721 2685
f 2685 2721 2722
f 2685 2722 2686
f 2686 2722 2723
f 2686 2723 2687
f 2687 2723 2724
f 2687 2724 2688
f 2688 2724 2725
f 2688 2725 2689
f 2689 2725 2726
f 2689 2726 2690
f 2690 2726 2727
f 2690 2727 2691
f 2691 2727 2728
f 2691 2728 2692
f 2692 2728 2729
f 2692 2729 2693
f 2693 2729 2694
f 2693 2694 2658
f 2694 2730 2731
f 2694 2731 2695
f 2695 2731 2732
f 2695 2732 2696
f 2696 2732 2733
f 2696 2733 2697
f 2697 2733 2734
f 2697 2734 2698
f 2698 2734 2735
f 2698 2735 2699
f 2699 2735 2736
f 2699 2736 2700
f 2700 2736 2737
f 2700 2737 2701
f 2701 2737 2738
f 2701 2738 2702
f 2702 2738 2739
f 2702 2739 2703
f 2703 2739 2740
f 2703 2740 2704
f 2704 2740 2741
f 2704 2741 2705
f 2705 2741 2742
f 2705 2742 2706
f 2706 2742 2743
f 2706 2743 2707
f 2707 2743 2744
f 2707 2744 2708
f 2708 2744 2745
f 2708 2745 2709
f 2709 2745 2746
f 2709 2746 2710
f 2710 2746 2747
f 2710 2747 2711
f 2711 2747 2748
f 2711 2748 2712
f 2712 2748 2749
f 2712 2749 2713
f 2713 2749 2750
f 2713 2750 2714
f 2714 2750 2751
f 2714 2751 2715
f 2715 2751 2752
f 2715 2752 2716
f 2716 2752 2753
f 2716 2753 2717
f 2717 2753 2754
f 2717 2754 2718
f 2718 2754 2755
f 2718 2755 2719
f 2719 2755 2756
f 2719 2756 2720
f 2720 2756 2757
f 2720 2757 2721
f 2721 2757 2758
f 2721 2758 2722
f 2722 2758 2759
f 2722 2759 2723
f 2723 2759 2760
f 2723 2760 2724
f 2724 2760 2761
f 2724 2761 2725
f 2725 2761 2762
f 2725 2762 2726
f 2726 2762 2763
f 2726 2763 2727
f 2727 2763 2764
f 2727 2764 2728
f 2728 2764 2765
f 2728 2765 2729
f 2729 2765 2730
f 2729 2730 2694
f 2730 2766 2767
f 2730 2767 2731
f 2731 2767 2768
f 2731 2768 2732
f 2732 2768 2769
f 2732 2769 2733
f 2733 2769 2770
f 2733 2770 2734
f 2734 2770 2771
f 2734 2771 2735
f 2735 2771 2772
f 2735 2772 2736
f 2736 2772 2773
f 2736 2773 2737
f 2737 2773 2774
f 2737 2774 2738
f 2738 2774 2775
f 2738 2775 2739
f 2739 2775 2776
f 2739 2776 2740
f 2740 2776 2777
f 2740 2777 2741
f 2741 2777 2778
f 2741 2778 2742
f 2742 2778 2779
f 2742 2779 2743
f 2743 2779 2780
f 2743 2780 2744
f 2744 2780 2781
f 2744 2781 2745
f 2745 2781 2782
f 2745 2782 2746
f 2746 2782 2783
f 2746 2783 2747
f 2747 2783 2784
f 2747 2784 2748
f 2748 2784 2785
f 2748 2785 2749
f 2749 2785 2786
f 2749 2786 2750
f 2750 2786 2787
f 2750 2787 2751
f 2751 2787 2788
f 2751 2788 2752
f 2752 2788 2789
f 2752 2789 2753
f 2753 2789 2790
f 2753 2790 2754
f 2754 2790 2791
f 2754 2791 2755
f 2755 2791 2792
f 2755 2792 2756
f 2756 2792 2793
f 2756 2793 2757
f 2757 2793 2794
f 2757 2794 2758
f 2758 2794 2795
f 2758 2795 2759
f 2759 2795 2796
f 2759 2796 2760
f 2760 2796 2797
f 2760 2797 2761
f 2761 2797 2798
f 2761 2798 2762
f 2762 2798 2799
f 2762 2799 2763
f 2763 2799 2800
f 2763 2800 2764
f 2764 2800 2801
f 2764 2801 2765
f 2765 2801 2766
f 2765 2766 2730
f 2766 2802 2803
f 2766 2803 2767
f 2767 2803 2804
f 2767 2804 2768
f 2768 2804 2805
f 2768 2805 2769
f 2769 2805 2806
f 2769 2806 2770
f 2770 2806 2807
f 2770 2807 2771
f 2771 2807 2808
f 2771 2808 2772
f 2772 2808 2809
f 2772 2809 2773
f 2773 2809 2810
f 2773 2810 2774
f 2774 2810 2811
f 2774 2811 2775
f 2775 2811 2812
f 2775 2812 2776
f 2776 2812 2813
f 2776 2813 2777
f 2777 2813 2814
f 2777 2814 2778
f 2778 2814 2815
f 2778 2815 2779
f 2779 2815 2816
f 2779 2816 2780
f 2780 2816 2817
f 2780 2817 2781
f 2781 2817 2818
f 2781 2818 2782
f 2782 2818 2819
f 2782 2819 2783
f 2783 2819 2820
f 2783 2820 2784
f 2784 2820 2821
f 2784 2821 2785
f 2785 2821 2822
f 2785 2822 2786
f 2786 2822 2823
f 2786 2823 2787
f 2787 2823 2824
f 2787 2824 2788
f 2788 2824 2825
f 2788 2825 2789
f 2789 2825 2826
f 2789 2826 2790
f 2790 2826 2827
f 2790 2827 2791
f 2791 2827 2828
f 2791 2828 2792
f 2792 2828 2829
f 2792 2829 2793
f 2793 2829 2830
f 2793 2830 2794
f 2794 2830 2831
f 2794 2831 2795
f 2795 2831 2832
f 2795 2832 2796
f 2796 2832 2833
f 2796 2833 2797
f 2797 2833 2834
f 2797 2834 2798
f 2798 2834 2835
f 2798 2835 2799
f 2799 2835 2836
f 2799 2836 2800
f 2800 2836 2837
f 2800 2837 2801
f 2801 2837 2802
f 2801 2802 2766
f 2802 2838 2839
f 2802 2839 2803
f 2803 2839 2840
f 2803 2840 2804
f 2804 2840 2841
f 2804 2841 2805
f 2805 2841 2842
f 2805 2842 2806
f 2806 2842 2843
f 2806 2843 2807
f 2807 2843 2844
f 2807 2844 2808
f 2808 2844 2845
f 2808 2845 2809
f 2809 2845 2846
f 2809 2846 2810
f 2810 2846 2847
f 2810 2847 2811
f 2811 2847 2848
f 2811 2848 2812
f 2812 2848 2849
f 2812 2849 2813
f 2813 2849 2850
f 2813 2850 2814
f 2814 2850 2851
f 2814 2851 2815
f 2815 2851 2852
f 2815 2852 2816
f 2816 2852 2853
f 2816 2853 2817
f 2817 2853 2854
f 2817 2854 2818
f 2818 2854 2855
f 2818 2855 2819
f 2819 2855 2856
f 2819 2856 2820
f 2820 2856 2857
f 2820 2857 2821
f 2821 2857 2858
f 2821 2858 2822
f 2822 2858 2859
f 2822 2859 2823
f 2823 2859 2860
f 2823 2860 2824
f 2824 2860 2861
f 2824 2861 2825
f 2825 2861 2862
f 2825 2862 2826
f 2826 2862 2863
f 2826 2863 2827
f 2827 2863 2864
f 2827 2864 2828
f 2828 2864 2865
f 2828 2865 2829
f 2829 2865 2866
f 2829 2866 2830
f 2830 2866 2867
f 2830 2867 2831
f 2831 2867 2868
f 2831 2868 2832
f 2832 2868 2869
f 2832 2869 2833
f 2833 2869 2870
f 2833 2870 2834
f 2834 2870 2871
f 2834 2871 2835
f 2835 2871 2872
f 2835 2872 2836
f 2836 2872 2873
f 2836 2873 2837
f 2837 2873 2838
f 2837 2838 2802
f 2838 2874 2875
f 2838 2875 2839
f 2839 2875 2876
f 2839 2876 2840
f 2840 2876 2877
f 2840 2877 2841
f 2841 2877 2878
f 2841 2878 2842
f 2842 2878 2879
f 2842 2879 2843
f 2843 2879 2880
f 2843 2880 2844
f 2844 2880 2881
f 2844 2881 2845
f 2845 2881 2882
f 2845 2882 2846
f 2846 2882 2883
f 2846 2883 2847
f 2847 2883 2884
f 2847 2884 2848
f 2848 2884 2885
f 2848 2885 2849
f 2849 2885 2886
f 2849 2886 2850
f 2850 2886 2887
f 2850 2887 2851
f 2851 2887 2888
f 2851 2888 2852
f 2852 2888 2889
f 2852 2889 2853
f 2853 2889 2890
f 2853 2890 2854
f 2854 2890 2891
f 2854 2891 2855
f 2855 2891 2892
f 2855 2892 2856
f 2856 2892 2893
f 2856 2893 2857
f 2857 2893 2894
f 2857 2894 2858
f 2858 2894 2895
f 2858 2895 2859
f 2859 2895 2896
f 2859 2896 2860
f 2860 2896 2897
f 2860 2897 2861
f 2861 2897 2898
f 2861 2898 2862
f 2862 2898 2899
f 2862 2899 2863
f 2863 2899 2900
f 2863 2900 2864
f 2864 2900 2901
f 2864 2901 2865
f 2865 2901 2902
f 2865 2902 2866
f 2866 2902 2903
f 2866 2903 2867
f 2867 2903 2904
f 2867 2904 2868
f 2868 2904 2905
f 2868 2905 2869
f 2869 2905 2906
f 2869 2906 2870
f 2870 2906 2907
f 2870 2907 2871
f 2871 2907 2908
f 2871 2908 2872
f 2872 2908 2909
f 2872 2909 2873
f 2873 2909 2874
f 2873 2874 2838
f 2910 2918 2919
f 2910 2919 2911
f 2911 2919 2920
f 2911 2920 2912
f 2912 2920 2921
f 2912 2921 2913
f 2913 2921 2922
f 2913 2922 2914
f 2914 2922 2923
f 2914 2923 2915
f 2915 2923 2924
f 2915 2924 2916
f 2916 2924 2925
f 2916 2925 2917
f 2917 2925 2918
f 2917 2918 2910
f 2918 2926 2927
f 2918 2927 2919
f 2919 2927 2928
f 2919 2928 2920
f 2920 2928 2929
f 2920 2929 2921
f 2921 2929 2930
f 2921 2930 2922
f 2922 2930 2931
f 2922 2931 2923
f 2923 2931 2932
f 2923 2932 2924
f 2924 2932 2933
f 2924 2933 2925
f 2925 2933 2926
f 2925 2926 2918
f 2934 2911 2910
f 2935 2926 2927
f 2934 2912 2911
f 2935 2927 2928
f 2934 2913 2912
f 2935 2928 2929
f 2934 2914 2913
f 2935 2929 2930
f 2934 2915 2914
f 2935 2930 2931
f 2934 2916 2915
f 2935 2931 2932
f 2934 2917 2916
f 2935 2932 2933
f 2934 2910 2917
f 2935 2933 2926
f 2936 2938 2937
f 2936 2939 2938
f 2940 2941 2942
f 2940 2942 2943
f 2936 2940 2943
f 2936 2943 2939
f 2937 2938 2942
f 2937 2942 2941
f 2939 2943 2942
f 2939 2942 2938
f 2936 2937 2941
f 2936 2941 2940
f 2944 2946 2945
f 2944 2947 2946
f 2948 2949 2950
f 2948 2950 2951
f 2944 2948 2951
f 2944 2951 2947
f 2945 2946 2950
f 2945 2950 2949
f 2947 2951 2950
f 2947 2950 2946
f 2944 2945 2949
f 2944 2949 2948
f 2952 2976 2977
f 2952 2977 2953
f 2953 2977 2978
f 2953 2978 2954
f 2954 2978 2979
f 2954 2979 2955
f 2955 2979 2980
f 2955 2980 2956
f 2956 2980 2981
f 2956 2981 2957
f 2957 2981 2982
f 2957 2982 2958
f 2958 2982 2983
f 2958 2983 2959
f 2959 2983 2984
f 2959 2984 2960
f 2960 2984 2985
f 2960 2985 2961
f 2961 2985 2986
f 2961 2986 2962
f 2962 2986 2987
f 2962 2987 2963
f 2963 2987 2988
f 2963 2988 2964
f 2964 2988 2989
f 2964 2989 2965
f 2965 2989 2990
f 2965 2990 2966
f 2966 2990 2991
f 2966 2991 2967
f 2967 2991 2992
f 2967 2992 2968
f 2968 2992 2993
f 2968 2993 2969
f 2969 2993 2994
f 2969 2994 2970
f 2970 2994 2995
f 2970 2995 2971
f 2971 2995 2996
f 2971 2996 2972
f 2972 2996 2997
f 2972 2997 2973
f 2973 2997 2998
f 2973 2998 2974
f 2974 2998 2999
f 2974 2999 2975
f 2975 2999 2976
f 2975 2976 2952
f 2976 3000 3001
f 2976 3001 2977
f 2977 3001 3002
f 2977 3002 2978
f 2978 3002 3003
f 2978 3003 2979
f 2979 3003 3004
f 2979 3004 2980
f 2980 3004 3005
f 2980 3005 2981
f 2981 3005 3006
f 2981 3006 2982
f 2982 3006 3007
f 2982 3007 2983
f 2983 3007 3008
f 2983 3008 2984
f 2984 3008 3009
f 2984 3009 2985
f 2985 3009 3010
f 2985 3010 2986
f 2986 3010 3011
f 2986 3011 2987
f 2987 3011 3012
f 2987 3012 2988
f 2988 3012 3013
f 2988 3013 2989
f 2989 3013 3014
f 2989 3014 2990
f 2990 3014 3015
f 2990 3015 2991
f 2991 3015 3016
f 2991 3016 2992
f 2992 3016 3017
f 2992 3017 2993
f 2993 3017 3018
f 2993 3018 2994
f 2994 3018 3019
f 2994 3019 2995
f 2995 3019 3020
f 2995 3020 2996
f 2996 3020 3021
f 2996 3021 2997
f 2997 3021 3022
f 2997 3022 2998
f 2998 3022 3023
f 2998 3023 2999
f 2999 3023 3000
f 2999 3000 2976
f 3000 3024 3025
f 3000 3025 3001
f 3001 3025 3026
f 3001 3026 3002
f 3002 3026 3027
f 3002 3027 3003
f 3003 3027 3028
f 3003 3028 3004
f 3004 3028 3029
f 3004 3029 3005
f 3005 3029 3030
f 3005 3030 3006
f 3006 3030 3031
f 3006 3031 3007
f 3007 3031 3032
f 3007 3032 3008
f 3008 3032 3033
f 3008 3033 3009
f 3009 3033 3034
f 3009 3034 3010
f 3010 3034 3035
f 3010 3035 3011
f 3011 3035 3036
f 3011 3036 3012
f 3012 3036 3037
f 3012 3037 3013
f 3013 3037 3038
f 3013 3038 3014
f 3014 3038 3039
f 3014 3039 3015
f 3015 3039 3040
f 3015 3040 3016
f 3016 3040 3041
f 3016 3041 3017
f 3017 3041 3042
f 3017 3042 3018
f 3018 3042 3043
f 3018 3043 3019
f 3019 3043 3044
f 3019 3044 3020
f 3020 3044 3045
f 3020 3045 3021
f 3021 3045 3046
f 3021 3046 3022
f 3022 3046 3047
f 3022 3047 3023
f 3023 3047 3024
f 3023 3024 3000
f 3024 3048 3049
f 3024 3049 3025
f 3025 3049 3050
f 3025 3050 3026
f 3026 3050 3051
f 3026 3051 3027
f 3027 3051 3052
f 3027 3052 3028
f 3028 3052 3053
f 3028 3053 3029
f 3029 3053 3054
f 3029 3054 3030
f 3030 3054 3055
f 3030 3055 3031
f 3031 3055 3056
f 3031 3056 3032
f 3032 3056 3057
f 3032 3057 3033
f 3033 3057 3058
f 3033 3058 3034
f 3034 3058 3059
f 3034 3059 3035
f 3035 3059 3060
f 3035 3060 3036
f 3036 3060 3061
f 3036 3061 3037
f 3037 3061 3062
f 3037 3062 3038
f 3038 3062 3063
f 3038 3063 3039
f 3039 3063 3064
f 3039 3064 3040
f 3040 3064 3065
f 3040 3065 3041
f 3041 3065 3066
f 3041 3066 3042
f 3042 3066 3067
f 3042 3067 3043
f 3043 3067 3068
f 3043 3068 3044
f 3044 3068 3069
f 3044 3069 3045
f 3045 3069 3070
f 3045 3070 3046
f 3046 3070 3071
f 3046 3071 3047
f 3047 3071 3048
f 3047 3048 3024
f 3072 2953 2952
f 3073 3048 3049
f 3072 2954 2953
f 3073 3049 3050
f 3072 2955 2954
f 3073 3050 3051
f 3072 2956 2955
f 3073 3051 3052
f 3072 2957 2956
f 3073 3052 3053
f 3072 2958 2957
f 3073 3053 3054
f 3072 2959 2958
f 3073 3054 3055
f 3072 2960 2959
f 3073 3055 3056
f 3072 2961 2960
f 3073 3056 3057
f 3072 2962 2961
f 3073 3057 3058
f 3072 2963 2962
f 3073 3058 3059
f 3072 2964 2963
f 3073 3059 3060
f 3072 2965 2964
f 3073 3060 3061
f 3072 2966 2965
f 3073 3061 3062
f 3072 2967 2966
f 3073 3062 3063
f 3072 2968 2967
f 3073 3063 3064
f 3072 2969 2968
f 3073 3064 3065
f 3072 2970 2969
f 3073 3065 3066
f 3072 2971 2970
f 3073 3066 3067
f 3072 2972 2971
f 3073 3067 3068
f 3072 2973 2972
f 3073 3068 3069
f 3072 2974 2973
f 3073 3069 3070
f 3072 2975 2974
f 3073 3070 3071
f 3072 2952 2975
f 3073 3071 3048
f 3074 3098 3099
f 3074 3099 3075
f 3075 3099 3100
f 3075 3100 3076
f 3076 3100 3101
f 3076 3101 3077
f 3077 3101 3102
f 3077 3102 3078
f 3078 3102 3103
f 3078 3103 3079
f 3079 3103 3104
f 3079 3104 3080
f 3080 3104 3105
f 3080 3105 3081
f 3081 3105 3106
f 3081 3106 3082
f 3082 3106 3107
f 3082 3107 3083
f 3083 3107 3108
f 3083 3108 3084
f 3084 3108 3109
f 3084 3109 3085
f 3085 3109 3110
f 3085 3110 3086
f 3086 3110 3111
f 3086 3111 3087
f 3087 3111 3112
f 3087 3112 3088
f 3088 3112 3113
f 3088 3113 3089
f 3089 3113 3114
f 3089 3114 3090
f 3090 3114 3115
f 3090 3115 3091
f 3091 3115 3116
f 3091 3116 3092
f 3092 3116 3117
f 3092 3117 3093
f 3093 3117 3118
f 3093 3118 3094
f 3094 3118 3119
f 3094 3119 3095
f 3095 3119 3120
f 3095 3120 3096
f 3096 3120 3121
f 3096 3121 3097
f 3097 3121 3098
f 3097 3098 3074
f 3098 3122 3123
f 3098 3123 3099
f 3099 3123 3124
f 3099 3124 3100
f 3100 3124 3125
f 3100 3125 3101
f 3101 3125 3126
f 3101 3126 3102
f 3102 3126 3127
f 3102 3127 3103
f 3103 3127 3128
f 3103 3128 3104
f 3104 3128 3129
f 3104 3129 3105
f 3105 3129 3130
f 3105 3130 3106
f 3106 3130 3131
f 3106 3131 3107
f 3107 3131 3132
f 3107 3132 3108
f 3108 3132 3133
f 3108 3133 3109
f 3109 3133 3134
f 3109 3134 3110
f 3110 3134 3135
f 3110 3135 3111
f 3111 3135 3136
f 3111 3136 3112
f 3112 3136 3137
f 3112 3137 3113
f 3113 3137 3138
f 3113 3138 3114
f 3114 3138 3139
f 3114 3139 3115
f 3115 3139 3140
f 3115 3140 3116
f 3116 3140 3141
f 3116 3141 3117
f 3117 3141 3142
f 3117 3142 3118
f 3118 3142 3143
f 3118 3143 3119
f 3119 3143 3144
f 3119 3144 3120
f 3120 3144 3145
f 3120 3145 3121
f 3121 3145 3122
f 3121 3122 3098
f 3122 3146 3147
f 3122 3147 3123
f 3123 3147 3148
f 3123 3148 3124
f 3124 3148 3149
f 3124 3149 3125
f 3125 3149 3150
f 3125 3150 3126
f 3126 3150 3151
f 3126 3151 3127
f 3127 3151 3152
f 3127 3152 3128
f 3128 3152 3153
f 3128 3153 3129
f 3129 3153 3154
f 3129 3154 3130
f 3130 3154 3155
f 3130 3155 3131
f 3131 3155 3156
f 3131 3156 3132
f 3132 3156 3157
f 3132 3157 3133
f 3133 3157 3158
f 3133 3158 3134
f 3134 3158 3159
f 3134 3159 3135
f 3135 3159 3160
f 3135 3160 3136
f 3136 3160 3161
f 3136 3161 3137
f 3137 3161 3162
f 3137 3162 3138
f 3138 3162 3163
f 3138 3163 3139
f 3139 3163 3164
f 3139 3164 3140
f 3140 3164 3165
f 3140 3165 3141
f 3141 3165 3166
f 3141 3166 3142
f 3142 3166 3167
f 3142 3167 3143
f 3143 3167 3168
f 3143 3168 3144
f 3144 3168 3169
f 3144 3169 3145
f 3145 3169 3146
f 3145 3146 3122
f 3146 3170 3171
f 3146 3171 3147
f 3147 3171 3172
f 3147 3172 3148
f 3148 3172 3173
f 3148 3173 3149
f 3149 3173 3174
f 3149 3174 3150
f 3150 3174 3175
f 3150 3175 3151
f 3151 3175 3176
f 3151 3176 3152
f 3152 3176 3177
f 3152 3177 3153
f 3153 3177 3178
f 3153 3178 3154
f 3154 3178 3179
f 3154 3179 3155
f 3155 3179 3180
f 3155 3180 3156
f 3156 3180 3181
f 3156 3181 3157
f 3157 3181 3182
f 3157 3182 3158
f 3158 3182 3183
f 3158 3183 3159
f 3159 3183 3184
f 3159 3184 3160
f 3160 3184 3185
f 3160 3185 3161
f 3161 3185 3186
f 3161 3186 3162
f 3162 3186 3187
f 3162 3187 3163
f 3163 3187 3188
f 3163 3188 3164
f 3164 3188 3189
f 3164 3189 3165
f 3165 3189 3190
f 3165 3190 3166
f 3166 3190 3191
f 3166 3191 3167
f 3167 3191 3192
f 3167 3192 3168
f 3168 3192 3193
f 3168 3193 3169
f 3169 3193 3170
f 3169 3170 3146
f 3194 3075 3074
f 3195 3170 3171
f 3194 3076 3075
f 3195 3171 3172
f 3194 3077 3076
f 3195 3172 3173
f 3194 3078 3077
f 3195 3173 3174
f 3194 3079 3078
f 3195 3174 3175
f 3194 3080 3079
f 3195 3175 3176
f 3194 3081 3080
f 3195 3176 3177
f 3194 3082 3081
f 3195 3177 3178
f 3194 3083 3082
f 3195 3178 3179
f 3194 3084 3083
f 3195 3179 3180
f 3194 3085 3084
f 3195 3180 3181
f 3194 3086 3085
f 3195 3181 3182
f 3194 3087 3086
f 3195 3182 3183
f 3194 3088 3087
f 3195 3183 3184
f 3194 3089 3088
f 3195 3184 3185
f 3194 3090 3089
f 3195 3185 3186
f 3194 3091 3090
f 3195 3186 3187
f 3194 3092 3091
f 3195 3187 3188
f 3194 3093 3092
f 3195 3188 3189
f 3194 3094 3093
f 3195 3189 3190
f 3194 3095 3094
f 3195 3190 3191
f 3194 3096 3095
f 3195 3191 3192
f 3194 3097 3096
f 3195 3192 3193
f 3194 3074 3097
f 3195 3193 3170
f 3196 3220 3221
f 3196 3221 3197
f 3197 3221 3222
f 3197 3222 3198
f 3198 3222 3223
f 3198 3223 3199
f 3199 3223 3224
f 3199 3224 3200
f 3200 3224 3225
f 3200 3225 3201
f 3201 3225 3226
f 3201 3226 3202
f 3202 3226 3227
f 3202 3227 3203
f 3203 3227 3228
f 3203 3228 3204
f 3204 3228 3229
f 3204 3229 3205
f 3205 3229 3230
f 3205 3230 3206
f 3206 3230 3231
f 3206 3231 3207
f 3207 3231 3232
f 3207 3232 3208
f 3208 3232 3233
f 3208 3233 3209
f 3209 3233 3234
f 3209 3234 3210
f 3210 3234 3235
f 3210 3235 3211
f 3211 3235 3236
f 3211 3236 3212
f 3212 3236 3237
f 3212 3237 3213
f 3213 3237 3238
f 3213 3238 3214
f 3214 3238 3239
f 3214 3239 3215
f 3215 3239 3240
f 3215 3240 3216
f 3216 3240 3241
f 3216 3241 3217
f 3217 3241 3242
f 3217 3242 3218
f 3218 3242 3243
f 3218 3243 3219
f 3219 3243 3220
f 3219 3220 3196
f 3220 3244 3245
f 3220 3245 3221
f 3221 3245 3246
f 3221 3246 3222
f 3222 3246 3247
f 3222 3247 3223
f 3223 3247 3248
f 3223 3248 3224
f 3224 3248 3249
f 3224 3249 3225
f 3225 3249 3250
f 3225 3250 3226
f 3226 3250 3251
f 3226 3251 3227
f 3227 3251 3252
f 3227 3252 3228
f 3228 3252 3253
f 3228 3253 3229
f 3229 3253 3254
f 3229 3254 3230
f 3230 3254 3255
f 3230 3255 3231
f 3231 3255 3256
f 3231 3256 3232
f 3232 3256 3257
f 3232 3257 3233
f 3233 3257 3258
f 3233 3258 3234
f 3234 3258 3259
f 3234 3259 3235
f 3235 3259 3260
f 3235 3260 3236
f 3236 3260 3261
f 3236 3261 3237
f 3237 3261 3262
f 3237 3262 3238
f 3238 3262 3263
f 3238 3263 3239
f 3239 3263 3264
f 3239 3264 3240
f 3240 3264 3265
f 3240 3265 3241
f 3241 3265 3266
f 3241 3266 3242
f 3242 3266 3267
f 3242 3267 3243
f 3243 3267 3244
f 3243 3244 3220
f 3244 3268 3269
f 3244 3269 3245
f 3245 3269 3270
f 3245 3270 3246
f 3246 3270 3271
f 3246 3271 3247
f 3247 3271 3272
f 3247 3272 3248
f 3248 3272 3273
f 3248 3273 3249
f 3249 3273 3274
f 3249 3274 3250
f 3250 3274 3275
f 3250 3275 3251
f 3251 3275 3276
f 3251 3276 3252
f 3252 3276 3277
f 3252 3277 3253
f 3253 3277 3278
f 3253 3278 3254
f 3254 3278 3279
f 3254 3279 3255
f 3255 3279 3280
f 3255 3280 3256
f 3256 3280 3281
f 3256 3281 3257
f 3257 3281 3282
f 3257 3282 3258
f 3258 3282 3283
f 3258 3283 3259
f 3259 3283 3284
f 3259 3284 3260
f 3260 3284 3285
f 3260 3285 3261
f 3261 3285 3286
f 3261 3286 3262
f 3262 3286 3287
f 3262 3287 3263
f 3263 3287 3288
f 3263 3288 3264
f 3264 3288 3289
f 3264 3289 3265
f 3265 3289 3290
f 3265 3290 3266
f 3266 3290 3291
f 3266 3291 3267
f 3267 3291 3268
f 3267 3268 3244
f 3268 3292 3293
f 3268 3293 3269
f 3269 3293 3294
f 3269 3294 3270
f 3270 3294 3295
f 3270 3295 3271
f 3271 3295 3296
f 3271 3296 3272
f 3272 3296 3297
f 3272 3297 3273
f 3273 3297 3298
f 3273 3298 3274
f 3274 3298 3299
f 3274 3299 3275
f 3275 3299 3300
f 3275 3300 3276
f 3276 3300 3301
f 3276 3301 3277
f 3277 3301 3302
f 3277 3302 3278
f 3278 3302 3303
f 3278 3303 3279
f 3279 3303 3304
f 3279 3304 3280
f 3280 3304 3305
f 3280 3305 3281
f 3281 3305 3306
f 3281 3306 3282
f 3282 3306 3307
f 3282 3307 3283
f 3283 3307 3308
f 3283 3308 3284
f 3284 3308 3309
f 3284 3309 3285
f 3285 3309 3310
f 3285 3310 3286
f 3286 3310 3311
f 3286 3311 3287
f 3287 3311 3312
f 3287 3312 3288
f 3288 3312 3313
f 3288 3313 3289
f 3289 3313 3314
f 3289 3314 3290
f 3290 3314 3315
f 3290 3315 3291
f 3291 3315 3292
f 3291 3292 3268
f 3316 3197 3196
f 3317 3292 3293
f 3316 3198 3197
f 3317 3293 3294
f 3316 3199 3198
f 3317 3294 3295
f 3316 3200 3199
f 3317 3295 3296
f 3316 3201 3200
f 3317 3296 3297
f 3316 3202 3201
f 3317 3297 3298
f 3316 3203 3202
f 3317 3298 3299
f 3316 3204 3203
f 3317 3299 3300
f 3316 3205 3204
f 3317 3300 3301
f 3316 3206 3205
f 3317 3301 3302
f 3316 3207 3206
f 3317 3302 3303
f 3316 3208 3207
f 3317 3303 3304
f 3316 3209 3208
f 3317 3304 3305
f 3316 3210 3209
f 3317 3305 3306
f 3316 3211 3210
f 3317 3306 3307
f 3316 3212 3211
f 3317 3307 3308
f 3316 3213 3212
f 3317 3308 3309
f 3316 3214 3213
f 3317 3309 3310
f 3316 3215 3214
f 3317 3310 3311
f 3316 3216 3215
f 3317 3311 3312
f 3316 3217 3216
f 3317 3312 3313
f 3316 3218 3217
f 3317 3313 3314
f 3316 3219 3218
f 3317 3314 3315
f 3316 3196 3219
f 3317 3315 3292
