# Solar Horizon: High-Fidelity Aerospace Exploration Orbiter (LEO Specification)
# Vertices: 3883, Polygons: 7348

v 0.200000 0.200000 -6.500000
v 0.185066 0.200000 -6.500000
v 0.145711 0.200000 -6.500000
v 0.095591 0.200000 -6.500000
v 0.050000 0.200000 -6.500000
v 0.019054 0.200000 -6.500000
v 0.004289 0.200000 -6.500000
v 0.000290 0.200000 -6.500000
v 0.000000 0.200000 -6.500000
v -0.000290 0.200000 -6.500000
v -0.004289 0.200000 -6.500000
v -0.019054 0.200000 -6.500000
v -0.050000 0.200000 -6.500000
v -0.095591 0.200000 -6.500000
v -0.145711 0.200000 -6.500000
v -0.185066 0.200000 -6.500000
v -0.200000 0.200000 -6.500000
v -0.185066 0.200000 -6.500000
v -0.145711 0.200000 -6.500000
v -0.095591 0.200000 -6.500000
v -0.050000 0.200000 -6.500000
v -0.019054 0.200000 -6.500000
v -0.004289 0.200000 -6.500000
v -0.000290 0.200000 -6.500000
v -0.000000 0.200000 -6.500000
v 0.000290 0.200000 -6.500000
v 0.004289 0.200000 -6.500000
v 0.019054 0.200000 -6.500000
v 0.050000 0.200000 -6.500000
v 0.095591 0.200000 -6.500000
v 0.145711 0.200000 -6.500000
v 0.185066 0.200000 -6.500000
v 0.661880 0.183333 -6.208333
v 0.638071 0.239651 -6.208333
v 0.572432 0.293805 -6.208333
v 0.479630 0.343713 -6.208333
v 0.376599 0.387457 -6.208333
v 0.275661 0.423358 -6.208333
v 0.181043 0.450034 -6.208333
v 0.090398 0.466462 -6.208333
v 0.000000 0.472008 -6.208333
v -0.090398 0.466462 -6.208333
v -0.181043 0.450034 -6.208333
v -0.275661 0.423358 -6.208333
v -0.376599 0.387457 -6.208333
v -0.479630 0.343713 -6.208333
v -0.572432 0.293805 -6.208333
v -0.638071 0.239651 -6.208333
v -0.661880 0.183333 -6.208333
v -0.674311 0.141095 -6.208333
v -0.606570 0.100480 -6.208333
v -0.510353 0.063049 -6.208333
v -0.402727 0.030240 -6.208333
v -0.296189 0.003315 -6.208333
v -0.195184 -0.016692 -6.208333
v -0.097607 -0.029013 -6.208333
v -0.000000 -0.033173 -6.208333
v 0.097607 -0.029013 -6.208333
v 0.195184 -0.016692 -6.208333
v 0.296189 0.003315 -6.208333
v 0.402727 0.030240 -6.208333
v 0.510353 0.063049 -6.208333
v 0.606570 0.100480 -6.208333
v 0.674311 0.141095 -6.208333
v 0.853197 0.166667 -5.916667
v 0.825712 0.246312 -5.916667
v 0.749186 0.322897 -5.916667
v 0.638704 0.393477 -5.916667
v 0.511880 0.455342 -5.916667
v 0.381951 0.506113 -5.916667
v 0.254257 0.543839 -5.916667
v 0.127722 0.567071 -5.916667
v 0.000000 0.574915 -5.916667
v -0.127722 0.567071 -5.916667
v -0.254257 0.543839 -5.916667
v -0.381951 0.506113 -5.916667
v -0.511880 0.455342 -5.916667
v -0.638704 0.393477 -5.916667
v -0.749186 0.322897 -5.916667
v -0.825712 0.246312 -5.916667
v -0.853197 0.166667 -5.916667
v -0.876964 0.106933 -5.916667
v -0.797464 0.049494 -5.916667
v -0.682153 -0.003441 -5.916667
v -0.548831 -0.049840 -5.916667
v -0.410983 -0.087918 -5.916667
v -0.274255 -0.116213 -5.916667
v -0.137917 -0.133636 -5.916667
v -0.000000 -0.139520 -5.916667
v 0.137917 -0.133636 -5.916667
v 0.274255 -0.116213 -5.916667
v 0.410983 -0.087918 -5.916667
v 0.548831 -0.049840 -5.916667
v 0.682153 -0.003441 -5.916667
v 0.797464 0.049494 -5.916667
v 0.876964 0.106933 -5.916667
v 1.000000 0.150000 -5.625000
v 0.969694 0.247545 -5.625000
v 0.884814 0.341342 -5.625000
v 0.760766 0.427785 -5.625000
v 0.615685 0.503553 -5.625000
v 0.463510 0.565735 -5.625000
v 0.310436 0.611940 -5.625000
v 0.156362 0.640393 -5.625000
v 0.000000 0.650000 -5.625000
v -0.156362 0.640393 -5.625000
v -0.310436 0.611940 -5.625000
v -0.463510 0.565735 -5.625000
v -0.615685 0.503553 -5.625000
v -0.760766 0.427785 -5.625000
v -0.884814 0.341342 -5.625000
v -0.969694 0.247545 -5.625000
v -1.000000 0.150000 -5.625000
v -1.032464 0.076841 -5.625000
v -0.943943 0.006494 -5.625000
v -0.813980 -0.058339 -5.625000
v -0.660940 -0.115165 -5.625000
v -0.499067 -0.161801 -5.625000
v -0.334928 -0.196455 -5.625000
v -0.168848 -0.217794 -5.625000
v -0.000000 -0.225000 -5.625000
v 0.168848 -0.217794 -5.625000
v 0.334928 -0.196455 -5.625000
v 0.499067 -0.161801 -5.625000
v 0.660940 -0.115165 -5.625000
v 0.813980 -0.058339 -5.625000
v 0.943943 0.006494 -5.625000
v 1.032464 0.076841 -5.625000
v 1.123760 0.133333 -5.333333
v 1.091076 0.245969 -5.333333
v 0.999154 0.354276 -5.333333
v 0.863669 0.454092 -5.333333
v 0.703197 0.541582 -5.333333
v 0.532268 0.613383 -5.333333
v 0.357797 0.666735 -5.333333
v 0.180506 0.699590 -5.333333
v 0.000000 0.710684 -5.333333
v -0.180506 0.699590 -5.333333
v -0.357797 0.666735 -5.333333
v -0.532268 0.613383 -5.333333
v -0.703197 0.541582 -5.333333
v -0.863669 0.454092 -5.333333
v -0.999154 0.354276 -5.333333
v -1.091076 0.245969 -5.333333
v -1.123760 0.133333 -5.333333
v -1.163557 0.048857 -5.333333
v -1.067430 -0.032373 -5.333333
v -0.925116 -0.107236 -5.333333
v -0.755453 -0.172853 -5.333333
v -0.573325 -0.226704 -5.333333
v -0.386078 -0.266718 -5.333333
v -0.194924 -0.291359 -5.333333
v -0.000000 -0.299679 -5.333333
v 0.194924 -0.291359 -5.333333
v 0.386078 -0.266718 -5.333333
v 0.573325 -0.226704 -5.333333
v 0.755453 -0.172853 -5.333333
v 0.925116 -0.107236 -5.333333
v 1.067430 -0.032373 -5.333333
v 1.163557 0.048857 -5.333333
v 1.232796 0.116667 -5.041667
v 1.198016 0.242597 -5.041667
v 1.099889 0.363688 -5.041667
v 0.954329 0.475286 -5.041667
v 0.780297 0.573102 -5.041667
v 0.592844 0.653378 -5.041667
v 0.399523 0.713028 -5.041667
v 0.201778 0.749761 -5.041667
v 0.000000 0.762164 -5.041667
v -0.201778 0.749761 -5.041667
v -0.399523 0.713028 -5.041667
v -0.592844 0.653378 -5.041667
v -0.780297 0.573102 -5.041667
v -0.954329 0.475286 -5.041667
v -1.099889 0.363688 -5.041667
v -1.198016 0.242597 -5.041667
v -1.232796 0.116667 -5.041667
v -1.279052 0.022219 -5.041667
v -1.176224 -0.068599 -5.041667
v -1.023028 -0.152298 -5.041667
v -0.838720 -0.225660 -5.041667
v -0.638748 -0.285867 -5.041667
v -0.431142 -0.330605 -5.041667
v -0.217897 -0.358154 -5.041667
v -0.000000 -0.367456 -5.041667
v 0.217897 -0.358154 -5.041667
v 0.431142 -0.330605 -5.041667
v 0.638748 -0.285867 -5.041667
v 0.838720 -0.225660 -5.041667
v 1.023028 -0.152298 -5.041667
v 1.176224 -0.068599 -5.041667
v 1.279052 0.022219 -5.041667
v 1.331371 0.100000 -4.750000
v 1.294697 0.237950 -4.750000
v 1.190961 0.370598 -4.750000
v 1.036291 0.492847 -4.750000
v 0.850000 0.600000 -4.750000
v 0.647610 0.687938 -4.750000
v 0.437246 0.753281 -4.750000
v 0.221009 0.793520 -4.750000
v 0.000000 0.807107 -4.750000
v -0.221009 0.793520 -4.750000
v -0.437246 0.753281 -4.750000
v -0.647610 0.687938 -4.750000
v -0.850000 0.600000 -4.750000
v -1.036291 0.492847 -4.750000
v -1.190961 0.370598 -4.750000
v -1.294697 0.237950 -4.750000
v -1.331371 0.100000 -4.750000
v -1.383468 -0.003462 -4.750000
v -1.274581 -0.102949 -4.750000
v -1.111547 -0.194636 -4.750000
v -0.914000 -0.275000 -4.750000
v -0.697894 -0.340953 -4.750000
v -0.471883 -0.389961 -4.750000
v -0.238667 -0.420140 -4.750000
v -0.000000 -0.430330 -4.750000
v 0.238667 -0.420140 -4.750000
v 0.471883 -0.389961 -4.750000
v 0.697894 -0.340953 -4.750000
v 0.914000 -0.275000 -4.750000
v 1.111547 -0.194636 -4.750000
v 1.274581 -0.102949 -4.750000
v 1.383468 -0.003462 -4.750000
v 1.422020 0.083333 -4.458333
v 1.383605 0.232336 -4.458333
v 1.274710 0.375613 -4.458333
v 1.111663 0.507657 -4.458333
v 0.914099 0.623395 -4.458333
v 0.697972 0.718379 -4.458333
v 0.471936 0.788958 -4.458333
v 0.238694 0.832420 -4.458333
v 0.000000 0.847096 -4.458333
v -0.238694 0.832420 -4.458333
v -0.471936 0.788958 -4.458333
v -0.697972 0.718379 -4.458333
v -0.914099 0.623395 -4.458333
v -1.111663 0.507657 -4.458333
v -1.274710 0.375613 -4.458333
v -1.383605 0.232336 -4.458333
v -1.422020 0.083333 -4.458333
v -1.479488 -0.028419 -4.458333
v -1.365030 -0.135876 -4.458333
v -1.192949 -0.234909 -4.458333
v -0.983227 -0.321713 -4.458333
v -0.752285 -0.392951 -4.458333
v -0.509348 -0.445885 -4.458333
v -0.257766 -0.478482 -4.458333
v -0.000000 -0.489489 -4.458333
v 0.257766 -0.478482 -4.458333
v 0.509348 -0.445885 -4.458333
v 0.752285 -0.392951 -4.458333
v 0.983227 -0.321713 -4.458333
v 1.192949 -0.234909 -4.458333
v 1.365030 -0.135876 -4.458333
v 1.479488 -0.028419 -4.458333
v 1.506395 0.066667 -4.166667
v 1.466358 0.225957 -4.166667
v 1.352662 0.379126 -4.166667
v 1.181818 0.520288 -4.166667
v 0.973760 0.644017 -4.166667
v 0.744848 0.745559 -4.166667
v 0.504225 0.821011 -4.166667
v 0.255155 0.867474 -4.166667
v 0.000000 0.883163 -4.166667
v -0.255155 0.867474 -4.166667
v -0.504225 0.821011 -4.166667
v -0.744848 0.745559 -4.166667
v -0.973760 0.644017 -4.166667
v -1.181818 0.520288 -4.166667
v -1.352662 0.379126 -4.166667
v -1.466358 0.225957 -4.166667
v -1.506395 0.066667 -4.166667
v -1.568862 -0.052801 -4.166667
v -1.449218 -0.167678 -4.166667
v -1.268716 -0.273549 -4.166667
v -1.047661 -0.366346 -4.166667
v -0.802911 -0.442502 -4.166667
v -0.544220 -0.499092 -4.166667
v -0.275544 -0.533939 -4.166667
v -0.000000 -0.545706 -4.166667
v 0.275544 -0.533939 -4.166667
v 0.544220 -0.499092 -4.166667
v 0.802911 -0.442502 -4.166667
v 1.047661 -0.366346 -4.166667
v 1.268716 -0.273549 -4.166667
v 1.449218 -0.167678 -4.166667
v 1.568862 -0.052801 -4.166667
v 1.585641 0.050000 -3.875000
v 1.544082 0.218953 -3.875000
v 1.425876 0.381414 -3.875000
v 1.247709 0.531138 -3.875000
v 1.029796 0.662372 -3.875000
v 0.788875 0.770074 -3.875000
v 0.534551 0.850103 -3.875000
v 0.270615 0.899385 -3.875000
v 0.000000 0.916025 -3.875000
v -0.270615 0.899385 -3.875000
v -0.534551 0.850103 -3.875000
v -0.788875 0.770074 -3.875000
v -1.029796 0.662372 -3.875000
v -1.247709 0.531138 -3.875000
v -1.425876 0.381414 -3.875000
v -1.544082 0.218953 -3.875000
v -1.585641 0.050000 -3.875000
v -1.652803 -0.076715 -3.875000
v -1.528289 -0.198560 -3.875000
v -1.339878 -0.310853 -3.875000
v -1.108180 -0.409279 -3.875000
v -0.850460 -0.490055 -3.875000
v -0.576972 -0.550077 -3.875000
v -0.292241 -0.587039 -3.875000
v -0.000000 -0.599519 -3.875000
v 0.292241 -0.587039 -3.875000
v 0.576972 -0.550077 -3.875000
v 0.850460 -0.490055 -3.875000
v 1.108180 -0.409279 -3.875000
v 1.339878 -0.310853 -3.875000
v 1.528289 -0.198560 -3.875000
v 1.652803 -0.076715 -3.875000
v 1.660593 0.033333 -3.583333
v 1.617594 0.211426 -3.583333
v 1.495123 0.382674 -3.583333
v 1.310030 0.540497 -3.583333
v 1.082796 0.678831 -3.583333
v 0.830516 0.792358 -3.583333
v 0.563234 0.876716 -3.583333
v 0.285237 0.928664 -3.583333
v 0.000000 0.946204 -3.583333
v -0.285237 0.928664 -3.583333
v -0.563234 0.876716 -3.583333
v -0.830516 0.792358 -3.583333
v -1.082796 0.678831 -3.583333
v -1.310030 0.540497 -3.583333
v -1.495123 0.382674 -3.583333
v -1.617594 0.211426 -3.583333
v -1.660593 0.033333 -3.583333
v -1.732197 -0.100236 -3.583333
v -1.603076 -0.228672 -3.583333
v -1.407185 -0.347040 -3.583333
v -1.165419 -0.450790 -3.583333
v -0.895433 -0.535935 -3.583333
v -0.607950 -0.599204 -3.583333
v -0.308033 -0.638164 -3.583333
v -0.000000 -0.651320 -3.583333
v 0.308033 -0.638164 -3.583333
v 0.607950 -0.599204 -3.583333
v 0.895433 -0.535935 -3.583333
v 1.165419 -0.450790 -3.583333
v 1.407185 -0.347040 -3.583333
v 1.603076 -0.228672 -3.583333
v 1.732197 -0.100236 -3.583333
v 1.731883 0.016667 -3.291667
v 1.687514 0.203451 -3.291667
v 1.560986 0.383058 -3.291667
v 1.369305 0.548585 -3.291667
v 1.133205 0.693670 -3.291667
v 0.870123 0.812738 -3.291667
v 0.590516 0.901214 -3.291667
v 0.299145 0.955697 -3.291667
v 0.000000 0.974094 -3.291667
v -0.299145 0.955697 -3.291667
v -0.590516 0.901214 -3.291667
v -0.870123 0.812738 -3.291667
v -1.133205 0.693670 -3.291667
v -1.369305 0.548585 -3.291667
v -1.560986 0.383058 -3.291667
v -1.687514 0.203451 -3.291667
v -1.731883 0.016667 -3.291667
v -1.807710 -0.123422 -3.291667
v -1.674208 -0.258127 -3.291667
v -1.471202 -0.382272 -3.291667
v -1.219862 -0.491086 -3.291667
v -0.938208 -0.580387 -3.291667
v -0.637414 -0.646744 -3.291667
v -0.323054 -0.687606 -3.291667
v -0.000000 -0.701404 -3.291667
v 0.323054 -0.687606 -3.291667
v 0.637414 -0.646744 -3.291667
v 0.938208 -0.580387 -3.291667
v 1.219862 -0.491086 -3.291667
v 1.471202 -0.382272 -3.291667
v 1.674208 -0.258127 -3.291667
v 1.807710 -0.123422 -3.291667
v 1.800000 0.000000 -3.000000
v 1.754322 0.195090 -3.000000
v 1.623918 0.382683 -3.000000
v 1.425942 0.555570 -3.000000
v 1.181371 0.707107 -3.000000
v 0.907966 0.831470 -3.000000
v 0.616583 0.923880 -3.000000
v 0.312434 0.980785 -3.000000
v 0.000000 1.000000 -3.000000
v -0.312434 0.980785 -3.000000
v -0.616583 0.923880 -3.000000
v -0.907966 0.831470 -3.000000
v -1.181371 0.707107 -3.000000
v -1.425942 0.555570 -3.000000
v -1.623918 0.382683 -3.000000
v -1.754322 0.195090 -3.000000
v -1.800000 0.000000 -3.000000
v -1.879863 -0.146318 -3.000000
v -1.742175 -0.287013 -3.000000
v -1.532370 -0.416678 -3.000000
v -1.271881 -0.530330 -3.000000
v -0.979079 -0.623602 -3.000000
v -0.665566 -0.692910 -3.000000
v -0.337406 -0.735589 -3.000000
v -0.000000 -0.750000 -3.000000
v 0.337406 -0.735589 -3.000000
v 0.665566 -0.692910 -3.000000
v 0.979079 -0.623602 -3.000000
v 1.271881 -0.530330 -3.000000
v 1.532370 -0.416678 -3.000000
v 1.742175 -0.287013 -3.000000
v 1.879863 -0.146318 -3.000000
v 1.852210 0.000000 -2.708333
v 1.805529 0.201456 -2.708333
v 1.672154 0.395171 -2.708333
v 1.469353 0.573699 -2.708333
v 1.218289 0.730181 -2.708333
v 0.936973 0.858602 -2.708333
v 0.636563 0.954027 -2.708333
v 0.322620 1.012790 -2.708333
v 0.000000 1.032632 -2.708333
v -0.322620 1.012790 -2.708333
v -0.636563 0.954027 -2.708333
v -0.936973 0.858602 -2.708333
v -1.218289 0.730181 -2.708333
v -1.469353 0.573699 -2.708333
v -1.672154 0.395171 -2.708333
v -1.805529 0.201456 -2.708333
v -1.852210 0.000000 -2.708333
v -1.935166 -0.151092 -2.708333
v -1.794270 -0.296378 -2.708333
v -1.579255 -0.430275 -2.708333
v -1.311752 -0.547636 -2.708333
v -1.010406 -0.643951 -2.708333
v -0.687145 -0.715520 -2.708333
v -0.348406 -0.759592 -2.708333
v -0.000000 -0.774474 -2.708333
v 0.348406 -0.759592 -2.708333
v 0.687145 -0.715520 -2.708333
v 1.010406 -0.643951 -2.708333
v 1.311752 -0.547636 -2.708333
v 1.579255 -0.430275 -2.708333
v 1.794270 -0.296378 -2.708333
v 1.935166 -0.151092 -2.708333
v 1.903528 0.000000 -2.416667
v 1.855860 0.207714 -2.416667
v 1.719565 0.407445 -2.416667
v 1.512022 0.591518 -2.416667
v 1.254576 0.752860 -2.416667
v 0.965483 0.885270 -2.416667
v 0.656201 0.983659 -2.416667
v 0.332631 1.044247 -2.416667
v 0.000000 1.064705 -2.416667
v -0.332631 1.044247 -2.416667
v -0.656201 0.983659 -2.416667
v -0.965483 0.885270 -2.416667
v -1.254576 0.752860 -2.416667
v -1.512022 0.591518 -2.416667
v -1.719565 0.407445 -2.416667
v -1.855860 0.207714 -2.416667
v -1.903528 0.000000 -2.416667
v -1.989524 -0.155785 -2.416667
v -1.845473 -0.305584 -2.416667
v -1.625337 -0.443639 -2.416667
v -1.350942 -0.564645 -2.416667
v -1.041198 -0.663952 -2.416667
v -0.708354 -0.737744 -2.416667
v -0.359219 -0.783185 -2.416667
v -0.000000 -0.798529 -2.416667
v 0.359219 -0.783185 -2.416667
v 0.708354 -0.737744 -2.416667
v 1.041198 -0.663952 -2.416667
v 1.350942 -0.564645 -2.416667
v 1.625337 -0.443639 -2.416667
v 1.845473 -0.305584 -2.416667
v 1.989524 -0.155785 -2.416667
v 1.953073 0.000000 -2.125000
v 1.904454 0.213755 -2.125000
v 1.765339 0.419295 -2.125000
v 1.553218 0.608722 -2.125000
v 1.289610 0.774756 -2.125000
v 0.993009 0.911017 -2.125000
v 0.675161 1.012268 -2.125000
v 0.342297 1.074618 -2.125000
v 0.000000 1.095671 -2.125000
v -0.342297 1.074618 -2.125000
v -0.675161 1.012268 -2.125000
v -0.993009 0.911017 -2.125000
v -1.289610 0.774756 -2.125000
v -1.553218 0.608722 -2.125000
v -1.765339 0.419295 -2.125000
v -1.904454 0.213755 -2.125000
v -1.953073 0.000000 -2.125000
v -2.042005 -0.160316 -2.125000
v -1.894910 -0.314471 -2.125000
v -1.669828 -0.456542 -2.125000
v -1.388779 -0.581067 -2.125000
v -1.070926 -0.683263 -2.125000
v -0.728831 -0.759201 -2.125000
v -0.369658 -0.805963 -2.125000
v -0.000000 -0.821753 -2.125000
v 0.369658 -0.805963 -2.125000
v 0.728831 -0.759201 -2.125000
v 1.070926 -0.683263 -2.125000
v 1.388779 -0.581067 -2.125000
v 1.669828 -0.456542 -2.125000
v 1.894910 -0.314471 -2.125000
v 2.042005 -0.160316 -2.125000
v 2.000000 0.000000 -1.833333
v 1.950479 0.219477 -1.833333
v 1.808694 0.430519 -1.833333
v 1.592236 0.625017 -1.833333
v 1.322792 0.795495 -1.833333
v 1.019080 0.935403 -1.833333
v 0.693120 1.039364 -1.833333
v 0.351452 1.103383 -1.833333
v 0.000000 1.125000 -1.833333
v -0.351452 1.103383 -1.833333
v -0.693120 1.039364 -1.833333
v -1.019080 0.935403 -1.833333
v -1.322792 0.795495 -1.833333
v -1.592236 0.625017 -1.833333
v -1.808694 0.430519 -1.833333
v -1.950479 0.219477 -1.833333
v -2.000000 0.000000 -1.833333
v -2.091712 -0.164607 -1.833333
v -1.941732 -0.322889 -1.833333
v -1.711968 -0.468762 -1.833333
v -1.424616 -0.596621 -1.833333
v -1.099083 -0.701552 -1.833333
v -0.748226 -0.779523 -1.833333
v -0.379545 -0.827538 -1.833333
v -0.000000 -0.843750 -1.833333
v 0.379545 -0.827538 -1.833333
v 0.748226 -0.779523 -1.833333
v 1.099083 -0.701552 -1.833333
v 1.424616 -0.596621 -1.833333
v 1.711968 -0.468762 -1.833333
v 1.941732 -0.322889 -1.833333
v 2.091712 -0.164607 -1.833333
v 2.043505 0.000000 -1.541667
v 1.993148 0.224781 -1.541667
v 1.848887 0.440924 -1.541667
v 1.628409 0.640123 -1.541667
v 1.353555 0.814722 -1.541667
v 1.043250 0.958011 -1.541667
v 0.709768 1.064485 -1.541667
v 0.359940 1.130051 -1.541667
v 0.000000 1.152190 -1.541667
v -0.359940 1.130051 -1.541667
v -0.709768 1.064485 -1.541667
v -1.043250 0.958011 -1.541667
v -1.353555 0.814722 -1.541667
v -1.628409 0.640123 -1.541667
v -1.848887 0.440924 -1.541667
v -1.993148 0.224781 -1.541667
v -2.043505 0.000000 -1.541667
v -2.137794 -0.168586 -1.541667
v -1.985141 -0.330693 -1.541667
v -1.751034 -0.480092 -1.541667
v -1.457839 -0.611041 -1.541667
v -1.125186 -0.718508 -1.541667
v -0.766206 -0.798364 -1.541667
v -0.388712 -0.847539 -1.541667
v -0.000000 -0.864143 -1.541667
v 0.388712 -0.847539 -1.541667
v 0.766206 -0.798364 -1.541667
v 1.125186 -0.718508 -1.541667
v 1.457839 -0.611041 -1.541667
v 1.751034 -0.480092 -1.541667
v 1.985141 -0.330693 -1.541667
v 2.137794 -0.168586 -1.541667
v 2.082843 0.000000 -1.250000
v 2.031730 0.229578 -1.250000
v 1.885231 0.450333 -1.250000
v 1.661117 0.653782 -1.250000
v 1.381371 0.832107 -1.250000
v 1.065105 0.978454 -1.250000
v 0.724822 1.087200 -1.250000
v 0.367614 1.154165 -1.250000
v 0.000000 1.176777 -1.250000
v -0.367614 1.154165 -1.250000
v -0.724822 1.087200 -1.250000
v -1.065105 0.978454 -1.250000
v -1.381371 0.832107 -1.250000
v -1.661117 0.653782 -1.250000
v -1.885231 0.450333 -1.250000
v -2.031730 0.229578 -1.250000
v -2.082843 0.000000 -1.250000
v -2.179463 -0.172183 -1.250000
v -2.024392 -0.337750 -1.250000
v -1.786359 -0.490337 -1.250000
v -1.487881 -0.624080 -1.250000
v -1.148789 -0.733841 -1.250000
v -0.782465 -0.815400 -1.250000
v -0.397000 -0.865624 -1.250000
v -0.000000 -0.882583 -1.250000
v 0.397000 -0.865624 -1.250000
v 0.782465 -0.815400 -1.250000
v 1.148789 -0.733841 -1.250000
v 1.487881 -0.624080 -1.250000
v 1.786359 -0.490337 -1.250000
v 2.024392 -0.337750 -1.250000
v 2.179463 -0.172183 -1.250000
v 2.117341 0.000000 -0.958333
v 2.065566 0.233784 -0.958333
v 1.917103 0.458584 -0.958333
v 1.689802 0.665761 -0.958333
v 1.405765 0.847353 -0.958333
v 1.084272 0.996382 -0.958333
v 0.738024 1.107120 -0.958333
v 0.374344 1.175313 -0.958333
v 0.000000 1.198338 -0.958333
v -0.374344 1.175313 -0.958333
v -0.738024 1.107120 -0.958333
v -1.084272 0.996382 -0.958333
v -1.405765 0.847353 -0.958333
v -1.689802 0.665761 -0.958333
v -1.917103 0.458584 -0.958333
v -2.065566 0.233784 -0.958333
v -2.117341 0.000000 -0.958333
v -2.216006 -0.175338 -0.958333
v -2.058814 -0.343938 -0.958333
v -1.817339 -0.499321 -0.958333
v -1.514226 -0.635515 -0.958333
v -1.169489 -0.747286 -0.958333
v -0.796723 -0.830340 -0.958333
v -0.404269 -0.881484 -0.958333
v -0.000000 -0.898754 -0.958333
v 0.404269 -0.881484 -0.958333
v 0.796723 -0.830340 -0.958333
v 1.169489 -0.747286 -0.958333
v 1.514226 -0.635515 -0.958333
v 1.817339 -0.499321 -0.958333
v 2.058814 -0.343938 -0.958333
v 2.216006 -0.175338 -0.958333
v 2.146410 0.000000 -0.666667
v 2.094076 0.237329 -0.666667
v 1.943959 0.465537 -0.666667
v 1.713972 0.675855 -0.666667
v 1.426320 0.860200 -0.666667
v 1.100422 1.011488 -0.666667
v 0.749148 1.123905 -0.666667
v 0.380016 1.193132 -0.666667
v 0.000000 1.216506 -0.666667
v -0.380016 1.193132 -0.666667
v -0.749148 1.123905 -0.666667
v -1.100422 1.011488 -0.666667
v -1.426320 0.860200 -0.666667
v -1.713972 0.675855 -0.666667
v -1.943959 0.465537 -0.666667
v -2.094076 0.237329 -0.666667
v -2.146410 0.000000 -0.666667
v -2.246797 -0.177996 -0.666667
v -2.087819 -0.349153 -0.666667
v -1.843442 -0.506891 -0.666667
v -1.536425 -0.645150 -0.666667
v -1.186931 -0.758616 -0.666667
v -0.808737 -0.842929 -0.666667
v -0.410394 -0.894849 -0.666667
v -0.000000 -0.912380 -0.666667
v 0.410394 -0.894849 -0.666667
v 0.808737 -0.842929 -0.666667
v 1.186931 -0.758616 -0.666667
v 1.536425 -0.645150 -0.666667
v 1.843442 -0.506891 -0.666667
v 2.087819 -0.349153 -0.666667
v 2.246797 -0.177996 -0.666667
v 2.169552 0.000000 -0.375000
v 2.116773 0.240150 -0.375000
v 1.965339 0.471072 -0.375000
v 1.733213 0.683890 -0.375000
v 1.442683 0.870427 -0.375000
v 1.113278 1.023514 -0.375000
v 0.758004 1.137268 -0.375000
v 0.384530 1.207317 -0.375000
v 0.000000 1.230970 -0.375000
v -0.384530 1.207317 -0.375000
v -0.758004 1.137268 -0.375000
v -1.113278 1.023514 -0.375000
v -1.442683 0.870427 -0.375000
v -1.733213 0.683890 -0.375000
v -1.965339 0.471072 -0.375000
v -2.116773 0.240150 -0.375000
v -2.169552 0.000000 -0.375000
v -2.271310 -0.180113 -0.375000
v -2.110910 -0.353304 -0.375000
v -1.864223 -0.512918 -0.375000
v -1.554098 -0.652820 -0.375000
v -1.200816 -0.767636 -0.375000
v -0.818301 -0.852951 -0.375000
v -0.415269 -0.905488 -0.375000
v -0.000000 -0.923227 -0.375000
v 0.415269 -0.905488 -0.375000
v 0.818301 -0.852951 -0.375000
v 1.200816 -0.767636 -0.375000
v 1.554098 -0.652820 -0.375000
v 1.864223 -0.512918 -0.375000
v 2.110910 -0.353304 -0.375000
v 2.271310 -0.180113 -0.375000
v 2.186370 0.000000 -0.083333
v 2.133268 0.242201 -0.083333
v 1.980878 0.475094 -0.083333
v 1.747197 0.689730 -0.083333
v 1.454576 0.877860 -0.083333
v 1.122622 1.032254 -0.083333
v 0.764440 1.146979 -0.083333
v 0.387811 1.217627 -0.083333
v 0.000000 1.241481 -0.083333
v -0.387811 1.217627 -0.083333
v -0.764440 1.146979 -0.083333
v -1.122622 1.032254 -0.083333
v -1.454576 0.877860 -0.083333
v -1.747197 0.689730 -0.083333
v -1.980878 0.475094 -0.083333
v -2.133268 0.242201 -0.083333
v -2.186370 0.000000 -0.083333
v -2.289125 -0.181651 -0.083333
v -2.127691 -0.356321 -0.083333
v -1.879326 -0.517298 -0.083333
v -1.566942 -0.658395 -0.083333
v -1.210908 -0.774191 -0.083333
v -0.825252 -0.860234 -0.083333
v -0.418813 -0.913220 -0.083333
v -0.000000 -0.931111 -0.083333
v 0.418813 -0.913220 -0.083333
v 0.825252 -0.860234 -0.083333
v 1.210908 -0.774191 -0.083333
v 1.566942 -0.658395 -0.083333
v 1.879326 -0.517298 -0.083333
v 2.127691 -0.356321 -0.083333
v 2.289125 -0.181651 -0.083333
v 2.196578 0.000000 0.208333
v 2.143280 0.243446 0.208333
v 1.990308 0.477536 0.208333
v 1.755685 0.693275 0.208333
v 1.461794 0.882371 0.208333
v 1.128293 1.037559 0.208333
v 0.768347 1.152873 0.208333
v 0.389803 1.223884 0.208333
v 0.000000 1.247861 0.208333
v -0.389803 1.223884 0.208333
v -0.768347 1.152873 0.208333
v -1.128293 1.037559 0.208333
v -1.461794 0.882371 0.208333
v -1.755685 0.693275 0.208333
v -1.990308 0.477536 0.208333
v -2.143280 0.243446 0.208333
v -2.196578 0.000000 0.208333
v -2.299937 -0.182584 0.208333
v -2.137876 -0.358152 0.208333
v -1.888492 -0.519956 0.208333
v -1.574737 -0.661778 0.208333
v -1.217032 -0.778169 0.208333
v -0.829471 -0.864655 0.208333
v -0.420964 -0.917913 0.208333
v -0.000000 -0.935896 0.208333
v 0.420964 -0.917913 0.208333
v 0.829471 -0.864655 0.208333
v 1.217032 -0.778169 0.208333
v 1.574737 -0.661778 0.208333
v 1.888492 -0.519956 0.208333
v 2.137876 -0.358152 0.208333
v 2.299937 -0.182584 0.208333
v 2.200000 0.000000 0.500000
v 2.146636 0.243863 0.500000
v 1.993470 0.478354 0.500000
v 1.758530 0.694463 0.500000
v 1.464214 0.883883 0.500000
v 1.130194 1.039337 0.500000
v 0.769656 1.154849 0.500000
v 0.390470 1.225982 0.500000
v 0.000000 1.250000 0.500000
v -0.390470 1.225982 0.500000
v -0.769656 1.154849 0.500000
v -1.130194 1.039337 0.500000
v -1.464214 0.883883 0.500000
v -1.758530 0.694463 0.500000
v -1.993470 0.478354 0.500000
v -2.146636 0.243863 0.500000
v -2.200000 0.000000 0.500000
v -2.303562 -0.182897 0.500000
v -2.141290 -0.358766 0.500000
v -1.891565 -0.520847 0.500000
v -1.577351 -0.662913 0.500000
v -1.219086 -0.779503 0.500000
v -0.830886 -0.866137 0.500000
v -0.421685 -0.919486 0.500000
v -0.000000 -0.937500 0.500000
v 0.421685 -0.919486 0.500000
v 0.830886 -0.866137 0.500000
v 1.219086 -0.779503 0.500000
v 1.577351 -0.662913 0.500000
v 1.891565 -0.520847 0.500000
v 2.141290 -0.358766 0.500000
v 2.303562 -0.182897 0.500000
v 2.196578 0.000000 0.791667
v 2.143280 0.243446 0.791667
v 1.990308 0.477536 0.791667
v 1.755685 0.693275 0.791667
v 1.461794 0.882371 0.791667
v 1.128293 1.037559 0.791667
v 0.768347 1.152873 0.791667
v 0.389803 1.223884 0.791667
v 0.000000 1.247861 0.791667
v -0.389803 1.223884 0.791667
v -0.768347 1.152873 0.791667
v -1.128293 1.037559 0.791667
v -1.461794 0.882371 0.791667
v -1.755685 0.693275 0.791667
v -1.990308 0.477536 0.791667
v -2.143280 0.243446 0.791667
v -2.196578 0.000000 0.791667
v -2.299937 -0.182584 0.791667
v -2.137876 -0.358152 0.791667
v -1.888492 -0.519956 0.791667
v -1.574737 -0.661778 0.791667
v -1.217032 -0.778169 0.791667
v -0.829471 -0.864655 0.791667
v -0.420964 -0.917913 0.791667
v -0.000000 -0.935896 0.791667
v 0.420964 -0.917913 0.791667
v 0.829471 -0.864655 0.791667
v 1.217032 -0.778169 0.791667
v 1.574737 -0.661778 0.791667
v 1.888492 -0.519956 0.791667
v 2.137876 -0.358152 0.791667
v 2.299937 -0.182584 0.791667
v 2.186370 0.000000 1.083333
v 2.133268 0.242201 1.083333
v 1.980878 0.475094 1.083333
v 1.747197 0.689730 1.083333
v 1.454576 0.877860 1.083333
v 1.122622 1.032254 1.083333
v 0.764440 1.146979 1.083333
v 0.387811 1.217627 1.083333
v 0.000000 1.241481 1.083333
v -0.387811 1.217627 1.083333
v -0.764440 1.146979 1.083333
v -1.122622 1.032254 1.083333
v -1.454576 0.877860 1.083333
v -1.747197 0.689730 1.083333
v -1.980878 0.475094 1.083333
v -2.133268 0.242201 1.083333
v -2.186370 0.000000 1.083333
v -2.289125 -0.181651 1.083333
v -2.127691 -0.356321 1.083333
v -1.879326 -0.517298 1.083333
v -1.566942 -0.658395 1.083333
v -1.210908 -0.774191 1.083333
v -0.825252 -0.860234 1.083333
v -0.418813 -0.913220 1.083333
v -0.000000 -0.931111 1.083333
v 0.418813 -0.913220 1.083333
v 0.825252 -0.860234 1.083333
v 1.210908 -0.774191 1.083333
v 1.566942 -0.658395 1.083333
v 1.879326 -0.517298 1.083333
v 2.127691 -0.356321 1.083333
v 2.289125 -0.181651 1.083333
v 2.169552 0.000000 1.375000
v 2.116773 0.240150 1.375000
v 1.965339 0.471072 1.375000
v 1.733213 0.683890 1.375000
v 1.442683 0.870427 1.375000
v 1.113278 1.023514 1.375000
v 0.758004 1.137268 1.375000
v 0.384530 1.207317 1.375000
v 0.000000 1.230970 1.375000
v -0.384530 1.207317 1.375000
v -0.758004 1.137268 1.375000
v -1.113278 1.023514 1.375000
v -1.442683 0.870427 1.375000
v -1.733213 0.683890 1.375000
v -1.965339 0.471072 1.375000
v -2.116773 0.240150 1.375000
v -2.169552 0.000000 1.375000
v -2.271310 -0.180113 1.375000
v -2.110910 -0.353304 1.375000
v -1.864223 -0.512918 1.375000
v -1.554098 -0.652820 1.375000
v -1.200816 -0.767636 1.375000
v -0.818301 -0.852951 1.375000
v -0.415269 -0.905488 1.375000
v -0.000000 -0.923227 1.375000
v 0.415269 -0.905488 1.375000
v 0.818301 -0.852951 1.375000
v 1.200816 -0.767636 1.375000
v 1.554098 -0.652820 1.375000
v 1.864223 -0.512918 1.375000
v 2.110910 -0.353304 1.375000
v 2.271310 -0.180113 1.375000
v 2.146410 0.000000 1.666667
v 2.094076 0.237329 1.666667
v 1.943959 0.465537 1.666667
v 1.713972 0.675855 1.666667
v 1.426320 0.860200 1.666667
v 1.100422 1.011488 1.666667
v 0.749148 1.123905 1.666667
v 0.380016 1.193132 1.666667
v 0.000000 1.216506 1.666667
v -0.380016 1.193132 1.666667
v -0.749148 1.123905 1.666667
v -1.100422 1.011488 1.666667
v -1.426320 0.860200 1.666667
v -1.713972 0.675855 1.666667
v -1.943959 0.465537 1.666667
v -2.094076 0.237329 1.666667
v -2.146410 0.000000 1.666667
v -2.246797 -0.177996 1.666667
v -2.087819 -0.349153 1.666667
v -1.843442 -0.506891 1.666667
v -1.536425 -0.645150 1.666667
v -1.186931 -0.758616 1.666667
v -0.808737 -0.842929 1.666667
v -0.410394 -0.894849 1.666667
v -0.000000 -0.912380 1.666667
v 0.410394 -0.894849 1.666667
v 0.808737 -0.842929 1.666667
v 1.186931 -0.758616 1.666667
v 1.536425 -0.645150 1.666667
v 1.843442 -0.506891 1.666667
v 2.087819 -0.349153 1.666667
v 2.246797 -0.177996 1.666667
v 2.117341 0.000000 1.958333
v 2.065566 0.233784 1.958333
v 1.917103 0.458584 1.958333
v 1.689802 0.665761 1.958333
v 1.405765 0.847353 1.958333
v 1.084272 0.996382 1.958333
v 0.738024 1.107120 1.958333
v 0.374344 1.175313 1.958333
v 0.000000 1.198338 1.958333
v -0.374344 1.175313 1.958333
v -0.738024 1.107120 1.958333
v -1.084272 0.996382 1.958333
v -1.405765 0.847353 1.958333
v -1.689802 0.665761 1.958333
v -1.917103 0.458584 1.958333
v -2.065566 0.233784 1.958333
v -2.117341 0.000000 1.958333
v -2.216006 -0.175338 1.958333
v -2.058814 -0.343938 1.958333
v -1.817339 -0.499321 1.958333
v -1.514226 -0.635515 1.958333
v -1.169489 -0.747286 1.958333
v -0.796723 -0.830340 1.958333
v -0.404269 -0.881484 1.958333
v -0.000000 -0.898754 1.958333
v 0.404269 -0.881484 1.958333
v 0.796723 -0.830340 1.958333
v 1.169489 -0.747286 1.958333
v 1.514226 -0.635515 1.958333
v 1.817339 -0.499321 1.958333
v 2.058814 -0.343938 1.958333
v 2.216006 -0.175338 1.958333
v 2.082843 0.000000 2.250000
v 2.031730 0.229578 2.250000
v 1.885231 0.450333 2.250000
v 1.661117 0.653782 2.250000
v 1.381371 0.832107 2.250000
v 1.065105 0.978454 2.250000
v 0.724822 1.087200 2.250000
v 0.367614 1.154165 2.250000
v 0.000000 1.176777 2.250000
v -0.367614 1.154165 2.250000
v -0.724822 1.087200 2.250000
v -1.065105 0.978454 2.250000
v -1.381371 0.832107 2.250000
v -1.661117 0.653782 2.250000
v -1.885231 0.450333 2.250000
v -2.031730 0.229578 2.250000
v -2.082843 0.000000 2.250000
v -2.179463 -0.172183 2.250000
v -2.024392 -0.337750 2.250000
v -1.786359 -0.490337 2.250000
v -1.487881 -0.624080 2.250000
v -1.148789 -0.733841 2.250000
v -0.782465 -0.815400 2.250000
v -0.397000 -0.865624 2.250000
v -0.000000 -0.882583 2.250000
v 0.397000 -0.865624 2.250000
v 0.782465 -0.815400 2.250000
v 1.148789 -0.733841 2.250000
v 1.487881 -0.624080 2.250000
v 1.786359 -0.490337 2.250000
v 2.024392 -0.337750 2.250000
v 2.179463 -0.172183 2.250000
v 2.043505 0.000000 2.541667
v 1.993148 0.224781 2.541667
v 1.848887 0.440924 2.541667
v 1.628409 0.640123 2.541667
v 1.353555 0.814722 2.541667
v 1.043250 0.958011 2.541667
v 0.709768 1.064485 2.541667
v 0.359940 1.130051 2.541667
v 0.000000 1.152190 2.541667
v -0.359940 1.130051 2.541667
v -0.709768 1.064485 2.541667
v -1.043250 0.958011 2.541667
v -1.353555 0.814722 2.541667
v -1.628409 0.640123 2.541667
v -1.848887 0.440924 2.541667
v -1.993148 0.224781 2.541667
v -2.043505 0.000000 2.541667
v -2.137794 -0.168586 2.541667
v -1.985141 -0.330693 2.541667
v -1.751034 -0.480092 2.541667
v -1.457839 -0.611041 2.541667
v -1.125186 -0.718508 2.541667
v -0.766206 -0.798364 2.541667
v -0.388712 -0.847539 2.541667
v -0.000000 -0.864143 2.541667
v 0.388712 -0.847539 2.541667
v 0.766206 -0.798364 2.541667
v 1.125186 -0.718508 2.541667
v 1.457839 -0.611041 2.541667
v 1.751034 -0.480092 2.541667
v 1.985141 -0.330693 2.541667
v 2.137794 -0.168586 2.541667
v 2.000000 0.000000 2.833333
v 1.950479 0.219477 2.833333
v 1.808694 0.430519 2.833333
v 1.592236 0.625017 2.833333
v 1.322792 0.795495 2.833333
v 1.019080 0.935403 2.833333
v 0.693120 1.039364 2.833333
v 0.351452 1.103383 2.833333
v 0.000000 1.125000 2.833333
v -0.351452 1.103383 2.833333
v -0.693120 1.039364 2.833333
v -1.019080 0.935403 2.833333
v -1.322792 0.795495 2.833333
v -1.592236 0.625017 2.833333
v -1.808694 0.430519 2.833333
v -1.950479 0.219477 2.833333
v -2.000000 0.000000 2.833333
v -2.091712 -0.164607 2.833333
v -1.941732 -0.322889 2.833333
v -1.711968 -0.468762 2.833333
v -1.424616 -0.596621 2.833333
v -1.099083 -0.701552 2.833333
v -0.748226 -0.779523 2.833333
v -0.379545 -0.827538 2.833333
v -0.000000 -0.843750 2.833333
v 0.379545 -0.827538 2.833333
v 0.748226 -0.779523 2.833333
v 1.099083 -0.701552 2.833333
v 1.424616 -0.596621 2.833333
v 1.711968 -0.468762 2.833333
v 1.941732 -0.322889 2.833333
v 2.091712 -0.164607 2.833333
v 1.953073 0.000000 3.125000
v 1.904454 0.213755 3.125000
v 1.765339 0.419295 3.125000
v 1.553218 0.608722 3.125000
v 1.289610 0.774756 3.125000
v 0.993009 0.911017 3.125000
v 0.675161 1.012268 3.125000
v 0.342297 1.074618 3.125000
v 0.000000 1.095671 3.125000
v -0.342297 1.074618 3.125000
v -0.675161 1.012268 3.125000
v -0.993009 0.911017 3.125000
v -1.289610 0.774756 3.125000
v -1.553218 0.608722 3.125000
v -1.765339 0.419295 3.125000
v -1.904454 0.213755 3.125000
v -1.953073 0.000000 3.125000
v -2.042005 -0.160316 3.125000
v -1.894910 -0.314471 3.125000
v -1.669828 -0.456542 3.125000
v -1.388779 -0.581067 3.125000
v -1.070926 -0.683263 3.125000
v -0.728831 -0.759201 3.125000
v -0.369658 -0.805963 3.125000
v -0.000000 -0.821753 3.125000
v 0.369658 -0.805963 3.125000
v 0.728831 -0.759201 3.125000
v 1.070926 -0.683263 3.125000
v 1.388779 -0.581067 3.125000
v 1.669828 -0.456542 3.125000
v 1.894910 -0.314471 3.125000
v 2.042005 -0.160316 3.125000
v 1.903528 0.000000 3.416667
v 1.855860 0.207714 3.416667
v 1.719565 0.407445 3.416667
v 1.512022 0.591518 3.416667
v 1.254576 0.752860 3.416667
v 0.965483 0.885270 3.416667
v 0.656201 0.983659 3.416667
v 0.332631 1.044247 3.416667
v 0.000000 1.064705 3.416667
v -0.332631 1.044247 3.416667
v -0.656201 0.983659 3.416667
v -0.965483 0.885270 3.416667
v -1.254576 0.752860 3.416667
v -1.512022 0.591518 3.416667
v -1.719565 0.407445 3.416667
v -1.855860 0.207714 3.416667
v -1.903528 0.000000 3.416667
v -1.989524 -0.155785 3.416667
v -1.845473 -0.305584 3.416667
v -1.625337 -0.443639 3.416667
v -1.350942 -0.564645 3.416667
v -1.041198 -0.663952 3.416667
v -0.708354 -0.737744 3.416667
v -0.359219 -0.783185 3.416667
v -0.000000 -0.798529 3.416667
v 0.359219 -0.783185 3.416667
v 0.708354 -0.737744 3.416667
v 1.041198 -0.663952 3.416667
v 1.350942 -0.564645 3.416667
v 1.625337 -0.443639 3.416667
v 1.845473 -0.305584 3.416667
v 1.989524 -0.155785 3.416667
v 1.852210 0.000000 3.708333
v 1.805529 0.201456 3.708333
v 1.672154 0.395171 3.708333
v 1.469353 0.573699 3.708333
v 1.218289 0.730181 3.708333
v 0.936973 0.858602 3.708333
v 0.636563 0.954027 3.708333
v 0.322620 1.012790 3.708333
v 0.000000 1.032632 3.708333
v -0.322620 1.012790 3.708333
v -0.636563 0.954027 3.708333
v -0.936973 0.858602 3.708333
v -1.218289 0.730181 3.708333
v -1.469353 0.573699 3.708333
v -1.672154 0.395171 3.708333
v -1.805529 0.201456 3.708333
v -1.852210 0.000000 3.708333
v -1.935166 -0.151092 3.708333
v -1.794270 -0.296378 3.708333
v -1.579255 -0.430275 3.708333
v -1.311752 -0.547636 3.708333
v -1.010406 -0.643951 3.708333
v -0.687145 -0.715520 3.708333
v -0.348406 -0.759592 3.708333
v -0.000000 -0.774474 3.708333
v 0.348406 -0.759592 3.708333
v 0.687145 -0.715520 3.708333
v 1.010406 -0.643951 3.708333
v 1.311752 -0.547636 3.708333
v 1.579255 -0.430275 3.708333
v 1.794270 -0.296378 3.708333
v 1.935166 -0.151092 3.708333
v 2.200000 0.000000 4.000000
v 2.146636 0.243863 4.000000
v 1.993470 0.478354 4.000000
v 1.758530 0.694463 4.000000
v 1.464214 0.883883 4.000000
v 1.130194 1.039337 4.000000
v 0.769656 1.154849 4.000000
v 0.390470 1.225982 4.000000
v 0.000000 1.250000 4.000000
v -0.390470 1.225982 4.000000
v -0.769656 1.154849 4.000000
v -1.130194 1.039337 4.000000
v -1.464214 0.883883 4.000000
v -1.758530 0.694463 4.000000
v -1.993470 0.478354 4.000000
v -2.146636 0.243863 4.000000
v -2.200000 0.000000 4.000000
v -2.303562 -0.182897 4.000000
v -2.141290 -0.358766 4.000000
v -1.891565 -0.520847 4.000000
v -1.577351 -0.662913 4.000000
v -1.219086 -0.779503 4.000000
v -0.830886 -0.866137 4.000000
v -0.421685 -0.919486 4.000000
v -0.000000 -0.937500 4.000000
v 0.421685 -0.919486 4.000000
v 0.830886 -0.866137 4.000000
v 1.219086 -0.779503 4.000000
v 1.577351 -0.662913 4.000000
v 1.891565 -0.520847 4.000000
v 2.141290 -0.358766 4.000000
v 2.303562 -0.182897 4.000000
v 2.150000 -0.008333 4.291667
v 2.097597 0.229839 4.291667
v 1.947276 0.458859 4.291667
v 1.716956 0.669925 4.291667
v 1.428858 0.854926 4.291667
v 1.102416 1.006752 4.291667
v 0.750522 1.119570 4.291667
v 0.380716 1.189042 4.291667
v 0.000000 1.212500 4.291667
v -0.380716 1.189042 4.291667
v -0.750522 1.119570 4.291667
v -1.102416 1.006752 4.291667
v -1.428858 0.854926 4.291667
v -1.716956 0.669925 4.291667
v -1.947276 0.458859 4.291667
v -2.097597 0.229839 4.291667
v -2.150000 -0.008333 4.291667
v -2.250599 -0.186963 4.291667
v -2.091401 -0.358728 4.291667
v -1.846666 -0.517027 4.291667
v -1.539167 -0.655778 4.291667
v -1.189085 -0.769648 4.291667
v -0.810221 -0.854261 4.291667
v -0.411150 -0.906365 4.291667
v -0.000000 -0.923958 4.291667
v 0.411150 -0.906365 4.291667
v 0.810221 -0.854261 4.291667
v 1.189085 -0.769648 4.291667
v 1.539167 -0.655778 4.291667
v 1.846666 -0.517027 4.291667
v 2.091401 -0.358728 4.291667
v 2.250599 -0.186963 4.291667
v 2.100000 -0.016667 4.583333
v 2.048558 0.215816 4.583333
v 1.901082 0.439364 4.583333
v 1.675383 0.645388 4.583333
v 1.393503 0.825969 4.583333
v 1.074637 0.974168 4.583333
v 0.731388 1.084290 4.583333
v 0.370961 1.152102 4.583333
v 0.000000 1.175000 4.583333
v -0.370961 1.152102 4.583333
v -0.731388 1.084290 4.583333
v -1.074637 0.974168 4.583333
v -1.393503 0.825969 4.583333
v -1.675383 0.645388 4.583333
v -1.901082 0.439364 4.583333
v -2.048558 0.215816 4.583333
v -2.100000 -0.016667 4.583333
v -2.197637 -0.191029 4.583333
v -2.041511 -0.358690 4.583333
v -1.801766 -0.513208 4.583333
v -1.500983 -0.648643 4.583333
v -1.159084 -0.759793 4.583333
v -0.789556 -0.842384 4.583333
v -0.400615 -0.893244 4.583333
v -0.000000 -0.910417 4.583333
v 0.400615 -0.893244 4.583333
v 0.789556 -0.842384 4.583333
v 1.159084 -0.759793 4.583333
v 1.500983 -0.648643 4.583333
v 1.801766 -0.513208 4.583333
v 2.041511 -0.358690 4.583333
v 2.197637 -0.191029 4.583333
v 2.050000 -0.025000 4.875000
v 1.999518 0.201792 4.875000
v 1.854888 0.419869 4.875000
v 1.633809 0.620850 4.875000
v 1.358148 0.797012 4.875000
v 1.046859 0.941583 4.875000
v 0.712254 1.049010 4.875000
v 0.361207 1.115163 4.875000
v 0.000000 1.137500 4.875000
v -0.361207 1.115163 4.875000
v -0.712254 1.049010 4.875000
v -1.046859 0.941583 4.875000
v -1.358148 0.797012 4.875000
v -1.633809 0.620850 4.875000
v -1.854888 0.419869 4.875000
v -1.999518 0.201792 4.875000
v -2.050000 -0.025000 4.875000
v -2.144675 -0.195094 4.875000
v -1.991622 -0.358652 4.875000
v -1.756867 -0.509388 4.875000
v -1.462799 -0.641509 4.875000
v -1.129083 -0.749938 4.875000
v -0.768891 -0.830507 4.875000
v -0.390080 -0.880122 4.875000
v -0.000000 -0.896875 4.875000
v 0.390080 -0.880122 4.875000
v 0.768891 -0.830507 4.875000
v 1.129083 -0.749938 4.875000
v 1.462799 -0.641509 4.875000
v 1.756867 -0.509388 4.875000
v 1.991622 -0.358652 4.875000
v 2.144675 -0.195094 4.875000
v 2.000000 -0.033333 5.166667
v 1.950479 0.187769 5.166667
v 1.808694 0.400375 5.166667
v 1.592236 0.596313 5.166667
v 1.322792 0.768054 5.166667
v 1.019080 0.908999 5.166667
v 0.693120 1.013730 5.166667
v 0.351452 1.078223 5.166667
v 0.000000 1.100000 5.166667
v -0.351452 1.078223 5.166667
v -0.693120 1.013730 5.166667
v -1.019080 0.908999 5.166667
v -1.322792 0.768054 5.166667
v -1.592236 0.596313 5.166667
v -1.808694 0.400375 5.166667
v -1.950479 0.187769 5.166667
v -2.000000 -0.033333 5.166667
v -2.091712 -0.199160 5.166667
v -1.941732 -0.358614 5.166667
v -1.711968 -0.505568 5.166667
v -1.424616 -0.634374 5.166667
v -1.099083 -0.740083 5.166667
v -0.748226 -0.818631 5.166667
v -0.379545 -0.867001 5.166667
v -0.000000 -0.883333 5.166667
v 0.379545 -0.867001 5.166667
v 0.748226 -0.818631 5.166667
v 1.099083 -0.740083 5.166667
v 1.424616 -0.634374 5.166667
v 1.711968 -0.505568 5.166667
v 1.941732 -0.358614 5.166667
v 2.091712 -0.199160 5.166667
v 1.950000 -0.041667 5.458333
v 1.901440 0.173746 5.458333
v 1.762500 0.380880 5.458333
v 1.550662 0.571775 5.458333
v 1.287437 0.739097 5.458333
v 0.991302 0.876414 5.458333
v 0.673985 0.978450 5.458333
v 0.341698 1.041284 5.458333
v 0.000000 1.062500 5.458333
v -0.341698 1.041284 5.458333
v -0.673985 0.978450 5.458333
v -0.991302 0.876414 5.458333
v -1.287437 0.739097 5.458333
v -1.550662 0.571775 5.458333
v -1.762500 0.380880 5.458333
v -1.901440 0.173746 5.458333
v -1.950000 -0.041667 5.458333
v -2.038750 -0.203226 5.458333
v -1.891843 -0.358576 5.458333
v -1.667068 -0.501748 5.458333
v -1.386432 -0.627239 5.458333
v -1.069082 -0.730227 5.458333
v -0.727561 -0.806754 5.458333
v -0.369010 -0.853879 5.458333
v -0.000000 -0.869792 5.458333
v 0.369010 -0.853879 5.458333
v 0.727561 -0.806754 5.458333
v 1.069082 -0.730227 5.458333
v 1.386432 -0.627239 5.458333
v 1.667068 -0.501748 5.458333
v 1.891843 -0.358576 5.458333
v 2.038750 -0.203226 5.458333
v 1.900000 -0.050000 5.750000
v 1.852401 0.159722 5.750000
v 1.716306 0.361385 5.750000
v 1.509089 0.547238 5.750000
v 1.252082 0.710140 5.750000
v 0.963523 0.843830 5.750000
v 0.654851 0.943170 5.750000
v 0.331943 1.004344 5.750000
v 0.000000 1.025000 5.750000
v -0.331943 1.004344 5.750000
v -0.654851 0.943170 5.750000
v -0.963523 0.843830 5.750000
v -1.252082 0.710140 5.750000
v -1.509089 0.547238 5.750000
v -1.716306 0.361385 5.750000
v -1.852401 0.159722 5.750000
v -1.900000 -0.050000 5.750000
v -1.985787 -0.207292 5.750000
v -1.841953 -0.358539 5.750000
v -1.622169 -0.497929 5.750000
v -1.348248 -0.620105 5.750000
v -1.039081 -0.720372 5.750000
v -0.706896 -0.794878 5.750000
v -0.358476 -0.840758 5.750000
v -0.000000 -0.856250 5.750000
v 0.358476 -0.840758 5.750000
v 0.706896 -0.794878 5.750000
v 1.039081 -0.720372 5.750000
v 1.348248 -0.620105 5.750000
v 1.622169 -0.497929 5.750000
v 1.841953 -0.358539 5.750000
v 1.985787 -0.207292 5.750000
v 1.850000 -0.058333 6.041667
v 1.803361 0.145699 6.041667
v 1.670112 0.341890 6.041667
v 1.467516 0.522701 6.041667
v 1.216726 0.681183 6.041667
v 0.935745 0.811245 6.041667
v 0.635717 0.907891 6.041667
v 0.322189 0.967405 6.041667
v 0.000000 0.987500 6.041667
v -0.322189 0.967405 6.041667
v -0.635717 0.907891 6.041667
v -0.935745 0.811245 6.041667
v -1.216726 0.681183 6.041667
v -1.467516 0.522701 6.041667
v -1.670112 0.341890 6.041667
v -1.803361 0.145699 6.041667
v -1.850000 -0.058333 6.041667
v -1.932825 -0.211357 6.041667
v -1.792064 -0.358501 6.041667
v -1.577270 -0.494109 6.041667
v -1.310064 -0.612970 6.041667
v -1.009080 -0.710517 6.041667
v -0.686231 -0.783001 6.041667
v -0.347941 -0.827637 6.041667
v -0.000000 -0.842708 6.041667
v 0.347941 -0.827637 6.041667
v 0.686231 -0.783001 6.041667
v 1.009080 -0.710517 6.041667
v 1.310064 -0.612970 6.041667
v 1.577270 -0.494109 6.041667
v 1.792064 -0.358501 6.041667
v 1.932825 -0.211357 6.041667
v 1.800000 -0.066667 6.333333
v 1.754322 0.131675 6.333333
v 1.623918 0.322395 6.333333
v 1.425942 0.498163 6.333333
v 1.181371 0.652225 6.333333
v 0.907966 0.778661 6.333333
v 0.616583 0.872611 6.333333
v 0.312434 0.930465 6.333333
v 0.000000 0.950000 6.333333
v -0.312434 0.930465 6.333333
v -0.616583 0.872611 6.333333
v -0.907966 0.778661 6.333333
v -1.181371 0.652225 6.333333
v -1.425942 0.498163 6.333333
v -1.623918 0.322395 6.333333
v -1.754322 0.131675 6.333333
v -1.800000 -0.066667 6.333333
v -1.879863 -0.215423 6.333333
v -1.742175 -0.358463 6.333333
v -1.532370 -0.490289 6.333333
v -1.271881 -0.605836 6.333333
v -0.979079 -0.700662 6.333333
v -0.665566 -0.771125 6.333333
v -0.337406 -0.814515 6.333333
v -0.000000 -0.829167 6.333333
v 0.337406 -0.814515 6.333333
v 0.665566 -0.771125 6.333333
v 0.979079 -0.700662 6.333333
v 1.271881 -0.605836 6.333333
v 1.532370 -0.490289 6.333333
v 1.742175 -0.358463 6.333333
v 1.879863 -0.215423 6.333333
v 1.750000 -0.075000 6.625000
v 1.705283 0.117652 6.625000
v 1.577724 0.302900 6.625000
v 1.384369 0.473626 6.625000
v 1.146016 0.623268 6.625000
v 0.880188 0.746076 6.625000
v 0.597449 0.837331 6.625000
v 0.302680 0.893525 6.625000
v 0.000000 0.912500 6.625000
v -0.302680 0.893525 6.625000
v -0.597449 0.837331 6.625000
v -0.880188 0.746076 6.625000
v -1.146016 0.623268 6.625000
v -1.384369 0.473626 6.625000
v -1.577724 0.302900 6.625000
v -1.705283 0.117652 6.625000
v -1.750000 -0.075000 6.625000
v -1.826900 -0.219489 6.625000
v -1.692285 -0.358425 6.625000
v -1.487471 -0.486469 6.625000
v -1.233697 -0.598701 6.625000
v -0.949079 -0.690807 6.625000
v -0.644901 -0.759248 6.625000
v -0.326871 -0.801394 6.625000
v -0.000000 -0.815625 6.625000
v 0.326871 -0.801394 6.625000
v 0.644901 -0.759248 6.625000
v 0.949079 -0.690807 6.625000
v 1.233697 -0.598701 6.625000
v 1.487471 -0.486469 6.625000
v 1.692285 -0.358425 6.625000
v 1.826900 -0.219489 6.625000
v 1.700000 -0.083333 6.916667
v 1.656244 0.103628 6.916667
v 1.531530 0.283405 6.916667
v 1.342795 0.449088 6.916667
v 1.110660 0.594311 6.916667
v 0.852409 0.713492 6.916667
v 0.578314 0.802051 6.916667
v 0.292925 0.856586 6.916667
v 0.000000 0.875000 6.916667
v -0.292925 0.856586 6.916667
v -0.578314 0.802051 6.916667
v -0.852409 0.713492 6.916667
v -1.110660 0.594311 6.916667
v -1.342795 0.449088 6.916667
v -1.531530 0.283405 6.916667
v -1.656244 0.103628 6.916667
v -1.700000 -0.083333 6.916667
v -1.773938 -0.223555 6.916667
v -1.642396 -0.358387 6.916667
v -1.442571 -0.482649 6.916667
v -1.195513 -0.591566 6.916667
v -0.919078 -0.680952 6.916667
v -0.624236 -0.747372 6.916667
v -0.316336 -0.788273 6.916667
v -0.000000 -0.802083 6.916667
v 0.316336 -0.788273 6.916667
v 0.624236 -0.747372 6.916667
v 0.919078 -0.680952 6.916667
v 1.195513 -0.591566 6.916667
v 1.442571 -0.482649 6.916667
v 1.642396 -0.358387 6.916667
v 1.773938 -0.223555 6.916667
v 1.650000 -0.091667 7.208333
v 1.607204 0.089605 7.208333
v 1.485336 0.263910 7.208333
v 1.301222 0.424551 7.208333
v 1.075305 0.565353 7.208333
v 0.824631 0.680907 7.208333
v 0.559180 0.766771 7.208333
v 0.283171 0.819646 7.208333
v 0.000000 0.837500 7.208333
v -0.283171 0.819646 7.208333
v -0.559180 0.766771 7.208333
v -0.824631 0.680907 7.208333
v -1.075305 0.565353 7.208333
v -1.301222 0.424551 7.208333
v -1.485336 0.263910 7.208333
v -1.607204 0.089605 7.208333
v -1.650000 -0.091667 7.208333
v -1.720975 -0.227620 7.208333
v -1.592506 -0.358349 7.208333
v -1.397672 -0.478830 7.208333
v -1.157329 -0.584432 7.208333
v -0.889077 -0.671097 7.208333
v -0.603572 -0.735495 7.208333
v -0.305801 -0.775151 7.208333
v -0.000000 -0.788542 7.208333
v 0.305801 -0.775151 7.208333
v 0.603572 -0.735495 7.208333
v 0.889077 -0.671097 7.208333
v 1.157329 -0.584432 7.208333
v 1.397672 -0.478830 7.208333
v 1.592506 -0.358349 7.208333
v 1.720975 -0.227620 7.208333
v 1.600000 -0.100000 7.500000
v 1.558165 0.075581 7.500000
v 1.439142 0.244415 7.500000
v 1.259648 0.400013 7.500000
v 1.039949 0.536396 7.500000
v 0.796852 0.648323 7.500000
v 0.540046 0.731492 7.500000
v 0.273416 0.782707 7.500000
v 0.000000 0.800000 7.500000
v -0.273416 0.782707 7.500000
v -0.540046 0.731492 7.500000
v -0.796852 0.648323 7.500000
v -1.039949 0.536396 7.500000
v -1.259648 0.400013 7.500000
v -1.439142 0.244415 7.500000
v -1.558165 0.075581 7.500000
v -1.600000 -0.100000 7.500000
v -1.668013 -0.231686 7.500000
v -1.542617 -0.358311 7.500000
v -1.352773 -0.475010 7.500000
v -1.119145 -0.577297 7.500000
v -0.859076 -0.661242 7.500000
v -0.582907 -0.723619 7.500000
v -0.295266 -0.762030 7.500000
v -0.000000 -0.775000 7.500000
v 0.295266 -0.762030 7.500000
v 0.582907 -0.723619 7.500000
v 0.859076 -0.661242 7.500000
v 1.119145 -0.577297 7.500000
v 1.352773 -0.475010 7.500000
v 1.542617 -0.358311 7.500000
v 1.668013 -0.231686 7.500000
v 0.000000 0.200000 -6.550000
v 0.000000 -0.100000 7.550000
v -1.700000 0.000000 -1.200000
v -1.700000 0.000000 -1.200000
v -1.700000 0.082943 -0.890000
v -1.700000 -0.070501 -0.890000
v -1.700000 0.109265 -0.580000
v -1.700000 -0.092875 -0.580000
v -1.700000 0.124720 -0.270000
v -1.700000 -0.106012 -0.270000
v -1.700000 0.133876 0.040000
v -1.700000 -0.113795 0.040000
v -1.700000 0.138629 0.350000
v -1.700000 -0.117835 0.350000
v -1.700000 0.140040 0.660000
v -1.700000 -0.119034 0.660000
v -1.700000 0.138801 0.970000
v -1.700000 -0.117981 0.970000
v -1.700000 0.135404 1.280000
v -1.700000 -0.115093 1.280000
v -1.700000 0.130217 1.590000
v -1.700000 -0.110685 1.590000
v -1.700000 0.123527 1.900000
v -1.700000 -0.104998 1.900000
v -1.700000 0.115557 2.210000
v -1.700000 -0.098223 2.210000
v -1.700000 0.106479 2.520000
v -1.700000 -0.090507 2.520000
v -1.700000 0.096425 2.830000
v -1.700000 -0.081961 2.830000
v -1.700000 0.085491 3.140000
v -1.700000 -0.072667 3.140000
v -1.700000 0.073740 3.450000
v -1.700000 -0.062679 3.450000
v -1.700000 0.061206 3.760000
v -1.700000 -0.052025 3.760000
v -1.700000 0.047893 4.070000
v -1.700000 -0.040709 4.070000
v -1.700000 0.033780 4.380000
v -1.700000 -0.028713 4.380000
v -1.700000 0.018820 4.690000
v -1.700000 -0.015997 4.690000
v -1.700000 0.002940 5.000000
v -1.700000 -0.002499 5.000000
v -2.025000 0.013750 -0.837500
v -2.025000 0.013750 -0.837500
v -2.025000 0.093323 -0.541450
v -2.025000 -0.053887 -0.541450
v -2.025000 0.118576 -0.245400
v -2.025000 -0.075352 -0.245400
v -2.025000 0.133404 0.050650
v -2.025000 -0.087956 0.050650
v -2.025000 0.142187 0.346700
v -2.025000 -0.095422 0.346700
v -2.025000 0.146747 0.642750
v -2.025000 -0.099298 0.642750
v -2.025000 0.148101 0.938800
v -2.025000 -0.100448 0.938800
v -2.025000 0.146912 1.234850
v -2.025000 -0.099438 1.234850
v -2.025000 0.143653 1.530900
v -2.025000 -0.096667 1.530900
v -2.025000 0.138677 1.826950
v -2.025000 -0.092438 1.826950
v -2.025000 0.132259 2.123000
v -2.025000 -0.086983 2.123000
v -2.025000 0.124612 2.419050
v -2.025000 -0.080483 2.419050
v -2.025000 0.115903 2.715100
v -2.025000 -0.073080 2.715100
v -2.025000 0.106258 3.011150
v -2.025000 -0.064882 3.011150
v -2.025000 0.095768 3.307200
v -2.025000 -0.055965 3.307200
v -2.025000 0.084495 3.603250
v -2.025000 -0.046383 3.603250
v -2.025000 0.072470 3.899300
v -2.025000 -0.036162 3.899300
v -2.025000 0.059697 4.195350
v -2.025000 -0.025305 4.195350
v -2.025000 0.046158 4.491400
v -2.025000 -0.013797 4.491400
v -2.025000 0.031805 4.787450
v -2.025000 -0.001597 4.787450
v -2.025000 0.016571 5.083500
v -2.025000 0.011353 5.083500
v -2.350000 0.027500 -0.475000
v -2.350000 0.027500 -0.475000
v -2.350000 0.103704 -0.192900
v -2.350000 -0.037273 -0.192900
v -2.350000 0.127887 0.089200
v -2.350000 -0.057829 0.089200
v -2.350000 0.142087 0.371300
v -2.350000 -0.069899 0.371300
v -2.350000 0.150499 0.653400
v -2.350000 -0.077049 0.653400
v -2.350000 0.154865 0.935500
v -2.350000 -0.080761 0.935500
v -2.350000 0.156162 1.217600
v -2.350000 -0.081863 1.217600
v -2.350000 0.155024 1.499700
v -2.350000 -0.080895 1.499700
v -2.350000 0.151902 1.781800
v -2.350000 -0.078242 1.781800
v -2.350000 0.147137 2.063900
v -2.350000 -0.074191 2.063900
v -2.350000 0.140991 2.346000
v -2.350000 -0.068967 2.346000
v -2.350000 0.133668 2.628100
v -2.350000 -0.062743 2.628100
v -2.350000 0.125327 2.910200
v -2.350000 -0.055653 2.910200
v -2.350000 0.116090 3.192300
v -2.350000 -0.047802 3.192300
v -2.350000 0.106045 3.474400
v -2.350000 -0.039263 3.474400
v -2.350000 0.095249 3.756500
v -2.350000 -0.030087 3.756500
v -2.350000 0.083733 4.038600
v -2.350000 -0.020298 4.038600
v -2.350000 0.071502 4.320700
v -2.350000 -0.009902 4.320700
v -2.350000 0.058535 4.602800
v -2.350000 0.001120 4.602800
v -2.350000 0.044791 4.884900
v -2.350000 0.012803 4.884900
v -2.350000 0.030201 5.167000
v -2.350000 0.025204 5.167000
v -2.675000 0.041250 -0.112500
v -2.675000 0.041250 -0.112500
v -2.675000 0.114084 0.155650
v -2.675000 -0.020659 0.155650
v -2.675000 0.137198 0.423800
v -2.675000 -0.040306 0.423800
v -2.675000 0.150770 0.691950
v -2.675000 -0.051842 0.691950
v -2.675000 0.158810 0.960100
v -2.675000 -0.058676 0.960100
v -2.675000 0.162984 1.228250
v -2.675000 -0.062224 1.228250
v -2.675000 0.164223 1.496400
v -2.675000 -0.063277 1.496400
v -2.675000 0.163135 1.764550
v -2.675000 -0.062352 1.764550
v -2.675000 0.160151 2.032700
v -2.675000 -0.059816 2.032700
v -2.675000 0.155597 2.300850
v -2.675000 -0.055945 2.300850
v -2.675000 0.149722 2.569000
v -2.675000 -0.050952 2.569000
v -2.675000 0.142723 2.837150
v -2.675000 -0.045002 2.837150
v -2.675000 0.134752 3.105300
v -2.675000 -0.038226 3.105300
v -2.675000 0.125923 3.373450
v -2.675000 -0.030722 3.373450
v -2.675000 0.116322 3.641600
v -2.675000 -0.022561 3.641600
v -2.675000 0.106003 3.909750
v -2.675000 -0.013790 3.909750
v -2.675000 0.094997 4.177900
v -2.675000 -0.004435 4.177900
v -2.675000 0.083306 4.446050
v -2.675000 0.005502 4.446050
v -2.675000 0.070913 4.714200
v -2.675000 0.016036 4.714200
v -2.675000 0.057776 4.982350
v -2.675000 0.027203 4.982350
v -2.675000 0.043832 5.250500
v -2.675000 0.039056 5.250500
v -3.000000 0.055000 0.250000
v -3.000000 0.055000 0.250000
v -3.000000 0.124464 0.504200
v -3.000000 -0.004045 0.504200
v -3.000000 0.146509 0.758400
v -3.000000 -0.022783 0.758400
v -3.000000 0.159453 1.012600
v -3.000000 -0.033785 1.012600
v -3.000000 0.167121 1.266800
v -3.000000 -0.040303 1.266800
v -3.000000 0.171102 1.521000
v -3.000000 -0.043687 1.521000
v -3.000000 0.172284 1.775200
v -3.000000 -0.044691 1.775200
v -3.000000 0.171246 2.029400
v -3.000000 -0.043809 2.029400
v -3.000000 0.168401 2.283600
v -3.000000 -0.041390 2.283600
v -3.000000 0.164057 2.537800
v -3.000000 -0.037698 2.537800
v -3.000000 0.158454 2.792000
v -3.000000 -0.032936 2.792000
v -3.000000 0.151779 3.046200
v -3.000000 -0.027262 3.046200
v -3.000000 0.144176 3.300400
v -3.000000 -0.020799 3.300400
v -3.000000 0.135756 3.554600
v -3.000000 -0.013642 3.554600
v -3.000000 0.126599 3.808800
v -3.000000 -0.005859 3.808800
v -3.000000 0.116758 4.063000
v -3.000000 0.002506 4.063000
v -3.000000 0.106260 4.317200
v -3.000000 0.011429 4.317200
v -3.000000 0.095110 4.571400
v -3.000000 0.020906 4.571400
v -3.000000 0.083291 4.825600
v -3.000000 0.030953 4.825600
v -3.000000 0.070762 5.079800
v -3.000000 0.041603 5.079800
v -3.000000 0.057462 5.334000
v -3.000000 0.052907 5.334000
v -3.325000 0.068750 0.612500
v -3.325000 0.068750 0.612500
v -3.325000 0.134845 0.852750
v -3.325000 0.012569 0.852750
v -3.325000 0.155820 1.093000
v -3.325000 -0.005260 1.093000
v -3.325000 0.168137 1.333250
v -3.325000 -0.015729 1.333250
v -3.325000 0.175432 1.573500
v -3.325000 -0.021930 1.573500
v -3.325000 0.179220 1.813750
v -3.325000 -0.025149 1.813750
v -3.325000 0.180345 2.054000
v -3.325000 -0.026105 2.054000
v -3.325000 0.179357 2.294250
v -3.325000 -0.025266 2.294250
v -3.325000 0.176650 2.534500
v -3.325000 -0.022965 2.534500
v -3.325000 0.172517 2.774750
v -3.325000 -0.019452 2.774750
v -3.325000 0.167186 3.015000
v -3.325000 -0.014920 3.015000
v -3.325000 0.160834 3.255250
v -3.325000 -0.009522 3.255250
v -3.325000 0.153600 3.495500
v -3.325000 -0.003373 3.495500
v -3.325000 0.145589 3.735750
v -3.325000 0.003437 3.735750
v -3.325000 0.136876 3.976000
v -3.325000 0.010843 3.976000
v -3.325000 0.127512 4.216250
v -3.325000 0.018802 4.216250
v -3.325000 0.117524 4.456500
v -3.325000 0.027292 4.456500
v -3.325000 0.106915 4.696750
v -3.325000 0.036310 4.696750
v -3.325000 0.095668 4.937000
v -3.325000 0.045869 4.937000
v -3.325000 0.083747 5.177250
v -3.325000 0.056003 5.177250
v -3.325000 0.071093 5.417500
v -3.325000 0.066759 5.417500
v -3.650000 0.082500 0.975000
v -3.650000 0.082500 0.975000
v -3.650000 0.145225 1.201300
v -3.650000 0.029183 1.201300
v -3.650000 0.165131 1.427600
v -3.650000 0.012263 1.427600
v -3.650000 0.176820 1.653900
v -3.650000 0.002328 1.653900
v -3.650000 0.183744 1.880200
v -3.650000 -0.003557 1.880200
v -3.650000 0.187338 2.106500
v -3.650000 -0.006612 2.106500
v -3.650000 0.188405 2.332800
v -3.650000 -0.007520 2.332800
v -3.650000 0.187468 2.559100
v -3.650000 -0.006723 2.559100
v -3.650000 0.184899 2.785400
v -3.650000 -0.004539 2.785400
v -3.650000 0.180977 3.011700
v -3.650000 -0.001205 3.011700
v -3.650000 0.175917 3.238000
v -3.650000 0.003095 3.238000
v -3.650000 0.169890 3.464300
v -3.650000 0.008219 3.464300
v -3.650000 0.163024 3.690600
v -3.650000 0.014054 3.690600
v -3.650000 0.155421 3.916900
v -3.650000 0.020517 3.916900
v -3.650000 0.147153 4.143200
v -3.650000 0.027545 4.143200
v -3.650000 0.138266 4.369500
v -3.650000 0.035099 4.369500
v -3.650000 0.128787 4.595800
v -3.650000 0.043156 4.595800
v -3.650000 0.118719 4.822100
v -3.650000 0.051714 4.822100
v -3.650000 0.108046 5.048400
v -3.650000 0.060786 5.048400
v -3.650000 0.096732 5.274700
v -3.650000 0.070402 5.274700
v -3.650000 0.084723 5.501000
v -3.650000 0.080610 5.501000
v -3.975000 0.096250 1.337500
v -3.975000 0.096250 1.337500
v -3.975000 0.155606 1.549850
v -3.975000 0.045798 1.549850
v -3.975000 0.174443 1.762200
v -3.975000 0.029786 1.762200
v -3.975000 0.185503 1.974550
v -3.975000 0.020385 1.974550
v -3.975000 0.192055 2.186900
v -3.975000 0.014816 2.186900
v -3.975000 0.195456 2.399250
v -3.975000 0.011925 2.399250
v -3.975000 0.196466 2.611600
v -3.975000 0.011066 2.611600
v -3.975000 0.195580 2.823950
v -3.975000 0.011820 2.823950
v -3.975000 0.193148 3.036300
v -3.975000 0.013887 3.036300
v -3.975000 0.189437 3.248650
v -3.975000 0.017041 3.248650
v -3.975000 0.184649 3.461000
v -3.975000 0.021111 3.461000
v -3.975000 0.178945 3.673350
v -3.975000 0.025959 3.673350
v -3.975000 0.172449 3.885700
v -3.975000 0.031481 3.885700
v -3.975000 0.165254 4.098050
v -3.975000 0.037597 4.098050
v -3.975000 0.157430 4.310400
v -3.975000 0.044247 4.310400
v -3.975000 0.149021 4.522750
v -3.975000 0.051395 4.522750
v -3.975000 0.140051 4.735100
v -3.975000 0.059019 4.735100
v -3.975000 0.130524 4.947450
v -3.975000 0.067118 4.947450
v -3.975000 0.120424 5.159800
v -3.975000 0.075702 5.159800
v -3.975000 0.109718 5.372150
v -3.975000 0.084802 5.372150
v -3.975000 0.098354 5.584500
v -3.975000 0.094462 5.584500
v -4.300000 0.110000 1.700000
v -4.300000 0.110000 1.700000
v -4.300000 0.165986 1.898400
v -4.300000 0.062412 1.898400
v -4.300000 0.183754 2.096800
v -4.300000 0.047309 2.096800
v -4.300000 0.194186 2.295200
v -4.300000 0.038442 2.295200
v -4.300000 0.200366 2.493600
v -4.300000 0.033189 2.493600
v -4.300000 0.203575 2.692000
v -4.300000 0.030462 2.692000
v -4.300000 0.204527 2.890400
v -4.300000 0.029652 2.890400
v -4.300000 0.203691 3.088800
v -4.300000 0.030363 3.088800
v -4.300000 0.201397 3.287200
v -4.300000 0.032312 3.287200
v -4.300000 0.197897 3.485600
v -4.300000 0.035288 3.485600
v -4.300000 0.193381 3.684000
v -4.300000 0.039126 3.684000
v -4.300000 0.188001 3.882400
v -4.300000 0.043699 3.882400
v -4.300000 0.181873 4.080800
v -4.300000 0.048908 4.080800
v -4.300000 0.175087 4.279200
v -4.300000 0.054676 4.279200
v -4.300000 0.167707 4.477600
v -4.300000 0.060949 4.477600
v -4.300000 0.159775 4.676000
v -4.300000 0.067691 4.676000
v -4.300000 0.151314 4.874400
v -4.300000 0.074883 4.874400
v -4.300000 0.142328 5.072800
v -4.300000 0.082521 5.072800
v -4.300000 0.132802 5.271200
v -4.300000 0.090619 5.271200
v -4.300000 0.122703 5.469600
v -4.300000 0.099202 5.469600
v -4.300000 0.111984 5.668000
v -4.300000 0.108313 5.668000
v -4.625000 0.123750 2.062500
v -4.625000 0.123750 2.062500
v -4.625000 0.176367 2.246950
v -4.625000 0.079026 2.246950
v -4.625000 0.193065 2.431400
v -4.625000 0.064832 2.431400
v -4.625000 0.202870 2.615850
v -4.625000 0.056498 2.615850
v -4.625000 0.208678 2.800300
v -4.625000 0.051562 2.800300
v -4.625000 0.211693 2.984750
v -4.625000 0.048999 2.984750
v -4.625000 0.212588 3.169200
v -4.625000 0.048238 3.169200
v -4.625000 0.211802 3.353650
v -4.625000 0.048906 3.353650
v -4.625000 0.209647 3.538100
v -4.625000 0.050738 3.538100
v -4.625000 0.206357 3.722550
v -4.625000 0.053534 3.722550
v -4.625000 0.202113 3.907000
v -4.625000 0.057142 3.907000
v -4.625000 0.197056 4.091450
v -4.625000 0.061440 4.091450
v -4.625000 0.191297 4.275900
v -4.625000 0.066335 4.275900
v -4.625000 0.184920 4.460350
v -4.625000 0.071756 4.460350
v -4.625000 0.177983 4.644800
v -4.625000 0.077652 4.644800
v -4.625000 0.170529 4.829250
v -4.625000 0.083988 4.829250
v -4.625000 0.162578 5.013700
v -4.625000 0.090747 5.013700
v -4.625000 0.154132 5.198150
v -4.625000 0.097925 5.198150
v -4.625000 0.145179 5.382600
v -4.625000 0.105535 5.382600
v -4.625000 0.135689 5.567050
v -4.625000 0.113602 5.567050
v -4.625000 0.125615 5.751500
v -4.625000 0.122165 5.751500
v -4.950000 0.137500 2.425000
v -4.950000 0.137500 2.425000
v -4.950000 0.186747 2.595500
v -4.950000 0.095640 2.595500
v -4.950000 0.202376 2.766000
v -4.950000 0.082356 2.766000
v -4.950000 0.211553 2.936500
v -4.950000 0.074555 2.936500
v -4.950000 0.216989 3.107000
v -4.950000 0.069934 3.107000
v -4.950000 0.219811 3.277500
v -4.950000 0.067536 3.277500
v -4.950000 0.220649 3.448000
v -4.950000 0.066823 3.448000
v -4.950000 0.219913 3.618500
v -4.950000 0.067449 3.618500
v -4.950000 0.217896 3.789000
v -4.950000 0.069164 3.789000
v -4.950000 0.214816 3.959500
v -4.950000 0.071781 3.959500
v -4.950000 0.210844 4.130000
v -4.950000 0.075157 4.130000
v -4.950000 0.206112 4.300500
v -4.950000 0.079180 4.300500
v -4.950000 0.200722 4.471000
v -4.950000 0.083762 4.471000
v -4.950000 0.194752 4.641500
v -4.950000 0.088836 4.641500
v -4.950000 0.188260 4.812000
v -4.950000 0.094354 4.812000
v -4.950000 0.181283 4.982500
v -4.950000 0.100284 4.982500
v -4.950000 0.173841 5.153000
v -4.950000 0.106610 5.153000
v -4.950000 0.165937 5.323500
v -4.950000 0.113329 5.323500
v -4.950000 0.157557 5.494000
v -4.950000 0.120452 5.494000
v -4.950000 0.148674 5.664500
v -4.950000 0.128002 5.664500
v -4.950000 0.139246 5.835000
v -4.950000 0.136016 5.835000
v -5.275000 0.151250 2.787500
v -5.275000 0.151250 2.787500
v -5.275000 0.197128 2.944050
v -5.275000 0.112254 2.944050
v -5.275000 0.211687 3.100600
v -5.275000 0.099879 3.100600
v -5.275000 0.220236 3.257150
v -5.275000 0.092612 3.257150
v -5.275000 0.225300 3.413700
v -5.275000 0.088307 3.413700
v -5.275000 0.227929 3.570250
v -5.275000 0.086073 3.570250
v -5.275000 0.228710 3.726800
v -5.275000 0.085409 3.726800
v -5.275000 0.228024 3.883350
v -5.275000 0.085992 3.883350
v -5.275000 0.226145 4.039900
v -5.275000 0.087589 4.039900
v -5.275000 0.223276 4.196450
v -5.275000 0.090028 4.196450
v -5.275000 0.219576 4.353000
v -5.275000 0.093173 4.353000
v -5.275000 0.215167 4.509550
v -5.275000 0.096920 4.509550
v -5.275000 0.210146 4.666100
v -5.275000 0.101188 4.666100
v -5.275000 0.204585 4.822650
v -5.275000 0.105915 4.822650
v -5.275000 0.198537 4.979200
v -5.275000 0.111056 4.979200
v -5.275000 0.192038 5.135750
v -5.275000 0.116580 5.135750
v -5.275000 0.185105 5.292300
v -5.275000 0.122474 5.292300
v -5.275000 0.177741 5.448850
v -5.275000 0.128733 5.448850
v -5.275000 0.169935 5.605400
v -5.275000 0.135368 5.605400
v -5.275000 0.161660 5.761950
v -5.275000 0.142402 5.761950
v -5.275000 0.152876 5.918500
v -5.275000 0.149868 5.918500
v -5.600000 0.165000 3.150000
v -5.600000 0.165000 3.150000
v -5.600000 0.207508 3.292600
v -5.600000 0.128868 3.292600
v -5.600000 0.220998 3.435200
v -5.600000 0.117402 3.435200
v -5.600000 0.228919 3.577800
v -5.600000 0.110669 3.577800
v -5.600000 0.233611 3.720400
v -5.600000 0.106680 3.720400
v -5.600000 0.236047 3.863000
v -5.600000 0.104610 3.863000
v -5.600000 0.236771 4.005600
v -5.600000 0.103995 4.005600
v -5.600000 0.236136 4.148200
v -5.600000 0.104535 4.148200
v -5.600000 0.234394 4.290800
v -5.600000 0.106015 4.290800
v -5.600000 0.231736 4.433400
v -5.600000 0.108274 4.433400
v -5.600000 0.228308 4.576000
v -5.600000 0.111188 4.576000
v -5.600000 0.224223 4.718600
v -5.600000 0.114661 4.718600
v -5.600000 0.219570 4.861200
v -5.600000 0.118615 4.861200
v -5.600000 0.214418 5.003800
v -5.600000 0.122995 5.003800
v -5.600000 0.208814 5.146400
v -5.600000 0.127758 5.146400
v -5.600000 0.202792 5.289000
v -5.600000 0.132877 5.289000
v -5.600000 0.196368 5.431600
v -5.600000 0.138337 5.431600
v -5.600000 0.189545 5.574200
v -5.600000 0.144137 5.574200
v -5.600000 0.182312 5.716800
v -5.600000 0.150285 5.716800
v -5.600000 0.174645 5.859400
v -5.600000 0.156802 5.859400
v -5.600000 0.166507 6.002000
v -5.600000 0.163719 6.002000
v -5.925000 0.178750 3.512500
v -5.925000 0.178750 3.512500
v -5.925000 0.217889 3.641150
v -5.925000 0.145482 3.641150
v -5.925000 0.230309 3.769800
v -5.925000 0.134925 3.769800
v -5.925000 0.237602 3.898450
v -5.925000 0.128725 3.898450
v -5.925000 0.241923 4.027100
v -5.925000 0.125053 4.027100
v -5.925000 0.244166 4.155750
v -5.925000 0.123147 4.155750
v -5.925000 0.244832 4.284400
v -5.925000 0.122581 4.284400
v -5.925000 0.244247 4.413050
v -5.925000 0.123078 4.413050
v -5.925000 0.242644 4.541700
v -5.925000 0.124440 4.541700
v -5.925000 0.240196 4.670350
v -5.925000 0.126521 4.670350
v -5.925000 0.237039 4.799000
v -5.925000 0.129204 4.799000
v -5.925000 0.233278 4.927650
v -5.925000 0.132401 4.927650
v -5.925000 0.228995 5.056300
v -5.925000 0.136042 5.056300
v -5.925000 0.224251 5.184950
v -5.925000 0.140075 5.184950
v -5.925000 0.219091 5.313600
v -5.925000 0.144460 5.313600
v -5.925000 0.213546 5.442250
v -5.925000 0.149173 5.442250
v -5.925000 0.207632 5.570900
v -5.925000 0.154201 5.570900
v -5.925000 0.201350 5.699550
v -5.925000 0.159540 5.699550
v -5.925000 0.194690 5.828200
v -5.925000 0.165201 5.828200
v -5.925000 0.187631 5.956850
v -5.925000 0.171202 5.956850
v -5.925000 0.180137 6.085500
v -5.925000 0.177571 6.085500
v -6.250000 0.192500 3.875000
v -6.250000 0.192500 3.875000
v -6.250000 0.228269 3.989700
v -6.250000 0.162096 3.989700
v -6.250000 0.239620 4.104400
v -6.250000 0.152448 4.104400
v -6.250000 0.246286 4.219100
v -6.250000 0.146782 4.219100
v -6.250000 0.250234 4.333800
v -6.250000 0.143426 4.333800
v -6.250000 0.252284 4.448500
v -6.250000 0.141684 4.448500
v -6.250000 0.252892 4.563200
v -6.250000 0.141166 4.563200
v -6.250000 0.252358 4.677900
v -6.250000 0.141621 4.677900
v -6.250000 0.250893 4.792600
v -6.250000 0.142866 4.792600
v -6.250000 0.248656 4.907300
v -6.250000 0.144767 4.907300
v -6.250000 0.245771 5.022000
v -6.250000 0.147220 5.022000
v -6.250000 0.242334 5.136700
v -6.250000 0.150141 5.136700
v -6.250000 0.238419 5.251400
v -6.250000 0.153469 5.251400
v -6.250000 0.234083 5.366100
v -6.250000 0.157154 5.366100
v -6.250000 0.229368 5.480800
v -6.250000 0.161162 5.480800
v -6.250000 0.224301 5.595500
v -6.250000 0.165470 5.595500
v -6.250000 0.218895 5.710200
v -6.250000 0.170064 5.710200
v -6.250000 0.213154 5.824900
v -6.250000 0.174944 5.824900
v -6.250000 0.207068 5.939600
v -6.250000 0.180117 5.939600
v -6.250000 0.200616 6.054300
v -6.250000 0.185601 6.054300
v -6.250000 0.193768 6.169000
v -6.250000 0.191422 6.169000
v -6.575000 0.206250 4.237500
v -6.575000 0.206250 4.237500
v -6.575000 0.238649 4.338250
v -6.575000 0.178710 4.338250
v -6.575000 0.248932 4.439000
v -6.575000 0.169971 4.439000
v -6.575000 0.254969 4.539750
v -6.575000 0.164839 4.539750
v -6.575000 0.258545 4.640500
v -6.575000 0.161799 4.640500
v -6.575000 0.260402 4.741250
v -6.575000 0.160221 4.741250
v -6.575000 0.260953 4.842000
v -6.575000 0.159752 4.842000
v -6.575000 0.260469 4.942750
v -6.575000 0.160164 4.942750
v -6.575000 0.259142 5.043500
v -6.575000 0.161292 5.043500
v -6.575000 0.257116 5.144250
v -6.575000 0.163014 5.144250
v -6.575000 0.254503 5.245000
v -6.575000 0.165235 5.245000
v -6.575000 0.251389 5.345750
v -6.575000 0.167882 5.345750
v -6.575000 0.247843 5.446500
v -6.575000 0.170896 5.446500
v -6.575000 0.243916 5.547250
v -6.575000 0.174234 5.547250
v -6.575000 0.239645 5.648000
v -6.575000 0.177864 5.648000
v -6.575000 0.235055 5.748750
v -6.575000 0.181766 5.748750
v -6.575000 0.230159 5.849500
v -6.575000 0.185928 5.849500
v -6.575000 0.224958 5.950250
v -6.575000 0.190348 5.950250
v -6.575000 0.219445 6.051000
v -6.575000 0.195034 6.051000
v -6.575000 0.213601 6.151750
v -6.575000 0.200001 6.151750
v -6.575000 0.207398 6.252500
v -6.575000 0.205274 6.252500
v -6.900000 0.220000 4.600000
v -6.900000 0.220000 4.600000
v -6.900000 0.249030 4.686800
v -6.900000 0.195325 4.686800
v -6.900000 0.258243 4.773600
v -6.900000 0.187494 4.773600
v -6.900000 0.263652 4.860400
v -6.900000 0.182896 4.860400
v -6.900000 0.266857 4.947200
v -6.900000 0.180172 4.947200
v -6.900000 0.268520 5.034000
v -6.900000 0.178758 5.034000
v -6.900000 0.269014 5.120800
v -6.900000 0.178338 5.120800
v -6.900000 0.268580 5.207600
v -6.900000 0.178707 5.207600
v -6.900000 0.267391 5.294400
v -6.900000 0.179717 5.294400
v -6.900000 0.265576 5.381200
v -6.900000 0.181260 5.381200
v -6.900000 0.263235 5.468000
v -6.900000 0.183251 5.468000
v -6.900000 0.260445 5.554800
v -6.900000 0.185622 5.554800
v -6.900000 0.257268 5.641600
v -6.900000 0.188323 5.641600
v -6.900000 0.253749 5.728400
v -6.900000 0.191314 5.728400
v -6.900000 0.249922 5.815200
v -6.900000 0.194566 5.815200
v -6.900000 0.245809 5.902000
v -6.900000 0.198062 5.902000
v -6.900000 0.241422 5.988800
v -6.900000 0.201791 5.988800
v -6.900000 0.236763 6.075600
v -6.900000 0.205752 6.075600
v -6.900000 0.231823 6.162400
v -6.900000 0.209950 6.162400
v -6.900000 0.226587 6.249200
v -6.900000 0.214401 6.249200
v -6.900000 0.221029 6.336000
v -6.900000 0.219125 6.336000
v -7.250000 1.600000 4.900000
v -7.350000 1.280000 6.336000
v 1.700000 0.000000 -1.200000
v 1.700000 0.000000 -1.200000
v 1.700000 0.082943 -0.890000
v 1.700000 -0.070501 -0.890000
v 1.700000 0.109265 -0.580000
v 1.700000 -0.092875 -0.580000
v 1.700000 0.124720 -0.270000
v 1.700000 -0.106012 -0.270000
v 1.700000 0.133876 0.040000
v 1.700000 -0.113795 0.040000
v 1.700000 0.138629 0.350000
v 1.700000 -0.117835 0.350000
v 1.700000 0.140040 0.660000
v 1.700000 -0.119034 0.660000
v 1.700000 0.138801 0.970000
v 1.700000 -0.117981 0.970000
v 1.700000 0.135404 1.280000
v 1.700000 -0.115093 1.280000
v 1.700000 0.130217 1.590000
v 1.700000 -0.110685 1.590000
v 1.700000 0.123527 1.900000
v 1.700000 -0.104998 1.900000
v 1.700000 0.115557 2.210000
v 1.700000 -0.098223 2.210000
v 1.700000 0.106479 2.520000
v 1.700000 -0.090507 2.520000
v 1.700000 0.096425 2.830000
v 1.700000 -0.081961 2.830000
v 1.700000 0.085491 3.140000
v 1.700000 -0.072667 3.140000
v 1.700000 0.073740 3.450000
v 1.700000 -0.062679 3.450000
v 1.700000 0.061206 3.760000
v 1.700000 -0.052025 3.760000
v 1.700000 0.047893 4.070000
v 1.700000 -0.040709 4.070000
v 1.700000 0.033780 4.380000
v 1.700000 -0.028713 4.380000
v 1.700000 0.018820 4.690000
v 1.700000 -0.015997 4.690000
v 1.700000 0.002940 5.000000
v 1.700000 -0.002499 5.000000
v 2.025000 0.013750 -0.837500
v 2.025000 0.013750 -0.837500
v 2.025000 0.093323 -0.541450
v 2.025000 -0.053887 -0.541450
v 2.025000 0.118576 -0.245400
v 2.025000 -0.075352 -0.245400
v 2.025000 0.133404 0.050650
v 2.025000 -0.087956 0.050650
v 2.025000 0.142187 0.346700
v 2.025000 -0.095422 0.346700
v 2.025000 0.146747 0.642750
v 2.025000 -0.099298 0.642750
v 2.025000 0.148101 0.938800
v 2.025000 -0.100448 0.938800
v 2.025000 0.146912 1.234850
v 2.025000 -0.099438 1.234850
v 2.025000 0.143653 1.530900
v 2.025000 -0.096667 1.530900
v 2.025000 0.138677 1.826950
v 2.025000 -0.092438 1.826950
v 2.025000 0.132259 2.123000
v 2.025000 -0.086983 2.123000
v 2.025000 0.124612 2.419050
v 2.025000 -0.080483 2.419050
v 2.025000 0.115903 2.715100
v 2.025000 -0.073080 2.715100
v 2.025000 0.106258 3.011150
v 2.025000 -0.064882 3.011150
v 2.025000 0.095768 3.307200
v 2.025000 -0.055965 3.307200
v 2.025000 0.084495 3.603250
v 2.025000 -0.046383 3.603250
v 2.025000 0.072470 3.899300
v 2.025000 -0.036162 3.899300
v 2.025000 0.059697 4.195350
v 2.025000 -0.025305 4.195350
v 2.025000 0.046158 4.491400
v 2.025000 -0.013797 4.491400
v 2.025000 0.031805 4.787450
v 2.025000 -0.001597 4.787450
v 2.025000 0.016571 5.083500
v 2.025000 0.011353 5.083500
v 2.350000 0.027500 -0.475000
v 2.350000 0.027500 -0.475000
v 2.350000 0.103704 -0.192900
v 2.350000 -0.037273 -0.192900
v 2.350000 0.127887 0.089200
v 2.350000 -0.057829 0.089200
v 2.350000 0.142087 0.371300
v 2.350000 -0.069899 0.371300
v 2.350000 0.150499 0.653400
v 2.350000 -0.077049 0.653400
v 2.350000 0.154865 0.935500
v 2.350000 -0.080761 0.935500
v 2.350000 0.156162 1.217600
v 2.350000 -0.081863 1.217600
v 2.350000 0.155024 1.499700
v 2.350000 -0.080895 1.499700
v 2.350000 0.151902 1.781800
v 2.350000 -0.078242 1.781800
v 2.350000 0.147137 2.063900
v 2.350000 -0.074191 2.063900
v 2.350000 0.140991 2.346000
v 2.350000 -0.068967 2.346000
v 2.350000 0.133668 2.628100
v 2.350000 -0.062743 2.628100
v 2.350000 0.125327 2.910200
v 2.350000 -0.055653 2.910200
v 2.350000 0.116090 3.192300
v 2.350000 -0.047802 3.192300
v 2.350000 0.106045 3.474400
v 2.350000 -0.039263 3.474400
v 2.350000 0.095249 3.756500
v 2.350000 -0.030087 3.756500
v 2.350000 0.083733 4.038600
v 2.350000 -0.020298 4.038600
v 2.350000 0.071502 4.320700
v 2.350000 -0.009902 4.320700
v 2.350000 0.058535 4.602800
v 2.350000 0.001120 4.602800
v 2.350000 0.044791 4.884900
v 2.350000 0.012803 4.884900
v 2.350000 0.030201 5.167000
v 2.350000 0.025204 5.167000
v 2.675000 0.041250 -0.112500
v 2.675000 0.041250 -0.112500
v 2.675000 0.114084 0.155650
v 2.675000 -0.020659 0.155650
v 2.675000 0.137198 0.423800
v 2.675000 -0.040306 0.423800
v 2.675000 0.150770 0.691950
v 2.675000 -0.051842 0.691950
v 2.675000 0.158810 0.960100
v 2.675000 -0.058676 0.960100
v 2.675000 0.162984 1.228250
v 2.675000 -0.062224 1.228250
v 2.675000 0.164223 1.496400
v 2.675000 -0.063277 1.496400
v 2.675000 0.163135 1.764550
v 2.675000 -0.062352 1.764550
v 2.675000 0.160151 2.032700
v 2.675000 -0.059816 2.032700
v 2.675000 0.155597 2.300850
v 2.675000 -0.055945 2.300850
v 2.675000 0.149722 2.569000
v 2.675000 -0.050952 2.569000
v 2.675000 0.142723 2.837150
v 2.675000 -0.045002 2.837150
v 2.675000 0.134752 3.105300
v 2.675000 -0.038226 3.105300
v 2.675000 0.125923 3.373450
v 2.675000 -0.030722 3.373450
v 2.675000 0.116322 3.641600
v 2.675000 -0.022561 3.641600
v 2.675000 0.106003 3.909750
v 2.675000 -0.013790 3.909750
v 2.675000 0.094997 4.177900
v 2.675000 -0.004435 4.177900
v 2.675000 0.083306 4.446050
v 2.675000 0.005502 4.446050
v 2.675000 0.070913 4.714200
v 2.675000 0.016036 4.714200
v 2.675000 0.057776 4.982350
v 2.675000 0.027203 4.982350
v 2.675000 0.043832 5.250500
v 2.675000 0.039056 5.250500
v 3.000000 0.055000 0.250000
v 3.000000 0.055000 0.250000
v 3.000000 0.124464 0.504200
v 3.000000 -0.004045 0.504200
v 3.000000 0.146509 0.758400
v 3.000000 -0.022783 0.758400
v 3.000000 0.159453 1.012600
v 3.000000 -0.033785 1.012600
v 3.000000 0.167121 1.266800
v 3.000000 -0.040303 1.266800
v 3.000000 0.171102 1.521000
v 3.000000 -0.043687 1.521000
v 3.000000 0.172284 1.775200
v 3.000000 -0.044691 1.775200
v 3.000000 0.171246 2.029400
v 3.000000 -0.043809 2.029400
v 3.000000 0.168401 2.283600
v 3.000000 -0.041390 2.283600
v 3.000000 0.164057 2.537800
v 3.000000 -0.037698 2.537800
v 3.000000 0.158454 2.792000
v 3.000000 -0.032936 2.792000
v 3.000000 0.151779 3.046200
v 3.000000 -0.027262 3.046200
v 3.000000 0.144176 3.300400
v 3.000000 -0.020799 3.300400
v 3.000000 0.135756 3.554600
v 3.000000 -0.013642 3.554600
v 3.000000 0.126599 3.808800
v 3.000000 -0.005859 3.808800
v 3.000000 0.116758 4.063000
v 3.000000 0.002506 4.063000
v 3.000000 0.106260 4.317200
v 3.000000 0.011429 4.317200
v 3.000000 0.095110 4.571400
v 3.000000 0.020906 4.571400
v 3.000000 0.083291 4.825600
v 3.000000 0.030953 4.825600
v 3.000000 0.070762 5.079800
v 3.000000 0.041603 5.079800
v 3.000000 0.057462 5.334000
v 3.000000 0.052907 5.334000
v 3.325000 0.068750 0.612500
v 3.325000 0.068750 0.612500
v 3.325000 0.134845 0.852750
v 3.325000 0.012569 0.852750
v 3.325000 0.155820 1.093000
v 3.325000 -0.005260 1.093000
v 3.325000 0.168137 1.333250
v 3.325000 -0.015729 1.333250
v 3.325000 0.175432 1.573500
v 3.325000 -0.021930 1.573500
v 3.325000 0.179220 1.813750
v 3.325000 -0.025149 1.813750
v 3.325000 0.180345 2.054000
v 3.325000 -0.026105 2.054000
v 3.325000 0.179357 2.294250
v 3.325000 -0.025266 2.294250
v 3.325000 0.176650 2.534500
v 3.325000 -0.022965 2.534500
v 3.325000 0.172517 2.774750
v 3.325000 -0.019452 2.774750
v 3.325000 0.167186 3.015000
v 3.325000 -0.014920 3.015000
v 3.325000 0.160834 3.255250
v 3.325000 -0.009522 3.255250
v 3.325000 0.153600 3.495500
v 3.325000 -0.003373 3.495500
v 3.325000 0.145589 3.735750
v 3.325000 0.003437 3.735750
v 3.325000 0.136876 3.976000
v 3.325000 0.010843 3.976000
v 3.325000 0.127512 4.216250
v 3.325000 0.018802 4.216250
v 3.325000 0.117524 4.456500
v 3.325000 0.027292 4.456500
v 3.325000 0.106915 4.696750
v 3.325000 0.036310 4.696750
v 3.325000 0.095668 4.937000
v 3.325000 0.045869 4.937000
v 3.325000 0.083747 5.177250
v 3.325000 0.056003 5.177250
v 3.325000 0.071093 5.417500
v 3.325000 0.066759 5.417500
v 3.650000 0.082500 0.975000
v 3.650000 0.082500 0.975000
v 3.650000 0.145225 1.201300
v 3.650000 0.029183 1.201300
v 3.650000 0.165131 1.427600
v 3.650000 0.012263 1.427600
v 3.650000 0.176820 1.653900
v 3.650000 0.002328 1.653900
v 3.650000 0.183744 1.880200
v 3.650000 -0.003557 1.880200
v 3.650000 0.187338 2.106500
v 3.650000 -0.006612 2.106500
v 3.650000 0.188405 2.332800
v 3.650000 -0.007520 2.332800
v 3.650000 0.187468 2.559100
v 3.650000 -0.006723 2.559100
v 3.650000 0.184899 2.785400
v 3.650000 -0.004539 2.785400
v 3.650000 0.180977 3.011700
v 3.650000 -0.001205 3.011700
v 3.650000 0.175917 3.238000
v 3.650000 0.003095 3.238000
v 3.650000 0.169890 3.464300
v 3.650000 0.008219 3.464300
v 3.650000 0.163024 3.690600
v 3.650000 0.014054 3.690600
v 3.650000 0.155421 3.916900
v 3.650000 0.020517 3.916900
v 3.650000 0.147153 4.143200
v 3.650000 0.027545 4.143200
v 3.650000 0.138266 4.369500
v 3.650000 0.035099 4.369500
v 3.650000 0.128787 4.595800
v 3.650000 0.043156 4.595800
v 3.650000 0.118719 4.822100
v 3.650000 0.051714 4.822100
v 3.650000 0.108046 5.048400
v 3.650000 0.060786 5.048400
v 3.650000 0.096732 5.274700
v 3.650000 0.070402 5.274700
v 3.650000 0.084723 5.501000
v 3.650000 0.080610 5.501000
v 3.975000 0.096250 1.337500
v 3.975000 0.096250 1.337500
v 3.975000 0.155606 1.549850
v 3.975000 0.045798 1.549850
v 3.975000 0.174443 1.762200
v 3.975000 0.029786 1.762200
v 3.975000 0.185503 1.974550
v 3.975000 0.020385 1.974550
v 3.975000 0.192055 2.186900
v 3.975000 0.014816 2.186900
v 3.975000 0.195456 2.399250
v 3.975000 0.011925 2.399250
v 3.975000 0.196466 2.611600
v 3.975000 0.011066 2.611600
v 3.975000 0.195580 2.823950
v 3.975000 0.011820 2.823950
v 3.975000 0.193148 3.036300
v 3.975000 0.013887 3.036300
v 3.975000 0.189437 3.248650
v 3.975000 0.017041 3.248650
v 3.975000 0.184649 3.461000
v 3.975000 0.021111 3.461000
v 3.975000 0.178945 3.673350
v 3.975000 0.025959 3.673350
v 3.975000 0.172449 3.885700
v 3.975000 0.031481 3.885700
v 3.975000 0.165254 4.098050
v 3.975000 0.037597 4.098050
v 3.975000 0.157430 4.310400
v 3.975000 0.044247 4.310400
v 3.975000 0.149021 4.522750
v 3.975000 0.051395 4.522750
v 3.975000 0.140051 4.735100
v 3.975000 0.059019 4.735100
v 3.975000 0.130524 4.947450
v 3.975000 0.067118 4.947450
v 3.975000 0.120424 5.159800
v 3.975000 0.075702 5.159800
v 3.975000 0.109718 5.372150
v 3.975000 0.084802 5.372150
v 3.975000 0.098354 5.584500
v 3.975000 0.094462 5.584500
v 4.300000 0.110000 1.700000
v 4.300000 0.110000 1.700000
v 4.300000 0.165986 1.898400
v 4.300000 0.062412 1.898400
v 4.300000 0.183754 2.096800
v 4.300000 0.047309 2.096800
v 4.300000 0.194186 2.295200
v 4.300000 0.038442 2.295200
v 4.300000 0.200366 2.493600
v 4.300000 0.033189 2.493600
v 4.300000 0.203575 2.692000
v 4.300000 0.030462 2.692000
v 4.300000 0.204527 2.890400
v 4.300000 0.029652 2.890400
v 4.300000 0.203691 3.088800
v 4.300000 0.030363 3.088800
v 4.300000 0.201397 3.287200
v 4.300000 0.032312 3.287200
v 4.300000 0.197897 3.485600
v 4.300000 0.035288 3.485600
v 4.300000 0.193381 3.684000
v 4.300000 0.039126 3.684000
v 4.300000 0.188001 3.882400
v 4.300000 0.043699 3.882400
v 4.300000 0.181873 4.080800
v 4.300000 0.048908 4.080800
v 4.300000 0.175087 4.279200
v 4.300000 0.054676 4.279200
v 4.300000 0.167707 4.477600
v 4.300000 0.060949 4.477600
v 4.300000 0.159775 4.676000
v 4.300000 0.067691 4.676000
v 4.300000 0.151314 4.874400
v 4.300000 0.074883 4.874400
v 4.300000 0.142328 5.072800
v 4.300000 0.082521 5.072800
v 4.300000 0.132802 5.271200
v 4.300000 0.090619 5.271200
v 4.300000 0.122703 5.469600
v 4.300000 0.099202 5.469600
v 4.300000 0.111984 5.668000
v 4.300000 0.108313 5.668000
v 4.625000 0.123750 2.062500
v 4.625000 0.123750 2.062500
v 4.625000 0.176367 2.246950
v 4.625000 0.079026 2.246950
v 4.625000 0.193065 2.431400
v 4.625000 0.064832 2.431400
v 4.625000 0.202870 2.615850
v 4.625000 0.056498 2.615850
v 4.625000 0.208678 2.800300
v 4.625000 0.051562 2.800300
v 4.625000 0.211693 2.984750
v 4.625000 0.048999 2.984750
v 4.625000 0.212588 3.169200
v 4.625000 0.048238 3.169200
v 4.625000 0.211802 3.353650
v 4.625000 0.048906 3.353650
v 4.625000 0.209647 3.538100
v 4.625000 0.050738 3.538100
v 4.625000 0.206357 3.722550
v 4.625000 0.053534 3.722550
v 4.625000 0.202113 3.907000
v 4.625000 0.057142 3.907000
v 4.625000 0.197056 4.091450
v 4.625000 0.061440 4.091450
v 4.625000 0.191297 4.275900
v 4.625000 0.066335 4.275900
v 4.625000 0.184920 4.460350
v 4.625000 0.071756 4.460350
v 4.625000 0.177983 4.644800
v 4.625000 0.077652 4.644800
v 4.625000 0.170529 4.829250
v 4.625000 0.083988 4.829250
v 4.625000 0.162578 5.013700
v 4.625000 0.090747 5.013700
v 4.625000 0.154132 5.198150
v 4.625000 0.097925 5.198150
v 4.625000 0.145179 5.382600
v 4.625000 0.105535 5.382600
v 4.625000 0.135689 5.567050
v 4.625000 0.113602 5.567050
v 4.625000 0.125615 5.751500
v 4.625000 0.122165 5.751500
v 4.950000 0.137500 2.425000
v 4.950000 0.137500 2.425000
v 4.950000 0.186747 2.595500
v 4.950000 0.095640 2.595500
v 4.950000 0.202376 2.766000
v 4.950000 0.082356 2.766000
v 4.950000 0.211553 2.936500
v 4.950000 0.074555 2.936500
v 4.950000 0.216989 3.107000
v 4.950000 0.069934 3.107000
v 4.950000 0.219811 3.277500
v 4.950000 0.067536 3.277500
v 4.950000 0.220649 3.448000
v 4.950000 0.066823 3.448000
v 4.950000 0.219913 3.618500
v 4.950000 0.067449 3.618500
v 4.950000 0.217896 3.789000
v 4.950000 0.069164 3.789000
v 4.950000 0.214816 3.959500
v 4.950000 0.071781 3.959500
v 4.950000 0.210844 4.130000
v 4.950000 0.075157 4.130000
v 4.950000 0.206112 4.300500
v 4.950000 0.079180 4.300500
v 4.950000 0.200722 4.471000
v 4.950000 0.083762 4.471000
v 4.950000 0.194752 4.641500
v 4.950000 0.088836 4.641500
v 4.950000 0.188260 4.812000
v 4.950000 0.094354 4.812000
v 4.950000 0.181283 4.982500
v 4.950000 0.100284 4.982500
v 4.950000 0.173841 5.153000
v 4.950000 0.106610 5.153000
v 4.950000 0.165937 5.323500
v 4.950000 0.113329 5.323500
v 4.950000 0.157557 5.494000
v 4.950000 0.120452 5.494000
v 4.950000 0.148674 5.664500
v 4.950000 0.128002 5.664500
v 4.950000 0.139246 5.835000
v 4.950000 0.136016 5.835000
v 5.275000 0.151250 2.787500
v 5.275000 0.151250 2.787500
v 5.275000 0.197128 2.944050
v 5.275000 0.112254 2.944050
v 5.275000 0.211687 3.100600
v 5.275000 0.099879 3.100600
v 5.275000 0.220236 3.257150
v 5.275000 0.092612 3.257150
v 5.275000 0.225300 3.413700
v 5.275000 0.088307 3.413700
v 5.275000 0.227929 3.570250
v 5.275000 0.086073 3.570250
v 5.275000 0.228710 3.726800
v 5.275000 0.085409 3.726800
v 5.275000 0.228024 3.883350
v 5.275000 0.085992 3.883350
v 5.275000 0.226145 4.039900
v 5.275000 0.087589 4.039900
v 5.275000 0.223276 4.196450
v 5.275000 0.090028 4.196450
v 5.275000 0.219576 4.353000
v 5.275000 0.093173 4.353000
v 5.275000 0.215167 4.509550
v 5.275000 0.096920 4.509550
v 5.275000 0.210146 4.666100
v 5.275000 0.101188 4.666100
v 5.275000 0.204585 4.822650
v 5.275000 0.105915 4.822650
v 5.275000 0.198537 4.979200
v 5.275000 0.111056 4.979200
v 5.275000 0.192038 5.135750
v 5.275000 0.116580 5.135750
v 5.275000 0.185105 5.292300
v 5.275000 0.122474 5.292300
v 5.275000 0.177741 5.448850
v 5.275000 0.128733 5.448850
v 5.275000 0.169935 5.605400
v 5.275000 0.135368 5.605400
v 5.275000 0.161660 5.761950
v 5.275000 0.142402 5.761950
v 5.275000 0.152876 5.918500
v 5.275000 0.149868 5.918500
v 5.600000 0.165000 3.150000
v 5.600000 0.165000 3.150000
v 5.600000 0.207508 3.292600
v 5.600000 0.128868 3.292600
v 5.600000 0.220998 3.435200
v 5.600000 0.117402 3.435200
v 5.600000 0.228919 3.577800
v 5.600000 0.110669 3.577800
v 5.600000 0.233611 3.720400
v 5.600000 0.106680 3.720400
v 5.600000 0.236047 3.863000
v 5.600000 0.104610 3.863000
v 5.600000 0.236771 4.005600
v 5.600000 0.103995 4.005600
v 5.600000 0.236136 4.148200
v 5.600000 0.104535 4.148200
v 5.600000 0.234394 4.290800
v 5.600000 0.106015 4.290800
v 5.600000 0.231736 4.433400
v 5.600000 0.108274 4.433400
v 5.600000 0.228308 4.576000
v 5.600000 0.111188 4.576000
v 5.600000 0.224223 4.718600
v 5.600000 0.114661 4.718600
v 5.600000 0.219570 4.861200
v 5.600000 0.118615 4.861200
v 5.600000 0.214418 5.003800
v 5.600000 0.122995 5.003800
v 5.600000 0.208814 5.146400
v 5.600000 0.127758 5.146400
v 5.600000 0.202792 5.289000
v 5.600000 0.132877 5.289000
v 5.600000 0.196368 5.431600
v 5.600000 0.138337 5.431600
v 5.600000 0.189545 5.574200
v 5.600000 0.144137 5.574200
v 5.600000 0.182312 5.716800
v 5.600000 0.150285 5.716800
v 5.600000 0.174645 5.859400
v 5.600000 0.156802 5.859400
v 5.600000 0.166507 6.002000
v 5.600000 0.163719 6.002000
v 5.925000 0.178750 3.512500
v 5.925000 0.178750 3.512500
v 5.925000 0.217889 3.641150
v 5.925000 0.145482 3.641150
v 5.925000 0.230309 3.769800
v 5.925000 0.134925 3.769800
v 5.925000 0.237602 3.898450
v 5.925000 0.128725 3.898450
v 5.925000 0.241923 4.027100
v 5.925000 0.125053 4.027100
v 5.925000 0.244166 4.155750
v 5.925000 0.123147 4.155750
v 5.925000 0.244832 4.284400
v 5.925000 0.122581 4.284400
v 5.925000 0.244247 4.413050
v 5.925000 0.123078 4.413050
v 5.925000 0.242644 4.541700
v 5.925000 0.124440 4.541700
v 5.925000 0.240196 4.670350
v 5.925000 0.126521 4.670350
v 5.925000 0.237039 4.799000
v 5.925000 0.129204 4.799000
v 5.925000 0.233278 4.927650
v 5.925000 0.132401 4.927650
v 5.925000 0.228995 5.056300
v 5.925000 0.136042 5.056300
v 5.925000 0.224251 5.184950
v 5.925000 0.140075 5.184950
v 5.925000 0.219091 5.313600
v 5.925000 0.144460 5.313600
v 5.925000 0.213546 5.442250
v 5.925000 0.149173 5.442250
v 5.925000 0.207632 5.570900
v 5.925000 0.154201 5.570900
v 5.925000 0.201350 5.699550
v 5.925000 0.159540 5.699550
v 5.925000 0.194690 5.828200
v 5.925000 0.165201 5.828200
v 5.925000 0.187631 5.956850
v 5.925000 0.171202 5.956850
v 5.925000 0.180137 6.085500
v 5.925000 0.177571 6.085500
v 6.250000 0.192500 3.875000
v 6.250000 0.192500 3.875000
v 6.250000 0.228269 3.989700
v 6.250000 0.162096 3.989700
v 6.250000 0.239620 4.104400
v 6.250000 0.152448 4.104400
v 6.250000 0.246286 4.219100
v 6.250000 0.146782 4.219100
v 6.250000 0.250234 4.333800
v 6.250000 0.143426 4.333800
v 6.250000 0.252284 4.448500
v 6.250000 0.141684 4.448500
v 6.250000 0.252892 4.563200
v 6.250000 0.141166 4.563200
v 6.250000 0.252358 4.677900
v 6.250000 0.141621 4.677900
v 6.250000 0.250893 4.792600
v 6.250000 0.142866 4.792600
v 6.250000 0.248656 4.907300
v 6.250000 0.144767 4.907300
v 6.250000 0.245771 5.022000
v 6.250000 0.147220 5.022000
v 6.250000 0.242334 5.136700
v 6.250000 0.150141 5.136700
v 6.250000 0.238419 5.251400
v 6.250000 0.153469 5.251400
v 6.250000 0.234083 5.366100
v 6.250000 0.157154 5.366100
v 6.250000 0.229368 5.480800
v 6.250000 0.161162 5.480800
v 6.250000 0.224301 5.595500
v 6.250000 0.165470 5.595500
v 6.250000 0.218895 5.710200
v 6.250000 0.170064 5.710200
v 6.250000 0.213154 5.824900
v 6.250000 0.174944 5.824900
v 6.250000 0.207068 5.939600
v 6.250000 0.180117 5.939600
v 6.250000 0.200616 6.054300
v 6.250000 0.185601 6.054300
v 6.250000 0.193768 6.169000
v 6.250000 0.191422 6.169000
v 6.575000 0.206250 4.237500
v 6.575000 0.206250 4.237500
v 6.575000 0.238649 4.338250
v 6.575000 0.178710 4.338250
v 6.575000 0.248932 4.439000
v 6.575000 0.169971 4.439000
v 6.575000 0.254969 4.539750
v 6.575000 0.164839 4.539750
v 6.575000 0.258545 4.640500
v 6.575000 0.161799 4.640500
v 6.575000 0.260402 4.741250
v 6.575000 0.160221 4.741250
v 6.575000 0.260953 4.842000
v 6.575000 0.159752 4.842000
v 6.575000 0.260469 4.942750
v 6.575000 0.160164 4.942750
v 6.575000 0.259142 5.043500
v 6.575000 0.161292 5.043500
v 6.575000 0.257116 5.144250
v 6.575000 0.163014 5.144250
v 6.575000 0.254503 5.245000
v 6.575000 0.165235 5.245000
v 6.575000 0.251389 5.345750
v 6.575000 0.167882 5.345750
v 6.575000 0.247843 5.446500
v 6.575000 0.170896 5.446500
v 6.575000 0.243916 5.547250
v 6.575000 0.174234 5.547250
v 6.575000 0.239645 5.648000
v 6.575000 0.177864 5.648000
v 6.575000 0.235055 5.748750
v 6.575000 0.181766 5.748750
v 6.575000 0.230159 5.849500
v 6.575000 0.185928 5.849500
v 6.575000 0.224958 5.950250
v 6.575000 0.190348 5.950250
v 6.575000 0.219445 6.051000
v 6.575000 0.195034 6.051000
v 6.575000 0.213601 6.151750
v 6.575000 0.200001 6.151750
v 6.575000 0.207398 6.252500
v 6.575000 0.205274 6.252500
v 6.900000 0.220000 4.600000
v 6.900000 0.220000 4.600000
v 6.900000 0.249030 4.686800
v 6.900000 0.195325 4.686800
v 6.900000 0.258243 4.773600
v 6.900000 0.187494 4.773600
v 6.900000 0.263652 4.860400
v 6.900000 0.182896 4.860400
v 6.900000 0.266857 4.947200
v 6.900000 0.180172 4.947200
v 6.900000 0.268520 5.034000
v 6.900000 0.178758 5.034000
v 6.900000 0.269014 5.120800
v 6.900000 0.178338 5.120800
v 6.900000 0.268580 5.207600
v 6.900000 0.178707 5.207600
v 6.900000 0.267391 5.294400
v 6.900000 0.179717 5.294400
v 6.900000 0.265576 5.381200
v 6.900000 0.181260 5.381200
v 6.900000 0.263235 5.468000
v 6.900000 0.183251 5.468000
v 6.900000 0.260445 5.554800
v 6.900000 0.185622 5.554800
v 6.900000 0.257268 5.641600
v 6.900000 0.188323 5.641600
v 6.900000 0.253749 5.728400
v 6.900000 0.191314 5.728400
v 6.900000 0.249922 5.815200
v 6.900000 0.194566 5.815200
v 6.900000 0.245809 5.902000
v 6.900000 0.198062 5.902000
v 6.900000 0.241422 5.988800
v 6.900000 0.201791 5.988800
v 6.900000 0.236763 6.075600
v 6.900000 0.205752 6.075600
v 6.900000 0.231823 6.162400
v 6.900000 0.209950 6.162400
v 6.900000 0.226587 6.249200
v 6.900000 0.214401 6.249200
v 6.900000 0.221029 6.336000
v 6.900000 0.219125 6.336000
v 7.250000 1.600000 4.900000
v 7.350000 1.280000 6.336000
v 0.000000 0.850000 -4.200000
v 0.000000 0.850000 -4.200000
v 0.000000 0.850000 -4.200000
v 0.000000 0.850000 -4.200000
v 0.000000 0.850000 -4.200000
v 0.000000 0.850000 -4.200000
v 0.000000 0.850000 -4.200000
v 0.000000 0.850000 -4.200000
v 0.000000 0.850000 -4.200000
v -0.000000 0.850000 -4.200000
v -0.000000 0.850000 -4.200000
v -0.000000 0.850000 -4.200000
v -0.000000 0.850000 -4.200000
v -0.000000 0.850000 -4.200000
v -0.000000 0.850000 -4.200000
v -0.000000 0.850000 -4.200000
v -0.000000 0.850000 -4.200000
v 0.306619 0.850000 -3.971429
v 0.300727 0.869535 -3.971429
v 0.283279 0.888320 -3.971429
v 0.254944 0.905632 -3.971429
v 0.216812 0.920806 -3.971429
v 0.170348 0.933259 -3.971429
v 0.117338 0.942512 -3.971429
v 0.059818 0.948210 -3.971429
v 0.000000 0.950134 -3.971429
v -0.059818 0.948210 -3.971429
v -0.117338 0.942512 -3.971429
v -0.170348 0.933259 -3.971429
v -0.216812 0.920806 -3.971429
v -0.254944 0.905632 -3.971429
v -0.283279 0.888320 -3.971429
v -0.300727 0.869535 -3.971429
v -0.306619 0.850000 -3.971429
v 0.428154 0.850000 -3.742857
v 0.419927 0.888091 -3.742857
v 0.395563 0.924718 -3.742857
v 0.355997 0.958474 -3.742857
v 0.302751 0.988061 -3.742857
v 0.237870 1.012343 -3.742857
v 0.163847 1.030385 -3.742857
v 0.083529 1.041496 -3.742857
v 0.000000 1.045248 -3.742857
v -0.083529 1.041496 -3.742857
v -0.163847 1.030385 -3.742857
v -0.237870 1.012343 -3.742857
v -0.302751 0.988061 -3.742857
v -0.355997 0.958474 -3.742857
v -0.395563 0.924718 -3.742857
v -0.419927 0.888091 -3.742857
v -0.428154 0.850000 -3.742857
v 0.513249 0.850000 -3.514286
v 0.503387 0.904737 -3.514286
v 0.474180 0.957370 -3.514286
v 0.426751 1.005877 -3.514286
v 0.362922 1.048393 -3.514286
v 0.285146 1.083286 -3.514286
v 0.196412 1.109213 -3.514286
v 0.100130 1.125179 -3.514286
v 0.000000 1.130570 -3.514286
v -0.100130 1.125179 -3.514286
v -0.196412 1.109213 -3.514286
v -0.285146 1.083286 -3.514286
v -0.362922 1.048393 -3.514286
v -0.426751 1.005877 -3.514286
v -0.474180 0.957370 -3.514286
v -0.503387 0.904737 -3.514286
v -0.513249 0.850000 -3.514286
v 0.574738 0.850000 -3.285714
v 0.563695 0.918637 -3.285714
v 0.530989 0.984637 -3.285714
v 0.477877 1.045463 -3.285714
v 0.406401 1.098777 -3.285714
v 0.319307 1.142531 -3.285714
v 0.219943 1.175043 -3.285714
v 0.112126 1.195064 -3.285714
v 0.000000 1.201824 -3.285714
v -0.112126 1.195064 -3.285714
v -0.219943 1.175043 -3.285714
v -0.319307 1.142531 -3.285714
v -0.406401 1.098777 -3.285714
v -0.477877 1.045463 -3.285714
v -0.530989 0.984637 -3.285714
v -0.563695 0.918637 -3.285714
v -0.574738 0.850000 -3.285714
v 0.616976 0.850000 -3.057143
v 0.605121 0.929097 -3.057143
v 0.570011 1.005154 -3.057143
v 0.512997 1.075248 -3.057143
v 0.436268 1.136687 -3.057143
v 0.342773 1.187108 -3.057143
v 0.236106 1.224574 -3.057143
v 0.120366 1.247646 -3.057143
v 0.000000 1.255436 -3.057143
v -0.120366 1.247646 -3.057143
v -0.236106 1.224574 -3.057143
v -0.342773 1.187108 -3.057143
v -0.436268 1.136687 -3.057143
v -0.512997 1.075248 -3.057143
v -0.570011 1.005154 -3.057143
v -0.605121 0.929097 -3.057143
v -0.616976 0.850000 -3.057143
v 0.641800 0.850000 -2.828571
v 0.629468 0.935590 -2.828571
v 0.592946 1.017890 -2.828571
v 0.533637 1.093738 -2.828571
v 0.453821 1.160220 -2.828571
v 0.356565 1.214780 -2.828571
v 0.245606 1.255322 -2.828571
v 0.125209 1.280288 -2.828571
v 0.000000 1.288718 -2.828571
v -0.125209 1.280288 -2.828571
v -0.245606 1.255322 -2.828571
v -0.356565 1.214780 -2.828571
v -0.453821 1.160220 -2.828571
v -0.533637 1.093738 -2.828571
v -0.592946 1.017890 -2.828571
v -0.629468 0.935590 -2.828571
v -0.641800 0.850000 -2.828571
v 0.650000 0.850000 -2.600000
v 0.637510 0.937791 -2.600000
v 0.600522 1.022208 -2.600000
v 0.540455 1.100007 -2.600000
v 0.459619 1.168198 -2.600000
v 0.361121 1.224161 -2.600000
v 0.248744 1.265746 -2.600000
v 0.126809 1.291353 -2.600000
v 0.000000 1.300000 -2.600000
v -0.126809 1.291353 -2.600000
v -0.248744 1.265746 -2.600000
v -0.361121 1.224161 -2.600000
v -0.459619 1.168198 -2.600000
v -0.540455 1.100007 -2.600000
v -0.600522 1.022208 -2.600000
v -0.637510 0.937791 -2.600000
v -0.650000 0.850000 -2.600000
v 0.641800 0.850000 -2.371429
v 0.629468 0.935590 -2.371429
v 0.592946 1.017890 -2.371429
v 0.533637 1.093738 -2.371429
v 0.453821 1.160220 -2.371429
v 0.356565 1.214780 -2.371429
v 0.245606 1.255322 -2.371429
v 0.125209 1.280288 -2.371429
v 0.000000 1.288718 -2.371429
v -0.125209 1.280288 -2.371429
v -0.245606 1.255322 -2.371429
v -0.356565 1.214780 -2.371429
v -0.453821 1.160220 -2.371429
v -0.533637 1.093738 -2.371429
v -0.592946 1.017890 -2.371429
v -0.629468 0.935590 -2.371429
v -0.641800 0.850000 -2.371429
v 0.616976 0.850000 -2.142857
v 0.605121 0.929097 -2.142857
v 0.570011 1.005154 -2.142857
v 0.512997 1.075248 -2.142857
v 0.436268 1.136687 -2.142857
v 0.342773 1.187108 -2.142857
v 0.236106 1.224574 -2.142857
v 0.120366 1.247646 -2.142857
v 0.000000 1.255436 -2.142857
v -0.120366 1.247646 -2.142857
v -0.236106 1.224574 -2.142857
v -0.342773 1.187108 -2.142857
v -0.436268 1.136687 -2.142857
v -0.512997 1.075248 -2.142857
v -0.570011 1.005154 -2.142857
v -0.605121 0.929097 -2.142857
v -0.616976 0.850000 -2.142857
v 0.574738 0.850000 -1.914286
v 0.563695 0.918637 -1.914286
v 0.530989 0.984637 -1.914286
v 0.477877 1.045463 -1.914286
v 0.406401 1.098777 -1.914286
v 0.319307 1.142531 -1.914286
v 0.219943 1.175043 -1.914286
v 0.112126 1.195064 -1.914286
v 0.000000 1.201824 -1.914286
v -0.112126 1.195064 -1.914286
v -0.219943 1.175043 -1.914286
v -0.319307 1.142531 -1.914286
v -0.406401 1.098777 -1.914286
v -0.477877 1.045463 -1.914286
v -0.530989 0.984637 -1.914286
v -0.563695 0.918637 -1.914286
v -0.574738 0.850000 -1.914286
v 0.513249 0.850000 -1.685714
v 0.503387 0.904737 -1.685714
v 0.474180 0.957370 -1.685714
v 0.426751 1.005877 -1.685714
v 0.362922 1.048393 -1.685714
v 0.285146 1.083286 -1.685714
v 0.196412 1.109213 -1.685714
v 0.100130 1.125179 -1.685714
v 0.000000 1.130570 -1.685714
v -0.100130 1.125179 -1.685714
v -0.196412 1.109213 -1.685714
v -0.285146 1.083286 -1.685714
v -0.362922 1.048393 -1.685714
v -0.426751 1.005877 -1.685714
v -0.474180 0.957370 -1.685714
v -0.503387 0.904737 -1.685714
v -0.513249 0.850000 -1.685714
v 0.428154 0.850000 -1.457143
v 0.419927 0.888091 -1.457143
v 0.395563 0.924718 -1.457143
v 0.355997 0.958474 -1.457143
v 0.302751 0.988061 -1.457143
v 0.237870 1.012343 -1.457143
v 0.163847 1.030385 -1.457143
v 0.083529 1.041496 -1.457143
v 0.000000 1.045248 -1.457143
v -0.083529 1.041496 -1.457143
v -0.163847 1.030385 -1.457143
v -0.237870 1.012343 -1.457143
v -0.302751 0.988061 -1.457143
v -0.355997 0.958474 -1.457143
v -0.395563 0.924718 -1.457143
v -0.419927 0.888091 -1.457143
v -0.428154 0.850000 -1.457143
v 0.306619 0.850000 -1.228571
v 0.300727 0.869535 -1.228571
v 0.283279 0.888320 -1.228571
v 0.254944 0.905632 -1.228571
v 0.216812 0.920806 -1.228571
v 0.170348 0.933259 -1.228571
v 0.117338 0.942512 -1.228571
v 0.059818 0.948210 -1.228571
v 0.000000 0.950134 -1.228571
v -0.059818 0.948210 -1.228571
v -0.117338 0.942512 -1.228571
v -0.170348 0.933259 -1.228571
v -0.216812 0.920806 -1.228571
v -0.254944 0.905632 -1.228571
v -0.283279 0.888320 -1.228571
v -0.300727 0.869535 -1.228571
v -0.306619 0.850000 -1.228571
v 0.000000 0.850000 -1.000000
v 0.000000 0.850000 -1.000000
v 0.000000 0.850000 -1.000000
v 0.000000 0.850000 -1.000000
v 0.000000 0.850000 -1.000000
v 0.000000 0.850000 -1.000000
v 0.000000 0.850000 -1.000000
v 0.000000 0.850000 -1.000000
v 0.000000 0.850000 -1.000000
v -0.000000 0.850000 -1.000000
v -0.000000 0.850000 -1.000000
v -0.000000 0.850000 -1.000000
v -0.000000 0.850000 -1.000000
v -0.000000 0.850000 -1.000000
v -0.000000 0.850000 -1.000000
v -0.000000 0.850000 -1.000000
v -0.000000 0.850000 -1.000000
v -0.530000 -0.100000 7.200000
v -0.540904 -0.017178 7.200000
v -0.572872 0.060000 7.200000
v -0.623726 0.126274 7.200000
v -0.690000 0.177128 7.200000
v -0.767178 0.209096 7.200000
v -0.850000 0.220000 7.200000
v -0.932822 0.209096 7.200000
v -1.010000 0.177128 7.200000
v -1.076274 0.126274 7.200000
v -1.127128 0.060000 7.200000
v -1.159096 -0.017178 7.200000
v -1.170000 -0.100000 7.200000
v -1.159096 -0.182822 7.200000
v -1.127128 -0.260000 7.200000
v -1.076274 -0.326274 7.200000
v -1.010000 -0.377128 7.200000
v -0.932822 -0.409096 7.200000
v -0.850000 -0.420000 7.200000
v -0.767178 -0.409096 7.200000
v -0.690000 -0.377128 7.200000
v -0.623726 -0.326274 7.200000
v -0.572872 -0.260000 7.200000
v -0.540904 -0.182822 7.200000
v -0.518280 -0.100000 7.316667
v -0.529583 -0.014145 7.316667
v -0.562722 0.065860 7.316667
v -0.615438 0.134562 7.316667
v -0.684140 0.187278 7.316667
v -0.764145 0.220417 7.316667
v -0.850000 0.231720 7.316667
v -0.935855 0.220417 7.316667
v -1.015860 0.187278 7.316667
v -1.084562 0.134562 7.316667
v -1.137278 0.065860 7.316667
v -1.170417 -0.014145 7.316667
v -1.181720 -0.100000 7.316667
v -1.170417 -0.185855 7.316667
v -1.137278 -0.265860 7.316667
v -1.084562 -0.334562 7.316667
v -1.015860 -0.387278 7.316667
v -0.935855 -0.420417 7.316667
v -0.850000 -0.431720 7.316667
v -0.764145 -0.420417 7.316667
v -0.684140 -0.387278 7.316667
v -0.615438 -0.334562 7.316667
v -0.562722 -0.265860 7.316667
v -0.529583 -0.185855 7.316667
v -0.499071 -0.100000 7.433333
v -0.511028 -0.009173 7.433333
v -0.546086 0.075465 7.433333
v -0.601855 0.148145 7.433333
v -0.674535 0.203914 7.433333
v -0.759173 0.238972 7.433333
v -0.850000 0.250929 7.433333
v -0.940827 0.238972 7.433333
v -1.025465 0.203914 7.433333
v -1.098145 0.148145 7.433333
v -1.153914 0.075465 7.433333
v -1.188972 -0.009173 7.433333
v -1.200929 -0.100000 7.433333
v -1.188972 -0.190827 7.433333
v -1.153914 -0.275465 7.433333
v -1.098145 -0.348145 7.433333
v -1.025465 -0.403914 7.433333
v -0.940827 -0.438972 7.433333
v -0.850000 -0.450929 7.433333
v -0.759173 -0.438972 7.433333
v -0.674535 -0.403914 7.433333
v -0.601855 -0.348145 7.433333
v -0.546086 -0.275465 7.433333
v -0.511028 -0.190827 7.433333
v -0.475437 -0.100000 7.550000
v -0.488200 -0.003056 7.550000
v -0.525619 0.087282 7.550000
v -0.585144 0.164856 7.550000
v -0.662718 0.224381 7.550000
v -0.753056 0.261800 7.550000
v -0.850000 0.274563 7.550000
v -0.946944 0.261800 7.550000
v -1.037282 0.224381 7.550000
v -1.114856 0.164856 7.550000
v -1.174381 0.087282 7.550000
v -1.211800 -0.003056 7.550000
v -1.224563 -0.100000 7.550000
v -1.211800 -0.196944 7.550000
v -1.174381 -0.287282 7.550000
v -1.114856 -0.364856 7.550000
v -1.037282 -0.424381 7.550000
v -0.946944 -0.461800 7.550000
v -0.850000 -0.474563 7.550000
v -0.753056 -0.461800 7.550000
v -0.662718 -0.424381 7.550000
v -0.585144 -0.364856 7.550000
v -0.525619 -0.287282 7.550000
v -0.488200 -0.196944 7.550000
v -0.448377 -0.100000 7.666667
v -0.462062 0.003948 7.666667
v -0.502184 0.100812 7.666667
v -0.566009 0.183991 7.666667
v -0.649188 0.247816 7.666667
v -0.746052 0.287938 7.666667
v -0.850000 0.301623 7.666667
v -0.953948 0.287938 7.666667
v -1.050812 0.247816 7.666667
v -1.133991 0.183991 7.666667
v -1.197816 0.100812 7.666667
v -1.237938 0.003948 7.666667
v -1.251623 -0.100000 7.666667
v -1.237938 -0.203948 7.666667
v -1.197816 -0.300812 7.666667
v -1.133991 -0.383991 7.666667
v -1.050812 -0.447816 7.666667
v -0.953948 -0.487938 7.666667
v -0.850000 -0.501623 7.666667
v -0.746052 -0.487938 7.666667
v -0.649188 -0.447816 7.666667
v -0.566009 -0.383991 7.666667
v -0.502184 -0.300812 7.666667
v -0.462062 -0.203948 7.666667
v -0.418445 -0.100000 7.783333
v -0.433150 0.011695 7.783333
v -0.476263 0.115777 7.783333
v -0.544845 0.205155 7.783333
v -0.634223 0.273737 7.783333
v -0.738305 0.316850 7.783333
v -0.850000 0.331555 7.783333
v -0.961695 0.316850 7.783333
v -1.065777 0.273737 7.783333
v -1.155155 0.205155 7.783333
v -1.223737 0.115777 7.783333
v -1.266850 0.011695 7.783333
v -1.281555 -0.100000 7.783333
v -1.266850 -0.211695 7.783333
v -1.223737 -0.315777 7.783333
v -1.155155 -0.405155 7.783333
v -1.065777 -0.473737 7.783333
v -0.961695 -0.516850 7.783333
v -0.850000 -0.531555 7.783333
v -0.738305 -0.516850 7.783333
v -0.634223 -0.473737 7.783333
v -0.544845 -0.405155 7.783333
v -0.476263 -0.315777 7.783333
v -0.433150 -0.211695 7.783333
v -0.386007 -0.100000 7.900000
v -0.401817 0.020090 7.900000
v -0.448170 0.131997 7.900000
v -0.521907 0.228093 7.900000
v -0.618003 0.301830 7.900000
v -0.729910 0.348183 7.900000
v -0.850000 0.363993 7.900000
v -0.970090 0.348183 7.900000
v -1.081997 0.301830 7.900000
v -1.178093 0.228093 7.900000
v -1.251830 0.131997 7.900000
v -1.298183 0.020090 7.900000
v -1.313993 -0.100000 7.900000
v -1.298183 -0.220090 7.900000
v -1.251830 -0.331997 7.900000
v -1.178093 -0.428093 7.900000
v -1.081997 -0.501830 7.900000
v -0.970090 -0.548183 7.900000
v -0.850000 -0.563993 7.900000
v -0.729910 -0.548183 7.900000
v -0.618003 -0.501830 7.900000
v -0.521907 -0.428093 7.900000
v -0.448170 -0.331997 7.900000
v -0.401817 -0.220090 7.900000
v -0.351324 -0.100000 8.016667
v -0.368316 0.029067 8.016667
v -0.418134 0.149338 8.016667
v -0.497383 0.252617 8.016667
v -0.600662 0.331866 8.016667
v -0.720933 0.381684 8.016667
v -0.850000 0.398676 8.016667
v -0.979067 0.381684 8.016667
v -1.099338 0.331866 8.016667
v -1.202617 0.252617 8.016667
v -1.281866 0.149338 8.016667
v -1.331684 0.029067 8.016667
v -1.348676 -0.100000 8.016667
v -1.331684 -0.229067 8.016667
v -1.281866 -0.349338 8.016667
v -1.202617 -0.452617 8.016667
v -1.099338 -0.531866 8.016667
v -0.979067 -0.581684 8.016667
v -0.850000 -0.598676 8.016667
v -0.720933 -0.581684 8.016667
v -0.600662 -0.531866 8.016667
v -0.497383 -0.452617 8.016667
v -0.418134 -0.349338 8.016667
v -0.368316 -0.229067 8.016667
v -0.314595 -0.100000 8.133333
v -0.332838 0.038573 8.133333
v -0.386326 0.167703 8.133333
v -0.471411 0.278589 8.133333
v -0.582297 0.363674 8.133333
v -0.711427 0.417162 8.133333
v -0.850000 0.435405 8.133333
v -0.988573 0.417162 8.133333
v -1.117703 0.363674 8.133333
v -1.228589 0.278589 8.133333
v -1.313674 0.167703 8.133333
v -1.367162 0.038573 8.133333
v -1.385405 -0.100000 8.133333
v -1.367162 -0.238573 8.133333
v -1.313674 -0.367703 8.133333
v -1.228589 -0.478589 8.133333
v -1.117703 -0.563674 8.133333
v -0.988573 -0.617162 8.133333
v -0.850000 -0.635405 8.133333
v -0.711427 -0.617162 8.133333
v -0.582297 -0.563674 8.133333
v -0.471411 -0.478589 8.133333
v -0.386326 -0.367703 8.133333
v -0.332838 -0.238573 8.133333
v -0.275979 -0.100000 8.250000
v -0.295538 0.048568 8.250000
v -0.352883 0.187010 8.250000
v -0.444106 0.305894 8.250000
v -0.562990 0.397117 8.250000
v -0.701432 0.454462 8.250000
v -0.850000 0.474021 8.250000
v -0.998568 0.454462 8.250000
v -1.137010 0.397117 8.250000
v -1.255894 0.305894 8.250000
v -1.347117 0.187010 8.250000
v -1.404462 0.048568 8.250000
v -1.424021 -0.100000 8.250000
v -1.404462 -0.248568 8.250000
v -1.347117 -0.387010 8.250000
v -1.255894 -0.505894 8.250000
v -1.137010 -0.597117 8.250000
v -0.998568 -0.654462 8.250000
v -0.850000 -0.674021 8.250000
v -0.701432 -0.654462 8.250000
v -0.562990 -0.597117 8.250000
v -0.444106 -0.505894 8.250000
v -0.352883 -0.387010 8.250000
v -0.295538 -0.248568 8.250000
v -0.235605 -0.100000 8.366667
v -0.256540 0.059017 8.366667
v -0.317919 0.207197 8.366667
v -0.415557 0.334443 8.366667
v -0.542803 0.432081 8.366667
v -0.690983 0.493460 8.366667
v -0.850000 0.514395 8.366667
v -1.009017 0.493460 8.366667
v -1.157197 0.432081 8.366667
v -1.284443 0.334443 8.366667
v -1.382081 0.207197 8.366667
v -1.443460 0.059017 8.366667
v -1.464395 -0.100000 8.366667
v -1.443460 -0.259017 8.366667
v -1.382081 -0.407197 8.366667
v -1.284443 -0.534443 8.366667
v -1.157197 -0.632081 8.366667
v -1.009017 -0.693460 8.366667
v -0.850000 -0.714395 8.366667
v -0.690983 -0.693460 8.366667
v -0.542803 -0.632081 8.366667
v -0.415557 -0.534443 8.366667
v -0.317919 -0.407197 8.366667
v -0.256540 -0.259017 8.366667
v -0.193582 -0.100000 8.483333
v -0.215949 0.069894 8.483333
v -0.281525 0.228209 8.483333
v -0.385842 0.364158 8.483333
v -0.521791 0.468475 8.483333
v -0.680106 0.534051 8.483333
v -0.850000 0.556418 8.483333
v -1.019894 0.534051 8.483333
v -1.178209 0.468475 8.483333
v -1.314158 0.364158 8.483333
v -1.418475 0.228209 8.483333
v -1.484051 0.069894 8.483333
v -1.506418 -0.100000 8.483333
v -1.484051 -0.269894 8.483333
v -1.418475 -0.428209 8.483333
v -1.314158 -0.564158 8.483333
v -1.178209 -0.668475 8.483333
v -1.019894 -0.734051 8.483333
v -0.850000 -0.756418 8.483333
v -0.680106 -0.734051 8.483333
v -0.521791 -0.668475 8.483333
v -0.385842 -0.564158 8.483333
v -0.281525 -0.428209 8.483333
v -0.215949 -0.269894 8.483333
v -0.150000 -0.100000 8.600000
v -0.173852 0.081173 8.600000
v -0.243782 0.250000 8.600000
v -0.355025 0.394975 8.600000
v -0.500000 0.506218 8.600000
v -0.668827 0.576148 8.600000
v -0.850000 0.600000 8.600000
v -1.031173 0.576148 8.600000
v -1.200000 0.506218 8.600000
v -1.344975 0.394975 8.600000
v -1.456218 0.250000 8.600000
v -1.526148 0.081173 8.600000
v -1.550000 -0.100000 8.600000
v -1.526148 -0.281173 8.600000
v -1.456218 -0.450000 8.600000
v -1.344975 -0.594975 8.600000
v -1.200000 -0.706218 8.600000
v -1.031173 -0.776148 8.600000
v -0.850000 -0.800000 8.600000
v -0.668827 -0.776148 8.600000
v -0.500000 -0.706218 8.600000
v -0.355025 -0.594975 8.600000
v -0.243782 -0.450000 8.600000
v -0.173852 -0.281173 8.600000
v -0.850000 -0.100000 7.220000
v 1.170000 -0.100000 7.200000
v 1.159096 -0.017178 7.200000
v 1.127128 0.060000 7.200000
v 1.076274 0.126274 7.200000
v 1.010000 0.177128 7.200000
v 0.932822 0.209096 7.200000
v 0.850000 0.220000 7.200000
v 0.767178 0.209096 7.200000
v 0.690000 0.177128 7.200000
v 0.623726 0.126274 7.200000
v 0.572872 0.060000 7.200000
v 0.540904 -0.017178 7.200000
v 0.530000 -0.100000 7.200000
v 0.540904 -0.182822 7.200000
v 0.572872 -0.260000 7.200000
v 0.623726 -0.326274 7.200000
v 0.690000 -0.377128 7.200000
v 0.767178 -0.409096 7.200000
v 0.850000 -0.420000 7.200000
v 0.932822 -0.409096 7.200000
v 1.010000 -0.377128 7.200000
v 1.076274 -0.326274 7.200000
v 1.127128 -0.260000 7.200000
v 1.159096 -0.182822 7.200000
v 1.181720 -0.100000 7.316667
v 1.170417 -0.014145 7.316667
v 1.137278 0.065860 7.316667
v 1.084562 0.134562 7.316667
v 1.015860 0.187278 7.316667
v 0.935855 0.220417 7.316667
v 0.850000 0.231720 7.316667
v 0.764145 0.220417 7.316667
v 0.684140 0.187278 7.316667
v 0.615438 0.134562 7.316667
v 0.562722 0.065860 7.316667
v 0.529583 -0.014145 7.316667
v 0.518280 -0.100000 7.316667
v 0.529583 -0.185855 7.316667
v 0.562722 -0.265860 7.316667
v 0.615438 -0.334562 7.316667
v 0.684140 -0.387278 7.316667
v 0.764145 -0.420417 7.316667
v 0.850000 -0.431720 7.316667
v 0.935855 -0.420417 7.316667
v 1.015860 -0.387278 7.316667
v 1.084562 -0.334562 7.316667
v 1.137278 -0.265860 7.316667
v 1.170417 -0.185855 7.316667
v 1.200929 -0.100000 7.433333
v 1.188972 -0.009173 7.433333
v 1.153914 0.075465 7.433333
v 1.098145 0.148145 7.433333
v 1.025465 0.203914 7.433333
v 0.940827 0.238972 7.433333
v 0.850000 0.250929 7.433333
v 0.759173 0.238972 7.433333
v 0.674535 0.203914 7.433333
v 0.601855 0.148145 7.433333
v 0.546086 0.075465 7.433333
v 0.511028 -0.009173 7.433333
v 0.499071 -0.100000 7.433333
v 0.511028 -0.190827 7.433333
v 0.546086 -0.275465 7.433333
v 0.601855 -0.348145 7.433333
v 0.674535 -0.403914 7.433333
v 0.759173 -0.438972 7.433333
v 0.850000 -0.450929 7.433333
v 0.940827 -0.438972 7.433333
v 1.025465 -0.403914 7.433333
v 1.098145 -0.348145 7.433333
v 1.153914 -0.275465 7.433333
v 1.188972 -0.190827 7.433333
v 1.224563 -0.100000 7.550000
v 1.211800 -0.003056 7.550000
v 1.174381 0.087282 7.550000
v 1.114856 0.164856 7.550000
v 1.037282 0.224381 7.550000
v 0.946944 0.261800 7.550000
v 0.850000 0.274563 7.550000
v 0.753056 0.261800 7.550000
v 0.662718 0.224381 7.550000
v 0.585144 0.164856 7.550000
v 0.525619 0.087282 7.550000
v 0.488200 -0.003056 7.550000
v 0.475437 -0.100000 7.550000
v 0.488200 -0.196944 7.550000
v 0.525619 -0.287282 7.550000
v 0.585144 -0.364856 7.550000
v 0.662718 -0.424381 7.550000
v 0.753056 -0.461800 7.550000
v 0.850000 -0.474563 7.550000
v 0.946944 -0.461800 7.550000
v 1.037282 -0.424381 7.550000
v 1.114856 -0.364856 7.550000
v 1.174381 -0.287282 7.550000
v 1.211800 -0.196944 7.550000
v 1.251623 -0.100000 7.666667
v 1.237938 0.003948 7.666667
v 1.197816 0.100812 7.666667
v 1.133991 0.183991 7.666667
v 1.050812 0.247816 7.666667
v 0.953948 0.287938 7.666667
v 0.850000 0.301623 7.666667
v 0.746052 0.287938 7.666667
v 0.649188 0.247816 7.666667
v 0.566009 0.183991 7.666667
v 0.502184 0.100812 7.666667
v 0.462062 0.003948 7.666667
v 0.448377 -0.100000 7.666667
v 0.462062 -0.203948 7.666667
v 0.502184 -0.300812 7.666667
v 0.566009 -0.383991 7.666667
v 0.649188 -0.447816 7.666667
v 0.746052 -0.487938 7.666667
v 0.850000 -0.501623 7.666667
v 0.953948 -0.487938 7.666667
v 1.050812 -0.447816 7.666667
v 1.133991 -0.383991 7.666667
v 1.197816 -0.300812 7.666667
v 1.237938 -0.203948 7.666667
v 1.281555 -0.100000 7.783333
v 1.266850 0.011695 7.783333
v 1.223737 0.115777 7.783333
v 1.155155 0.205155 7.783333
v 1.065777 0.273737 7.783333
v 0.961695 0.316850 7.783333
v 0.850000 0.331555 7.783333
v 0.738305 0.316850 7.783333
v 0.634223 0.273737 7.783333
v 0.544845 0.205155 7.783333
v 0.476263 0.115777 7.783333
v 0.433150 0.011695 7.783333
v 0.418445 -0.100000 7.783333
v 0.433150 -0.211695 7.783333
v 0.476263 -0.315777 7.783333
v 0.544845 -0.405155 7.783333
v 0.634223 -0.473737 7.783333
v 0.738305 -0.516850 7.783333
v 0.850000 -0.531555 7.783333
v 0.961695 -0.516850 7.783333
v 1.065777 -0.473737 7.783333
v 1.155155 -0.405155 7.783333
v 1.223737 -0.315777 7.783333
v 1.266850 -0.211695 7.783333
v 1.313993 -0.100000 7.900000
v 1.298183 0.020090 7.900000
v 1.251830 0.131997 7.900000
v 1.178093 0.228093 7.900000
v 1.081997 0.301830 7.900000
v 0.970090 0.348183 7.900000
v 0.850000 0.363993 7.900000
v 0.729910 0.348183 7.900000
v 0.618003 0.301830 7.900000
v 0.521907 0.228093 7.900000
v 0.448170 0.131997 7.900000
v 0.401817 0.020090 7.900000
v 0.386007 -0.100000 7.900000
v 0.401817 -0.220090 7.900000
v 0.448170 -0.331997 7.900000
v 0.521907 -0.428093 7.900000
v 0.618003 -0.501830 7.900000
v 0.729910 -0.548183 7.900000
v 0.850000 -0.563993 7.900000
v 0.970090 -0.548183 7.900000
v 1.081997 -0.501830 7.900000
v 1.178093 -0.428093 7.900000
v 1.251830 -0.331997 7.900000
v 1.298183 -0.220090 7.900000
v 1.348676 -0.100000 8.016667
v 1.331684 0.029067 8.016667
v 1.281866 0.149338 8.016667
v 1.202617 0.252617 8.016667
v 1.099338 0.331866 8.016667
v 0.979067 0.381684 8.016667
v 0.850000 0.398676 8.016667
v 0.720933 0.381684 8.016667
v 0.600662 0.331866 8.016667
v 0.497383 0.252617 8.016667
v 0.418134 0.149338 8.016667
v 0.368316 0.029067 8.016667
v 0.351324 -0.100000 8.016667
v 0.368316 -0.229067 8.016667
v 0.418134 -0.349338 8.016667
v 0.497383 -0.452617 8.016667
v 0.600662 -0.531866 8.016667
v 0.720933 -0.581684 8.016667
v 0.850000 -0.598676 8.016667
v 0.979067 -0.581684 8.016667
v 1.099338 -0.531866 8.016667
v 1.202617 -0.452617 8.016667
v 1.281866 -0.349338 8.016667
v 1.331684 -0.229067 8.016667
v 1.385405 -0.100000 8.133333
v 1.367162 0.038573 8.133333
v 1.313674 0.167703 8.133333
v 1.228589 0.278589 8.133333
v 1.117703 0.363674 8.133333
v 0.988573 0.417162 8.133333
v 0.850000 0.435405 8.133333
v 0.711427 0.417162 8.133333
v 0.582297 0.363674 8.133333
v 0.471411 0.278589 8.133333
v 0.386326 0.167703 8.133333
v 0.332838 0.038573 8.133333
v 0.314595 -0.100000 8.133333
v 0.332838 -0.238573 8.133333
v 0.386326 -0.367703 8.133333
v 0.471411 -0.478589 8.133333
v 0.582297 -0.563674 8.133333
v 0.711427 -0.617162 8.133333
v 0.850000 -0.635405 8.133333
v 0.988573 -0.617162 8.133333
v 1.117703 -0.563674 8.133333
v 1.228589 -0.478589 8.133333
v 1.313674 -0.367703 8.133333
v 1.367162 -0.238573 8.133333
v 1.424021 -0.100000 8.250000
v 1.404462 0.048568 8.250000
v 1.347117 0.187010 8.250000
v 1.255894 0.305894 8.250000
v 1.137010 0.397117 8.250000
v 0.998568 0.454462 8.250000
v 0.850000 0.474021 8.250000
v 0.701432 0.454462 8.250000
v 0.562990 0.397117 8.250000
v 0.444106 0.305894 8.250000
v 0.352883 0.187010 8.250000
v 0.295538 0.048568 8.250000
v 0.275979 -0.100000 8.250000
v 0.295538 -0.248568 8.250000
v 0.352883 -0.387010 8.250000
v 0.444106 -0.505894 8.250000
v 0.562990 -0.597117 8.250000
v 0.701432 -0.654462 8.250000
v 0.850000 -0.674021 8.250000
v 0.998568 -0.654462 8.250000
v 1.137010 -0.597117 8.250000
v 1.255894 -0.505894 8.250000
v 1.347117 -0.387010 8.250000
v 1.404462 -0.248568 8.250000
v 1.464395 -0.100000 8.366667
v 1.443460 0.059017 8.366667
v 1.382081 0.207197 8.366667
v 1.284443 0.334443 8.366667
v 1.157197 0.432081 8.366667
v 1.009017 0.493460 8.366667
v 0.850000 0.514395 8.366667
v 0.690983 0.493460 8.366667
v 0.542803 0.432081 8.366667
v 0.415557 0.334443 8.366667
v 0.317919 0.207197 8.366667
v 0.256540 0.059017 8.366667
v 0.235605 -0.100000 8.366667
v 0.256540 -0.259017 8.366667
v 0.317919 -0.407197 8.366667
v 0.415557 -0.534443 8.366667
v 0.542803 -0.632081 8.366667
v 0.690983 -0.693460 8.366667
v 0.850000 -0.714395 8.366667
v 1.009017 -0.693460 8.366667
v 1.157197 -0.632081 8.366667
v 1.284443 -0.534443 8.366667
v 1.382081 -0.407197 8.366667
v 1.443460 -0.259017 8.366667
v 1.506418 -0.100000 8.483333
v 1.484051 0.069894 8.483333
v 1.418475 0.228209 8.483333
v 1.314158 0.364158 8.483333
v 1.178209 0.468475 8.483333
v 1.019894 0.534051 8.483333
v 0.850000 0.556418 8.483333
v 0.680106 0.534051 8.483333
v 0.521791 0.468475 8.483333
v 0.385842 0.364158 8.483333
v 0.281525 0.228209 8.483333
v 0.215949 0.069894 8.483333
v 0.193582 -0.100000 8.483333
v 0.215949 -0.269894 8.483333
v 0.281525 -0.428209 8.483333
v 0.385842 -0.564158 8.483333
v 0.521791 -0.668475 8.483333
v 0.680106 -0.734051 8.483333
v 0.850000 -0.756418 8.483333
v 1.019894 -0.734051 8.483333
v 1.178209 -0.668475 8.483333
v 1.314158 -0.564158 8.483333
v 1.418475 -0.428209 8.483333
v 1.484051 -0.269894 8.483333
v 1.550000 -0.100000 8.600000
v 1.526148 0.081173 8.600000
v 1.456218 0.250000 8.600000
v 1.344975 0.394975 8.600000
v 1.200000 0.506218 8.600000
v 1.031173 0.576148 8.600000
v 0.850000 0.600000 8.600000
v 0.668827 0.576148 8.600000
v 0.500000 0.506218 8.600000
v 0.355025 0.394975 8.600000
v 0.243782 0.250000 8.600000
v 0.173852 0.081173 8.600000
v 0.150000 -0.100000 8.600000
v 0.173852 -0.281173 8.600000
v 0.243782 -0.450000 8.600000
v 0.355025 -0.594975 8.600000
v 0.500000 -0.706218 8.600000
v 0.668827 -0.776148 8.600000
v 0.850000 -0.800000 8.600000
v 1.031173 -0.776148 8.600000
v 1.200000 -0.706218 8.600000
v 1.344975 -0.594975 8.600000
v 1.456218 -0.450000 8.600000
v 1.526148 -0.281173 8.600000
v 0.850000 -0.100000 7.220000

vt 0.000000 0.000000
vt 0.031250 0.000000
vt 0.062500 0.000000
vt 0.093750 0.000000
vt 0.125000 0.000000
vt 0.156250 0.000000
vt 0.187500 0.000000
vt 0.218750 0.000000
vt 0.250000 0.000000
vt 0.281250 0.000000
vt 0.312500 0.000000
vt 0.343750 0.000000
vt 0.375000 0.000000
vt 0.406250 0.000000
vt 0.437500 0.000000
vt 0.468750 0.000000
vt 0.500000 0.000000
vt 0.531250 0.000000
vt 0.562500 0.000000
vt 0.593750 0.000000
vt 0.625000 0.000000
vt 0.656250 0.000000
vt 0.687500 0.000000
vt 0.718750 0.000000
vt 0.750000 0.000000
vt 0.781250 0.000000
vt 0.812500 0.000000
vt 0.843750 0.000000
vt 0.875000 0.000000
vt 0.906250 0.000000
vt 0.937500 0.000000
vt 0.968750 0.000000
vt 0.000000 0.020833
vt 0.031250 0.020833
vt 0.062500 0.020833
vt 0.093750 0.020833
vt 0.125000 0.020833
vt 0.156250 0.020833
vt 0.187500 0.020833
vt 0.218750 0.020833
vt 0.250000 0.020833
vt 0.281250 0.020833
vt 0.312500 0.020833
vt 0.343750 0.020833
vt 0.375000 0.020833
vt 0.406250 0.020833
vt 0.437500 0.020833
vt 0.468750 0.020833
vt 0.500000 0.020833
vt 0.531250 0.020833
vt 0.562500 0.020833
vt 0.593750 0.020833
vt 0.625000 0.020833
vt 0.656250 0.020833
vt 0.687500 0.020833
vt 0.718750 0.020833
vt 0.750000 0.020833
vt 0.781250 0.020833
vt 0.812500 0.020833
vt 0.843750 0.020833
vt 0.875000 0.020833
vt 0.906250 0.020833
vt 0.937500 0.020833
vt 0.968750 0.020833
vt 0.000000 0.041667
vt 0.031250 0.041667
vt 0.062500 0.041667
vt 0.093750 0.041667
vt 0.125000 0.041667
vt 0.156250 0.041667
vt 0.187500 0.041667
vt 0.218750 0.041667
vt 0.250000 0.041667
vt 0.281250 0.041667
vt 0.312500 0.041667
vt 0.343750 0.041667
vt 0.375000 0.041667
vt 0.406250 0.041667
vt 0.437500 0.041667
vt 0.468750 0.041667
vt 0.500000 0.041667
vt 0.531250 0.041667
vt 0.562500 0.041667
vt 0.593750 0.041667
vt 0.625000 0.041667
vt 0.656250 0.041667
vt 0.687500 0.041667
vt 0.718750 0.041667
vt 0.750000 0.041667
vt 0.781250 0.041667
vt 0.812500 0.041667
vt 0.843750 0.041667
vt 0.875000 0.041667
vt 0.906250 0.041667
vt 0.937500 0.041667
vt 0.968750 0.041667
vt 0.000000 0.062500
vt 0.031250 0.062500
vt 0.062500 0.062500
vt 0.093750 0.062500
vt 0.125000 0.062500
vt 0.156250 0.062500
vt 0.187500 0.062500
vt 0.218750 0.062500
vt 0.250000 0.062500
vt 0.281250 0.062500
vt 0.312500 0.062500
vt 0.343750 0.062500
vt 0.375000 0.062500
vt 0.406250 0.062500
vt 0.437500 0.062500
vt 0.468750 0.062500
vt 0.500000 0.062500
vt 0.531250 0.062500
vt 0.562500 0.062500
vt 0.593750 0.062500
vt 0.625000 0.062500
vt 0.656250 0.062500
vt 0.687500 0.062500
vt 0.718750 0.062500
vt 0.750000 0.062500
vt 0.781250 0.062500
vt 0.812500 0.062500
vt 0.843750 0.062500
vt 0.875000 0.062500
vt 0.906250 0.062500
vt 0.937500 0.062500
vt 0.968750 0.062500
vt 0.000000 0.083333
vt 0.031250 0.083333
vt 0.062500 0.083333
vt 0.093750 0.083333
vt 0.125000 0.083333
vt 0.156250 0.083333
vt 0.187500 0.083333
vt 0.218750 0.083333
vt 0.250000 0.083333
vt 0.281250 0.083333
vt 0.312500 0.083333
vt 0.343750 0.083333
vt 0.375000 0.083333
vt 0.406250 0.083333
vt 0.437500 0.083333
vt 0.468750 0.083333
vt 0.500000 0.083333
vt 0.531250 0.083333
vt 0.562500 0.083333
vt 0.593750 0.083333
vt 0.625000 0.083333
vt 0.656250 0.083333
vt 0.687500 0.083333
vt 0.718750 0.083333
vt 0.750000 0.083333
vt 0.781250 0.083333
vt 0.812500 0.083333
vt 0.843750 0.083333
vt 0.875000 0.083333
vt 0.906250 0.083333
vt 0.937500 0.083333
vt 0.968750 0.083333
vt 0.000000 0.104167
vt 0.031250 0.104167
vt 0.062500 0.104167
vt 0.093750 0.104167
vt 0.125000 0.104167
vt 0.156250 0.104167
vt 0.187500 0.104167
vt 0.218750 0.104167
vt 0.250000 0.104167
vt 0.281250 0.104167
vt 0.312500 0.104167
vt 0.343750 0.104167
vt 0.375000 0.104167
vt 0.406250 0.104167
vt 0.437500 0.104167
vt 0.468750 0.104167
vt 0.500000 0.104167
vt 0.531250 0.104167
vt 0.562500 0.104167
vt 0.593750 0.104167
vt 0.625000 0.104167
vt 0.656250 0.104167
vt 0.687500 0.104167
vt 0.718750 0.104167
vt 0.750000 0.104167
vt 0.781250 0.104167
vt 0.812500 0.104167
vt 0.843750 0.104167
vt 0.875000 0.104167
vt 0.906250 0.104167
vt 0.937500 0.104167
vt 0.968750 0.104167
vt 0.000000 0.125000
vt 0.031250 0.125000
vt 0.062500 0.125000
vt 0.093750 0.125000
vt 0.125000 0.125000
vt 0.156250 0.125000
vt 0.187500 0.125000
vt 0.218750 0.125000
vt 0.250000 0.125000
vt 0.281250 0.125000
vt 0.312500 0.125000
vt 0.343750 0.125000
vt 0.375000 0.125000
vt 0.406250 0.125000
vt 0.437500 0.125000
vt 0.468750 0.125000
vt 0.500000 0.125000
vt 0.531250 0.125000
vt 0.562500 0.125000
vt 0.593750 0.125000
vt 0.625000 0.125000
vt 0.656250 0.125000
vt 0.687500 0.125000
vt 0.718750 0.125000
vt 0.750000 0.125000
vt 0.781250 0.125000
vt 0.812500 0.125000
vt 0.843750 0.125000
vt 0.875000 0.125000
vt 0.906250 0.125000
vt 0.937500 0.125000
vt 0.968750 0.125000
vt 0.000000 0.145833
vt 0.031250 0.145833
vt 0.062500 0.145833
vt 0.093750 0.145833
vt 0.125000 0.145833
vt 0.156250 0.145833
vt 0.187500 0.145833
vt 0.218750 0.145833
vt 0.250000 0.145833
vt 0.281250 0.145833
vt 0.312500 0.145833
vt 0.343750 0.145833
vt 0.375000 0.145833
vt 0.406250 0.145833
vt 0.437500 0.145833
vt 0.468750 0.145833
vt 0.500000 0.145833
vt 0.531250 0.145833
vt 0.562500 0.145833
vt 0.593750 0.145833
vt 0.625000 0.145833
vt 0.656250 0.145833
vt 0.687500 0.145833
vt 0.718750 0.145833
vt 0.750000 0.145833
vt 0.781250 0.145833
vt 0.812500 0.145833
vt 0.843750 0.145833
vt 0.875000 0.145833
vt 0.906250 0.145833
vt 0.937500 0.145833
vt 0.968750 0.145833
vt 0.000000 0.166667
vt 0.031250 0.166667
vt 0.062500 0.166667
vt 0.093750 0.166667
vt 0.125000 0.166667
vt 0.156250 0.166667
vt 0.187500 0.166667
vt 0.218750 0.166667
vt 0.250000 0.166667
vt 0.281250 0.166667
vt 0.312500 0.166667
vt 0.343750 0.166667
vt 0.375000 0.166667
vt 0.406250 0.166667
vt 0.437500 0.166667
vt 0.468750 0.166667
vt 0.500000 0.166667
vt 0.531250 0.166667
vt 0.562500 0.166667
vt 0.593750 0.166667
vt 0.625000 0.166667
vt 0.656250 0.166667
vt 0.687500 0.166667
vt 0.718750 0.166667
vt 0.750000 0.166667
vt 0.781250 0.166667
vt 0.812500 0.166667
vt 0.843750 0.166667
vt 0.875000 0.166667
vt 0.906250 0.166667
vt 0.937500 0.166667
vt 0.968750 0.166667
vt 0.000000 0.187500
vt 0.031250 0.187500
vt 0.062500 0.187500
vt 0.093750 0.187500
vt 0.125000 0.187500
vt 0.156250 0.187500
vt 0.187500 0.187500
vt 0.218750 0.187500
vt 0.250000 0.187500
vt 0.281250 0.187500
vt 0.312500 0.187500
vt 0.343750 0.187500
vt 0.375000 0.187500
vt 0.406250 0.187500
vt 0.437500 0.187500
vt 0.468750 0.187500
vt 0.500000 0.187500
vt 0.531250 0.187500
vt 0.562500 0.187500
vt 0.593750 0.187500
vt 0.625000 0.187500
vt 0.656250 0.187500
vt 0.687500 0.187500
vt 0.718750 0.187500
vt 0.750000 0.187500
vt 0.781250 0.187500
vt 0.812500 0.187500
vt 0.843750 0.187500
vt 0.875000 0.187500
vt 0.906250 0.187500
vt 0.937500 0.187500
vt 0.968750 0.187500
vt 0.000000 0.208333
vt 0.031250 0.208333
vt 0.062500 0.208333
vt 0.093750 0.208333
vt 0.125000 0.208333
vt 0.156250 0.208333
vt 0.187500 0.208333
vt 0.218750 0.208333
vt 0.250000 0.208333
vt 0.281250 0.208333
vt 0.312500 0.208333
vt 0.343750 0.208333
vt 0.375000 0.208333
vt 0.406250 0.208333
vt 0.437500 0.208333
vt 0.468750 0.208333
vt 0.500000 0.208333
vt 0.531250 0.208333
vt 0.562500 0.208333
vt 0.593750 0.208333
vt 0.625000 0.208333
vt 0.656250 0.208333
vt 0.687500 0.208333
vt 0.718750 0.208333
vt 0.750000 0.208333
vt 0.781250 0.208333
vt 0.812500 0.208333
vt 0.843750 0.208333
vt 0.875000 0.208333
vt 0.906250 0.208333
vt 0.937500 0.208333
vt 0.968750 0.208333
vt 0.000000 0.229167
vt 0.031250 0.229167
vt 0.062500 0.229167
vt 0.093750 0.229167
vt 0.125000 0.229167
vt 0.156250 0.229167
vt 0.187500 0.229167
vt 0.218750 0.229167
vt 0.250000 0.229167
vt 0.281250 0.229167
vt 0.312500 0.229167
vt 0.343750 0.229167
vt 0.375000 0.229167
vt 0.406250 0.229167
vt 0.437500 0.229167
vt 0.468750 0.229167
vt 0.500000 0.229167
vt 0.531250 0.229167
vt 0.562500 0.229167
vt 0.593750 0.229167
vt 0.625000 0.229167
vt 0.656250 0.229167
vt 0.687500 0.229167
vt 0.718750 0.229167
vt 0.750000 0.229167
vt 0.781250 0.229167
vt 0.812500 0.229167
vt 0.843750 0.229167
vt 0.875000 0.229167
vt 0.906250 0.229167
vt 0.937500 0.229167
vt 0.968750 0.229167
vt 0.000000 0.250000
vt 0.031250 0.250000
vt 0.062500 0.250000
vt 0.093750 0.250000
vt 0.125000 0.250000
vt 0.156250 0.250000
vt 0.187500 0.250000
vt 0.218750 0.250000
vt 0.250000 0.250000
vt 0.281250 0.250000
vt 0.312500 0.250000
vt 0.343750 0.250000
vt 0.375000 0.250000
vt 0.406250 0.250000
vt 0.437500 0.250000
vt 0.468750 0.250000
vt 0.500000 0.250000
vt 0.531250 0.250000
vt 0.562500 0.250000
vt 0.593750 0.250000
vt 0.625000 0.250000
vt 0.656250 0.250000
vt 0.687500 0.250000
vt 0.718750 0.250000
vt 0.750000 0.250000
vt 0.781250 0.250000
vt 0.812500 0.250000
vt 0.843750 0.250000
vt 0.875000 0.250000
vt 0.906250 0.250000
vt 0.937500 0.250000
vt 0.968750 0.250000
vt 0.000000 0.270833
vt 0.031250 0.270833
vt 0.062500 0.270833
vt 0.093750 0.270833
vt 0.125000 0.270833
vt 0.156250 0.270833
vt 0.187500 0.270833
vt 0.218750 0.270833
vt 0.250000 0.270833
vt 0.281250 0.270833
vt 0.312500 0.270833
vt 0.343750 0.270833
vt 0.375000 0.270833
vt 0.406250 0.270833
vt 0.437500 0.270833
vt 0.468750 0.270833
vt 0.500000 0.270833
vt 0.531250 0.270833
vt 0.562500 0.270833
vt 0.593750 0.270833
vt 0.625000 0.270833
vt 0.656250 0.270833
vt 0.687500 0.270833
vt 0.718750 0.270833
vt 0.750000 0.270833
vt 0.781250 0.270833
vt 0.812500 0.270833
vt 0.843750 0.270833
vt 0.875000 0.270833
vt 0.906250 0.270833
vt 0.937500 0.270833
vt 0.968750 0.270833
vt 0.000000 0.291667
vt 0.031250 0.291667
vt 0.062500 0.291667
vt 0.093750 0.291667
vt 0.125000 0.291667
vt 0.156250 0.291667
vt 0.187500 0.291667
vt 0.218750 0.291667
vt 0.250000 0.291667
vt 0.281250 0.291667
vt 0.312500 0.291667
vt 0.343750 0.291667
vt 0.375000 0.291667
vt 0.406250 0.291667
vt 0.437500 0.291667
vt 0.468750 0.291667
vt 0.500000 0.291667
vt 0.531250 0.291667
vt 0.562500 0.291667
vt 0.593750 0.291667
vt 0.625000 0.291667
vt 0.656250 0.291667
vt 0.687500 0.291667
vt 0.718750 0.291667
vt 0.750000 0.291667
vt 0.781250 0.291667
vt 0.812500 0.291667
vt 0.843750 0.291667
vt 0.875000 0.291667
vt 0.906250 0.291667
vt 0.937500 0.291667
vt 0.968750 0.291667
vt 0.000000 0.312500
vt 0.031250 0.312500
vt 0.062500 0.312500
vt 0.093750 0.312500
vt 0.125000 0.312500
vt 0.156250 0.312500
vt 0.187500 0.312500
vt 0.218750 0.312500
vt 0.250000 0.312500
vt 0.281250 0.312500
vt 0.312500 0.312500
vt 0.343750 0.312500
vt 0.375000 0.312500
vt 0.406250 0.312500
vt 0.437500 0.312500
vt 0.468750 0.312500
vt 0.500000 0.312500
vt 0.531250 0.312500
vt 0.562500 0.312500
vt 0.593750 0.312500
vt 0.625000 0.312500
vt 0.656250 0.312500
vt 0.687500 0.312500
vt 0.718750 0.312500
vt 0.750000 0.312500
vt 0.781250 0.312500
vt 0.812500 0.312500
vt 0.843750 0.312500
vt 0.875000 0.312500
vt 0.906250 0.312500
vt 0.937500 0.312500
vt 0.968750 0.312500
vt 0.000000 0.333333
vt 0.031250 0.333333
vt 0.062500 0.333333
vt 0.093750 0.333333
vt 0.125000 0.333333
vt 0.156250 0.333333
vt 0.187500 0.333333
vt 0.218750 0.333333
vt 0.250000 0.333333
vt 0.281250 0.333333
vt 0.312500 0.333333
vt 0.343750 0.333333
vt 0.375000 0.333333
vt 0.406250 0.333333
vt 0.437500 0.333333
vt 0.468750 0.333333
vt 0.500000 0.333333
vt 0.531250 0.333333
vt 0.562500 0.333333
vt 0.593750 0.333333
vt 0.625000 0.333333
vt 0.656250 0.333333
vt 0.687500 0.333333
vt 0.718750 0.333333
vt 0.750000 0.333333
vt 0.781250 0.333333
vt 0.812500 0.333333
vt 0.843750 0.333333
vt 0.875000 0.333333
vt 0.906250 0.333333
vt 0.937500 0.333333
vt 0.968750 0.333333
vt 0.000000 0.354167
vt 0.031250 0.354167
vt 0.062500 0.354167
vt 0.093750 0.354167
vt 0.125000 0.354167
vt 0.156250 0.354167
vt 0.187500 0.354167
vt 0.218750 0.354167
vt 0.250000 0.354167
vt 0.281250 0.354167
vt 0.312500 0.354167
vt 0.343750 0.354167
vt 0.375000 0.354167
vt 0.406250 0.354167
vt 0.437500 0.354167
vt 0.468750 0.354167
vt 0.500000 0.354167
vt 0.531250 0.354167
vt 0.562500 0.354167
vt 0.593750 0.354167
vt 0.625000 0.354167
vt 0.656250 0.354167
vt 0.687500 0.354167
vt 0.718750 0.354167
vt 0.750000 0.354167
vt 0.781250 0.354167
vt 0.812500 0.354167
vt 0.843750 0.354167
vt 0.875000 0.354167
vt 0.906250 0.354167
vt 0.937500 0.354167
vt 0.968750 0.354167
vt 0.000000 0.375000
vt 0.031250 0.375000
vt 0.062500 0.375000
vt 0.093750 0.375000
vt 0.125000 0.375000
vt 0.156250 0.375000
vt 0.187500 0.375000
vt 0.218750 0.375000
vt 0.250000 0.375000
vt 0.281250 0.375000
vt 0.312500 0.375000
vt 0.343750 0.375000
vt 0.375000 0.375000
vt 0.406250 0.375000
vt 0.437500 0.375000
vt 0.468750 0.375000
vt 0.500000 0.375000
vt 0.531250 0.375000
vt 0.562500 0.375000
vt 0.593750 0.375000
vt 0.625000 0.375000
vt 0.656250 0.375000
vt 0.687500 0.375000
vt 0.718750 0.375000
vt 0.750000 0.375000
vt 0.781250 0.375000
vt 0.812500 0.375000
vt 0.843750 0.375000
vt 0.875000 0.375000
vt 0.906250 0.375000
vt 0.937500 0.375000
vt 0.968750 0.375000
vt 0.000000 0.395833
vt 0.031250 0.395833
vt 0.062500 0.395833
vt 0.093750 0.395833
vt 0.125000 0.395833
vt 0.156250 0.395833
vt 0.187500 0.395833
vt 0.218750 0.395833
vt 0.250000 0.395833
vt 0.281250 0.395833
vt 0.312500 0.395833
vt 0.343750 0.395833
vt 0.375000 0.395833
vt 0.406250 0.395833
vt 0.437500 0.395833
vt 0.468750 0.395833
vt 0.500000 0.395833
vt 0.531250 0.395833
vt 0.562500 0.395833
vt 0.593750 0.395833
vt 0.625000 0.395833
vt 0.656250 0.395833
vt 0.687500 0.395833
vt 0.718750 0.395833
vt 0.750000 0.395833
vt 0.781250 0.395833
vt 0.812500 0.395833
vt 0.843750 0.395833
vt 0.875000 0.395833
vt 0.906250 0.395833
vt 0.937500 0.395833
vt 0.968750 0.395833
vt 0.000000 0.416667
vt 0.031250 0.416667
vt 0.062500 0.416667
vt 0.093750 0.416667
vt 0.125000 0.416667
vt 0.156250 0.416667
vt 0.187500 0.416667
vt 0.218750 0.416667
vt 0.250000 0.416667
vt 0.281250 0.416667
vt 0.312500 0.416667
vt 0.343750 0.416667
vt 0.375000 0.416667
vt 0.406250 0.416667
vt 0.437500 0.416667
vt 0.468750 0.416667
vt 0.500000 0.416667
vt 0.531250 0.416667
vt 0.562500 0.416667
vt 0.593750 0.416667
vt 0.625000 0.416667
vt 0.656250 0.416667
vt 0.687500 0.416667
vt 0.718750 0.416667
vt 0.750000 0.416667
vt 0.781250 0.416667
vt 0.812500 0.416667
vt 0.843750 0.416667
vt 0.875000 0.416667
vt 0.906250 0.416667
vt 0.937500 0.416667
vt 0.968750 0.416667
vt 0.000000 0.437500
vt 0.031250 0.437500
vt 0.062500 0.437500
vt 0.093750 0.437500
vt 0.125000 0.437500
vt 0.156250 0.437500
vt 0.187500 0.437500
vt 0.218750 0.437500
vt 0.250000 0.437500
vt 0.281250 0.437500
vt 0.312500 0.437500
vt 0.343750 0.437500
vt 0.375000 0.437500
vt 0.406250 0.437500
vt 0.437500 0.437500
vt 0.468750 0.437500
vt 0.500000 0.437500
vt 0.531250 0.437500
vt 0.562500 0.437500
vt 0.593750 0.437500
vt 0.625000 0.437500
vt 0.656250 0.437500
vt 0.687500 0.437500
vt 0.718750 0.437500
vt 0.750000 0.437500
vt 0.781250 0.437500
vt 0.812500 0.437500
vt 0.843750 0.437500
vt 0.875000 0.437500
vt 0.906250 0.437500
vt 0.937500 0.437500
vt 0.968750 0.437500
vt 0.000000 0.458333
vt 0.031250 0.458333
vt 0.062500 0.458333
vt 0.093750 0.458333
vt 0.125000 0.458333
vt 0.156250 0.458333
vt 0.187500 0.458333
vt 0.218750 0.458333
vt 0.250000 0.458333
vt 0.281250 0.458333
vt 0.312500 0.458333
vt 0.343750 0.458333
vt 0.375000 0.458333
vt 0.406250 0.458333
vt 0.437500 0.458333
vt 0.468750 0.458333
vt 0.500000 0.458333
vt 0.531250 0.458333
vt 0.562500 0.458333
vt 0.593750 0.458333
vt 0.625000 0.458333
vt 0.656250 0.458333
vt 0.687500 0.458333
vt 0.718750 0.458333
vt 0.750000 0.458333
vt 0.781250 0.458333
vt 0.812500 0.458333
vt 0.843750 0.458333
vt 0.875000 0.458333
vt 0.906250 0.458333
vt 0.937500 0.458333
vt 0.968750 0.458333
vt 0.000000 0.479167
vt 0.031250 0.479167
vt 0.062500 0.479167
vt 0.093750 0.479167
vt 0.125000 0.479167
vt 0.156250 0.479167
vt 0.187500 0.479167
vt 0.218750 0.479167
vt 0.250000 0.479167
vt 0.281250 0.479167
vt 0.312500 0.479167
vt 0.343750 0.479167
vt 0.375000 0.479167
vt 0.406250 0.479167
vt 0.437500 0.479167
vt 0.468750 0.479167
vt 0.500000 0.479167
vt 0.531250 0.479167
vt 0.562500 0.479167
vt 0.593750 0.479167
vt 0.625000 0.479167
vt 0.656250 0.479167
vt 0.687500 0.479167
vt 0.718750 0.479167
vt 0.750000 0.479167
vt 0.781250 0.479167
vt 0.812500 0.479167
vt 0.843750 0.479167
vt 0.875000 0.479167
vt 0.906250 0.479167
vt 0.937500 0.479167
vt 0.968750 0.479167
vt 0.000000 0.500000
vt 0.031250 0.500000
vt 0.062500 0.500000
vt 0.093750 0.500000
vt 0.125000 0.500000
vt 0.156250 0.500000
vt 0.187500 0.500000
vt 0.218750 0.500000
vt 0.250000 0.500000
vt 0.281250 0.500000
vt 0.312500 0.500000
vt 0.343750 0.500000
vt 0.375000 0.500000
vt 0.406250 0.500000
vt 0.437500 0.500000
vt 0.468750 0.500000
vt 0.500000 0.500000
vt 0.531250 0.500000
vt 0.562500 0.500000
vt 0.593750 0.500000
vt 0.625000 0.500000
vt 0.656250 0.500000
vt 0.687500 0.500000
vt 0.718750 0.500000
vt 0.750000 0.500000
vt 0.781250 0.500000
vt 0.812500 0.500000
vt 0.843750 0.500000
vt 0.875000 0.500000
vt 0.906250 0.500000
vt 0.937500 0.500000
vt 0.968750 0.500000
vt 0.000000 0.520833
vt 0.031250 0.520833
vt 0.062500 0.520833
vt 0.093750 0.520833
vt 0.125000 0.520833
vt 0.156250 0.520833
vt 0.187500 0.520833
vt 0.218750 0.520833
vt 0.250000 0.520833
vt 0.281250 0.520833
vt 0.312500 0.520833
vt 0.343750 0.520833
vt 0.375000 0.520833
vt 0.406250 0.520833
vt 0.437500 0.520833
vt 0.468750 0.520833
vt 0.500000 0.520833
vt 0.531250 0.520833
vt 0.562500 0.520833
vt 0.593750 0.520833
vt 0.625000 0.520833
vt 0.656250 0.520833
vt 0.687500 0.520833
vt 0.718750 0.520833
vt 0.750000 0.520833
vt 0.781250 0.520833
vt 0.812500 0.520833
vt 0.843750 0.520833
vt 0.875000 0.520833
vt 0.906250 0.520833
vt 0.937500 0.520833
vt 0.968750 0.520833
vt 0.000000 0.541667
vt 0.031250 0.541667
vt 0.062500 0.541667
vt 0.093750 0.541667
vt 0.125000 0.541667
vt 0.156250 0.541667
vt 0.187500 0.541667
vt 0.218750 0.541667
vt 0.250000 0.541667
vt 0.281250 0.541667
vt 0.312500 0.541667
vt 0.343750 0.541667
vt 0.375000 0.541667
vt 0.406250 0.541667
vt 0.437500 0.541667
vt 0.468750 0.541667
vt 0.500000 0.541667
vt 0.531250 0.541667
vt 0.562500 0.541667
vt 0.593750 0.541667
vt 0.625000 0.541667
vt 0.656250 0.541667
vt 0.687500 0.541667
vt 0.718750 0.541667
vt 0.750000 0.541667
vt 0.781250 0.541667
vt 0.812500 0.541667
vt 0.843750 0.541667
vt 0.875000 0.541667
vt 0.906250 0.541667
vt 0.937500 0.541667
vt 0.968750 0.541667
vt 0.000000 0.562500
vt 0.031250 0.562500
vt 0.062500 0.562500
vt 0.093750 0.562500
vt 0.125000 0.562500
vt 0.156250 0.562500
vt 0.187500 0.562500
vt 0.218750 0.562500
vt 0.250000 0.562500
vt 0.281250 0.562500
vt 0.312500 0.562500
vt 0.343750 0.562500
vt 0.375000 0.562500
vt 0.406250 0.562500
vt 0.437500 0.562500
vt 0.468750 0.562500
vt 0.500000 0.562500
vt 0.531250 0.562500
vt 0.562500 0.562500
vt 0.593750 0.562500
vt 0.625000 0.562500
vt 0.656250 0.562500
vt 0.687500 0.562500
vt 0.718750 0.562500
vt 0.750000 0.562500
vt 0.781250 0.562500
vt 0.812500 0.562500
vt 0.843750 0.562500
vt 0.875000 0.562500
vt 0.906250 0.562500
vt 0.937500 0.562500
vt 0.968750 0.562500
vt 0.000000 0.583333
vt 0.031250 0.583333
vt 0.062500 0.583333
vt 0.093750 0.583333
vt 0.125000 0.583333
vt 0.156250 0.583333
vt 0.187500 0.583333
vt 0.218750 0.583333
vt 0.250000 0.583333
vt 0.281250 0.583333
vt 0.312500 0.583333
vt 0.343750 0.583333
vt 0.375000 0.583333
vt 0.406250 0.583333
vt 0.437500 0.583333
vt 0.468750 0.583333
vt 0.500000 0.583333
vt 0.531250 0.583333
vt 0.562500 0.583333
vt 0.593750 0.583333
vt 0.625000 0.583333
vt 0.656250 0.583333
vt 0.687500 0.583333
vt 0.718750 0.583333
vt 0.750000 0.583333
vt 0.781250 0.583333
vt 0.812500 0.583333
vt 0.843750 0.583333
vt 0.875000 0.583333
vt 0.906250 0.583333
vt 0.937500 0.583333
vt 0.968750 0.583333
vt 0.000000 0.604167
vt 0.031250 0.604167
vt 0.062500 0.604167
vt 0.093750 0.604167
vt 0.125000 0.604167
vt 0.156250 0.604167
vt 0.187500 0.604167
vt 0.218750 0.604167
vt 0.250000 0.604167
vt 0.281250 0.604167
vt 0.312500 0.604167
vt 0.343750 0.604167
vt 0.375000 0.604167
vt 0.406250 0.604167
vt 0.437500 0.604167
vt 0.468750 0.604167
vt 0.500000 0.604167
vt 0.531250 0.604167
vt 0.562500 0.604167
vt 0.593750 0.604167
vt 0.625000 0.604167
vt 0.656250 0.604167
vt 0.687500 0.604167
vt 0.718750 0.604167
vt 0.750000 0.604167
vt 0.781250 0.604167
vt 0.812500 0.604167
vt 0.843750 0.604167
vt 0.875000 0.604167
vt 0.906250 0.604167
vt 0.937500 0.604167
vt 0.968750 0.604167
vt 0.000000 0.625000
vt 0.031250 0.625000
vt 0.062500 0.625000
vt 0.093750 0.625000
vt 0.125000 0.625000
vt 0.156250 0.625000
vt 0.187500 0.625000
vt 0.218750 0.625000
vt 0.250000 0.625000
vt 0.281250 0.625000
vt 0.312500 0.625000
vt 0.343750 0.625000
vt 0.375000 0.625000
vt 0.406250 0.625000
vt 0.437500 0.625000
vt 0.468750 0.625000
vt 0.500000 0.625000
vt 0.531250 0.625000
vt 0.562500 0.625000
vt 0.593750 0.625000
vt 0.625000 0.625000
vt 0.656250 0.625000
vt 0.687500 0.625000
vt 0.718750 0.625000
vt 0.750000 0.625000
vt 0.781250 0.625000
vt 0.812500 0.625000
vt 0.843750 0.625000
vt 0.875000 0.625000
vt 0.906250 0.625000
vt 0.937500 0.625000
vt 0.968750 0.625000
vt 0.000000 0.645833
vt 0.031250 0.645833
vt 0.062500 0.645833
vt 0.093750 0.645833
vt 0.125000 0.645833
vt 0.156250 0.645833
vt 0.187500 0.645833
vt 0.218750 0.645833
vt 0.250000 0.645833
vt 0.281250 0.645833
vt 0.312500 0.645833
vt 0.343750 0.645833
vt 0.375000 0.645833
vt 0.406250 0.645833
vt 0.437500 0.645833
vt 0.468750 0.645833
vt 0.500000 0.645833
vt 0.531250 0.645833
vt 0.562500 0.645833
vt 0.593750 0.645833
vt 0.625000 0.645833
vt 0.656250 0.645833
vt 0.687500 0.645833
vt 0.718750 0.645833
vt 0.750000 0.645833
vt 0.781250 0.645833
vt 0.812500 0.645833
vt 0.843750 0.645833
vt 0.875000 0.645833
vt 0.906250 0.645833
vt 0.937500 0.645833
vt 0.968750 0.645833
vt 0.000000 0.666667
vt 0.031250 0.666667
vt 0.062500 0.666667
vt 0.093750 0.666667
vt 0.125000 0.666667
vt 0.156250 0.666667
vt 0.187500 0.666667
vt 0.218750 0.666667
vt 0.250000 0.666667
vt 0.281250 0.666667
vt 0.312500 0.666667
vt 0.343750 0.666667
vt 0.375000 0.666667
vt 0.406250 0.666667
vt 0.437500 0.666667
vt 0.468750 0.666667
vt 0.500000 0.666667
vt 0.531250 0.666667
vt 0.562500 0.666667
vt 0.593750 0.666667
vt 0.625000 0.666667
vt 0.656250 0.666667
vt 0.687500 0.666667
vt 0.718750 0.666667
vt 0.750000 0.666667
vt 0.781250 0.666667
vt 0.812500 0.666667
vt 0.843750 0.666667
vt 0.875000 0.666667
vt 0.906250 0.666667
vt 0.937500 0.666667
vt 0.968750 0.666667
vt 0.000000 0.687500
vt 0.031250 0.687500
vt 0.062500 0.687500
vt 0.093750 0.687500
vt 0.125000 0.687500
vt 0.156250 0.687500
vt 0.187500 0.687500
vt 0.218750 0.687500
vt 0.250000 0.687500
vt 0.281250 0.687500
vt 0.312500 0.687500
vt 0.343750 0.687500
vt 0.375000 0.687500
vt 0.406250 0.687500
vt 0.437500 0.687500
vt 0.468750 0.687500
vt 0.500000 0.687500
vt 0.531250 0.687500
vt 0.562500 0.687500
vt 0.593750 0.687500
vt 0.625000 0.687500
vt 0.656250 0.687500
vt 0.687500 0.687500
vt 0.718750 0.687500
vt 0.750000 0.687500
vt 0.781250 0.687500
vt 0.812500 0.687500
vt 0.843750 0.687500
vt 0.875000 0.687500
vt 0.906250 0.687500
vt 0.937500 0.687500
vt 0.968750 0.687500
vt 0.000000 0.708333
vt 0.031250 0.708333
vt 0.062500 0.708333
vt 0.093750 0.708333
vt 0.125000 0.708333
vt 0.156250 0.708333
vt 0.187500 0.708333
vt 0.218750 0.708333
vt 0.250000 0.708333
vt 0.281250 0.708333
vt 0.312500 0.708333
vt 0.343750 0.708333
vt 0.375000 0.708333
vt 0.406250 0.708333
vt 0.437500 0.708333
vt 0.468750 0.708333
vt 0.500000 0.708333
vt 0.531250 0.708333
vt 0.562500 0.708333
vt 0.593750 0.708333
vt 0.625000 0.708333
vt 0.656250 0.708333
vt 0.687500 0.708333
vt 0.718750 0.708333
vt 0.750000 0.708333
vt 0.781250 0.708333
vt 0.812500 0.708333
vt 0.843750 0.708333
vt 0.875000 0.708333
vt 0.906250 0.708333
vt 0.937500 0.708333
vt 0.968750 0.708333
vt 0.000000 0.729167
vt 0.031250 0.729167
vt 0.062500 0.729167
vt 0.093750 0.729167
vt 0.125000 0.729167
vt 0.156250 0.729167
vt 0.187500 0.729167
vt 0.218750 0.729167
vt 0.250000 0.729167
vt 0.281250 0.729167
vt 0.312500 0.729167
vt 0.343750 0.729167
vt 0.375000 0.729167
vt 0.406250 0.729167
vt 0.437500 0.729167
vt 0.468750 0.729167
vt 0.500000 0.729167
vt 0.531250 0.729167
vt 0.562500 0.729167
vt 0.593750 0.729167
vt 0.625000 0.729167
vt 0.656250 0.729167
vt 0.687500 0.729167
vt 0.718750 0.729167
vt 0.750000 0.729167
vt 0.781250 0.729167
vt 0.812500 0.729167
vt 0.843750 0.729167
vt 0.875000 0.729167
vt 0.906250 0.729167
vt 0.937500 0.729167
vt 0.968750 0.729167
vt 0.000000 0.750000
vt 0.031250 0.750000
vt 0.062500 0.750000
vt 0.093750 0.750000
vt 0.125000 0.750000
vt 0.156250 0.750000
vt 0.187500 0.750000
vt 0.218750 0.750000
vt 0.250000 0.750000
vt 0.281250 0.750000
vt 0.312500 0.750000
vt 0.343750 0.750000
vt 0.375000 0.750000
vt 0.406250 0.750000
vt 0.437500 0.750000
vt 0.468750 0.750000
vt 0.500000 0.750000
vt 0.531250 0.750000
vt 0.562500 0.750000
vt 0.593750 0.750000
vt 0.625000 0.750000
vt 0.656250 0.750000
vt 0.687500 0.750000
vt 0.718750 0.750000
vt 0.750000 0.750000
vt 0.781250 0.750000
vt 0.812500 0.750000
vt 0.843750 0.750000
vt 0.875000 0.750000
vt 0.906250 0.750000
vt 0.937500 0.750000
vt 0.968750 0.750000
vt 0.000000 0.770833
vt 0.031250 0.770833
vt 0.062500 0.770833
vt 0.093750 0.770833
vt 0.125000 0.770833
vt 0.156250 0.770833
vt 0.187500 0.770833
vt 0.218750 0.770833
vt 0.250000 0.770833
vt 0.281250 0.770833
vt 0.312500 0.770833
vt 0.343750 0.770833
vt 0.375000 0.770833
vt 0.406250 0.770833
vt 0.437500 0.770833
vt 0.468750 0.770833
vt 0.500000 0.770833
vt 0.531250 0.770833
vt 0.562500 0.770833
vt 0.593750 0.770833
vt 0.625000 0.770833
vt 0.656250 0.770833
vt 0.687500 0.770833
vt 0.718750 0.770833
vt 0.750000 0.770833
vt 0.781250 0.770833
vt 0.812500 0.770833
vt 0.843750 0.770833
vt 0.875000 0.770833
vt 0.906250 0.770833
vt 0.937500 0.770833
vt 0.968750 0.770833
vt 0.000000 0.791667
vt 0.031250 0.791667
vt 0.062500 0.791667
vt 0.093750 0.791667
vt 0.125000 0.791667
vt 0.156250 0.791667
vt 0.187500 0.791667
vt 0.218750 0.791667
vt 0.250000 0.791667
vt 0.281250 0.791667
vt 0.312500 0.791667
vt 0.343750 0.791667
vt 0.375000 0.791667
vt 0.406250 0.791667
vt 0.437500 0.791667
vt 0.468750 0.791667
vt 0.500000 0.791667
vt 0.531250 0.791667
vt 0.562500 0.791667
vt 0.593750 0.791667
vt 0.625000 0.791667
vt 0.656250 0.791667
vt 0.687500 0.791667
vt 0.718750 0.791667
vt 0.750000 0.791667
vt 0.781250 0.791667
vt 0.812500 0.791667
vt 0.843750 0.791667
vt 0.875000 0.791667
vt 0.906250 0.791667
vt 0.937500 0.791667
vt 0.968750 0.791667
vt 0.000000 0.812500
vt 0.031250 0.812500
vt 0.062500 0.812500
vt 0.093750 0.812500
vt 0.125000 0.812500
vt 0.156250 0.812500
vt 0.187500 0.812500
vt 0.218750 0.812500
vt 0.250000 0.812500
vt 0.281250 0.812500
vt 0.312500 0.812500
vt 0.343750 0.812500
vt 0.375000 0.812500
vt 0.406250 0.812500
vt 0.437500 0.812500
vt 0.468750 0.812500
vt 0.500000 0.812500
vt 0.531250 0.812500
vt 0.562500 0.812500
vt 0.593750 0.812500
vt 0.625000 0.812500
vt 0.656250 0.812500
vt 0.687500 0.812500
vt 0.718750 0.812500
vt 0.750000 0.812500
vt 0.781250 0.812500
vt 0.812500 0.812500
vt 0.843750 0.812500
vt 0.875000 0.812500
vt 0.906250 0.812500
vt 0.937500 0.812500
vt 0.968750 0.812500
vt 0.000000 0.833333
vt 0.031250 0.833333
vt 0.062500 0.833333
vt 0.093750 0.833333
vt 0.125000 0.833333
vt 0.156250 0.833333
vt 0.187500 0.833333
vt 0.218750 0.833333
vt 0.250000 0.833333
vt 0.281250 0.833333
vt 0.312500 0.833333
vt 0.343750 0.833333
vt 0.375000 0.833333
vt 0.406250 0.833333
vt 0.437500 0.833333
vt 0.468750 0.833333
vt 0.500000 0.833333
vt 0.531250 0.833333
vt 0.562500 0.833333
vt 0.593750 0.833333
vt 0.625000 0.833333
vt 0.656250 0.833333
vt 0.687500 0.833333
vt 0.718750 0.833333
vt 0.750000 0.833333
vt 0.781250 0.833333
vt 0.812500 0.833333
vt 0.843750 0.833333
vt 0.875000 0.833333
vt 0.906250 0.833333
vt 0.937500 0.833333
vt 0.968750 0.833333
vt 0.000000 0.854167
vt 0.031250 0.854167
vt 0.062500 0.854167
vt 0.093750 0.854167
vt 0.125000 0.854167
vt 0.156250 0.854167
vt 0.187500 0.854167
vt 0.218750 0.854167
vt 0.250000 0.854167
vt 0.281250 0.854167
vt 0.312500 0.854167
vt 0.343750 0.854167
vt 0.375000 0.854167
vt 0.406250 0.854167
vt 0.437500 0.854167
vt 0.468750 0.854167
vt 0.500000 0.854167
vt 0.531250 0.854167
vt 0.562500 0.854167
vt 0.593750 0.854167
vt 0.625000 0.854167
vt 0.656250 0.854167
vt 0.687500 0.854167
vt 0.718750 0.854167
vt 0.750000 0.854167
vt 0.781250 0.854167
vt 0.812500 0.854167
vt 0.843750 0.854167
vt 0.875000 0.854167
vt 0.906250 0.854167
vt 0.937500 0.854167
vt 0.968750 0.854167
vt 0.000000 0.875000
vt 0.031250 0.875000
vt 0.062500 0.875000
vt 0.093750 0.875000
vt 0.125000 0.875000
vt 0.156250 0.875000
vt 0.187500 0.875000
vt 0.218750 0.875000
vt 0.250000 0.875000
vt 0.281250 0.875000
vt 0.312500 0.875000
vt 0.343750 0.875000
vt 0.375000 0.875000
vt 0.406250 0.875000
vt 0.437500 0.875000
vt 0.468750 0.875000
vt 0.500000 0.875000
vt 0.531250 0.875000
vt 0.562500 0.875000
vt 0.593750 0.875000
vt 0.625000 0.875000
vt 0.656250 0.875000
vt 0.687500 0.875000
vt 0.718750 0.875000
vt 0.750000 0.875000
vt 0.781250 0.875000
vt 0.812500 0.875000
vt 0.843750 0.875000
vt 0.875000 0.875000
vt 0.906250 0.875000
vt 0.937500 0.875000
vt 0.968750 0.875000
vt 0.000000 0.895833
vt 0.031250 0.895833
vt 0.062500 0.895833
vt 0.093750 0.895833
vt 0.125000 0.895833
vt 0.156250 0.895833
vt 0.187500 0.895833
vt 0.218750 0.895833
vt 0.250000 0.895833
vt 0.281250 0.895833
vt 0.312500 0.895833
vt 0.343750 0.895833
vt 0.375000 0.895833
vt 0.406250 0.895833
vt 0.437500 0.895833
vt 0.468750 0.895833
vt 0.500000 0.895833
vt 0.531250 0.895833
vt 0.562500 0.895833
vt 0.593750 0.895833
vt 0.625000 0.895833
vt 0.656250 0.895833
vt 0.687500 0.895833
vt 0.718750 0.895833
vt 0.750000 0.895833
vt 0.781250 0.895833
vt 0.812500 0.895833
vt 0.843750 0.895833
vt 0.875000 0.895833
vt 0.906250 0.895833
vt 0.937500 0.895833
vt 0.968750 0.895833
vt 0.000000 0.916667
vt 0.031250 0.916667
vt 0.062500 0.916667
vt 0.093750 0.916667
vt 0.125000 0.916667
vt 0.156250 0.916667
vt 0.187500 0.916667
vt 0.218750 0.916667
vt 0.250000 0.916667
vt 0.281250 0.916667
vt 0.312500 0.916667
vt 0.343750 0.916667
vt 0.375000 0.916667
vt 0.406250 0.916667
vt 0.437500 0.916667
vt 0.468750 0.916667
vt 0.500000 0.916667
vt 0.531250 0.916667
vt 0.562500 0.916667
vt 0.593750 0.916667
vt 0.625000 0.916667
vt 0.656250 0.916667
vt 0.687500 0.916667
vt 0.718750 0.916667
vt 0.750000 0.916667
vt 0.781250 0.916667
vt 0.812500 0.916667
vt 0.843750 0.916667
vt 0.875000 0.916667
vt 0.906250 0.916667
vt 0.937500 0.916667
vt 0.968750 0.916667
vt 0.000000 0.937500
vt 0.031250 0.937500
vt 0.062500 0.937500
vt 0.093750 0.937500
vt 0.125000 0.937500
vt 0.156250 0.937500
vt 0.187500 0.937500
vt 0.218750 0.937500
vt 0.250000 0.937500
vt 0.281250 0.937500
vt 0.312500 0.937500
vt 0.343750 0.937500
vt 0.375000 0.937500
vt 0.406250 0.937500
vt 0.437500 0.937500
vt 0.468750 0.937500
vt 0.500000 0.937500
vt 0.531250 0.937500
vt 0.562500 0.937500
vt 0.593750 0.937500
vt 0.625000 0.937500
vt 0.656250 0.937500
vt 0.687500 0.937500
vt 0.718750 0.937500
vt 0.750000 0.937500
vt 0.781250 0.937500
vt 0.812500 0.937500
vt 0.843750 0.937500
vt 0.875000 0.937500
vt 0.906250 0.937500
vt 0.937500 0.937500
vt 0.968750 0.937500
vt 0.000000 0.958333
vt 0.031250 0.958333
vt 0.062500 0.958333
vt 0.093750 0.958333
vt 0.125000 0.958333
vt 0.156250 0.958333
vt 0.187500 0.958333
vt 0.218750 0.958333
vt 0.250000 0.958333
vt 0.281250 0.958333
vt 0.312500 0.958333
vt 0.343750 0.958333
vt 0.375000 0.958333
vt 0.406250 0.958333
vt 0.437500 0.958333
vt 0.468750 0.958333
vt 0.500000 0.958333
vt 0.531250 0.958333
vt 0.562500 0.958333
vt 0.593750 0.958333
vt 0.625000 0.958333
vt 0.656250 0.958333
vt 0.687500 0.958333
vt 0.718750 0.958333
vt 0.750000 0.958333
vt 0.781250 0.958333
vt 0.812500 0.958333
vt 0.843750 0.958333
vt 0.875000 0.958333
vt 0.906250 0.958333
vt 0.937500 0.958333
vt 0.968750 0.958333
vt 0.000000 0.979167
vt 0.031250 0.979167
vt 0.062500 0.979167
vt 0.093750 0.979167
vt 0.125000 0.979167
vt 0.156250 0.979167
vt 0.187500 0.979167
vt 0.218750 0.979167
vt 0.250000 0.979167
vt 0.281250 0.979167
vt 0.312500 0.979167
vt 0.343750 0.979167
vt 0.375000 0.979167
vt 0.406250 0.979167
vt 0.437500 0.979167
vt 0.468750 0.979167
vt 0.500000 0.979167
vt 0.531250 0.979167
vt 0.562500 0.979167
vt 0.593750 0.979167
vt 0.625000 0.979167
vt 0.656250 0.979167
vt 0.687500 0.979167
vt 0.718750 0.979167
vt 0.750000 0.979167
vt 0.781250 0.979167
vt 0.812500 0.979167
vt 0.843750 0.979167
vt 0.875000 0.979167
vt 0.906250 0.979167
vt 0.937500 0.979167
vt 0.968750 0.979167
vt 0.000000 1.000000
vt 0.031250 1.000000
vt 0.062500 1.000000
vt 0.093750 1.000000
vt 0.125000 1.000000
vt 0.156250 1.000000
vt 0.187500 1.000000
vt 0.218750 1.000000
vt 0.250000 1.000000
vt 0.281250 1.000000
vt 0.312500 1.000000
vt 0.343750 1.000000
vt 0.375000 1.000000
vt 0.406250 1.000000
vt 0.437500 1.000000
vt 0.468750 1.000000
vt 0.500000 1.000000
vt 0.531250 1.000000
vt 0.562500 1.000000
vt 0.593750 1.000000
vt 0.625000 1.000000
vt 0.656250 1.000000
vt 0.687500 1.000000
vt 0.718750 1.000000
vt 0.750000 1.000000
vt 0.781250 1.000000
vt 0.812500 1.000000
vt 0.843750 1.000000
vt 0.875000 1.000000
vt 0.906250 1.000000
vt 0.937500 1.000000
vt 0.968750 1.000000
vt 0.500000 0.000000
vt 0.500000 1.000000
vt 0.000000 0.000000
vt 0.000000 0.000000
vt 0.000000 0.050000
vt 0.000000 0.050000
vt 0.000000 0.100000
vt 0.000000 0.100000
vt 0.000000 0.150000
vt 0.000000 0.150000
vt 0.000000 0.200000
vt 0.000000 0.200000
vt 0.000000 0.250000
vt 0.000000 0.250000
vt 0.000000 0.300000
vt 0.000000 0.300000
vt 0.000000 0.350000
vt 0.000000 0.350000
vt 0.000000 0.400000
vt 0.000000 0.400000
vt 0.000000 0.450000
vt 0.000000 0.450000
vt 0.000000 0.500000
vt 0.000000 0.500000
vt 0.000000 0.550000
vt 0.000000 0.550000
vt 0.000000 0.600000
vt 0.000000 0.600000
vt 0.000000 0.650000
vt 0.000000 0.650000
vt 0.000000 0.700000
vt 0.000000 0.700000
vt 0.000000 0.750000
vt 0.000000 0.750000
vt 0.000000 0.800000
vt 0.000000 0.800000
vt 0.000000 0.850000
vt 0.000000 0.850000
vt 0.000000 0.900000
vt 0.000000 0.900000
vt 0.000000 0.950000
vt 0.000000 0.950000
vt 0.000000 1.000000
vt 0.000000 1.000000
vt 0.062500 0.000000
vt 0.062500 0.000000
vt 0.062500 0.050000
vt 0.062500 0.050000
vt 0.062500 0.100000
vt 0.062500 0.100000
vt 0.062500 0.150000
vt 0.062500 0.150000
vt 0.062500 0.200000
vt 0.062500 0.200000
vt 0.062500 0.250000
vt 0.062500 0.250000
vt 0.062500 0.300000
vt 0.062500 0.300000
vt 0.062500 0.350000
vt 0.062500 0.350000
vt 0.062500 0.400000
vt 0.062500 0.400000
vt 0.062500 0.450000
vt 0.062500 0.450000
vt 0.062500 0.500000
vt 0.062500 0.500000
vt 0.062500 0.550000
vt 0.062500 0.550000
vt 0.062500 0.600000
vt 0.062500 0.600000
vt 0.062500 0.650000
vt 0.062500 0.650000
vt 0.062500 0.700000
vt 0.062500 0.700000
vt 0.062500 0.750000
vt 0.062500 0.750000
vt 0.062500 0.800000
vt 0.062500 0.800000
vt 0.062500 0.850000
vt 0.062500 0.850000
vt 0.062500 0.900000
vt 0.062500 0.900000
vt 0.062500 0.950000
vt 0.062500 0.950000
vt 0.062500 1.000000
vt 0.062500 1.000000
vt 0.125000 0.000000
vt 0.125000 0.000000
vt 0.125000 0.050000
vt 0.125000 0.050000
vt 0.125000 0.100000
vt 0.125000 0.100000
vt 0.125000 0.150000
vt 0.125000 0.150000
vt 0.125000 0.200000
vt 0.125000 0.200000
vt 0.125000 0.250000
vt 0.125000 0.250000
vt 0.125000 0.300000
vt 0.125000 0.300000
vt 0.125000 0.350000
vt 0.125000 0.350000
vt 0.125000 0.400000
vt 0.125000 0.400000
vt 0.125000 0.450000
vt 0.125000 0.450000
vt 0.125000 0.500000
vt 0.125000 0.500000
vt 0.125000 0.550000
vt 0.125000 0.550000
vt 0.125000 0.600000
vt 0.125000 0.600000
vt 0.125000 0.650000
vt 0.125000 0.650000
vt 0.125000 0.700000
vt 0.125000 0.700000
vt 0.125000 0.750000
vt 0.125000 0.750000
vt 0.125000 0.800000
vt 0.125000 0.800000
vt 0.125000 0.850000
vt 0.125000 0.850000
vt 0.125000 0.900000
vt 0.125000 0.900000
vt 0.125000 0.950000
vt 0.125000 0.950000
vt 0.125000 1.000000
vt 0.125000 1.000000
vt 0.187500 0.000000
vt 0.187500 0.000000
vt 0.187500 0.050000
vt 0.187500 0.050000
vt 0.187500 0.100000
vt 0.187500 0.100000
vt 0.187500 0.150000
vt 0.187500 0.150000
vt 0.187500 0.200000
vt 0.187500 0.200000
vt 0.187500 0.250000
vt 0.187500 0.250000
vt 0.187500 0.300000
vt 0.187500 0.300000
vt 0.187500 0.350000
vt 0.187500 0.350000
vt 0.187500 0.400000
vt 0.187500 0.400000
vt 0.187500 0.450000
vt 0.187500 0.450000
vt 0.187500 0.500000
vt 0.187500 0.500000
vt 0.187500 0.550000
vt 0.187500 0.550000
vt 0.187500 0.600000
vt 0.187500 0.600000
vt 0.187500 0.650000
vt 0.187500 0.650000
vt 0.187500 0.700000
vt 0.187500 0.700000
vt 0.187500 0.750000
vt 0.187500 0.750000
vt 0.187500 0.800000
vt 0.187500 0.800000
vt 0.187500 0.850000
vt 0.187500 0.850000
vt 0.187500 0.900000
vt 0.187500 0.900000
vt 0.187500 0.950000
vt 0.187500 0.950000
vt 0.187500 1.000000
vt 0.187500 1.000000
vt 0.250000 0.000000
vt 0.250000 0.000000
vt 0.250000 0.050000
vt 0.250000 0.050000
vt 0.250000 0.100000
vt 0.250000 0.100000
vt 0.250000 0.150000
vt 0.250000 0.150000
vt 0.250000 0.200000
vt 0.250000 0.200000
vt 0.250000 0.250000
vt 0.250000 0.250000
vt 0.250000 0.300000
vt 0.250000 0.300000
vt 0.250000 0.350000
vt 0.250000 0.350000
vt 0.250000 0.400000
vt 0.250000 0.400000
vt 0.250000 0.450000
vt 0.250000 0.450000
vt 0.250000 0.500000
vt 0.250000 0.500000
vt 0.250000 0.550000
vt 0.250000 0.550000
vt 0.250000 0.600000
vt 0.250000 0.600000
vt 0.250000 0.650000
vt 0.250000 0.650000
vt 0.250000 0.700000
vt 0.250000 0.700000
vt 0.250000 0.750000
vt 0.250000 0.750000
vt 0.250000 0.800000
vt 0.250000 0.800000
vt 0.250000 0.850000
vt 0.250000 0.850000
vt 0.250000 0.900000
vt 0.250000 0.900000
vt 0.250000 0.950000
vt 0.250000 0.950000
vt 0.250000 1.000000
vt 0.250000 1.000000
vt 0.312500 0.000000
vt 0.312500 0.000000
vt 0.312500 0.050000
vt 0.312500 0.050000
vt 0.312500 0.100000
vt 0.312500 0.100000
vt 0.312500 0.150000
vt 0.312500 0.150000
vt 0.312500 0.200000
vt 0.312500 0.200000
vt 0.312500 0.250000
vt 0.312500 0.250000
vt 0.312500 0.300000
vt 0.312500 0.300000
vt 0.312500 0.350000
vt 0.312500 0.350000
vt 0.312500 0.400000
vt 0.312500 0.400000
vt 0.312500 0.450000
vt 0.312500 0.450000
vt 0.312500 0.500000
vt 0.312500 0.500000
vt 0.312500 0.550000
vt 0.312500 0.550000
vt 0.312500 0.600000
vt 0.312500 0.600000
vt 0.312500 0.650000
vt 0.312500 0.650000
vt 0.312500 0.700000
vt 0.312500 0.700000
vt 0.312500 0.750000
vt 0.312500 0.750000
vt 0.312500 0.800000
vt 0.312500 0.800000
vt 0.312500 0.850000
vt 0.312500 0.850000
vt 0.312500 0.900000
vt 0.312500 0.900000
vt 0.312500 0.950000
vt 0.312500 0.950000
vt 0.312500 1.000000
vt 0.312500 1.000000
vt 0.375000 0.000000
vt 0.375000 0.000000
vt 0.375000 0.050000
vt 0.375000 0.050000
vt 0.375000 0.100000
vt 0.375000 0.100000
vt 0.375000 0.150000
vt 0.375000 0.150000
vt 0.375000 0.200000
vt 0.375000 0.200000
vt 0.375000 0.250000
vt 0.375000 0.250000
vt 0.375000 0.300000
vt 0.375000 0.300000
vt 0.375000 0.350000
vt 0.375000 0.350000
vt 0.375000 0.400000
vt 0.375000 0.400000
vt 0.375000 0.450000
vt 0.375000 0.450000
vt 0.375000 0.500000
vt 0.375000 0.500000
vt 0.375000 0.550000
vt 0.375000 0.550000
vt 0.375000 0.600000
vt 0.375000 0.600000
vt 0.375000 0.650000
vt 0.375000 0.650000
vt 0.375000 0.700000
vt 0.375000 0.700000
vt 0.375000 0.750000
vt 0.375000 0.750000
vt 0.375000 0.800000
vt 0.375000 0.800000
vt 0.375000 0.850000
vt 0.375000 0.850000
vt 0.375000 0.900000
vt 0.375000 0.900000
vt 0.375000 0.950000
vt 0.375000 0.950000
vt 0.375000 1.000000
vt 0.375000 1.000000
vt 0.437500 0.000000
vt 0.437500 0.000000
vt 0.437500 0.050000
vt 0.437500 0.050000
vt 0.437500 0.100000
vt 0.437500 0.100000
vt 0.437500 0.150000
vt 0.437500 0.150000
vt 0.437500 0.200000
vt 0.437500 0.200000
vt 0.437500 0.250000
vt 0.437500 0.250000
vt 0.437500 0.300000
vt 0.437500 0.300000
vt 0.437500 0.350000
vt 0.437500 0.350000
vt 0.437500 0.400000
vt 0.437500 0.400000
vt 0.437500 0.450000
vt 0.437500 0.450000
vt 0.437500 0.500000
vt 0.437500 0.500000
vt 0.437500 0.550000
vt 0.437500 0.550000
vt 0.437500 0.600000
vt 0.437500 0.600000
vt 0.437500 0.650000
vt 0.437500 0.650000
vt 0.437500 0.700000
vt 0.437500 0.700000
vt 0.437500 0.750000
vt 0.437500 0.750000
vt 0.437500 0.800000
vt 0.437500 0.800000
vt 0.437500 0.850000
vt 0.437500 0.850000
vt 0.437500 0.900000
vt 0.437500 0.900000
vt 0.437500 0.950000
vt 0.437500 0.950000
vt 0.437500 1.000000
vt 0.437500 1.000000
vt 0.500000 0.000000
vt 0.500000 0.000000
vt 0.500000 0.050000
vt 0.500000 0.050000
vt 0.500000 0.100000
vt 0.500000 0.100000
vt 0.500000 0.150000
vt 0.500000 0.150000
vt 0.500000 0.200000
vt 0.500000 0.200000
vt 0.500000 0.250000
vt 0.500000 0.250000
vt 0.500000 0.300000
vt 0.500000 0.300000
vt 0.500000 0.350000
vt 0.500000 0.350000
vt 0.500000 0.400000
vt 0.500000 0.400000
vt 0.500000 0.450000
vt 0.500000 0.450000
vt 0.500000 0.500000
vt 0.500000 0.500000
vt 0.500000 0.550000
vt 0.500000 0.550000
vt 0.500000 0.600000
vt 0.500000 0.600000
vt 0.500000 0.650000
vt 0.500000 0.650000
vt 0.500000 0.700000
vt 0.500000 0.700000
vt 0.500000 0.750000
vt 0.500000 0.750000
vt 0.500000 0.800000
vt 0.500000 0.800000
vt 0.500000 0.850000
vt 0.500000 0.850000
vt 0.500000 0.900000
vt 0.500000 0.900000
vt 0.500000 0.950000
vt 0.500000 0.950000
vt 0.500000 1.000000
vt 0.500000 1.000000
vt 0.562500 0.000000
vt 0.562500 0.000000
vt 0.562500 0.050000
vt 0.562500 0.050000
vt 0.562500 0.100000
vt 0.562500 0.100000
vt 0.562500 0.150000
vt 0.562500 0.150000
vt 0.562500 0.200000
vt 0.562500 0.200000
vt 0.562500 0.250000
vt 0.562500 0.250000
vt 0.562500 0.300000
vt 0.562500 0.300000
vt 0.562500 0.350000
vt 0.562500 0.350000
vt 0.562500 0.400000
vt 0.562500 0.400000
vt 0.562500 0.450000
vt 0.562500 0.450000
vt 0.562500 0.500000
vt 0.562500 0.500000
vt 0.562500 0.550000
vt 0.562500 0.550000
vt 0.562500 0.600000
vt 0.562500 0.600000
vt 0.562500 0.650000
vt 0.562500 0.650000
vt 0.562500 0.700000
vt 0.562500 0.700000
vt 0.562500 0.750000
vt 0.562500 0.750000
vt 0.562500 0.800000
vt 0.562500 0.800000
vt 0.562500 0.850000
vt 0.562500 0.850000
vt 0.562500 0.900000
vt 0.562500 0.900000
vt 0.562500 0.950000
vt 0.562500 0.950000
vt 0.562500 1.000000
vt 0.562500 1.000000
vt 0.625000 0.000000
vt 0.625000 0.000000
vt 0.625000 0.050000
vt 0.625000 0.050000
vt 0.625000 0.100000
vt 0.625000 0.100000
vt 0.625000 0.150000
vt 0.625000 0.150000
vt 0.625000 0.200000
vt 0.625000 0.200000
vt 0.625000 0.250000
vt 0.625000 0.250000
vt 0.625000 0.300000
vt 0.625000 0.300000
vt 0.625000 0.350000
vt 0.625000 0.350000
vt 0.625000 0.400000
vt 0.625000 0.400000
vt 0.625000 0.450000
vt 0.625000 0.450000
vt 0.625000 0.500000
vt 0.625000 0.500000
vt 0.625000 0.550000
vt 0.625000 0.550000
vt 0.625000 0.600000
vt 0.625000 0.600000
vt 0.625000 0.650000
vt 0.625000 0.650000
vt 0.625000 0.700000
vt 0.625000 0.700000
vt 0.625000 0.750000
vt 0.625000 0.750000
vt 0.625000 0.800000
vt 0.625000 0.800000
vt 0.625000 0.850000
vt 0.625000 0.850000
vt 0.625000 0.900000
vt 0.625000 0.900000
vt 0.625000 0.950000
vt 0.625000 0.950000
vt 0.625000 1.000000
vt 0.625000 1.000000
vt 0.687500 0.000000
vt 0.687500 0.000000
vt 0.687500 0.050000
vt 0.687500 0.050000
vt 0.687500 0.100000
vt 0.687500 0.100000
vt 0.687500 0.150000
vt 0.687500 0.150000
vt 0.687500 0.200000
vt 0.687500 0.200000
vt 0.687500 0.250000
vt 0.687500 0.250000
vt 0.687500 0.300000
vt 0.687500 0.300000
vt 0.687500 0.350000
vt 0.687500 0.350000
vt 0.687500 0.400000
vt 0.687500 0.400000
vt 0.687500 0.450000
vt 0.687500 0.450000
vt 0.687500 0.500000
vt 0.687500 0.500000
vt 0.687500 0.550000
vt 0.687500 0.550000
vt 0.687500 0.600000
vt 0.687500 0.600000
vt 0.687500 0.650000
vt 0.687500 0.650000
vt 0.687500 0.700000
vt 0.687500 0.700000
vt 0.687500 0.750000
vt 0.687500 0.750000
vt 0.687500 0.800000
vt 0.687500 0.800000
vt 0.687500 0.850000
vt 0.687500 0.850000
vt 0.687500 0.900000
vt 0.687500 0.900000
vt 0.687500 0.950000
vt 0.687500 0.950000
vt 0.687500 1.000000
vt 0.687500 1.000000
vt 0.750000 0.000000
vt 0.750000 0.000000
vt 0.750000 0.050000
vt 0.750000 0.050000
vt 0.750000 0.100000
vt 0.750000 0.100000
vt 0.750000 0.150000
vt 0.750000 0.150000
vt 0.750000 0.200000
vt 0.750000 0.200000
vt 0.750000 0.250000
vt 0.750000 0.250000
vt 0.750000 0.300000
vt 0.750000 0.300000
vt 0.750000 0.350000
vt 0.750000 0.350000
vt 0.750000 0.400000
vt 0.750000 0.400000
vt 0.750000 0.450000
vt 0.750000 0.450000
vt 0.750000 0.500000
vt 0.750000 0.500000
vt 0.750000 0.550000
vt 0.750000 0.550000
vt 0.750000 0.600000
vt 0.750000 0.600000
vt 0.750000 0.650000
vt 0.750000 0.650000
vt 0.750000 0.700000
vt 0.750000 0.700000
vt 0.750000 0.750000
vt 0.750000 0.750000
vt 0.750000 0.800000
vt 0.750000 0.800000
vt 0.750000 0.850000
vt 0.750000 0.850000
vt 0.750000 0.900000
vt 0.750000 0.900000
vt 0.750000 0.950000
vt 0.750000 0.950000
vt 0.750000 1.000000
vt 0.750000 1.000000
vt 0.812500 0.000000
vt 0.812500 0.000000
vt 0.812500 0.050000
vt 0.812500 0.050000
vt 0.812500 0.100000
vt 0.812500 0.100000
vt 0.812500 0.150000
vt 0.812500 0.150000
vt 0.812500 0.200000
vt 0.812500 0.200000
vt 0.812500 0.250000
vt 0.812500 0.250000
vt 0.812500 0.300000
vt 0.812500 0.300000
vt 0.812500 0.350000
vt 0.812500 0.350000
vt 0.812500 0.400000
vt 0.812500 0.400000
vt 0.812500 0.450000
vt 0.812500 0.450000
vt 0.812500 0.500000
vt 0.812500 0.500000
vt 0.812500 0.550000
vt 0.812500 0.550000
vt 0.812500 0.600000
vt 0.812500 0.600000
vt 0.812500 0.650000
vt 0.812500 0.650000
vt 0.812500 0.700000
vt 0.812500 0.700000
vt 0.812500 0.750000
vt 0.812500 0.750000
vt 0.812500 0.800000
vt 0.812500 0.800000
vt 0.812500 0.850000
vt 0.812500 0.850000
vt 0.812500 0.900000
vt 0.812500 0.900000
vt 0.812500 0.950000
vt 0.812500 0.950000
vt 0.812500 1.000000
vt 0.812500 1.000000
vt 0.875000 0.000000
vt 0.875000 0.000000
vt 0.875000 0.050000
vt 0.875000 0.050000
vt 0.875000 0.100000
vt 0.875000 0.100000
vt 0.875000 0.150000
vt 0.875000 0.150000
vt 0.875000 0.200000
vt 0.875000 0.200000
vt 0.875000 0.250000
vt 0.875000 0.250000
vt 0.875000 0.300000
vt 0.875000 0.300000
vt 0.875000 0.350000
vt 0.875000 0.350000
vt 0.875000 0.400000
vt 0.875000 0.400000
vt 0.875000 0.450000
vt 0.875000 0.450000
vt 0.875000 0.500000
vt 0.875000 0.500000
vt 0.875000 0.550000
vt 0.875000 0.550000
vt 0.875000 0.600000
vt 0.875000 0.600000
vt 0.875000 0.650000
vt 0.875000 0.650000
vt 0.875000 0.700000
vt 0.875000 0.700000
vt 0.875000 0.750000
vt 0.875000 0.750000
vt 0.875000 0.800000
vt 0.875000 0.800000
vt 0.875000 0.850000
vt 0.875000 0.850000
vt 0.875000 0.900000
vt 0.875000 0.900000
vt 0.875000 0.950000
vt 0.875000 0.950000
vt 0.875000 1.000000
vt 0.875000 1.000000
vt 0.937500 0.000000
vt 0.937500 0.000000
vt 0.937500 0.050000
vt 0.937500 0.050000
vt 0.937500 0.100000
vt 0.937500 0.100000
vt 0.937500 0.150000
vt 0.937500 0.150000
vt 0.937500 0.200000
vt 0.937500 0.200000
vt 0.937500 0.250000
vt 0.937500 0.250000
vt 0.937500 0.300000
vt 0.937500 0.300000
vt 0.937500 0.350000
vt 0.937500 0.350000
vt 0.937500 0.400000
vt 0.937500 0.400000
vt 0.937500 0.450000
vt 0.937500 0.450000
vt 0.937500 0.500000
vt 0.937500 0.500000
vt 0.937500 0.550000
vt 0.937500 0.550000
vt 0.937500 0.600000
vt 0.937500 0.600000
vt 0.937500 0.650000
vt 0.937500 0.650000
vt 0.937500 0.700000
vt 0.937500 0.700000
vt 0.937500 0.750000
vt 0.937500 0.750000
vt 0.937500 0.800000
vt 0.937500 0.800000
vt 0.937500 0.850000
vt 0.937500 0.850000
vt 0.937500 0.900000
vt 0.937500 0.900000
vt 0.937500 0.950000
vt 0.937500 0.950000
vt 0.937500 1.000000
vt 0.937500 1.000000
vt 1.000000 0.000000
vt 1.000000 0.000000
vt 1.000000 0.050000
vt 1.000000 0.050000
vt 1.000000 0.100000
vt 1.000000 0.100000
vt 1.000000 0.150000
vt 1.000000 0.150000
vt 1.000000 0.200000
vt 1.000000 0.200000
vt 1.000000 0.250000
vt 1.000000 0.250000
vt 1.000000 0.300000
vt 1.000000 0.300000
vt 1.000000 0.350000
vt 1.000000 0.350000
vt 1.000000 0.400000
vt 1.000000 0.400000
vt 1.000000 0.450000
vt 1.000000 0.450000
vt 1.000000 0.500000
vt 1.000000 0.500000
vt 1.000000 0.550000
vt 1.000000 0.550000
vt 1.000000 0.600000
vt 1.000000 0.600000
vt 1.000000 0.650000
vt 1.000000 0.650000
vt 1.000000 0.700000
vt 1.000000 0.700000
vt 1.000000 0.750000
vt 1.000000 0.750000
vt 1.000000 0.800000
vt 1.000000 0.800000
vt 1.000000 0.850000
vt 1.000000 0.850000
vt 1.000000 0.900000
vt 1.000000 0.900000
vt 1.000000 0.950000
vt 1.000000 0.950000
vt 1.000000 1.000000
vt 1.000000 1.000000
vt 0.000000 0.000000
vt 1.000000 0.000000
vt 0.000000 0.000000
vt 0.000000 0.000000
vt 0.000000 0.050000
vt 0.000000 0.050000
vt 0.000000 0.100000
vt 0.000000 0.100000
vt 0.000000 0.150000
vt 0.000000 0.150000
vt 0.000000 0.200000
vt 0.000000 0.200000
vt 0.000000 0.250000
vt 0.000000 0.250000
vt 0.000000 0.300000
vt 0.000000 0.300000
vt 0.000000 0.350000
vt 0.000000 0.350000
vt 0.000000 0.400000
vt 0.000000 0.400000
vt 0.000000 0.450000
vt 0.000000 0.450000
vt 0.000000 0.500000
vt 0.000000 0.500000
vt 0.000000 0.550000
vt 0.000000 0.550000
vt 0.000000 0.600000
vt 0.000000 0.600000
vt 0.000000 0.650000
vt 0.000000 0.650000
vt 0.000000 0.700000
vt 0.000000 0.700000
vt 0.000000 0.750000
vt 0.000000 0.750000
vt 0.000000 0.800000
vt 0.000000 0.800000
vt 0.000000 0.850000
vt 0.000000 0.850000
vt 0.000000 0.900000
vt 0.000000 0.900000
vt 0.000000 0.950000
vt 0.000000 0.950000
vt 0.000000 1.000000
vt 0.000000 1.000000
vt 0.062500 0.000000
vt 0.062500 0.000000
vt 0.062500 0.050000
vt 0.062500 0.050000
vt 0.062500 0.100000
vt 0.062500 0.100000
vt 0.062500 0.150000
vt 0.062500 0.150000
vt 0.062500 0.200000
vt 0.062500 0.200000
vt 0.062500 0.250000
vt 0.062500 0.250000
vt 0.062500 0.300000
vt 0.062500 0.300000
vt 0.062500 0.350000
vt 0.062500 0.350000
vt 0.062500 0.400000
vt 0.062500 0.400000
vt 0.062500 0.450000
vt 0.062500 0.450000
vt 0.062500 0.500000
vt 0.062500 0.500000
vt 0.062500 0.550000
vt 0.062500 0.550000
vt 0.062500 0.600000
vt 0.062500 0.600000
vt 0.062500 0.650000
vt 0.062500 0.650000
vt 0.062500 0.700000
vt 0.062500 0.700000
vt 0.062500 0.750000
vt 0.062500 0.750000
vt 0.062500 0.800000
vt 0.062500 0.800000
vt 0.062500 0.850000
vt 0.062500 0.850000
vt 0.062500 0.900000
vt 0.062500 0.900000
vt 0.062500 0.950000
vt 0.062500 0.950000
vt 0.062500 1.000000
vt 0.062500 1.000000
vt 0.125000 0.000000
vt 0.125000 0.000000
vt 0.125000 0.050000
vt 0.125000 0.050000
vt 0.125000 0.100000
vt 0.125000 0.100000
vt 0.125000 0.150000
vt 0.125000 0.150000
vt 0.125000 0.200000
vt 0.125000 0.200000
vt 0.125000 0.250000
vt 0.125000 0.250000
vt 0.125000 0.300000
vt 0.125000 0.300000
vt 0.125000 0.350000
vt 0.125000 0.350000
vt 0.125000 0.400000
vt 0.125000 0.400000
vt 0.125000 0.450000
vt 0.125000 0.450000
vt 0.125000 0.500000
vt 0.125000 0.500000
vt 0.125000 0.550000
vt 0.125000 0.550000
vt 0.125000 0.600000
vt 0.125000 0.600000
vt 0.125000 0.650000
vt 0.125000 0.650000
vt 0.125000 0.700000
vt 0.125000 0.700000
vt 0.125000 0.750000
vt 0.125000 0.750000
vt 0.125000 0.800000
vt 0.125000 0.800000
vt 0.125000 0.850000
vt 0.125000 0.850000
vt 0.125000 0.900000
vt 0.125000 0.900000
vt 0.125000 0.950000
vt 0.125000 0.950000
vt 0.125000 1.000000
vt 0.125000 1.000000
vt 0.187500 0.000000
vt 0.187500 0.000000
vt 0.187500 0.050000
vt 0.187500 0.050000
vt 0.187500 0.100000
vt 0.187500 0.100000
vt 0.187500 0.150000
vt 0.187500 0.150000
vt 0.187500 0.200000
vt 0.187500 0.200000
vt 0.187500 0.250000
vt 0.187500 0.250000
vt 0.187500 0.300000
vt 0.187500 0.300000
vt 0.187500 0.350000
vt 0.187500 0.350000
vt 0.187500 0.400000
vt 0.187500 0.400000
vt 0.187500 0.450000
vt 0.187500 0.450000
vt 0.187500 0.500000
vt 0.187500 0.500000
vt 0.187500 0.550000
vt 0.187500 0.550000
vt 0.187500 0.600000
vt 0.187500 0.600000
vt 0.187500 0.650000
vt 0.187500 0.650000
vt 0.187500 0.700000
vt 0.187500 0.700000
vt 0.187500 0.750000
vt 0.187500 0.750000
vt 0.187500 0.800000
vt 0.187500 0.800000
vt 0.187500 0.850000
vt 0.187500 0.850000
vt 0.187500 0.900000
vt 0.187500 0.900000
vt 0.187500 0.950000
vt 0.187500 0.950000
vt 0.187500 1.000000
vt 0.187500 1.000000
vt 0.250000 0.000000
vt 0.250000 0.000000
vt 0.250000 0.050000
vt 0.250000 0.050000
vt 0.250000 0.100000
vt 0.250000 0.100000
vt 0.250000 0.150000
vt 0.250000 0.150000
vt 0.250000 0.200000
vt 0.250000 0.200000
vt 0.250000 0.250000
vt 0.250000 0.250000
vt 0.250000 0.300000
vt 0.250000 0.300000
vt 0.250000 0.350000
vt 0.250000 0.350000
vt 0.250000 0.400000
vt 0.250000 0.400000
vt 0.250000 0.450000
vt 0.250000 0.450000
vt 0.250000 0.500000
vt 0.250000 0.500000
vt 0.250000 0.550000
vt 0.250000 0.550000
vt 0.250000 0.600000
vt 0.250000 0.600000
vt 0.250000 0.650000
vt 0.250000 0.650000
vt 0.250000 0.700000
vt 0.250000 0.700000
vt 0.250000 0.750000
vt 0.250000 0.750000
vt 0.250000 0.800000
vt 0.250000 0.800000
vt 0.250000 0.850000
vt 0.250000 0.850000
vt 0.250000 0.900000
vt 0.250000 0.900000
vt 0.250000 0.950000
vt 0.250000 0.950000
vt 0.250000 1.000000
vt 0.250000 1.000000
vt 0.312500 0.000000
vt 0.312500 0.000000
vt 0.312500 0.050000
vt 0.312500 0.050000
vt 0.312500 0.100000
vt 0.312500 0.100000
vt 0.312500 0.150000
vt 0.312500 0.150000
vt 0.312500 0.200000
vt 0.312500 0.200000
vt 0.312500 0.250000
vt 0.312500 0.250000
vt 0.312500 0.300000
vt 0.312500 0.300000
vt 0.312500 0.350000
vt 0.312500 0.350000
vt 0.312500 0.400000
vt 0.312500 0.400000
vt 0.312500 0.450000
vt 0.312500 0.450000
vt 0.312500 0.500000
vt 0.312500 0.500000
vt 0.312500 0.550000
vt 0.312500 0.550000
vt 0.312500 0.600000
vt 0.312500 0.600000
vt 0.312500 0.650000
vt 0.312500 0.650000
vt 0.312500 0.700000
vt 0.312500 0.700000
vt 0.312500 0.750000
vt 0.312500 0.750000
vt 0.312500 0.800000
vt 0.312500 0.800000
vt 0.312500 0.850000
vt 0.312500 0.850000
vt 0.312500 0.900000
vt 0.312500 0.900000
vt 0.312500 0.950000
vt 0.312500 0.950000
vt 0.312500 1.000000
vt 0.312500 1.000000
vt 0.375000 0.000000
vt 0.375000 0.000000
vt 0.375000 0.050000
vt 0.375000 0.050000
vt 0.375000 0.100000
vt 0.375000 0.100000
vt 0.375000 0.150000
vt 0.375000 0.150000
vt 0.375000 0.200000
vt 0.375000 0.200000
vt 0.375000 0.250000
vt 0.375000 0.250000
vt 0.375000 0.300000
vt 0.375000 0.300000
vt 0.375000 0.350000
vt 0.375000 0.350000
vt 0.375000 0.400000
vt 0.375000 0.400000
vt 0.375000 0.450000
vt 0.375000 0.450000
vt 0.375000 0.500000
vt 0.375000 0.500000
vt 0.375000 0.550000
vt 0.375000 0.550000
vt 0.375000 0.600000
vt 0.375000 0.600000
vt 0.375000 0.650000
vt 0.375000 0.650000
vt 0.375000 0.700000
vt 0.375000 0.700000
vt 0.375000 0.750000
vt 0.375000 0.750000
vt 0.375000 0.800000
vt 0.375000 0.800000
vt 0.375000 0.850000
vt 0.375000 0.850000
vt 0.375000 0.900000
vt 0.375000 0.900000
vt 0.375000 0.950000
vt 0.375000 0.950000
vt 0.375000 1.000000
vt 0.375000 1.000000
vt 0.437500 0.000000
vt 0.437500 0.000000
vt 0.437500 0.050000
vt 0.437500 0.050000
vt 0.437500 0.100000
vt 0.437500 0.100000
vt 0.437500 0.150000
vt 0.437500 0.150000
vt 0.437500 0.200000
vt 0.437500 0.200000
vt 0.437500 0.250000
vt 0.437500 0.250000
vt 0.437500 0.300000
vt 0.437500 0.300000
vt 0.437500 0.350000
vt 0.437500 0.350000
vt 0.437500 0.400000
vt 0.437500 0.400000
vt 0.437500 0.450000
vt 0.437500 0.450000
vt 0.437500 0.500000
vt 0.437500 0.500000
vt 0.437500 0.550000
vt 0.437500 0.550000
vt 0.437500 0.600000
vt 0.437500 0.600000
vt 0.437500 0.650000
vt 0.437500 0.650000
vt 0.437500 0.700000
vt 0.437500 0.700000
vt 0.437500 0.750000
vt 0.437500 0.750000
vt 0.437500 0.800000
vt 0.437500 0.800000
vt 0.437500 0.850000
vt 0.437500 0.850000
vt 0.437500 0.900000
vt 0.437500 0.900000
vt 0.437500 0.950000
vt 0.437500 0.950000
vt 0.437500 1.000000
vt 0.437500 1.000000
vt 0.500000 0.000000
vt 0.500000 0.000000
vt 0.500000 0.050000
vt 0.500000 0.050000
vt 0.500000 0.100000
vt 0.500000 0.100000
vt 0.500000 0.150000
vt 0.500000 0.150000
vt 0.500000 0.200000
vt 0.500000 0.200000
vt 0.500000 0.250000
vt 0.500000 0.250000
vt 0.500000 0.300000
vt 0.500000 0.300000
vt 0.500000 0.350000
vt 0.500000 0.350000
vt 0.500000 0.400000
vt 0.500000 0.400000
vt 0.500000 0.450000
vt 0.500000 0.450000
vt 0.500000 0.500000
vt 0.500000 0.500000
vt 0.500000 0.550000
vt 0.500000 0.550000
vt 0.500000 0.600000
vt 0.500000 0.600000
vt 0.500000 0.650000
vt 0.500000 0.650000
vt 0.500000 0.700000
vt 0.500000 0.700000
vt 0.500000 0.750000
vt 0.500000 0.750000
vt 0.500000 0.800000
vt 0.500000 0.800000
vt 0.500000 0.850000
vt 0.500000 0.850000
vt 0.500000 0.900000
vt 0.500000 0.900000
vt 0.500000 0.950000
vt 0.500000 0.950000
vt 0.500000 1.000000
vt 0.500000 1.000000
vt 0.562500 0.000000
vt 0.562500 0.000000
vt 0.562500 0.050000
vt 0.562500 0.050000
vt 0.562500 0.100000
vt 0.562500 0.100000
vt 0.562500 0.150000
vt 0.562500 0.150000
vt 0.562500 0.200000
vt 0.562500 0.200000
vt 0.562500 0.250000
vt 0.562500 0.250000
vt 0.562500 0.300000
vt 0.562500 0.300000
vt 0.562500 0.350000
vt 0.562500 0.350000
vt 0.562500 0.400000
vt 0.562500 0.400000
vt 0.562500 0.450000
vt 0.562500 0.450000
vt 0.562500 0.500000
vt 0.562500 0.500000
vt 0.562500 0.550000
vt 0.562500 0.550000
vt 0.562500 0.600000
vt 0.562500 0.600000
vt 0.562500 0.650000
vt 0.562500 0.650000
vt 0.562500 0.700000
vt 0.562500 0.700000
vt 0.562500 0.750000
vt 0.562500 0.750000
vt 0.562500 0.800000
vt 0.562500 0.800000
vt 0.562500 0.850000
vt 0.562500 0.850000
vt 0.562500 0.900000
vt 0.562500 0.900000
vt 0.562500 0.950000
vt 0.562500 0.950000
vt 0.562500 1.000000
vt 0.562500 1.000000
vt 0.625000 0.000000
vt 0.625000 0.000000
vt 0.625000 0.050000
vt 0.625000 0.050000
vt 0.625000 0.100000
vt 0.625000 0.100000
vt 0.625000 0.150000
vt 0.625000 0.150000
vt 0.625000 0.200000
vt 0.625000 0.200000
vt 0.625000 0.250000
vt 0.625000 0.250000
vt 0.625000 0.300000
vt 0.625000 0.300000
vt 0.625000 0.350000
vt 0.625000 0.350000
vt 0.625000 0.400000
vt 0.625000 0.400000
vt 0.625000 0.450000
vt 0.625000 0.450000
vt 0.625000 0.500000
vt 0.625000 0.500000
vt 0.625000 0.550000
vt 0.625000 0.550000
vt 0.625000 0.600000
vt 0.625000 0.600000
vt 0.625000 0.650000
vt 0.625000 0.650000
vt 0.625000 0.700000
vt 0.625000 0.700000
vt 0.625000 0.750000
vt 0.625000 0.750000
vt 0.625000 0.800000
vt 0.625000 0.800000
vt 0.625000 0.850000
vt 0.625000 0.850000
vt 0.625000 0.900000
vt 0.625000 0.900000
vt 0.625000 0.950000
vt 0.625000 0.950000
vt 0.625000 1.000000
vt 0.625000 1.000000
vt 0.687500 0.000000
vt 0.687500 0.000000
vt 0.687500 0.050000
vt 0.687500 0.050000
vt 0.687500 0.100000
vt 0.687500 0.100000
vt 0.687500 0.150000
vt 0.687500 0.150000
vt 0.687500 0.200000
vt 0.687500 0.200000
vt 0.687500 0.250000
vt 0.687500 0.250000
vt 0.687500 0.300000
vt 0.687500 0.300000
vt 0.687500 0.350000
vt 0.687500 0.350000
vt 0.687500 0.400000
vt 0.687500 0.400000
vt 0.687500 0.450000
vt 0.687500 0.450000
vt 0.687500 0.500000
vt 0.687500 0.500000
vt 0.687500 0.550000
vt 0.687500 0.550000
vt 0.687500 0.600000
vt 0.687500 0.600000
vt 0.687500 0.650000
vt 0.687500 0.650000
vt 0.687500 0.700000
vt 0.687500 0.700000
vt 0.687500 0.750000
vt 0.687500 0.750000
vt 0.687500 0.800000
vt 0.687500 0.800000
vt 0.687500 0.850000
vt 0.687500 0.850000
vt 0.687500 0.900000
vt 0.687500 0.900000
vt 0.687500 0.950000
vt 0.687500 0.950000
vt 0.687500 1.000000
vt 0.687500 1.000000
vt 0.750000 0.000000
vt 0.750000 0.000000
vt 0.750000 0.050000
vt 0.750000 0.050000
vt 0.750000 0.100000
vt 0.750000 0.100000
vt 0.750000 0.150000
vt 0.750000 0.150000
vt 0.750000 0.200000
vt 0.750000 0.200000
vt 0.750000 0.250000
vt 0.750000 0.250000
vt 0.750000 0.300000
vt 0.750000 0.300000
vt 0.750000 0.350000
vt 0.750000 0.350000
vt 0.750000 0.400000
vt 0.750000 0.400000
vt 0.750000 0.450000
vt 0.750000 0.450000
vt 0.750000 0.500000
vt 0.750000 0.500000
vt 0.750000 0.550000
vt 0.750000 0.550000
vt 0.750000 0.600000
vt 0.750000 0.600000
vt 0.750000 0.650000
vt 0.750000 0.650000
vt 0.750000 0.700000
vt 0.750000 0.700000
vt 0.750000 0.750000
vt 0.750000 0.750000
vt 0.750000 0.800000
vt 0.750000 0.800000
vt 0.750000 0.850000
vt 0.750000 0.850000
vt 0.750000 0.900000
vt 0.750000 0.900000
vt 0.750000 0.950000
vt 0.750000 0.950000
vt 0.750000 1.000000
vt 0.750000 1.000000
vt 0.812500 0.000000
vt 0.812500 0.000000
vt 0.812500 0.050000
vt 0.812500 0.050000
vt 0.812500 0.100000
vt 0.812500 0.100000
vt 0.812500 0.150000
vt 0.812500 0.150000
vt 0.812500 0.200000
vt 0.812500 0.200000
vt 0.812500 0.250000
vt 0.812500 0.250000
vt 0.812500 0.300000
vt 0.812500 0.300000
vt 0.812500 0.350000
vt 0.812500 0.350000
vt 0.812500 0.400000
vt 0.812500 0.400000
vt 0.812500 0.450000
vt 0.812500 0.450000
vt 0.812500 0.500000
vt 0.812500 0.500000
vt 0.812500 0.550000
vt 0.812500 0.550000
vt 0.812500 0.600000
vt 0.812500 0.600000
vt 0.812500 0.650000
vt 0.812500 0.650000
vt 0.812500 0.700000
vt 0.812500 0.700000
vt 0.812500 0.750000
vt 0.812500 0.750000
vt 0.812500 0.800000
vt 0.812500 0.800000
vt 0.812500 0.850000
vt 0.812500 0.850000
vt 0.812500 0.900000
vt 0.812500 0.900000
vt 0.812500 0.950000
vt 0.812500 0.950000
vt 0.812500 1.000000
vt 0.812500 1.000000
vt 0.875000 0.000000
vt 0.875000 0.000000
vt 0.875000 0.050000
vt 0.875000 0.050000
vt 0.875000 0.100000
vt 0.875000 0.100000
vt 0.875000 0.150000
vt 0.875000 0.150000
vt 0.875000 0.200000
vt 0.875000 0.200000
vt 0.875000 0.250000
vt 0.875000 0.250000
vt 0.875000 0.300000
vt 0.875000 0.300000
vt 0.875000 0.350000
vt 0.875000 0.350000
vt 0.875000 0.400000
vt 0.875000 0.400000
vt 0.875000 0.450000
vt 0.875000 0.450000
vt 0.875000 0.500000
vt 0.875000 0.500000
vt 0.875000 0.550000
vt 0.875000 0.550000
vt 0.875000 0.600000
vt 0.875000 0.600000
vt 0.875000 0.650000
vt 0.875000 0.650000
vt 0.875000 0.700000
vt 0.875000 0.700000
vt 0.875000 0.750000
vt 0.875000 0.750000
vt 0.875000 0.800000
vt 0.875000 0.800000
vt 0.875000 0.850000
vt 0.875000 0.850000
vt 0.875000 0.900000
vt 0.875000 0.900000
vt 0.875000 0.950000
vt 0.875000 0.950000
vt 0.875000 1.000000
vt 0.875000 1.000000
vt 0.937500 0.000000
vt 0.937500 0.000000
vt 0.937500 0.050000
vt 0.937500 0.050000
vt 0.937500 0.100000
vt 0.937500 0.100000
vt 0.937500 0.150000
vt 0.937500 0.150000
vt 0.937500 0.200000
vt 0.937500 0.200000
vt 0.937500 0.250000
vt 0.937500 0.250000
vt 0.937500 0.300000
vt 0.937500 0.300000
vt 0.937500 0.350000
vt 0.937500 0.350000
vt 0.937500 0.400000
vt 0.937500 0.400000
vt 0.937500 0.450000
vt 0.937500 0.450000
vt 0.937500 0.500000
vt 0.937500 0.500000
vt 0.937500 0.550000
vt 0.937500 0.550000
vt 0.937500 0.600000
vt 0.937500 0.600000
vt 0.937500 0.650000
vt 0.937500 0.650000
vt 0.937500 0.700000
vt 0.937500 0.700000
vt 0.937500 0.750000
vt 0.937500 0.750000
vt 0.937500 0.800000
vt 0.937500 0.800000
vt 0.937500 0.850000
vt 0.937500 0.850000
vt 0.937500 0.900000
vt 0.937500 0.900000
vt 0.937500 0.950000
vt 0.937500 0.950000
vt 0.937500 1.000000
vt 0.937500 1.000000
vt 1.000000 0.000000
vt 1.000000 0.000000
vt 1.000000 0.050000
vt 1.000000 0.050000
vt 1.000000 0.100000
vt 1.000000 0.100000
vt 1.000000 0.150000
vt 1.000000 0.150000
vt 1.000000 0.200000
vt 1.000000 0.200000
vt 1.000000 0.250000
vt 1.000000 0.250000
vt 1.000000 0.300000
vt 1.000000 0.300000
vt 1.000000 0.350000
vt 1.000000 0.350000
vt 1.000000 0.400000
vt 1.000000 0.400000
vt 1.000000 0.450000
vt 1.000000 0.450000
vt 1.000000 0.500000
vt 1.000000 0.500000
vt 1.000000 0.550000
vt 1.000000 0.550000
vt 1.000000 0.600000
vt 1.000000 0.600000
vt 1.000000 0.650000
vt 1.000000 0.650000
vt 1.000000 0.700000
vt 1.000000 0.700000
vt 1.000000 0.750000
vt 1.000000 0.750000
vt 1.000000 0.800000
vt 1.000000 0.800000
vt 1.000000 0.850000
vt 1.000000 0.850000
vt 1.000000 0.900000
vt 1.000000 0.900000
vt 1.000000 0.950000
vt 1.000000 0.950000
vt 1.000000 1.000000
vt 1.000000 1.000000
vt 0.000000 0.000000
vt 1.000000 0.000000
vt 0.000000 0.000000
vt 0.062500 0.000000
vt 0.125000 0.000000
vt 0.187500 0.000000
vt 0.250000 0.000000
vt 0.312500 0.000000
vt 0.375000 0.000000
vt 0.437500 0.000000
vt 0.500000 0.000000
vt 0.562500 0.000000
vt 0.625000 0.000000
vt 0.687500 0.000000
vt 0.750000 0.000000
vt 0.812500 0.000000
vt 0.875000 0.000000
vt 0.937500 0.000000
vt 1.000000 0.000000
vt 0.000000 0.071429
vt 0.062500 0.071429
vt 0.125000 0.071429
vt 0.187500 0.071429
vt 0.250000 0.071429
vt 0.312500 0.071429
vt 0.375000 0.071429
vt 0.437500 0.071429
vt 0.500000 0.071429
vt 0.562500 0.071429
vt 0.625000 0.071429
vt 0.687500 0.071429
vt 0.750000 0.071429
vt 0.812500 0.071429
vt 0.875000 0.071429
vt 0.937500 0.071429
vt 1.000000 0.071429
vt 0.000000 0.142857
vt 0.062500 0.142857
vt 0.125000 0.142857
vt 0.187500 0.142857
vt 0.250000 0.142857
vt 0.312500 0.142857
vt 0.375000 0.142857
vt 0.437500 0.142857
vt 0.500000 0.142857
vt 0.562500 0.142857
vt 0.625000 0.142857
vt 0.687500 0.142857
vt 0.750000 0.142857
vt 0.812500 0.142857
vt 0.875000 0.142857
vt 0.937500 0.142857
vt 1.000000 0.142857
vt 0.000000 0.214286
vt 0.062500 0.214286
vt 0.125000 0.214286
vt 0.187500 0.214286
vt 0.250000 0.214286
vt 0.312500 0.214286
vt 0.375000 0.214286
vt 0.437500 0.214286
vt 0.500000 0.214286
vt 0.562500 0.214286
vt 0.625000 0.214286
vt 0.687500 0.214286
vt 0.750000 0.214286
vt 0.812500 0.214286
vt 0.875000 0.214286
vt 0.937500 0.214286
vt 1.000000 0.214286
vt 0.000000 0.285714
vt 0.062500 0.285714
vt 0.125000 0.285714
vt 0.187500 0.285714
vt 0.250000 0.285714
vt 0.312500 0.285714
vt 0.375000 0.285714
vt 0.437500 0.285714
vt 0.500000 0.285714
vt 0.562500 0.285714
vt 0.625000 0.285714
vt 0.687500 0.285714
vt 0.750000 0.285714
vt 0.812500 0.285714
vt 0.875000 0.285714
vt 0.937500 0.285714
vt 1.000000 0.285714
vt 0.000000 0.357143
vt 0.062500 0.357143
vt 0.125000 0.357143
vt 0.187500 0.357143
vt 0.250000 0.357143
vt 0.312500 0.357143
vt 0.375000 0.357143
vt 0.437500 0.357143
vt 0.500000 0.357143
vt 0.562500 0.357143
vt 0.625000 0.357143
vt 0.687500 0.357143
vt 0.750000 0.357143
vt 0.812500 0.357143
vt 0.875000 0.357143
vt 0.937500 0.357143
vt 1.000000 0.357143
vt 0.000000 0.428571
vt 0.062500 0.428571
vt 0.125000 0.428571
vt 0.187500 0.428571
vt 0.250000 0.428571
vt 0.312500 0.428571
vt 0.375000 0.428571
vt 0.437500 0.428571
vt 0.500000 0.428571
vt 0.562500 0.428571
vt 0.625000 0.428571
vt 0.687500 0.428571
vt 0.750000 0.428571
vt 0.812500 0.428571
vt 0.875000 0.428571
vt 0.937500 0.428571
vt 1.000000 0.428571
vt 0.000000 0.500000
vt 0.062500 0.500000
vt 0.125000 0.500000
vt 0.187500 0.500000
vt 0.250000 0.500000
vt 0.312500 0.500000
vt 0.375000 0.500000
vt 0.437500 0.500000
vt 0.500000 0.500000
vt 0.562500 0.500000
vt 0.625000 0.500000
vt 0.687500 0.500000
vt 0.750000 0.500000
vt 0.812500 0.500000
vt 0.875000 0.500000
vt 0.937500 0.500000
vt 1.000000 0.500000
vt 0.000000 0.571429
vt 0.062500 0.571429
vt 0.125000 0.571429
vt 0.187500 0.571429
vt 0.250000 0.571429
vt 0.312500 0.571429
vt 0.375000 0.571429
vt 0.437500 0.571429
vt 0.500000 0.571429
vt 0.562500 0.571429
vt 0.625000 0.571429
vt 0.687500 0.571429
vt 0.750000 0.571429
vt 0.812500 0.571429
vt 0.875000 0.571429
vt 0.937500 0.571429
vt 1.000000 0.571429
vt 0.000000 0.642857
vt 0.062500 0.642857
vt 0.125000 0.642857
vt 0.187500 0.642857
vt 0.250000 0.642857
vt 0.312500 0.642857
vt 0.375000 0.642857
vt 0.437500 0.642857
vt 0.500000 0.642857
vt 0.562500 0.642857
vt 0.625000 0.642857
vt 0.687500 0.642857
vt 0.750000 0.642857
vt 0.812500 0.642857
vt 0.875000 0.642857
vt 0.937500 0.642857
vt 1.000000 0.642857
vt 0.000000 0.714286
vt 0.062500 0.714286
vt 0.125000 0.714286
vt 0.187500 0.714286
vt 0.250000 0.714286
vt 0.312500 0.714286
vt 0.375000 0.714286
vt 0.437500 0.714286
vt 0.500000 0.714286
vt 0.562500 0.714286
vt 0.625000 0.714286
vt 0.687500 0.714286
vt 0.750000 0.714286
vt 0.812500 0.714286
vt 0.875000 0.714286
vt 0.937500 0.714286
vt 1.000000 0.714286
vt 0.000000 0.785714
vt 0.062500 0.785714
vt 0.125000 0.785714
vt 0.187500 0.785714
vt 0.250000 0.785714
vt 0.312500 0.785714
vt 0.375000 0.785714
vt 0.437500 0.785714
vt 0.500000 0.785714
vt 0.562500 0.785714
vt 0.625000 0.785714
vt 0.687500 0.785714
vt 0.750000 0.785714
vt 0.812500 0.785714
vt 0.875000 0.785714
vt 0.937500 0.785714
vt 1.000000 0.785714
vt 0.000000 0.857143
vt 0.062500 0.857143
vt 0.125000 0.857143
vt 0.187500 0.857143
vt 0.250000 0.857143
vt 0.312500 0.857143
vt 0.375000 0.857143
vt 0.437500 0.857143
vt 0.500000 0.857143
vt 0.562500 0.857143
vt 0.625000 0.857143
vt 0.687500 0.857143
vt 0.750000 0.857143
vt 0.812500 0.857143
vt 0.875000 0.857143
vt 0.937500 0.857143
vt 1.000000 0.857143
vt 0.000000 0.928571
vt 0.062500 0.928571
vt 0.125000 0.928571
vt 0.187500 0.928571
vt 0.250000 0.928571
vt 0.312500 0.928571
vt 0.375000 0.928571
vt 0.437500 0.928571
vt 0.500000 0.928571
vt 0.562500 0.928571
vt 0.625000 0.928571
vt 0.687500 0.928571
vt 0.750000 0.928571
vt 0.812500 0.928571
vt 0.875000 0.928571
vt 0.937500 0.928571
vt 1.000000 0.928571
vt 0.000000 1.000000
vt 0.062500 1.000000
vt 0.125000 1.000000
vt 0.187500 1.000000
vt 0.250000 1.000000
vt 0.312500 1.000000
vt 0.375000 1.000000
vt 0.437500 1.000000
vt 0.500000 1.000000
vt 0.562500 1.000000
vt 0.625000 1.000000
vt 0.687500 1.000000
vt 0.750000 1.000000
vt 0.812500 1.000000
vt 0.875000 1.000000
vt 0.937500 1.000000
vt 1.000000 1.000000
vt 0.000000 0.000000
vt 0.041667 0.000000
vt 0.083333 0.000000
vt 0.125000 0.000000
vt 0.166667 0.000000
vt 0.208333 0.000000
vt 0.250000 0.000000
vt 0.291667 0.000000
vt 0.333333 0.000000
vt 0.375000 0.000000
vt 0.416667 0.000000
vt 0.458333 0.000000
vt 0.500000 0.000000
vt 0.541667 0.000000
vt 0.583333 0.000000
vt 0.625000 0.000000
vt 0.666667 0.000000
vt 0.708333 0.000000
vt 0.750000 0.000000
vt 0.791667 0.000000
vt 0.833333 0.000000
vt 0.875000 0.000000
vt 0.916667 0.000000
vt 0.958333 0.000000
vt 0.000000 0.083333
vt 0.041667 0.083333
vt 0.083333 0.083333
vt 0.125000 0.083333
vt 0.166667 0.083333
vt 0.208333 0.083333
vt 0.250000 0.083333
vt 0.291667 0.083333
vt 0.333333 0.083333
vt 0.375000 0.083333
vt 0.416667 0.083333
vt 0.458333 0.083333
vt 0.500000 0.083333
vt 0.541667 0.083333
vt 0.583333 0.083333
vt 0.625000 0.083333
vt 0.666667 0.083333
vt 0.708333 0.083333
vt 0.750000 0.083333
vt 0.791667 0.083333
vt 0.833333 0.083333
vt 0.875000 0.083333
vt 0.916667 0.083333
vt 0.958333 0.083333
vt 0.000000 0.166667
vt 0.041667 0.166667
vt 0.083333 0.166667
vt 0.125000 0.166667
vt 0.166667 0.166667
vt 0.208333 0.166667
vt 0.250000 0.166667
vt 0.291667 0.166667
vt 0.333333 0.166667
vt 0.375000 0.166667
vt 0.416667 0.166667
vt 0.458333 0.166667
vt 0.500000 0.166667
vt 0.541667 0.166667
vt 0.583333 0.166667
vt 0.625000 0.166667
vt 0.666667 0.166667
vt 0.708333 0.166667
vt 0.750000 0.166667
vt 0.791667 0.166667
vt 0.833333 0.166667
vt 0.875000 0.166667
vt 0.916667 0.166667
vt 0.958333 0.166667
vt 0.000000 0.250000
vt 0.041667 0.250000
vt 0.083333 0.250000
vt 0.125000 0.250000
vt 0.166667 0.250000
vt 0.208333 0.250000
vt 0.250000 0.250000
vt 0.291667 0.250000
vt 0.333333 0.250000
vt 0.375000 0.250000
vt 0.416667 0.250000
vt 0.458333 0.250000
vt 0.500000 0.250000
vt 0.541667 0.250000
vt 0.583333 0.250000
vt 0.625000 0.250000
vt 0.666667 0.250000
vt 0.708333 0.250000
vt 0.750000 0.250000
vt 0.791667 0.250000
vt 0.833333 0.250000
vt 0.875000 0.250000
vt 0.916667 0.250000
vt 0.958333 0.250000
vt 0.000000 0.333333
vt 0.041667 0.333333
vt 0.083333 0.333333
vt 0.125000 0.333333
vt 0.166667 0.333333
vt 0.208333 0.333333
vt 0.250000 0.333333
vt 0.291667 0.333333
vt 0.333333 0.333333
vt 0.375000 0.333333
vt 0.416667 0.333333
vt 0.458333 0.333333
vt 0.500000 0.333333
vt 0.541667 0.333333
vt 0.583333 0.333333
vt 0.625000 0.333333
vt 0.666667 0.333333
vt 0.708333 0.333333
vt 0.750000 0.333333
vt 0.791667 0.333333
vt 0.833333 0.333333
vt 0.875000 0.333333
vt 0.916667 0.333333
vt 0.958333 0.333333
vt 0.000000 0.416667
vt 0.041667 0.416667
vt 0.083333 0.416667
vt 0.125000 0.416667
vt 0.166667 0.416667
vt 0.208333 0.416667
vt 0.250000 0.416667
vt 0.291667 0.416667
vt 0.333333 0.416667
vt 0.375000 0.416667
vt 0.416667 0.416667
vt 0.458333 0.416667
vt 0.500000 0.416667
vt 0.541667 0.416667
vt 0.583333 0.416667
vt 0.625000 0.416667
vt 0.666667 0.416667
vt 0.708333 0.416667
vt 0.750000 0.416667
vt 0.791667 0.416667
vt 0.833333 0.416667
vt 0.875000 0.416667
vt 0.916667 0.416667
vt 0.958333 0.416667
vt 0.000000 0.500000
vt 0.041667 0.500000
vt 0.083333 0.500000
vt 0.125000 0.500000
vt 0.166667 0.500000
vt 0.208333 0.500000
vt 0.250000 0.500000
vt 0.291667 0.500000
vt 0.333333 0.500000
vt 0.375000 0.500000
vt 0.416667 0.500000
vt 0.458333 0.500000
vt 0.500000 0.500000
vt 0.541667 0.500000
vt 0.583333 0.500000
vt 0.625000 0.500000
vt 0.666667 0.500000
vt 0.708333 0.500000
vt 0.750000 0.500000
vt 0.791667 0.500000
vt 0.833333 0.500000
vt 0.875000 0.500000
vt 0.916667 0.500000
vt 0.958333 0.500000
vt 0.000000 0.583333
vt 0.041667 0.583333
vt 0.083333 0.583333
vt 0.125000 0.583333
vt 0.166667 0.583333
vt 0.208333 0.583333
vt 0.250000 0.583333
vt 0.291667 0.583333
vt 0.333333 0.583333
vt 0.375000 0.583333
vt 0.416667 0.583333
vt 0.458333 0.583333
vt 0.500000 0.583333
vt 0.541667 0.583333
vt 0.583333 0.583333
vt 0.625000 0.583333
vt 0.666667 0.583333
vt 0.708333 0.583333
vt 0.750000 0.583333
vt 0.791667 0.583333
vt 0.833333 0.583333
vt 0.875000 0.583333
vt 0.916667 0.583333
vt 0.958333 0.583333
vt 0.000000 0.666667
vt 0.041667 0.666667
vt 0.083333 0.666667
vt 0.125000 0.666667
vt 0.166667 0.666667
vt 0.208333 0.666667
vt 0.250000 0.666667
vt 0.291667 0.666667
vt 0.333333 0.666667
vt 0.375000 0.666667
vt 0.416667 0.666667
vt 0.458333 0.666667
vt 0.500000 0.666667
vt 0.541667 0.666667
vt 0.583333 0.666667
vt 0.625000 0.666667
vt 0.666667 0.666667
vt 0.708333 0.666667
vt 0.750000 0.666667
vt 0.791667 0.666667
vt 0.833333 0.666667
vt 0.875000 0.666667
vt 0.916667 0.666667
vt 0.958333 0.666667
vt 0.000000 0.750000
vt 0.041667 0.750000
vt 0.083333 0.750000
vt 0.125000 0.750000
vt 0.166667 0.750000
vt 0.208333 0.750000
vt 0.250000 0.750000
vt 0.291667 0.750000
vt 0.333333 0.750000
vt 0.375000 0.750000
vt 0.416667 0.750000
vt 0.458333 0.750000
vt 0.500000 0.750000
vt 0.541667 0.750000
vt 0.583333 0.750000
vt 0.625000 0.750000
vt 0.666667 0.750000
vt 0.708333 0.750000
vt 0.750000 0.750000
vt 0.791667 0.750000
vt 0.833333 0.750000
vt 0.875000 0.750000
vt 0.916667 0.750000
vt 0.958333 0.750000
vt 0.000000 0.833333
vt 0.041667 0.833333
vt 0.083333 0.833333
vt 0.125000 0.833333
vt 0.166667 0.833333
vt 0.208333 0.833333
vt 0.250000 0.833333
vt 0.291667 0.833333
vt 0.333333 0.833333
vt 0.375000 0.833333
vt 0.416667 0.833333
vt 0.458333 0.833333
vt 0.500000 0.833333
vt 0.541667 0.833333
vt 0.583333 0.833333
vt 0.625000 0.833333
vt 0.666667 0.833333
vt 0.708333 0.833333
vt 0.750000 0.833333
vt 0.791667 0.833333
vt 0.833333 0.833333
vt 0.875000 0.833333
vt 0.916667 0.833333
vt 0.958333 0.833333
vt 0.000000 0.916667
vt 0.041667 0.916667
vt 0.083333 0.916667
vt 0.125000 0.916667
vt 0.166667 0.916667
vt 0.208333 0.916667
vt 0.250000 0.916667
vt 0.291667 0.916667
vt 0.333333 0.916667
vt 0.375000 0.916667
vt 0.416667 0.916667
vt 0.458333 0.916667
vt 0.500000 0.916667
vt 0.541667 0.916667
vt 0.583333 0.916667
vt 0.625000 0.916667
vt 0.666667 0.916667
vt 0.708333 0.916667
vt 0.750000 0.916667
vt 0.791667 0.916667
vt 0.833333 0.916667
vt 0.875000 0.916667
vt 0.916667 0.916667
vt 0.958333 0.916667
vt 0.000000 1.000000
vt 0.041667 1.000000
vt 0.083333 1.000000
vt 0.125000 1.000000
vt 0.166667 1.000000
vt 0.208333 1.000000
vt 0.250000 1.000000
vt 0.291667 1.000000
vt 0.333333 1.000000
vt 0.375000 1.000000
vt 0.416667 1.000000
vt 0.458333 1.000000
vt 0.500000 1.000000
vt 0.541667 1.000000
vt 0.583333 1.000000
vt 0.625000 1.000000
vt 0.666667 1.000000
vt 0.708333 1.000000
vt 0.750000 1.000000
vt 0.791667 1.000000
vt 0.833333 1.000000
vt 0.875000 1.000000
vt 0.916667 1.000000
vt 0.958333 1.000000
vt 0.500000 0.500000
vt 0.000000 0.000000
vt 0.041667 0.000000
vt 0.083333 0.000000
vt 0.125000 0.000000
vt 0.166667 0.000000
vt 0.208333 0.000000
vt 0.250000 0.000000
vt 0.291667 0.000000
vt 0.333333 0.000000
vt 0.375000 0.000000
vt 0.416667 0.000000
vt 0.458333 0.000000
vt 0.500000 0.000000
vt 0.541667 0.000000
vt 0.583333 0.000000
vt 0.625000 0.000000
vt 0.666667 0.000000
vt 0.708333 0.000000
vt 0.750000 0.000000
vt 0.791667 0.000000
vt 0.833333 0.000000
vt 0.875000 0.000000
vt 0.916667 0.000000
vt 0.958333 0.000000
vt 0.000000 0.083333
vt 0.041667 0.083333
vt 0.083333 0.083333
vt 0.125000 0.083333
vt 0.166667 0.083333
vt 0.208333 0.083333
vt 0.250000 0.083333
vt 0.291667 0.083333
vt 0.333333 0.083333
vt 0.375000 0.083333
vt 0.416667 0.083333
vt 0.458333 0.083333
vt 0.500000 0.083333
vt 0.541667 0.083333
vt 0.583333 0.083333
vt 0.625000 0.083333
vt 0.666667 0.083333
vt 0.708333 0.083333
vt 0.750000 0.083333
vt 0.791667 0.083333
vt 0.833333 0.083333
vt 0.875000 0.083333
vt 0.916667 0.083333
vt 0.958333 0.083333
vt 0.000000 0.166667
vt 0.041667 0.166667
vt 0.083333 0.166667
vt 0.125000 0.166667
vt 0.166667 0.166667
vt 0.208333 0.166667
vt 0.250000 0.166667
vt 0.291667 0.166667
vt 0.333333 0.166667
vt 0.375000 0.166667
vt 0.416667 0.166667
vt 0.458333 0.166667
vt 0.500000 0.166667
vt 0.541667 0.166667
vt 0.583333 0.166667
vt 0.625000 0.166667
vt 0.666667 0.166667
vt 0.708333 0.166667
vt 0.750000 0.166667
vt 0.791667 0.166667
vt 0.833333 0.166667
vt 0.875000 0.166667
vt 0.916667 0.166667
vt 0.958333 0.166667
vt 0.000000 0.250000
vt 0.041667 0.250000
vt 0.083333 0.250000
vt 0.125000 0.250000
vt 0.166667 0.250000
vt 0.208333 0.250000
vt 0.250000 0.250000
vt 0.291667 0.250000
vt 0.333333 0.250000
vt 0.375000 0.250000
vt 0.416667 0.250000
vt 0.458333 0.250000
vt 0.500000 0.250000
vt 0.541667 0.250000
vt 0.583333 0.250000
vt 0.625000 0.250000
vt 0.666667 0.250000
vt 0.708333 0.250000
vt 0.750000 0.250000
vt 0.791667 0.250000
vt 0.833333 0.250000
vt 0.875000 0.250000
vt 0.916667 0.250000
vt 0.958333 0.250000
vt 0.000000 0.333333
vt 0.041667 0.333333
vt 0.083333 0.333333
vt 0.125000 0.333333
vt 0.166667 0.333333
vt 0.208333 0.333333
vt 0.250000 0.333333
vt 0.291667 0.333333
vt 0.333333 0.333333
vt 0.375000 0.333333
vt 0.416667 0.333333
vt 0.458333 0.333333
vt 0.500000 0.333333
vt 0.541667 0.333333
vt 0.583333 0.333333
vt 0.625000 0.333333
vt 0.666667 0.333333
vt 0.708333 0.333333
vt 0.750000 0.333333
vt 0.791667 0.333333
vt 0.833333 0.333333
vt 0.875000 0.333333
vt 0.916667 0.333333
vt 0.958333 0.333333
vt 0.000000 0.416667
vt 0.041667 0.416667
vt 0.083333 0.416667
vt 0.125000 0.416667
vt 0.166667 0.416667
vt 0.208333 0.416667
vt 0.250000 0.416667
vt 0.291667 0.416667
vt 0.333333 0.416667
vt 0.375000 0.416667
vt 0.416667 0.416667
vt 0.458333 0.416667
vt 0.500000 0.416667
vt 0.541667 0.416667
vt 0.583333 0.416667
vt 0.625000 0.416667
vt 0.666667 0.416667
vt 0.708333 0.416667
vt 0.750000 0.416667
vt 0.791667 0.416667
vt 0.833333 0.416667
vt 0.875000 0.416667
vt 0.916667 0.416667
vt 0.958333 0.416667
vt 0.000000 0.500000
vt 0.041667 0.500000
vt 0.083333 0.500000
vt 0.125000 0.500000
vt 0.166667 0.500000
vt 0.208333 0.500000
vt 0.250000 0.500000
vt 0.291667 0.500000
vt 0.333333 0.500000
vt 0.375000 0.500000
vt 0.416667 0.500000
vt 0.458333 0.500000
vt 0.500000 0.500000
vt 0.541667 0.500000
vt 0.583333 0.500000
vt 0.625000 0.500000
vt 0.666667 0.500000
vt 0.708333 0.500000
vt 0.750000 0.500000
vt 0.791667 0.500000
vt 0.833333 0.500000
vt 0.875000 0.500000
vt 0.916667 0.500000
vt 0.958333 0.500000
vt 0.000000 0.583333
vt 0.041667 0.583333
vt 0.083333 0.583333
vt 0.125000 0.583333
vt 0.166667 0.583333
vt 0.208333 0.583333
vt 0.250000 0.583333
vt 0.291667 0.583333
vt 0.333333 0.583333
vt 0.375000 0.583333
vt 0.416667 0.583333
vt 0.458333 0.583333
vt 0.500000 0.583333
vt 0.541667 0.583333
vt 0.583333 0.583333
vt 0.625000 0.583333
vt 0.666667 0.583333
vt 0.708333 0.583333
vt 0.750000 0.583333
vt 0.791667 0.583333
vt 0.833333 0.583333
vt 0.875000 0.583333
vt 0.916667 0.583333
vt 0.958333 0.583333
vt 0.000000 0.666667
vt 0.041667 0.666667
vt 0.083333 0.666667
vt 0.125000 0.666667
vt 0.166667 0.666667
vt 0.208333 0.666667
vt 0.250000 0.666667
vt 0.291667 0.666667
vt 0.333333 0.666667
vt 0.375000 0.666667
vt 0.416667 0.666667
vt 0.458333 0.666667
vt 0.500000 0.666667
vt 0.541667 0.666667
vt 0.583333 0.666667
vt 0.625000 0.666667
vt 0.666667 0.666667
vt 0.708333 0.666667
vt 0.750000 0.666667
vt 0.791667 0.666667
vt 0.833333 0.666667
vt 0.875000 0.666667
vt 0.916667 0.666667
vt 0.958333 0.666667
vt 0.000000 0.750000
vt 0.041667 0.750000
vt 0.083333 0.750000
vt 0.125000 0.750000
vt 0.166667 0.750000
vt 0.208333 0.750000
vt 0.250000 0.750000
vt 0.291667 0.750000
vt 0.333333 0.750000
vt 0.375000 0.750000
vt 0.416667 0.750000
vt 0.458333 0.750000
vt 0.500000 0.750000
vt 0.541667 0.750000
vt 0.583333 0.750000
vt 0.625000 0.750000
vt 0.666667 0.750000
vt 0.708333 0.750000
vt 0.750000 0.750000
vt 0.791667 0.750000
vt 0.833333 0.750000
vt 0.875000 0.750000
vt 0.916667 0.750000
vt 0.958333 0.750000
vt 0.000000 0.833333
vt 0.041667 0.833333
vt 0.083333 0.833333
vt 0.125000 0.833333
vt 0.166667 0.833333
vt 0.208333 0.833333
vt 0.250000 0.833333
vt 0.291667 0.833333
vt 0.333333 0.833333
vt 0.375000 0.833333
vt 0.416667 0.833333
vt 0.458333 0.833333
vt 0.500000 0.833333
vt 0.541667 0.833333
vt 0.583333 0.833333
vt 0.625000 0.833333
vt 0.666667 0.833333
vt 0.708333 0.833333
vt 0.750000 0.833333
vt 0.791667 0.833333
vt 0.833333 0.833333
vt 0.875000 0.833333
vt 0.916667 0.833333
vt 0.958333 0.833333
vt 0.000000 0.916667
vt 0.041667 0.916667
vt 0.083333 0.916667
vt 0.125000 0.916667
vt 0.166667 0.916667
vt 0.208333 0.916667
vt 0.250000 0.916667
vt 0.291667 0.916667
vt 0.333333 0.916667
vt 0.375000 0.916667
vt 0.416667 0.916667
vt 0.458333 0.916667
vt 0.500000 0.916667
vt 0.541667 0.916667
vt 0.583333 0.916667
vt 0.625000 0.916667
vt 0.666667 0.916667
vt 0.708333 0.916667
vt 0.750000 0.916667
vt 0.791667 0.916667
vt 0.833333 0.916667
vt 0.875000 0.916667
vt 0.916667 0.916667
vt 0.958333 0.916667
vt 0.000000 1.000000
vt 0.041667 1.000000
vt 0.083333 1.000000
vt 0.125000 1.000000
vt 0.166667 1.000000
vt 0.208333 1.000000
vt 0.250000 1.000000
vt 0.291667 1.000000
vt 0.333333 1.000000
vt 0.375000 1.000000
vt 0.416667 1.000000
vt 0.458333 1.000000
vt 0.500000 1.000000
vt 0.541667 1.000000
vt 0.583333 1.000000
vt 0.625000 1.000000
vt 0.666667 1.000000
vt 0.708333 1.000000
vt 0.750000 1.000000
vt 0.791667 1.000000
vt 0.833333 1.000000
vt 0.875000 1.000000
vt 0.916667 1.000000
vt 0.958333 1.000000
vt 0.500000 0.500000

vn 0.980581 0.000000 -0.196116
vn 0.965100 0.172773 -0.196802
vn 0.918306 0.342337 -0.198793
vn 0.839331 0.504741 -0.201891
vn 0.727393 0.654654 -0.205738
vn 0.582830 0.785040 -0.209813
vn 0.408447 0.887470 -0.213465
vn 0.210711 0.953383 -0.216014
vn 0.000000 0.976187 -0.216930
vn -0.210711 0.953383 -0.216014
vn -0.408447 0.887470 -0.213465
vn -0.582830 0.785040 -0.209813
vn -0.727393 0.654654 -0.205738
vn -0.839331 0.504741 -0.201891
vn -0.918306 0.342337 -0.198793
vn -0.965100 0.172773 -0.196802
vn -0.980581 0.000000 -0.196116
vn -0.930889 -0.277748 -0.237281
vn -0.827815 -0.514338 -0.224005
vn -0.690898 -0.692465 -0.207734
vn -0.544331 -0.816497 -0.192450
vn -0.400253 -0.898531 -0.180109
vn -0.262245 -0.949672 -0.171320
vn -0.129631 -0.977549 -0.166117
vn -0.000000 -0.986394 -0.164399
vn 0.129631 -0.977549 -0.166117
vn 0.262245 -0.949672 -0.171320
vn 0.400253 -0.898531 -0.180109
vn 0.544331 -0.816497 -0.192450
vn 0.690898 -0.692465 -0.207734
vn 0.827815 -0.514338 -0.224005
vn 0.930889 -0.277748 -0.237281
vn 0.980581 0.000000 -0.196116
vn 0.965100 0.172773 -0.196802
vn 0.918306 0.342337 -0.198793
vn 0.839331 0.504741 -0.201891
vn 0.727393 0.654654 -0.205738
vn 0.582830 0.785040 -0.209813
vn 0.408447 0.887470 -0.213465
vn 0.210711 0.953383 -0.216014
vn 0.000000 0.976187 -0.216930
vn -0.210711 0.953383 -0.216014
vn -0.408447 0.887470 -0.213465
vn -0.582830 0.785040 -0.209813
vn -0.727393 0.654654 -0.205738
vn -0.839331 0.504741 -0.201891
vn -0.918306 0.342337 -0.198793
vn -0.965100 0.172773 -0.196802
vn -0.980581 0.000000 -0.196116
vn -0.930889 -0.277748 -0.237281
vn -0.827815 -0.514338 -0.224005
vn -0.690898 -0.692465 -0.207734
vn -0.544331 -0.816497 -0.192450
vn -0.400253 -0.898531 -0.180109
vn -0.262245 -0.949672 -0.171320
vn -0.129631 -0.977549 -0.166117
vn -0.000000 -0.986394 -0.164399
vn 0.129631 -0.977549 -0.166117
vn 0.262245 -0.949672 -0.171320
vn 0.400253 -0.898531 -0.180109
vn 0.544331 -0.816497 -0.192450
vn 0.690898 -0.692465 -0.207734
vn 0.827815 -0.514338 -0.224005
vn 0.930889 -0.277748 -0.237281
vn 0.980581 0.000000 -0.196116
vn 0.965100 0.172773 -0.196802
vn 0.918306 0.342337 -0.198793
vn 0.839331 0.504741 -0.201891
vn 0.727393 0.654654 -0.205738
vn 0.582830 0.785040 -0.209813
vn 0.408447 0.887470 -0.213465
vn 0.210711 0.953383 -0.216014
vn 0.000000 0.976187 -0.216930
vn -0.210711 0.953383 -0.216014
vn -0.408447 0.887470 -0.213465
vn -0.582830 0.785040 -0.209813
vn -0.727393 0.654654 -0.205738
vn -0.839331 0.504741 -0.201891
vn -0.918306 0.342337 -0.198793
vn -0.965100 0.172773 -0.196802
vn -0.980581 0.000000 -0.196116
vn -0.930889 -0.277748 -0.237281
vn -0.827815 -0.514338 -0.224005
vn -0.690898 -0.692465 -0.207734
vn -0.544331 -0.816497 -0.192450
vn -0.400253 -0.898531 -0.180109
vn -0.262245 -0.949672 -0.171320
vn -0.129631 -0.977549 -0.166117
vn -0.000000 -0.986394 -0.164399
vn 0.129631 -0.977549 -0.166117
vn 0.262245 -0.949672 -0.171320
vn 0.400253 -0.898531 -0.180109
vn 0.544331 -0.816497 -0.192450
vn 0.690898 -0.692465 -0.207734
vn 0.827815 -0.514338 -0.224005
vn 0.930889 -0.277748 -0.237281
vn 0.980581 0.000000 -0.196116
vn 0.965100 0.172773 -0.196802
vn 0.918306 0.342337 -0.198793
vn 0.839331 0.504741 -0.201891
vn 0.727393 0.654654 -0.205738
vn 0.582830 0.785040 -0.209813
vn 0.408447 0.887470 -0.213465
vn 0.210711 0.953383 -0.216014
vn 0.000000 0.976187 -0.216930
vn -0.210711 0.953383 -0.216014
vn -0.408447 0.887470 -0.213465
vn -0.582830 0.785040 -0.209813
vn -0.727393 0.654654 -0.205738
vn -0.839331 0.504741 -0.201891
vn -0.918306 0.342337 -0.198793
vn -0.965100 0.172773 -0.196802
vn -0.980581 0.000000 -0.196116
vn -0.930889 -0.277748 -0.237281
vn -0.827815 -0.514338 -0.224005
vn -0.690898 -0.692465 -0.207734
vn -0.544331 -0.816497 -0.192450
vn -0.400253 -0.898531 -0.180109
vn -0.262245 -0.949672 -0.171320
vn -0.129631 -0.977549 -0.166117
vn -0.000000 -0.986394 -0.164399
vn 0.129631 -0.977549 -0.166117
vn 0.262245 -0.949672 -0.171320
vn 0.400253 -0.898531 -0.180109
vn 0.544331 -0.816497 -0.192450
vn 0.690898 -0.692465 -0.207734
vn 0.827815 -0.514338 -0.224005
vn 0.930889 -0.277748 -0.237281
vn 0.980581 0.000000 -0.196116
vn 0.965100 0.172773 -0.196802
vn 0.918306 0.342337 -0.198793
vn 0.839331 0.504741 -0.201891
vn 0.727393 0.654654 -0.205738
vn 0.582830 0.785040 -0.209813
vn 0.408447 0.887470 -0.213465
vn 0.210711 0.953383 -0.216014
vn 0.000000 0.976187 -0.216930
vn -0.210711 0.953383 -0.216014
vn -0.408447 0.887470 -0.213465
vn -0.582830 0.785040 -0.209813
vn -0.727393 0.654654 -0.205738
vn -0.839331 0.504741 -0.201891
vn -0.918306 0.342337 -0.198793
vn -0.965100 0.172773 -0.196802
vn -0.980581 0.000000 -0.196116
vn -0.930889 -0.277748 -0.237281
vn -0.827815 -0.514338 -0.224005
vn -0.690898 -0.692465 -0.207734
vn -0.544331 -0.816497 -0.192450
vn -0.400253 -0.898531 -0.180109
vn -0.262245 -0.949672 -0.171320
vn -0.129631 -0.977549 -0.166117
vn -0.000000 -0.986394 -0.164399
vn 0.129631 -0.977549 -0.166117
vn 0.262245 -0.949672 -0.171320
vn 0.400253 -0.898531 -0.180109
vn 0.544331 -0.816497 -0.192450
vn 0.690898 -0.692465 -0.207734
vn 0.827815 -0.514338 -0.224005
vn 0.930889 -0.277748 -0.237281
vn 0.980581 0.000000 -0.196116
vn 0.965100 0.172773 -0.196802
vn 0.918306 0.342337 -0.198793
vn 0.839331 0.504741 -0.201891
vn 0.727393 0.654654 -0.205738
vn 0.582830 0.785040 -0.209813
vn 0.408447 0.887470 -0.213465
vn 0.210711 0.953383 -0.216014
vn 0.000000 0.976187 -0.216930
vn -0.210711 0.953383 -0.216014
vn -0.408447 0.887470 -0.213465
vn -0.582830 0.785040 -0.209813
vn -0.727393 0.654654 -0.205738
vn -0.839331 0.504741 -0.201891
vn -0.918306 0.342337 -0.198793
vn -0.965100 0.172773 -0.196802
vn -0.980581 0.000000 -0.196116
vn -0.930889 -0.277748 -0.237281
vn -0.827815 -0.514338 -0.224005
vn -0.690898 -0.692465 -0.207734
vn -0.544331 -0.816497 -0.192450
vn -0.400253 -0.898531 -0.180109
vn -0.262245 -0.949672 -0.171320
vn -0.129631 -0.977549 -0.166117
vn -0.000000 -0.986394 -0.164399
vn 0.129631 -0.977549 -0.166117
vn 0.262245 -0.949672 -0.171320
vn 0.400253 -0.898531 -0.180109
vn 0.544331 -0.816497 -0.192450
vn 0.690898 -0.692465 -0.207734
vn 0.827815 -0.514338 -0.224005
vn 0.930889 -0.277748 -0.237281
vn 0.980581 0.000000 -0.196116
vn 0.965100 0.172773 -0.196802
vn 0.918306 0.342337 -0.198793
vn 0.839331 0.504741 -0.201891
vn 0.727393 0.654654 -0.205738
vn 0.582830 0.785040 -0.209813
vn 0.408447 0.887470 -0.213465
vn 0.210711 0.953383 -0.216014
vn 0.000000 0.976187 -0.216930
vn -0.210711 0.953383 -0.216014
vn -0.408447 0.887470 -0.213465
vn -0.582830 0.785040 -0.209813
vn -0.727393 0.654654 -0.205738
vn -0.839331 0.504741 -0.201891
vn -0.918306 0.342337 -0.198793
vn -0.965100 0.172773 -0.196802
vn -0.980581 0.000000 -0.196116
vn -0.930889 -0.277748 -0.237281
vn -0.827815 -0.514338 -0.224005
vn -0.690898 -0.692465 -0.207734
vn -0.544331 -0.816497 -0.192450
vn -0.400253 -0.898531 -0.180109
vn -0.262245 -0.949672 -0.171320
vn -0.129631 -0.977549 -0.166117
vn -0.000000 -0.986394 -0.164399
vn 0.129631 -0.977549 -0.166117
vn 0.262245 -0.949672 -0.171320
vn 0.400253 -0.898531 -0.180109
vn 0.544331 -0.816497 -0.192450
vn 0.690898 -0.692465 -0.207734
vn 0.827815 -0.514338 -0.224005
vn 0.930889 -0.277748 -0.237281
vn 0.980581 0.000000 -0.196116
vn 0.965100 0.172773 -0.196802
vn 0.918306 0.342337 -0.198793
vn 0.839331 0.504741 -0.201891
vn 0.727393 0.654654 -0.205738
vn 0.582830 0.785040 -0.209813
vn 0.408447 0.887470 -0.213465
vn 0.210711 0.953383 -0.216014
vn 0.000000 0.976187 -0.216930
vn -0.210711 0.953383 -0.216014
vn -0.408447 0.887470 -0.213465
vn -0.582830 0.785040 -0.209813
vn -0.727393 0.654654 -0.205738
vn -0.839331 0.504741 -0.201891
vn -0.918306 0.342337 -0.198793
vn -0.965100 0.172773 -0.196802
vn -0.980581 0.000000 -0.196116
vn -0.930889 -0.277748 -0.237281
vn -0.827815 -0.514338 -0.224005
vn -0.690898 -0.692465 -0.207734
vn -0.544331 -0.816497 -0.192450
vn -0.400253 -0.898531 -0.180109
vn -0.262245 -0.949672 -0.171320
vn -0.129631 -0.977549 -0.166117
vn -0.000000 -0.986394 -0.164399
vn 0.129631 -0.977549 -0.166117
vn 0.262245 -0.949672 -0.171320
vn 0.400253 -0.898531 -0.180109
vn 0.544331 -0.816497 -0.192450
vn 0.690898 -0.692465 -0.207734
vn 0.827815 -0.514338 -0.224005
vn 0.930889 -0.277748 -0.237281
vn 0.980581 0.000000 -0.196116
vn 0.965100 0.172773 -0.196802
vn 0.918306 0.342337 -0.198793
vn 0.839331 0.504741 -0.201891
vn 0.727393 0.654654 -0.205738
vn 0.582830 0.785040 -0.209813
vn 0.408447 0.887470 -0.213465
vn 0.210711 0.953383 -0.216014
vn 0.000000 0.976187 -0.216930
vn -0.210711 0.953383 -0.216014
vn -0.408447 0.887470 -0.213465
vn -0.582830 0.785040 -0.209813
vn -0.727393 0.654654 -0.205738
vn -0.839331 0.504741 -0.201891
vn -0.918306 0.342337 -0.198793
vn -0.965100 0.172773 -0.196802
vn -0.980581 0.000000 -0.196116
vn -0.930889 -0.277748 -0.237281
vn -0.827815 -0.514338 -0.224005
vn -0.690898 -0.692465 -0.207734
vn -0.544331 -0.816497 -0.192450
vn -0.400253 -0.898531 -0.180109
vn -0.262245 -0.949672 -0.171320
vn -0.129631 -0.977549 -0.166117
vn -0.000000 -0.986394 -0.164399
vn 0.129631 -0.977549 -0.166117
vn 0.262245 -0.949672 -0.171320
vn 0.400253 -0.898531 -0.180109
vn 0.544331 -0.816497 -0.192450
vn 0.690898 -0.692465 -0.207734
vn 0.827815 -0.514338 -0.224005
vn 0.930889 -0.277748 -0.237281
vn 0.980581 0.000000 -0.196116
vn 0.965100 0.172773 -0.196802
vn 0.918306 0.342337 -0.198793
vn 0.839331 0.504741 -0.201891
vn 0.727393 0.654654 -0.205738
vn 0.582830 0.785040 -0.209813
vn 0.408447 0.887470 -0.213465
vn 0.210711 0.953383 -0.216014
vn 0.000000 0.976187 -0.216930
vn -0.210711 0.953383 -0.216014
vn -0.408447 0.887470 -0.213465
vn -0.582830 0.785040 -0.209813
vn -0.727393 0.654654 -0.205738
vn -0.839331 0.504741 -0.201891
vn -0.918306 0.342337 -0.198793
vn -0.965100 0.172773 -0.196802
vn -0.980581 0.000000 -0.196116
vn -0.930889 -0.277748 -0.237281
vn -0.827815 -0.514338 -0.224005
vn -0.690898 -0.692465 -0.207734
vn -0.544331 -0.816497 -0.192450
vn -0.400253 -0.898531 -0.180109
vn -0.262245 -0.949672 -0.171320
vn -0.129631 -0.977549 -0.166117
vn -0.000000 -0.986394 -0.164399
vn 0.129631 -0.977549 -0.166117
vn 0.262245 -0.949672 -0.171320
vn 0.400253 -0.898531 -0.180109
vn 0.544331 -0.816497 -0.192450
vn 0.690898 -0.692465 -0.207734
vn 0.827815 -0.514338 -0.224005
vn 0.930889 -0.277748 -0.237281
vn 0.980581 0.000000 -0.196116
vn 0.965100 0.172773 -0.196802
vn 0.918306 0.342337 -0.198793
vn 0.839331 0.504741 -0.201891
vn 0.727393 0.654654 -0.205738
vn 0.582830 0.785040 -0.209813
vn 0.408447 0.887470 -0.213465
vn 0.210711 0.953383 -0.216014
vn 0.000000 0.976187 -0.216930
vn -0.210711 0.953383 -0.216014
vn -0.408447 0.887470 -0.213465
vn -0.582830 0.785040 -0.209813
vn -0.727393 0.654654 -0.205738
vn -0.839331 0.504741 -0.201891
vn -0.918306 0.342337 -0.198793
vn -0.965100 0.172773 -0.196802
vn -0.980581 0.000000 -0.196116
vn -0.930889 -0.277748 -0.237281
vn -0.827815 -0.514338 -0.224005
vn -0.690898 -0.692465 -0.207734
vn -0.544331 -0.816497 -0.192450
vn -0.400253 -0.898531 -0.180109
vn -0.262245 -0.949672 -0.171320
vn -0.129631 -0.977549 -0.166117
vn -0.000000 -0.986394 -0.164399
vn 0.129631 -0.977549 -0.166117
vn 0.262245 -0.949672 -0.171320
vn 0.400253 -0.898531 -0.180109
vn 0.544331 -0.816497 -0.192450
vn 0.690898 -0.692465 -0.207734
vn 0.827815 -0.514338 -0.224005
vn 0.930889 -0.277748 -0.237281
vn 0.980581 0.000000 -0.196116
vn 0.965100 0.172773 -0.196802
vn 0.918306 0.342337 -0.198793
vn 0.839331 0.504741 -0.201891
vn 0.727393 0.654654 -0.205738
vn 0.582830 0.785040 -0.209813
vn 0.408447 0.887470 -0.213465
vn 0.210711 0.953383 -0.216014
vn 0.000000 0.976187 -0.216930
vn -0.210711 0.953383 -0.216014
vn -0.408447 0.887470 -0.213465
vn -0.582830 0.785040 -0.209813
vn -0.727393 0.654654 -0.205738
vn -0.839331 0.504741 -0.201891
vn -0.918306 0.342337 -0.198793
vn -0.965100 0.172773 -0.196802
vn -0.980581 0.000000 -0.196116
vn -0.930889 -0.277748 -0.237281
vn -0.827815 -0.514338 -0.224005
vn -0.690898 -0.692465 -0.207734
vn -0.544331 -0.816497 -0.192450
vn -0.400253 -0.898531 -0.180109
vn -0.262245 -0.949672 -0.171320
vn -0.129631 -0.977549 -0.166117
vn -0.000000 -0.986394 -0.164399
vn 0.129631 -0.977549 -0.166117
vn 0.262245 -0.949672 -0.171320
vn 0.400253 -0.898531 -0.180109
vn 0.544331 -0.816497 -0.192450
vn 0.690898 -0.692465 -0.207734
vn 0.827815 -0.514338 -0.224005
vn 0.930889 -0.277748 -0.237281
vn 1.000000 0.000000 0.000000
vn 0.984351 0.176220 0.000000
vn 0.937008 0.349309 0.000000
vn 0.856978 0.515353 0.000000
vn 0.743294 0.668965 0.000000
vn 0.596098 0.802912 0.000000
vn 0.418084 0.908409 0.000000
vn 0.215806 0.976436 0.000000
vn 0.000000 1.000000 0.000000
vn -0.215806 0.976436 0.000000
vn -0.418084 0.908409 0.000000
vn -0.596098 0.802912 0.000000
vn -0.743294 0.668965 0.000000
vn -0.856978 0.515353 0.000000
vn -0.937008 0.349309 0.000000
vn -0.984351 0.176220 0.000000
vn -1.000000 0.000000 0.000000
vn -0.958255 -0.285913 0.000000
vn -0.849400 -0.527750 0.000000
vn -0.706305 -0.707907 0.000000
vn -0.554700 -0.832050 0.000000
vn -0.406907 -0.913469 0.000000
vn -0.266180 -0.963923 0.000000
vn -0.131457 -0.991322 0.000000
vn -0.000000 -1.000000 0.000000
vn 0.131457 -0.991322 0.000000
vn 0.266180 -0.963923 0.000000
vn 0.406907 -0.913469 0.000000
vn 0.554700 -0.832050 0.000000
vn 0.706305 -0.707907 0.000000
vn 0.849400 -0.527750 0.000000
vn 0.958255 -0.285913 0.000000
vn 1.000000 0.000000 0.000000
vn 0.984351 0.176220 0.000000
vn 0.937008 0.349309 0.000000
vn 0.856978 0.515353 0.000000
vn 0.743294 0.668965 0.000000
vn 0.596098 0.802912 0.000000
vn 0.418084 0.908409 0.000000
vn 0.215806 0.976436 0.000000
vn 0.000000 1.000000 0.000000
vn -0.215806 0.976436 0.000000
vn -0.418084 0.908409 0.000000
vn -0.596098 0.802912 0.000000
vn -0.743294 0.668965 0.000000
vn -0.856978 0.515353 0.000000
vn -0.937008 0.349309 0.000000
vn -0.984351 0.176220 0.000000
vn -1.000000 0.000000 0.000000
vn -0.958255 -0.285913 0.000000
vn -0.849400 -0.527750 0.000000
vn -0.706305 -0.707907 0.000000
vn -0.554700 -0.832050 0.000000
vn -0.406907 -0.913469 0.000000
vn -0.266180 -0.963923 0.000000
vn -0.131457 -0.991322 0.000000
vn -0.000000 -1.000000 0.000000
vn 0.131457 -0.991322 0.000000
vn 0.266180 -0.963923 0.000000
vn 0.406907 -0.913469 0.000000
vn 0.554700 -0.832050 0.000000
vn 0.706305 -0.707907 0.000000
vn 0.849400 -0.527750 0.000000
vn 0.958255 -0.285913 0.000000
vn 1.000000 0.000000 0.000000
vn 0.984351 0.176220 0.000000
vn 0.937008 0.349309 0.000000
vn 0.856978 0.515353 0.000000
vn 0.743294 0.668965 0.000000
vn 0.596098 0.802912 0.000000
vn 0.418084 0.908409 0.000000
vn 0.215806 0.976436 0.000000
vn 0.000000 1.000000 0.000000
vn -0.215806 0.976436 0.000000
vn -0.418084 0.908409 0.000000
vn -0.596098 0.802912 0.000000
vn -0.743294 0.668965 0.000000
vn -0.856978 0.515353 0.000000
vn -0.937008 0.349309 0.000000
vn -0.984351 0.176220 0.000000
vn -1.000000 0.000000 0.000000
vn -0.958255 -0.285913 0.000000
vn -0.849400 -0.527750 0.000000
vn -0.706305 -0.707907 0.000000
vn -0.554700 -0.832050 0.000000
vn -0.406907 -0.913469 0.000000
vn -0.266180 -0.963923 0.000000
vn -0.131457 -0.991322 0.000000
vn -0.000000 -1.000000 0.000000
vn 0.131457 -0.991322 0.000000
vn 0.266180 -0.963923 0.000000
vn 0.406907 -0.913469 0.000000
vn 0.554700 -0.832050 0.000000
vn 0.706305 -0.707907 0.000000
vn 0.849400 -0.527750 0.000000
vn 0.958255 -0.285913 0.000000
vn 1.000000 0.000000 0.000000
vn 0.984351 0.176220 0.000000
vn 0.937008 0.349309 0.000000
vn 0.856978 0.515353 0.000000
vn 0.743294 0.668965 0.000000
vn 0.596098 0.802912 0.000000
vn 0.418084 0.908409 0.000000
vn 0.215806 0.976436 0.000000
vn 0.000000 1.000000 0.000000
vn -0.215806 0.976436 0.000000
vn -0.418084 0.908409 0.000000
vn -0.596098 0.802912 0.000000
vn -0.743294 0.668965 0.000000
vn -0.856978 0.515353 0.000000
vn -0.937008 0.349309 0.000000
vn -0.984351 0.176220 0.000000
vn -1.000000 0.000000 0.000000
vn -0.958255 -0.285913 0.000000
vn -0.849400 -0.527750 0.000000
vn -0.706305 -0.707907 0.000000
vn -0.554700 -0.832050 0.000000
vn -0.406907 -0.913469 0.000000
vn -0.266180 -0.963923 0.000000
vn -0.131457 -0.991322 0.000000
vn -0.000000 -1.000000 0.000000
vn 0.131457 -0.991322 0.000000
vn 0.266180 -0.963923 0.000000
vn 0.406907 -0.913469 0.000000
vn 0.554700 -0.832050 0.000000
vn 0.706305 -0.707907 0.000000
vn 0.849400 -0.527750 0.000000
vn 0.958255 -0.285913 0.000000
vn 1.000000 0.000000 0.000000
vn 0.984351 0.176220 0.000000
vn 0.937008 0.349309 0.000000
vn 0.856978 0.515353 0.000000
vn 0.743294 0.668965 0.000000
vn 0.596098 0.802912 0.000000
vn 0.418084 0.908409 0.000000
vn 0.215806 0.976436 0.000000
vn 0.000000 1.000000 0.000000
vn -0.215806 0.976436 0.000000
vn -0.418084 0.908409 0.000000
vn -0.596098 0.802912 0.000000
vn -0.743294 0.668965 0.000000
vn -0.856978 0.515353 0.000000
vn -0.937008 0.349309 0.000000
vn -0.984351 0.176220 0.000000
vn -1.000000 0.000000 0.000000
vn -0.958255 -0.285913 0.000000
vn -0.849400 -0.527750 0.000000
vn -0.706305 -0.707907 0.000000
vn -0.554700 -0.832050 0.000000
vn -0.406907 -0.913469 0.000000
vn -0.266180 -0.963923 0.000000
vn -0.131457 -0.991322 0.000000
vn -0.000000 -1.000000 0.000000
vn 0.131457 -0.991322 0.000000
vn 0.266180 -0.963923 0.000000
vn 0.406907 -0.913469 0.000000
vn 0.554700 -0.832050 0.000000
vn 0.706305 -0.707907 0.000000
vn 0.849400 -0.527750 0.000000
vn 0.958255 -0.285913 0.000000
vn 1.000000 0.000000 0.000000
vn 0.984351 0.176220 0.000000
vn 0.937008 0.349309 0.000000
vn 0.856978 0.515353 0.000000
vn 0.743294 0.668965 0.000000
vn 0.596098 0.802912 0.000000
vn 0.418084 0.908409 0.000000
vn 0.215806 0.976436 0.000000
vn 0.000000 1.000000 0.000000
vn -0.215806 0.976436 0.000000
vn -0.418084 0.908409 0.000000
vn -0.596098 0.802912 0.000000
vn -0.743294 0.668965 0.000000
vn -0.856978 0.515353 0.000000
vn -0.937008 0.349309 0.000000
vn -0.984351 0.176220 0.000000
vn -1.000000 0.000000 0.000000
vn -0.958255 -0.285913 0.000000
vn -0.849400 -0.527750 0.000000
vn -0.706305 -0.707907 0.000000
vn -0.554700 -0.832050 0.000000
vn -0.406907 -0.913469 0.000000
vn -0.266180 -0.963923 0.000000
vn -0.131457 -0.991322 0.000000
vn -0.000000 -1.000000 0.000000
vn 0.131457 -0.991322 0.000000
vn 0.266180 -0.963923 0.000000
vn 0.406907 -0.913469 0.000000
vn 0.554700 -0.832050 0.000000
vn 0.706305 -0.707907 0.000000
vn 0.849400 -0.527750 0.000000
vn 0.958255 -0.285913 0.000000
vn 1.000000 0.000000 0.000000
vn 0.984351 0.176220 0.000000
vn 0.937008 0.349309 0.000000
vn 0.856978 0.515353 0.000000
vn 0.743294 0.668965 0.000000
vn 0.596098 0.802912 0.000000
vn 0.418084 0.908409 0.000000
vn 0.215806 0.976436 0.000000
vn 0.000000 1.000000 0.000000
vn -0.215806 0.976436 0.000000
vn -0.418084 0.908409 0.000000
vn -0.596098 0.802912 0.000000
vn -0.743294 0.668965 0.000000
vn -0.856978 0.515353 0.000000
vn -0.937008 0.349309 0.000000
vn -0.984351 0.176220 0.000000
vn -1.000000 0.000000 0.000000
vn -0.958255 -0.285913 0.000000
vn -0.849400 -0.527750 0.000000
vn -0.706305 -0.707907 0.000000
vn -0.554700 -0.832050 0.000000
vn -0.406907 -0.913469 0.000000
vn -0.266180 -0.963923 0.000000
vn -0.131457 -0.991322 0.000000
vn -0.000000 -1.000000 0.000000
vn 0.131457 -0.991322 0.000000
vn 0.266180 -0.963923 0.000000
vn 0.406907 -0.913469 0.000000
vn 0.554700 -0.832050 0.000000
vn 0.706305 -0.707907 0.000000
vn 0.849400 -0.527750 0.000000
vn 0.958255 -0.285913 0.000000
vn 1.000000 0.000000 0.000000
vn 0.984351 0.176220 0.000000
vn 0.937008 0.349309 0.000000
vn 0.856978 0.515353 0.000000
vn 0.743294 0.668965 0.000000
vn 0.596098 0.802912 0.000000
vn 0.418084 0.908409 0.000000
vn 0.215806 0.976436 0.000000
vn 0.000000 1.000000 0.000000
vn -0.215806 0.976436 0.000000
vn -0.418084 0.908409 0.000000
vn -0.596098 0.802912 0.000000
vn -0.743294 0.668965 0.000000
vn -0.856978 0.515353 0.000000
vn -0.937008 0.349309 0.000000
vn -0.984351 0.176220 0.000000
vn -1.000000 0.000000 0.000000
vn -0.958255 -0.285913 0.000000
vn -0.849400 -0.527750 0.000000
vn -0.706305 -0.707907 0.000000
vn -0.554700 -0.832050 0.000000
vn -0.406907 -0.913469 0.000000
vn -0.266180 -0.963923 0.000000
vn -0.131457 -0.991322 0.000000
vn -0.000000 -1.000000 0.000000
vn 0.131457 -0.991322 0.000000
vn 0.266180 -0.963923 0.000000
vn 0.406907 -0.913469 0.000000
vn 0.554700 -0.832050 0.000000
vn 0.706305 -0.707907 0.000000
vn 0.849400 -0.527750 0.000000
vn 0.958255 -0.285913 0.000000
vn 1.000000 0.000000 0.000000
vn 0.984351 0.176220 0.000000
vn 0.937008 0.349309 0.000000
vn 0.856978 0.515353 0.000000
vn 0.743294 0.668965 0.000000
vn 0.596098 0.802912 0.000000
vn 0.418084 0.908409 0.000000
vn 0.215806 0.976436 0.000000
vn 0.000000 1.000000 0.000000
vn -0.215806 0.976436 0.000000
vn -0.418084 0.908409 0.000000
vn -0.596098 0.802912 0.000000
vn -0.743294 0.668965 0.000000
vn -0.856978 0.515353 0.000000
vn -0.937008 0.349309 0.000000
vn -0.984351 0.176220 0.000000
vn -1.000000 0.000000 0.000000
vn -0.958255 -0.285913 0.000000
vn -0.849400 -0.527750 0.000000
vn -0.706305 -0.707907 0.000000
vn -0.554700 -0.832050 0.000000
vn -0.406907 -0.913469 0.000000
vn -0.266180 -0.963923 0.000000
vn -0.131457 -0.991322 0.000000
vn -0.000000 -1.000000 0.000000
vn 0.131457 -0.991322 0.000000
vn 0.266180 -0.963923 0.000000
vn 0.406907 -0.913469 0.000000
vn 0.554700 -0.832050 0.000000
vn 0.706305 -0.707907 0.000000
vn 0.849400 -0.527750 0.000000
vn 0.958255 -0.285913 0.000000
vn 1.000000 0.000000 0.000000
vn 0.984351 0.176220 0.000000
vn 0.937008 0.349309 0.000000
vn 0.856978 0.515353 0.000000
vn 0.743294 0.668965 0.000000
vn 0.596098 0.802912 0.000000
vn 0.418084 0.908409 0.000000
vn 0.215806 0.976436 0.000000
vn 0.000000 1.000000 0.000000
vn -0.215806 0.976436 0.000000
vn -0.418084 0.908409 0.000000
vn -0.596098 0.802912 0.000000
vn -0.743294 0.668965 0.000000
vn -0.856978 0.515353 0.000000
vn -0.937008 0.349309 0.000000
vn -0.984351 0.176220 0.000000
vn -1.000000 0.000000 0.000000
vn -0.958255 -0.285913 0.000000
vn -0.849400 -0.527750 0.000000
vn -0.706305 -0.707907 0.000000
vn -0.554700 -0.832050 0.000000
vn -0.406907 -0.913469 0.000000
vn -0.266180 -0.963923 0.000000
vn -0.131457 -0.991322 0.000000
vn -0.000000 -1.000000 0.000000
vn 0.131457 -0.991322 0.000000
vn 0.266180 -0.963923 0.000000
vn 0.406907 -0.913469 0.000000
vn 0.554700 -0.832050 0.000000
vn 0.706305 -0.707907 0.000000
vn 0.849400 -0.527750 0.000000
vn 0.958255 -0.285913 0.000000
vn 1.000000 0.000000 0.000000
vn 0.984351 0.176220 0.000000
vn 0.937008 0.349309 0.000000
vn 0.856978 0.515353 0.000000
vn 0.743294 0.668965 0.000000
vn 0.596098 0.802912 0.000000
vn 0.418084 0.908409 0.000000
vn 0.215806 0.976436 0.000000
vn 0.000000 1.000000 0.000000
vn -0.215806 0.976436 0.000000
vn -0.418084 0.908409 0.000000
vn -0.596098 0.802912 0.000000
vn -0.743294 0.668965 0.000000
vn -0.856978 0.515353 0.000000
vn -0.937008 0.349309 0.000000
vn -0.984351 0.176220 0.000000
vn -1.000000 0.000000 0.000000
vn -0.958255 -0.285913 0.000000
vn -0.849400 -0.527750 0.000000
vn -0.706305 -0.707907 0.000000
vn -0.554700 -0.832050 0.000000
vn -0.406907 -0.913469 0.000000
vn -0.266180 -0.963923 0.000000
vn -0.131457 -0.991322 0.000000
vn -0.000000 -1.000000 0.000000
vn 0.131457 -0.991322 0.000000
vn 0.266180 -0.963923 0.000000
vn 0.406907 -0.913469 0.000000
vn 0.554700 -0.832050 0.000000
vn 0.706305 -0.707907 0.000000
vn 0.849400 -0.527750 0.000000
vn 0.958255 -0.285913 0.000000
vn 1.000000 0.000000 0.000000
vn 0.984351 0.176220 0.000000
vn 0.937008 0.349309 0.000000
vn 0.856978 0.515353 0.000000
vn 0.743294 0.668965 0.000000
vn 0.596098 0.802912 0.000000
vn 0.418084 0.908409 0.000000
vn 0.215806 0.976436 0.000000
vn 0.000000 1.000000 0.000000
vn -0.215806 0.976436 0.000000
vn -0.418084 0.908409 0.000000
vn -0.596098 0.802912 0.000000
vn -0.743294 0.668965 0.000000
vn -0.856978 0.515353 0.000000
vn -0.937008 0.349309 0.000000
vn -0.984351 0.176220 0.000000
vn -1.000000 0.000000 0.000000
vn -0.958255 -0.285913 0.000000
vn -0.849400 -0.527750 0.000000
vn -0.706305 -0.707907 0.000000
vn -0.554700 -0.832050 0.000000
vn -0.406907 -0.913469 0.000000
vn -0.266180 -0.963923 0.000000
vn -0.131457 -0.991322 0.000000
vn -0.000000 -1.000000 0.000000
vn 0.131457 -0.991322 0.000000
vn 0.266180 -0.963923 0.000000
vn 0.406907 -0.913469 0.000000
vn 0.554700 -0.832050 0.000000
vn 0.706305 -0.707907 0.000000
vn 0.849400 -0.527750 0.000000
vn 0.958255 -0.285913 0.000000
vn 1.000000 0.000000 0.000000
vn 0.984351 0.176220 0.000000
vn 0.937008 0.349309 0.000000
vn 0.856978 0.515353 0.000000
vn 0.743294 0.668965 0.000000
vn 0.596098 0.802912 0.000000
vn 0.418084 0.908409 0.000000
vn 0.215806 0.976436 0.000000
vn 0.000000 1.000000 0.000000
vn -0.215806 0.976436 0.000000
vn -0.418084 0.908409 0.000000
vn -0.596098 0.802912 0.000000
vn -0.743294 0.668965 0.000000
vn -0.856978 0.515353 0.000000
vn -0.937008 0.349309 0.000000
vn -0.984351 0.176220 0.000000
vn -1.000000 0.000000 0.000000
vn -0.958255 -0.285913 0.000000
vn -0.849400 -0.527750 0.000000
vn -0.706305 -0.707907 0.000000
vn -0.554700 -0.832050 0.000000
vn -0.406907 -0.913469 0.000000
vn -0.266180 -0.963923 0.000000
vn -0.131457 -0.991322 0.000000
vn -0.000000 -1.000000 0.000000
vn 0.131457 -0.991322 0.000000
vn 0.266180 -0.963923 0.000000
vn 0.406907 -0.913469 0.000000
vn 0.554700 -0.832050 0.000000
vn 0.706305 -0.707907 0.000000
vn 0.849400 -0.527750 0.000000
vn 0.958255 -0.285913 0.000000
vn 1.000000 0.000000 0.000000
vn 0.984351 0.176220 0.000000
vn 0.937008 0.349309 0.000000
vn 0.856978 0.515353 0.000000
vn 0.743294 0.668965 0.000000
vn 0.596098 0.802912 0.000000
vn 0.418084 0.908409 0.000000
vn 0.215806 0.976436 0.000000
vn 0.000000 1.000000 0.000000
vn -0.215806 0.976436 0.000000
vn -0.418084 0.908409 0.000000
vn -0.596098 0.802912 0.000000
vn -0.743294 0.668965 0.000000
vn -0.856978 0.515353 0.000000
vn -0.937008 0.349309 0.000000
vn -0.984351 0.176220 0.000000
vn -1.000000 0.000000 0.000000
vn -0.958255 -0.285913 0.000000
vn -0.849400 -0.527750 0.000000
vn -0.706305 -0.707907 0.000000
vn -0.554700 -0.832050 0.000000
vn -0.406907 -0.913469 0.000000
vn -0.266180 -0.963923 0.000000
vn -0.131457 -0.991322 0.000000
vn -0.000000 -1.000000 0.000000
vn 0.131457 -0.991322 0.000000
vn 0.266180 -0.963923 0.000000
vn 0.406907 -0.913469 0.000000
vn 0.554700 -0.832050 0.000000
vn 0.706305 -0.707907 0.000000
vn 0.849400 -0.527750 0.000000
vn 0.958255 -0.285913 0.000000
vn 1.000000 0.000000 0.000000
vn 0.984351 0.176220 0.000000
vn 0.937008 0.349309 0.000000
vn 0.856978 0.515353 0.000000
vn 0.743294 0.668965 0.000000
vn 0.596098 0.802912 0.000000
vn 0.418084 0.908409 0.000000
vn 0.215806 0.976436 0.000000
vn 0.000000 1.000000 0.000000
vn -0.215806 0.976436 0.000000
vn -0.418084 0.908409 0.000000
vn -0.596098 0.802912 0.000000
vn -0.743294 0.668965 0.000000
vn -0.856978 0.515353 0.000000
vn -0.937008 0.349309 0.000000
vn -0.984351 0.176220 0.000000
vn -1.000000 0.000000 0.000000
vn -0.958255 -0.285913 0.000000
vn -0.849400 -0.527750 0.000000
vn -0.706305 -0.707907 0.000000
vn -0.554700 -0.832050 0.000000
vn -0.406907 -0.913469 0.000000
vn -0.266180 -0.963923 0.000000
vn -0.131457 -0.991322 0.000000
vn -0.000000 -1.000000 0.000000
vn 0.131457 -0.991322 0.000000
vn 0.266180 -0.963923 0.000000
vn 0.406907 -0.913469 0.000000
vn 0.554700 -0.832050 0.000000
vn 0.706305 -0.707907 0.000000
vn 0.849400 -0.527750 0.000000
vn 0.958255 -0.285913 0.000000
vn 1.000000 0.000000 0.000000
vn 0.984351 0.176220 0.000000
vn 0.937008 0.349309 0.000000
vn 0.856978 0.515353 0.000000
vn 0.743294 0.668965 0.000000
vn 0.596098 0.802912 0.000000
vn 0.418084 0.908409 0.000000
vn 0.215806 0.976436 0.000000
vn 0.000000 1.000000 0.000000
vn -0.215806 0.976436 0.000000
vn -0.418084 0.908409 0.000000
vn -0.596098 0.802912 0.000000
vn -0.743294 0.668965 0.000000
vn -0.856978 0.515353 0.000000
vn -0.937008 0.349309 0.000000
vn -0.984351 0.176220 0.000000
vn -1.000000 0.000000 0.000000
vn -0.958255 -0.285913 0.000000
vn -0.849400 -0.527750 0.000000
vn -0.706305 -0.707907 0.000000
vn -0.554700 -0.832050 0.000000
vn -0.406907 -0.913469 0.000000
vn -0.266180 -0.963923 0.000000
vn -0.131457 -0.991322 0.000000
vn -0.000000 -1.000000 0.000000
vn 0.131457 -0.991322 0.000000
vn 0.266180 -0.963923 0.000000
vn 0.406907 -0.913469 0.000000
vn 0.554700 -0.832050 0.000000
vn 0.706305 -0.707907 0.000000
vn 0.849400 -0.527750 0.000000
vn 0.958255 -0.285913 0.000000
vn 1.000000 0.000000 0.000000
vn 0.984351 0.176220 0.000000
vn 0.937008 0.349309 0.000000
vn 0.856978 0.515353 0.000000
vn 0.743294 0.668965 0.000000
vn 0.596098 0.802912 0.000000
vn 0.418084 0.908409 0.000000
vn 0.215806 0.976436 0.000000
vn 0.000000 1.000000 0.000000
vn -0.215806 0.976436 0.000000
vn -0.418084 0.908409 0.000000
vn -0.596098 0.802912 0.000000
vn -0.743294 0.668965 0.000000
vn -0.856978 0.515353 0.000000
vn -0.937008 0.349309 0.000000
vn -0.984351 0.176220 0.000000
vn -1.000000 0.000000 0.000000
vn -0.958255 -0.285913 0.000000
vn -0.849400 -0.527750 0.000000
vn -0.706305 -0.707907 0.000000
vn -0.554700 -0.832050 0.000000
vn -0.406907 -0.913469 0.000000
vn -0.266180 -0.963923 0.000000
vn -0.131457 -0.991322 0.000000
vn -0.000000 -1.000000 0.000000
vn 0.131457 -0.991322 0.000000
vn 0.266180 -0.963923 0.000000
vn 0.406907 -0.913469 0.000000
vn 0.554700 -0.832050 0.000000
vn 0.706305 -0.707907 0.000000
vn 0.849400 -0.527750 0.000000
vn 0.958255 -0.285913 0.000000
vn 1.000000 0.000000 0.000000
vn 0.984351 0.176220 0.000000
vn 0.937008 0.349309 0.000000
vn 0.856978 0.515353 0.000000
vn 0.743294 0.668965 0.000000
vn 0.596098 0.802912 0.000000
vn 0.418084 0.908409 0.000000
vn 0.215806 0.976436 0.000000
vn 0.000000 1.000000 0.000000
vn -0.215806 0.976436 0.000000
vn -0.418084 0.908409 0.000000
vn -0.596098 0.802912 0.000000
vn -0.743294 0.668965 0.000000
vn -0.856978 0.515353 0.000000
vn -0.937008 0.349309 0.000000
vn -0.984351 0.176220 0.000000
vn -1.000000 0.000000 0.000000
vn -0.958255 -0.285913 0.000000
vn -0.849400 -0.527750 0.000000
vn -0.706305 -0.707907 0.000000
vn -0.554700 -0.832050 0.000000
vn -0.406907 -0.913469 0.000000
vn -0.266180 -0.963923 0.000000
vn -0.131457 -0.991322 0.000000
vn -0.000000 -1.000000 0.000000
vn 0.131457 -0.991322 0.000000
vn 0.266180 -0.963923 0.000000
vn 0.406907 -0.913469 0.000000
vn 0.554700 -0.832050 0.000000
vn 0.706305 -0.707907 0.000000
vn 0.849400 -0.527750 0.000000
vn 0.958255 -0.285913 0.000000
vn 1.000000 0.000000 0.000000
vn 0.984351 0.176220 0.000000
vn 0.937008 0.349309 0.000000
vn 0.856978 0.515353 0.000000
vn 0.743294 0.668965 0.000000
vn 0.596098 0.802912 0.000000
vn 0.418084 0.908409 0.000000
vn 0.215806 0.976436 0.000000
vn 0.000000 1.000000 0.000000
vn -0.215806 0.976436 0.000000
vn -0.418084 0.908409 0.000000
vn -0.596098 0.802912 0.000000
vn -0.743294 0.668965 0.000000
vn -0.856978 0.515353 0.000000
vn -0.937008 0.349309 0.000000
vn -0.984351 0.176220 0.000000
vn -1.000000 0.000000 0.000000
vn -0.958255 -0.285913 0.000000
vn -0.849400 -0.527750 0.000000
vn -0.706305 -0.707907 0.000000
vn -0.554700 -0.832050 0.000000
vn -0.406907 -0.913469 0.000000
vn -0.266180 -0.963923 0.000000
vn -0.131457 -0.991322 0.000000
vn -0.000000 -1.000000 0.000000
vn 0.131457 -0.991322 0.000000
vn 0.266180 -0.963923 0.000000
vn 0.406907 -0.913469 0.000000
vn 0.554700 -0.832050 0.000000
vn 0.706305 -0.707907 0.000000
vn 0.849400 -0.527750 0.000000
vn 0.958255 -0.285913 0.000000
vn 1.000000 0.000000 0.000000
vn 0.984351 0.176220 0.000000
vn 0.937008 0.349309 0.000000
vn 0.856978 0.515353 0.000000
vn 0.743294 0.668965 0.000000
vn 0.596098 0.802912 0.000000
vn 0.418084 0.908409 0.000000
vn 0.215806 0.976436 0.000000
vn 0.000000 1.000000 0.000000
vn -0.215806 0.976436 0.000000
vn -0.418084 0.908409 0.000000
vn -0.596098 0.802912 0.000000
vn -0.743294 0.668965 0.000000
vn -0.856978 0.515353 0.000000
vn -0.937008 0.349309 0.000000
vn -0.984351 0.176220 0.000000
vn -1.000000 0.000000 0.000000
vn -0.958255 -0.285913 0.000000
vn -0.849400 -0.527750 0.000000
vn -0.706305 -0.707907 0.000000
vn -0.554700 -0.832050 0.000000
vn -0.406907 -0.913469 0.000000
vn -0.266180 -0.963923 0.000000
vn -0.131457 -0.991322 0.000000
vn -0.000000 -1.000000 0.000000
vn 0.131457 -0.991322 0.000000
vn 0.266180 -0.963923 0.000000
vn 0.406907 -0.913469 0.000000
vn 0.554700 -0.832050 0.000000
vn 0.706305 -0.707907 0.000000
vn 0.849400 -0.527750 0.000000
vn 0.958255 -0.285913 0.000000
vn 1.000000 0.000000 0.000000
vn 0.984351 0.176220 0.000000
vn 0.937008 0.349309 0.000000
vn 0.856978 0.515353 0.000000
vn 0.743294 0.668965 0.000000
vn 0.596098 0.802912 0.000000
vn 0.418084 0.908409 0.000000
vn 0.215806 0.976436 0.000000
vn 0.000000 1.000000 0.000000
vn -0.215806 0.976436 0.000000
vn -0.418084 0.908409 0.000000
vn -0.596098 0.802912 0.000000
vn -0.743294 0.668965 0.000000
vn -0.856978 0.515353 0.000000
vn -0.937008 0.349309 0.000000
vn -0.984351 0.176220 0.000000
vn -1.000000 0.000000 0.000000
vn -0.958255 -0.285913 0.000000
vn -0.849400 -0.527750 0.000000
vn -0.706305 -0.707907 0.000000
vn -0.554700 -0.832050 0.000000
vn -0.406907 -0.913469 0.000000
vn -0.266180 -0.963923 0.000000
vn -0.131457 -0.991322 0.000000
vn -0.000000 -1.000000 0.000000
vn 0.131457 -0.991322 0.000000
vn 0.266180 -0.963923 0.000000
vn 0.406907 -0.913469 0.000000
vn 0.554700 -0.832050 0.000000
vn 0.706305 -0.707907 0.000000
vn 0.849400 -0.527750 0.000000
vn 0.958255 -0.285913 0.000000
vn 1.000000 0.000000 0.000000
vn 0.984351 0.176220 0.000000
vn 0.937008 0.349309 0.000000
vn 0.856978 0.515353 0.000000
vn 0.743294 0.668965 0.000000
vn 0.596098 0.802912 0.000000
vn 0.418084 0.908409 0.000000
vn 0.215806 0.976436 0.000000
vn 0.000000 1.000000 0.000000
vn -0.215806 0.976436 0.000000
vn -0.418084 0.908409 0.000000
vn -0.596098 0.802912 0.000000
vn -0.743294 0.668965 0.000000
vn -0.856978 0.515353 0.000000
vn -0.937008 0.349309 0.000000
vn -0.984351 0.176220 0.000000
vn -1.000000 0.000000 0.000000
vn -0.958255 -0.285913 0.000000
vn -0.849400 -0.527750 0.000000
vn -0.706305 -0.707907 0.000000
vn -0.554700 -0.832050 0.000000
vn -0.406907 -0.913469 0.000000
vn -0.266180 -0.963923 0.000000
vn -0.131457 -0.991322 0.000000
vn -0.000000 -1.000000 0.000000
vn 0.131457 -0.991322 0.000000
vn 0.266180 -0.963923 0.000000
vn 0.406907 -0.913469 0.000000
vn 0.554700 -0.832050 0.000000
vn 0.706305 -0.707907 0.000000
vn 0.849400 -0.527750 0.000000
vn 0.958255 -0.285913 0.000000
vn 1.000000 0.000000 0.000000
vn 0.984351 0.176220 0.000000
vn 0.937008 0.349309 0.000000
vn 0.856978 0.515353 0.000000
vn 0.743294 0.668965 0.000000
vn 0.596098 0.802912 0.000000
vn 0.418084 0.908409 0.000000
vn 0.215806 0.976436 0.000000
vn 0.000000 1.000000 0.000000
vn -0.215806 0.976436 0.000000
vn -0.418084 0.908409 0.000000
vn -0.596098 0.802912 0.000000
vn -0.743294 0.668965 0.000000
vn -0.856978 0.515353 0.000000
vn -0.937008 0.349309 0.000000
vn -0.984351 0.176220 0.000000
vn -1.000000 0.000000 0.000000
vn -0.958255 -0.285913 0.000000
vn -0.849400 -0.527750 0.000000
vn -0.706305 -0.707907 0.000000
vn -0.554700 -0.832050 0.000000
vn -0.406907 -0.913469 0.000000
vn -0.266180 -0.963923 0.000000
vn -0.131457 -0.991322 0.000000
vn -0.000000 -1.000000 0.000000
vn 0.131457 -0.991322 0.000000
vn 0.266180 -0.963923 0.000000
vn 0.406907 -0.913469 0.000000
vn 0.554700 -0.832050 0.000000
vn 0.706305 -0.707907 0.000000
vn 0.849400 -0.527750 0.000000
vn 0.958255 -0.285913 0.000000
vn 1.000000 0.000000 0.000000
vn 0.984351 0.176220 0.000000
vn 0.937008 0.349309 0.000000
vn 0.856978 0.515353 0.000000
vn 0.743294 0.668965 0.000000
vn 0.596098 0.802912 0.000000
vn 0.418084 0.908409 0.000000
vn 0.215806 0.976436 0.000000
vn 0.000000 1.000000 0.000000
vn -0.215806 0.976436 0.000000
vn -0.418084 0.908409 0.000000
vn -0.596098 0.802912 0.000000
vn -0.743294 0.668965 0.000000
vn -0.856978 0.515353 0.000000
vn -0.937008 0.349309 0.000000
vn -0.984351 0.176220 0.000000
vn -1.000000 0.000000 0.000000
vn -0.958255 -0.285913 0.000000
vn -0.849400 -0.527750 0.000000
vn -0.706305 -0.707907 0.000000
vn -0.554700 -0.832050 0.000000
vn -0.406907 -0.913469 0.000000
vn -0.266180 -0.963923 0.000000
vn -0.131457 -0.991322 0.000000
vn -0.000000 -1.000000 0.000000
vn 0.131457 -0.991322 0.000000
vn 0.266180 -0.963923 0.000000
vn 0.406907 -0.913469 0.000000
vn 0.554700 -0.832050 0.000000
vn 0.706305 -0.707907 0.000000
vn 0.849400 -0.527750 0.000000
vn 0.958255 -0.285913 0.000000
vn 1.000000 0.000000 0.000000
vn 0.984351 0.176220 0.000000
vn 0.937008 0.349309 0.000000
vn 0.856978 0.515353 0.000000
vn 0.743294 0.668965 0.000000
vn 0.596098 0.802912 0.000000
vn 0.418084 0.908409 0.000000
vn 0.215806 0.976436 0.000000
vn 0.000000 1.000000 0.000000
vn -0.215806 0.976436 0.000000
vn -0.418084 0.908409 0.000000
vn -0.596098 0.802912 0.000000
vn -0.743294 0.668965 0.000000
vn -0.856978 0.515353 0.000000
vn -0.937008 0.349309 0.000000
vn -0.984351 0.176220 0.000000
vn -1.000000 0.000000 0.000000
vn -0.958255 -0.285913 0.000000
vn -0.849400 -0.527750 0.000000
vn -0.706305 -0.707907 0.000000
vn -0.554700 -0.832050 0.000000
vn -0.406907 -0.913469 0.000000
vn -0.266180 -0.963923 0.000000
vn -0.131457 -0.991322 0.000000
vn -0.000000 -1.000000 0.000000
vn 0.131457 -0.991322 0.000000
vn 0.266180 -0.963923 0.000000
vn 0.406907 -0.913469 0.000000
vn 0.554700 -0.832050 0.000000
vn 0.706305 -0.707907 0.000000
vn 0.849400 -0.527750 0.000000
vn 0.958255 -0.285913 0.000000
vn 0.988936 0.000000 0.148340
vn 0.973382 0.174256 0.148868
vn 0.926349 0.345336 0.150401
vn 0.846916 0.509302 0.152787
vn 0.734223 0.660801 0.155752
vn 0.588525 0.792711 0.158897
vn 0.412580 0.896451 0.161719
vn 0.212895 0.963266 0.163690
vn 0.000000 0.986394 0.164399
vn -0.212895 0.963266 0.163690
vn -0.412580 0.896451 0.161719
vn -0.588525 0.792711 0.158897
vn -0.734223 0.660801 0.155752
vn -0.846916 0.509302 0.152787
vn -0.926349 0.345336 0.150401
vn -0.973382 0.174256 0.148868
vn -0.988936 0.000000 0.148340
vn -0.942570 -0.281233 0.180194
vn -0.837054 -0.520079 0.169879
vn -0.697513 -0.699095 0.157292
vn -0.548795 -0.823193 0.145521
vn -0.403124 -0.904976 0.136051
vn -0.263945 -0.955829 0.129323
vn -0.130421 -0.983503 0.125346
vn -0.000000 -0.992278 0.124035
vn 0.130421 -0.983503 0.125346
vn 0.263945 -0.955829 0.129323
vn 0.403124 -0.904976 0.136051
vn 0.548795 -0.823193 0.145521
vn 0.697513 -0.699095 0.157292
vn 0.837054 -0.520079 0.169879
vn 0.942570 -0.281233 0.180194
vn 0.988936 0.000000 0.148340
vn 0.973382 0.174256 0.148868
vn 0.926349 0.345336 0.150401
vn 0.846916 0.509302 0.152787
vn 0.734223 0.660801 0.155752
vn 0.588525 0.792711 0.158897
vn 0.412580 0.896451 0.161719
vn 0.212895 0.963266 0.163690
vn 0.000000 0.986394 0.164399
vn -0.212895 0.963266 0.163690
vn -0.412580 0.896451 0.161719
vn -0.588525 0.792711 0.158897
vn -0.734223 0.660801 0.155752
vn -0.846916 0.509302 0.152787
vn -0.926349 0.345336 0.150401
vn -0.973382 0.174256 0.148868
vn -0.988936 0.000000 0.148340
vn -0.942570 -0.281233 0.180194
vn -0.837054 -0.520079 0.169879
vn -0.697513 -0.699095 0.157292
vn -0.548795 -0.823193 0.145521
vn -0.403124 -0.904976 0.136051
vn -0.263945 -0.955829 0.129323
vn -0.130421 -0.983503 0.125346
vn -0.000000 -0.992278 0.124035
vn 0.130421 -0.983503 0.125346
vn 0.263945 -0.955829 0.129323
vn 0.403124 -0.904976 0.136051
vn 0.548795 -0.823193 0.145521
vn 0.697513 -0.699095 0.157292
vn 0.837054 -0.520079 0.169879
vn 0.942570 -0.281233 0.180194
vn 0.988936 0.000000 0.148340
vn 0.973382 0.174256 0.148868
vn 0.926349 0.345336 0.150401
vn 0.846916 0.509302 0.152787
vn 0.734223 0.660801 0.155752
vn 0.588525 0.792711 0.158897
vn 0.412580 0.896451 0.161719
vn 0.212895 0.963266 0.163690
vn 0.000000 0.986394 0.164399
vn -0.212895 0.963266 0.163690
vn -0.412580 0.896451 0.161719
vn -0.588525 0.792711 0.158897
vn -0.734223 0.660801 0.155752
vn -0.846916 0.509302 0.152787
vn -0.926349 0.345336 0.150401
vn -0.973382 0.174256 0.148868
vn -0.988936 0.000000 0.148340
vn -0.942570 -0.281233 0.180194
vn -0.837054 -0.520079 0.169879
vn -0.697513 -0.699095 0.157292
vn -0.548795 -0.823193 0.145521
vn -0.403124 -0.904976 0.136051
vn -0.263945 -0.955829 0.129323
vn -0.130421 -0.983503 0.125346
vn -0.000000 -0.992278 0.124035
vn 0.130421 -0.983503 0.125346
vn 0.263945 -0.955829 0.129323
vn 0.403124 -0.904976 0.136051
vn 0.548795 -0.823193 0.145521
vn 0.697513 -0.699095 0.157292
vn 0.837054 -0.520079 0.169879
vn 0.942570 -0.281233 0.180194
vn 0.988936 0.000000 0.148340
vn 0.973382 0.174256 0.148868
vn 0.926349 0.345336 0.150401
vn 0.846916 0.509302 0.152787
vn 0.734223 0.660801 0.155752
vn 0.588525 0.792711 0.158897
vn 0.412580 0.896451 0.161719
vn 0.212895 0.963266 0.163690
vn 0.000000 0.986394 0.164399
vn -0.212895 0.963266 0.163690
vn -0.412580 0.896451 0.161719
vn -0.588525 0.792711 0.158897
vn -0.734223 0.660801 0.155752
vn -0.846916 0.509302 0.152787
vn -0.926349 0.345336 0.150401
vn -0.973382 0.174256 0.148868
vn -0.988936 0.000000 0.148340
vn -0.942570 -0.281233 0.180194
vn -0.837054 -0.520079 0.169879
vn -0.697513 -0.699095 0.157292
vn -0.548795 -0.823193 0.145521
vn -0.403124 -0.904976 0.136051
vn -0.263945 -0.955829 0.129323
vn -0.130421 -0.983503 0.125346
vn -0.000000 -0.992278 0.124035
vn 0.130421 -0.983503 0.125346
vn 0.263945 -0.955829 0.129323
vn 0.403124 -0.904976 0.136051
vn 0.548795 -0.823193 0.145521
vn 0.697513 -0.699095 0.157292
vn 0.837054 -0.520079 0.169879
vn 0.942570 -0.281233 0.180194
vn 0.988936 0.000000 0.148340
vn 0.973382 0.174256 0.148868
vn 0.926349 0.345336 0.150401
vn 0.846916 0.509302 0.152787
vn 0.734223 0.660801 0.155752
vn 0.588525 0.792711 0.158897
vn 0.412580 0.896451 0.161719
vn 0.212895 0.963266 0.163690
vn 0.000000 0.986394 0.164399
vn -0.212895 0.963266 0.163690
vn -0.412580 0.896451 0.161719
vn -0.588525 0.792711 0.158897
vn -0.734223 0.660801 0.155752
vn -0.846916 0.509302 0.152787
vn -0.926349 0.345336 0.150401
vn -0.973382 0.174256 0.148868
vn -0.988936 0.000000 0.148340
vn -0.942570 -0.281233 0.180194
vn -0.837054 -0.520079 0.169879
vn -0.697513 -0.699095 0.157292
vn -0.548795 -0.823193 0.145521
vn -0.403124 -0.904976 0.136051
vn -0.263945 -0.955829 0.129323
vn -0.130421 -0.983503 0.125346
vn -0.000000 -0.992278 0.124035
vn 0.130421 -0.983503 0.125346
vn 0.263945 -0.955829 0.129323
vn 0.403124 -0.904976 0.136051
vn 0.548795 -0.823193 0.145521
vn 0.697513 -0.699095 0.157292
vn 0.837054 -0.520079 0.169879
vn 0.942570 -0.281233 0.180194
vn 0.988936 0.000000 0.148340
vn 0.973382 0.174256 0.148868
vn 0.926349 0.345336 0.150401
vn 0.846916 0.509302 0.152787
vn 0.734223 0.660801 0.155752
vn 0.588525 0.792711 0.158897
vn 0.412580 0.896451 0.161719
vn 0.212895 0.963266 0.163690
vn 0.000000 0.986394 0.164399
vn -0.212895 0.963266 0.163690
vn -0.412580 0.896451 0.161719
vn -0.588525 0.792711 0.158897
vn -0.734223 0.660801 0.155752
vn -0.846916 0.509302 0.152787
vn -0.926349 0.345336 0.150401
vn -0.973382 0.174256 0.148868
vn -0.988936 0.000000 0.148340
vn -0.942570 -0.281233 0.180194
vn -0.837054 -0.520079 0.169879
vn -0.697513 -0.699095 0.157292
vn -0.548795 -0.823193 0.145521
vn -0.403124 -0.904976 0.136051
vn -0.263945 -0.955829 0.129323
vn -0.130421 -0.983503 0.125346
vn -0.000000 -0.992278 0.124035
vn 0.130421 -0.983503 0.125346
vn 0.263945 -0.955829 0.129323
vn 0.403124 -0.904976 0.136051
vn 0.548795 -0.823193 0.145521
vn 0.697513 -0.699095 0.157292
vn 0.837054 -0.520079 0.169879
vn 0.942570 -0.281233 0.180194
vn 0.988936 0.000000 0.148340
vn 0.973382 0.174256 0.148868
vn 0.926349 0.345336 0.150401
vn 0.846916 0.509302 0.152787
vn 0.734223 0.660801 0.155752
vn 0.588525 0.792711 0.158897
vn 0.412580 0.896451 0.161719
vn 0.212895 0.963266 0.163690
vn 0.000000 0.986394 0.164399
vn -0.212895 0.963266 0.163690
vn -0.412580 0.896451 0.161719
vn -0.588525 0.792711 0.158897
vn -0.734223 0.660801 0.155752
vn -0.846916 0.509302 0.152787
vn -0.926349 0.345336 0.150401
vn -0.973382 0.174256 0.148868
vn -0.988936 0.000000 0.148340
vn -0.942570 -0.281233 0.180194
vn -0.837054 -0.520079 0.169879
vn -0.697513 -0.699095 0.157292
vn -0.548795 -0.823193 0.145521
vn -0.403124 -0.904976 0.136051
vn -0.263945 -0.955829 0.129323
vn -0.130421 -0.983503 0.125346
vn -0.000000 -0.992278 0.124035
vn 0.130421 -0.983503 0.125346
vn 0.263945 -0.955829 0.129323
vn 0.403124 -0.904976 0.136051
vn 0.548795 -0.823193 0.145521
vn 0.697513 -0.699095 0.157292
vn 0.837054 -0.520079 0.169879
vn 0.942570 -0.281233 0.180194
vn 0.988936 0.000000 0.148340
vn 0.973382 0.174256 0.148868
vn 0.926349 0.345336 0.150401
vn 0.846916 0.509302 0.152787
vn 0.734223 0.660801 0.155752
vn 0.588525 0.792711 0.158897
vn 0.412580 0.896451 0.161719
vn 0.212895 0.963266 0.163690
vn 0.000000 0.986394 0.164399
vn -0.212895 0.963266 0.163690
vn -0.412580 0.896451 0.161719
vn -0.588525 0.792711 0.158897
vn -0.734223 0.660801 0.155752
vn -0.846916 0.509302 0.152787
vn -0.926349 0.345336 0.150401
vn -0.973382 0.174256 0.148868
vn -0.988936 0.000000 0.148340
vn -0.942570 -0.281233 0.180194
vn -0.837054 -0.520079 0.169879
vn -0.697513 -0.699095 0.157292
vn -0.548795 -0.823193 0.145521
vn -0.403124 -0.904976 0.136051
vn -0.263945 -0.955829 0.129323
vn -0.130421 -0.983503 0.125346
vn -0.000000 -0.992278 0.124035
vn 0.130421 -0.983503 0.125346
vn 0.263945 -0.955829 0.129323
vn 0.403124 -0.904976 0.136051
vn 0.548795 -0.823193 0.145521
vn 0.697513 -0.699095 0.157292
vn 0.837054 -0.520079 0.169879
vn 0.942570 -0.281233 0.180194
vn 0.988936 0.000000 0.148340
vn 0.973382 0.174256 0.148868
vn 0.926349 0.345336 0.150401
vn 0.846916 0.509302 0.152787
vn 0.734223 0.660801 0.155752
vn 0.588525 0.792711 0.158897
vn 0.412580 0.896451 0.161719
vn 0.212895 0.963266 0.163690
vn 0.000000 0.986394 0.164399
vn -0.212895 0.963266 0.163690
vn -0.412580 0.896451 0.161719
vn -0.588525 0.792711 0.158897
vn -0.734223 0.660801 0.155752
vn -0.846916 0.509302 0.152787
vn -0.926349 0.345336 0.150401
vn -0.973382 0.174256 0.148868
vn -0.988936 0.000000 0.148340
vn -0.942570 -0.281233 0.180194
vn -0.837054 -0.520079 0.169879
vn -0.697513 -0.699095 0.157292
vn -0.548795 -0.823193 0.145521
vn -0.403124 -0.904976 0.136051
vn -0.263945 -0.955829 0.129323
vn -0.130421 -0.983503 0.125346
vn -0.000000 -0.992278 0.124035
vn 0.130421 -0.983503 0.125346
vn 0.263945 -0.955829 0.129323
vn 0.403124 -0.904976 0.136051
vn 0.548795 -0.823193 0.145521
vn 0.697513 -0.699095 0.157292
vn 0.837054 -0.520079 0.169879
vn 0.942570 -0.281233 0.180194
vn 0.988936 0.000000 0.148340
vn 0.973382 0.174256 0.148868
vn 0.926349 0.345336 0.150401
vn 0.846916 0.509302 0.152787
vn 0.734223 0.660801 0.155752
vn 0.588525 0.792711 0.158897
vn 0.412580 0.896451 0.161719
vn 0.212895 0.963266 0.163690
vn 0.000000 0.986394 0.164399
vn -0.212895 0.963266 0.163690
vn -0.412580 0.896451 0.161719
vn -0.588525 0.792711 0.158897
vn -0.734223 0.660801 0.155752
vn -0.846916 0.509302 0.152787
vn -0.926349 0.345336 0.150401
vn -0.973382 0.174256 0.148868
vn -0.988936 0.000000 0.148340
vn -0.942570 -0.281233 0.180194
vn -0.837054 -0.520079 0.169879
vn -0.697513 -0.699095 0.157292
vn -0.548795 -0.823193 0.145521
vn -0.403124 -0.904976 0.136051
vn -0.263945 -0.955829 0.129323
vn -0.130421 -0.983503 0.125346
vn -0.000000 -0.992278 0.124035
vn 0.130421 -0.983503 0.125346
vn 0.263945 -0.955829 0.129323
vn 0.403124 -0.904976 0.136051
vn 0.548795 -0.823193 0.145521
vn 0.697513 -0.699095 0.157292
vn 0.837054 -0.520079 0.169879
vn 0.942570 -0.281233 0.180194
vn 0.988936 0.000000 0.148340
vn 0.973382 0.174256 0.148868
vn 0.926349 0.345336 0.150401
vn 0.846916 0.509302 0.152787
vn 0.734223 0.660801 0.155752
vn 0.588525 0.792711 0.158897
vn 0.412580 0.896451 0.161719
vn 0.212895 0.963266 0.163690
vn 0.000000 0.986394 0.164399
vn -0.212895 0.963266 0.163690
vn -0.412580 0.896451 0.161719
vn -0.588525 0.792711 0.158897
vn -0.734223 0.660801 0.155752
vn -0.846916 0.509302 0.152787
vn -0.926349 0.345336 0.150401
vn -0.973382 0.174256 0.148868
vn -0.988936 0.000000 0.148340
vn -0.942570 -0.281233 0.180194
vn -0.837054 -0.520079 0.169879
vn -0.697513 -0.699095 0.157292
vn -0.548795 -0.823193 0.145521
vn -0.403124 -0.904976 0.136051
vn -0.263945 -0.955829 0.129323
vn -0.130421 -0.983503 0.125346
vn -0.000000 -0.992278 0.124035
vn 0.130421 -0.983503 0.125346
vn 0.263945 -0.955829 0.129323
vn 0.403124 -0.904976 0.136051
vn 0.548795 -0.823193 0.145521
vn 0.697513 -0.699095 0.157292
vn 0.837054 -0.520079 0.169879
vn 0.942570 -0.281233 0.180194
vn 0.988936 0.000000 0.148340
vn 0.973382 0.174256 0.148868
vn 0.926349 0.345336 0.150401
vn 0.846916 0.509302 0.152787
vn 0.734223 0.660801 0.155752
vn 0.588525 0.792711 0.158897
vn 0.412580 0.896451 0.161719
vn 0.212895 0.963266 0.163690
vn 0.000000 0.986394 0.164399
vn -0.212895 0.963266 0.163690
vn -0.412580 0.896451 0.161719
vn -0.588525 0.792711 0.158897
vn -0.734223 0.660801 0.155752
vn -0.846916 0.509302 0.152787
vn -0.926349 0.345336 0.150401
vn -0.973382 0.174256 0.148868
vn -0.988936 0.000000 0.148340
vn -0.942570 -0.281233 0.180194
vn -0.837054 -0.520079 0.169879
vn -0.697513 -0.699095 0.157292
vn -0.548795 -0.823193 0.145521
vn -0.403124 -0.904976 0.136051
vn -0.263945 -0.955829 0.129323
vn -0.130421 -0.983503 0.125346
vn -0.000000 -0.992278 0.124035
vn 0.130421 -0.983503 0.125346
vn 0.263945 -0.955829 0.129323
vn 0.403124 -0.904976 0.136051
vn 0.548795 -0.823193 0.145521
vn 0.697513 -0.699095 0.157292
vn 0.837054 -0.520079 0.169879
vn 0.942570 -0.281233 0.180194
vn 0.000000 0.000000 -1.000000
vn 0.000000 0.000000 1.000000
vn -0.104116 0.989100 -0.104116
vn -0.100995 -0.989748 -0.100995
vn -0.104116 0.989100 -0.104116
vn -0.100995 -0.989748 -0.100995
vn -0.104116 0.989100 -0.104116
vn -0.100995 -0.989748 -0.100995
vn -0.104116 0.989100 -0.104116
vn -0.100995 -0.989748 -0.100995
vn -0.104116 0.989100 0.104116
vn -0.100995 -0.989748 0.100995
vn -0.104116 0.989100 0.104116
vn -0.100995 -0.989748 0.100995
vn -0.104116 0.989100 0.104116
vn -0.100995 -0.989748 0.100995
vn -0.104116 0.989100 0.104116
vn -0.100995 -0.989748 0.100995
vn -0.104116 0.989100 0.104116
vn -0.100995 -0.989748 0.100995
vn -0.104116 0.989100 0.104116
vn -0.100995 -0.989748 0.100995
vn -0.104116 0.989100 0.104116
vn -0.100995 -0.989748 0.100995
vn -0.104116 0.989100 0.104116
vn -0.100995 -0.989748 0.100995
vn -0.104116 0.989100 0.104116
vn -0.100995 -0.989748 0.100995
vn -0.104116 0.989100 0.104116
vn -0.100995 -0.989748 0.100995
vn -0.104116 0.989100 0.104116
vn -0.100995 -0.989748 0.100995
vn -0.104116 0.989100 0.104116
vn -0.100995 -0.989748 0.100995
vn -0.104116 0.989100 0.104116
vn -0.100995 -0.989748 0.100995
vn -0.104116 0.989100 0.104116
vn -0.100995 -0.989748 0.100995
vn -0.104116 0.989100 0.104116
vn -0.100995 -0.989748 0.100995
vn -0.104116 0.989100 0.104116
vn -0.100995 -0.989748 0.100995
vn -0.104116 0.989100 0.104116
vn -0.100995 -0.989748 0.100995
vn -0.104116 0.989100 -0.104116
vn -0.100995 -0.989748 -0.100995
vn -0.104116 0.989100 -0.104116
vn -0.100995 -0.989748 -0.100995
vn -0.104116 0.989100 -0.104116
vn -0.100995 -0.989748 -0.100995
vn -0.104116 0.989100 -0.104116
vn -0.100995 -0.989748 -0.100995
vn -0.104116 0.989100 0.104116
vn -0.100995 -0.989748 0.100995
vn -0.104116 0.989100 0.104116
vn -0.100995 -0.989748 0.100995
vn -0.104116 0.989100 0.104116
vn -0.100995 -0.989748 0.100995
vn -0.104116 0.989100 0.104116
vn -0.100995 -0.989748 0.100995
vn -0.104116 0.989100 0.104116
vn -0.100995 -0.989748 0.100995
vn -0.104116 0.989100 0.104116
vn -0.100995 -0.989748 0.100995
vn -0.104116 0.989100 0.104116
vn -0.100995 -0.989748 0.100995
vn -0.104116 0.989100 0.104116
vn -0.100995 -0.989748 0.100995
vn -0.104116 0.989100 0.104116
vn -0.100995 -0.989748 0.100995
vn -0.104116 0.989100 0.104116
vn -0.100995 -0.989748 0.100995
vn -0.104116 0.989100 0.104116
vn -0.100995 -0.989748 0.100995
vn -0.104116 0.989100 0.104116
vn -0.100995 -0.989748 0.100995
vn -0.104116 0.989100 0.104116
vn -0.100995 -0.989748 0.100995
vn -0.104116 0.989100 0.104116
vn -0.100995 -0.989748 0.100995
vn -0.104116 0.989100 0.104116
vn -0.100995 -0.989748 0.100995
vn -0.104116 0.989100 0.104116
vn -0.100995 -0.989748 0.100995
vn -0.104116 0.989100 0.104116
vn -0.100995 -0.989748 0.100995
vn -0.104116 0.989100 -0.104116
vn -0.100995 -0.989748 -0.100995
vn -0.104116 0.989100 -0.104116
vn -0.100995 -0.989748 -0.100995
vn -0.104116 0.989100 -0.104116
vn -0.100995 -0.989748 -0.100995
vn -0.104116 0.989100 -0.104116
vn -0.100995 -0.989748 -0.100995
vn -0.104116 0.989100 0.104116
vn -0.100995 -0.989748 0.100995
vn -0.104116 0.989100 0.104116
vn -0.100995 -0.989748 0.100995
vn -0.104116 0.989100 0.104116
vn -0.100995 -0.989748 0.100995
vn -0.104116 0.989100 0.104116
vn -0.100995 -0.989748 0.100995
vn -0.104116 0.989100 0.104116
vn -0.100995 -0.989748 0.100995
vn -0.104116 0.989100 0.104116
vn -0.100995 -0.989748 0.100995
vn -0.104116 0.989100 0.104116
vn -0.100995 -0.989748 0.100995
vn -0.104116 0.989100 0.104116
vn -0.100995 -0.989748 0.100995
vn -0.104116 0.989100 0.104116
vn -0.100995 -0.989748 0.100995
vn -0.104116 0.989100 0.104116
vn -0.100995 -0.989748 0.100995
vn -0.104116 0.989100 0.104116
vn -0.100995 -0.989748 0.100995
vn -0.104116 0.989100 0.104116
vn -0.100995 -0.989748 0.100995
vn -0.104116 0.989100 0.104116
vn -0.100995 -0.989748 0.100995
vn -0.104116 0.989100 0.104116
vn -0.100995 -0.989748 0.100995
vn -0.104116 0.989100 0.104116
vn -0.100995 -0.989748 0.100995
vn -0.104116 0.989100 0.104116
vn -0.100995 -0.989748 0.100995
vn -0.104116 0.989100 0.104116
vn -0.100995 -0.989748 0.100995
vn -0.104116 0.989100 -0.104116
vn -0.100995 -0.989748 -0.100995
vn -0.104116 0.989100 -0.104116
vn -0.100995 -0.989748 -0.100995
vn -0.104116 0.989100 -0.104116
vn -0.100995 -0.989748 -0.100995
vn -0.104116 0.989100 -0.104116
vn -0.100995 -0.989748 -0.100995
vn -0.104116 0.989100 0.104116
vn -0.100995 -0.989748 0.100995
vn -0.104116 0.989100 0.104116
vn -0.100995 -0.989748 0.100995
vn -0.104116 0.989100 0.104116
vn -0.100995 -0.989748 0.100995
vn -0.104116 0.989100 0.104116
vn -0.100995 -0.989748 0.100995
vn -0.104116 0.989100 0.104116
vn -0.100995 -0.989748 0.100995
vn -0.104116 0.989100 0.104116
vn -0.100995 -0.989748 0.100995
vn -0.104116 0.989100 0.104116
vn -0.100995 -0.989748 0.100995
vn -0.104116 0.989100 0.104116
vn -0.100995 -0.989748 0.100995
vn -0.104116 0.989100 0.104116
vn -0.100995 -0.989748 0.100995
vn -0.104116 0.989100 0.104116
vn -0.100995 -0.989748 0.100995
vn -0.104116 0.989100 0.104116
vn -0.100995 -0.989748 0.100995
vn -0.104116 0.989100 0.104116
vn -0.100995 -0.989748 0.100995
vn -0.104116 0.989100 0.104116
vn -0.100995 -0.989748 0.100995
vn -0.104116 0.989100 0.104116
vn -0.100995 -0.989748 0.100995
vn -0.104116 0.989100 0.104116
vn -0.100995 -0.989748 0.100995
vn -0.104116 0.989100 0.104116
vn -0.100995 -0.989748 0.100995
vn -0.104116 0.989100 0.104116
vn -0.100995 -0.989748 0.100995
vn -0.104116 0.989100 -0.104116
vn -0.100995 -0.989748 -0.100995
vn -0.104116 0.989100 -0.104116
vn -0.100995 -0.989748 -0.100995
vn -0.104116 0.989100 -0.104116
vn -0.100995 -0.989748 -0.100995
vn -0.104116 0.989100 -0.104116
vn -0.100995 -0.989748 -0.100995
vn -0.104116 0.989100 0.104116
vn -0.100995 -0.989748 0.100995
vn -0.104116 0.989100 0.104116
vn -0.100995 -0.989748 0.100995
vn -0.104116 0.989100 0.104116
vn -0.100995 -0.989748 0.100995
vn -0.104116 0.989100 0.104116
vn -0.100995 -0.989748 0.100995
vn -0.104116 0.989100 0.104116
vn -0.100995 -0.989748 0.100995
vn -0.104116 0.989100 0.104116
vn -0.100995 -0.989748 0.100995
vn -0.104116 0.989100 0.104116
vn -0.100995 -0.989748 0.100995
vn -0.104116 0.989100 0.104116
vn -0.100995 -0.989748 0.100995
vn -0.104116 0.989100 0.104116
vn -0.100995 -0.989748 0.100995
vn -0.104116 0.989100 0.104116
vn -0.100995 -0.989748 0.100995
vn -0.104116 0.989100 0.104116
vn -0.100995 -0.989748 0.100995
vn -0.104116 0.989100 0.104116
vn -0.100995 -0.989748 0.100995
vn -0.104116 0.989100 0.104116
vn -0.100995 -0.989748 0.100995
vn -0.104116 0.989100 0.104116
vn -0.100995 -0.989748 0.100995
vn -0.104116 0.989100 0.104116
vn -0.100995 -0.989748 0.100995
vn -0.104116 0.989100 0.104116
vn -0.100995 -0.989748 0.100995
vn -0.104116 0.989100 0.104116
vn -0.100995 -0.989748 0.100995
vn -0.104116 0.989100 -0.104116
vn -0.100995 -0.989748 -0.100995
vn -0.104116 0.989100 -0.104116
vn -0.100995 -0.989748 -0.100995
vn -0.104116 0.989100 -0.104116
vn -0.100995 -0.989748 -0.100995
vn -0.104116 0.989100 -0.104116
vn -0.100995 -0.989748 -0.100995
vn -0.104116 0.989100 0.104116
vn -0.100995 -0.989748 0.100995
vn -0.104116 0.989100 0.104116
vn -0.100995 -0.989748 0.100995
vn -0.104116 0.989100 0.104116
vn -0.100995 -0.989748 0.100995
vn -0.104116 0.989100 0.104116
vn -0.100995 -0.989748 0.100995
vn -0.104116 0.989100 0.104116
vn -0.100995 -0.989748 0.100995
vn -0.104116 0.989100 0.104116
vn -0.100995 -0.989748 0.100995
vn -0.104116 0.989100 0.104116
vn -0.100995 -0.989748 0.100995
vn -0.104116 0.989100 0.104116
vn -0.100995 -0.989748 0.100995
vn -0.104116 0.989100 0.104116
vn -0.100995 -0.989748 0.100995
vn -0.104116 0.989100 0.104116
vn -0.100995 -0.989748 0.100995
vn -0.104116 0.989100 0.104116
vn -0.100995 -0.989748 0.100995
vn -0.104116 0.989100 0.104116
vn -0.100995 -0.989748 0.100995
vn -0.104116 0.989100 0.104116
vn -0.100995 -0.989748 0.100995
vn -0.104116 0.989100 0.104116
vn -0.100995 -0.989748 0.100995
vn -0.104116 0.989100 0.104116
vn -0.100995 -0.989748 0.100995
vn -0.104116 0.989100 0.104116
vn -0.100995 -0.989748 0.100995
vn -0.104116 0.989100 0.104116
vn -0.100995 -0.989748 0.100995
vn -0.104116 0.989100 -0.104116
vn -0.100995 -0.989748 -0.100995
vn -0.104116 0.989100 -0.104116
vn -0.100995 -0.989748 -0.100995
vn -0.104116 0.989100 -0.104116
vn -0.100995 -0.989748 -0.100995
vn -0.104116 0.989100 -0.104116
vn -0.100995 -0.989748 -0.100995
vn -0.104116 0.989100 0.104116
vn -0.100995 -0.989748 0.100995
vn -0.104116 0.989100 0.104116
vn -0.100995 -0.989748 0.100995
vn -0.104116 0.989100 0.104116
vn -0.100995 -0.989748 0.100995
vn -0.104116 0.989100 0.104116
vn -0.100995 -0.989748 0.100995
vn -0.104116 0.989100 0.104116
vn -0.100995 -0.989748 0.100995
vn -0.104116 0.989100 0.104116
vn -0.100995 -0.989748 0.100995
vn -0.104116 0.989100 0.104116
vn -0.100995 -0.989748 0.100995
vn -0.104116 0.989100 0.104116
vn -0.100995 -0.989748 0.100995
vn -0.104116 0.989100 0.104116
vn -0.100995 -0.989748 0.100995
vn -0.104116 0.989100 0.104116
vn -0.100995 -0.989748 0.100995
vn -0.104116 0.989100 0.104116
vn -0.100995 -0.989748 0.100995
vn -0.104116 0.989100 0.104116
vn -0.100995 -0.989748 0.100995
vn -0.104116 0.989100 0.104116
vn -0.100995 -0.989748 0.100995
vn -0.104116 0.989100 0.104116
vn -0.100995 -0.989748 0.100995
vn -0.104116 0.989100 0.104116
vn -0.100995 -0.989748 0.100995
vn -0.104116 0.989100 0.104116
vn -0.100995 -0.989748 0.100995
vn -0.104116 0.989100 0.104116
vn -0.100995 -0.989748 0.100995
vn -0.104116 0.989100 -0.104116
vn -0.100995 -0.989748 -0.100995
vn -0.104116 0.989100 -0.104116
vn -0.100995 -0.989748 -0.100995
vn -0.104116 0.989100 -0.104116
vn -0.100995 -0.989748 -0.100995
vn -0.104116 0.989100 -0.104116
vn -0.100995 -0.989748 -0.100995
vn -0.104116 0.989100 0.104116
vn -0.100995 -0.989748 0.100995
vn -0.104116 0.989100 0.104116
vn -0.100995 -0.989748 0.100995
vn -0.104116 0.989100 0.104116
vn -0.100995 -0.989748 0.100995
vn -0.104116 0.989100 0.104116
vn -0.100995 -0.989748 0.100995
vn -0.104116 0.989100 0.104116
vn -0.100995 -0.989748 0.100995
vn -0.104116 0.989100 0.104116
vn -0.100995 -0.989748 0.100995
vn -0.104116 0.989100 0.104116
vn -0.100995 -0.989748 0.100995
vn -0.104116 0.989100 0.104116
vn -0.100995 -0.989748 0.100995
vn -0.104116 0.989100 0.104116
vn -0.100995 -0.989748 0.100995
vn -0.104116 0.989100 0.104116
vn -0.100995 -0.989748 0.100995
vn -0.104116 0.989100 0.104116
vn -0.100995 -0.989748 0.100995
vn -0.104116 0.989100 0.104116
vn -0.100995 -0.989748 0.100995
vn -0.104116 0.989100 0.104116
vn -0.100995 -0.989748 0.100995
vn -0.104116 0.989100 0.104116
vn -0.100995 -0.989748 0.100995
vn -0.104116 0.989100 0.104116
vn -0.100995 -0.989748 0.100995
vn -0.104116 0.989100 0.104116
vn -0.100995 -0.989748 0.100995
vn -0.104116 0.989100 0.104116
vn -0.100995 -0.989748 0.100995
vn -0.104116 0.989100 -0.104116
vn -0.100995 -0.989748 -0.100995
vn -0.104116 0.989100 -0.104116
vn -0.100995 -0.989748 -0.100995
vn -0.104116 0.989100 -0.104116
vn -0.100995 -0.989748 -0.100995
vn -0.104116 0.989100 -0.104116
vn -0.100995 -0.989748 -0.100995
vn -0.104116 0.989100 0.104116
vn -0.100995 -0.989748 0.100995
vn -0.104116 0.989100 0.104116
vn -0.100995 -0.989748 0.100995
vn -0.104116 0.989100 0.104116
vn -0.100995 -0.989748 0.100995
vn -0.104116 0.989100 0.104116
vn -0.100995 -0.989748 0.100995
vn -0.104116 0.989100 0.104116
vn -0.100995 -0.989748 0.100995
vn -0.104116 0.989100 0.104116
vn -0.100995 -0.989748 0.100995
vn -0.104116 0.989100 0.104116
vn -0.100995 -0.989748 0.100995
vn -0.104116 0.989100 0.104116
vn -0.100995 -0.989748 0.100995
vn -0.104116 0.989100 0.104116
vn -0.100995 -0.989748 0.100995
vn -0.104116 0.989100 0.104116
vn -0.100995 -0.989748 0.100995
vn -0.104116 0.989100 0.104116
vn -0.100995 -0.989748 0.100995
vn -0.104116 0.989100 0.104116
vn -0.100995 -0.989748 0.100995
vn -0.104116 0.989100 0.104116
vn -0.100995 -0.989748 0.100995
vn -0.104116 0.989100 0.104116
vn -0.100995 -0.989748 0.100995
vn -0.104116 0.989100 0.104116
vn -0.100995 -0.989748 0.100995
vn -0.104116 0.989100 0.104116
vn -0.100995 -0.989748 0.100995
vn -0.104116 0.989100 0.104116
vn -0.100995 -0.989748 0.100995
vn -0.104116 0.989100 -0.104116
vn -0.100995 -0.989748 -0.100995
vn -0.104116 0.989100 -0.104116
vn -0.100995 -0.989748 -0.100995
vn -0.104116 0.989100 -0.104116
vn -0.100995 -0.989748 -0.100995
vn -0.104116 0.989100 -0.104116
vn -0.100995 -0.989748 -0.100995
vn -0.104116 0.989100 0.104116
vn -0.100995 -0.989748 0.100995
vn -0.104116 0.989100 0.104116
vn -0.100995 -0.989748 0.100995
vn -0.104116 0.989100 0.104116
vn -0.100995 -0.989748 0.100995
vn -0.104116 0.989100 0.104116
vn -0.100995 -0.989748 0.100995
vn -0.104116 0.989100 0.104116
vn -0.100995 -0.989748 0.100995
vn -0.104116 0.989100 0.104116
vn -0.100995 -0.989748 0.100995
vn -0.104116 0.989100 0.104116
vn -0.100995 -0.989748 0.100995
vn -0.104116 0.989100 0.104116
vn -0.100995 -0.989748 0.100995
vn -0.104116 0.989100 0.104116
vn -0.100995 -0.989748 0.100995
vn -0.104116 0.989100 0.104116
vn -0.100995 -0.989748 0.100995
vn -0.104116 0.989100 0.104116
vn -0.100995 -0.989748 0.100995
vn -0.104116 0.989100 0.104116
vn -0.100995 -0.989748 0.100995
vn -0.104116 0.989100 0.104116
vn -0.100995 -0.989748 0.100995
vn -0.104116 0.989100 0.104116
vn -0.100995 -0.989748 0.100995
vn -0.104116 0.989100 0.104116
vn -0.100995 -0.989748 0.100995
vn -0.104116 0.989100 0.104116
vn -0.100995 -0.989748 0.100995
vn -0.104116 0.989100 0.104116
vn -0.100995 -0.989748 0.100995
vn -0.104116 0.989100 -0.104116
vn -0.100995 -0.989748 -0.100995
vn -0.104116 0.989100 -0.104116
vn -0.100995 -0.989748 -0.100995
vn -0.104116 0.989100 -0.104116
vn -0.100995 -0.989748 -0.100995
vn -0.104116 0.989100 -0.104116
vn -0.100995 -0.989748 -0.100995
vn -0.104116 0.989100 0.104116
vn -0.100995 -0.989748 0.100995
vn -0.104116 0.989100 0.104116
vn -0.100995 -0.989748 0.100995
vn -0.104116 0.989100 0.104116
vn -0.100995 -0.989748 0.100995
vn -0.104116 0.989100 0.104116
vn -0.100995 -0.989748 0.100995
vn -0.104116 0.989100 0.104116
vn -0.100995 -0.989748 0.100995
vn -0.104116 0.989100 0.104116
vn -0.100995 -0.989748 0.100995
vn -0.104116 0.989100 0.104116
vn -0.100995 -0.989748 0.100995
vn -0.104116 0.989100 0.104116
vn -0.100995 -0.989748 0.100995
vn -0.104116 0.989100 0.104116
vn -0.100995 -0.989748 0.100995
vn -0.104116 0.989100 0.104116
vn -0.100995 -0.989748 0.100995
vn -0.104116 0.989100 0.104116
vn -0.100995 -0.989748 0.100995
vn -0.104116 0.989100 0.104116
vn -0.100995 -0.989748 0.100995
vn -0.104116 0.989100 0.104116
vn -0.100995 -0.989748 0.100995
vn -0.104116 0.989100 0.104116
vn -0.100995 -0.989748 0.100995
vn -0.104116 0.989100 0.104116
vn -0.100995 -0.989748 0.100995
vn -0.104116 0.989100 0.104116
vn -0.100995 -0.989748 0.100995
vn -0.104116 0.989100 0.104116
vn -0.100995 -0.989748 0.100995
vn -0.104116 0.989100 -0.104116
vn -0.100995 -0.989748 -0.100995
vn -0.104116 0.989100 -0.104116
vn -0.100995 -0.989748 -0.100995
vn -0.104116 0.989100 -0.104116
vn -0.100995 -0.989748 -0.100995
vn -0.104116 0.989100 -0.104116
vn -0.100995 -0.989748 -0.100995
vn -0.104116 0.989100 0.104116
vn -0.100995 -0.989748 0.100995
vn -0.104116 0.989100 0.104116
vn -0.100995 -0.989748 0.100995
vn -0.104116 0.989100 0.104116
vn -0.100995 -0.989748 0.100995
vn -0.104116 0.989100 0.104116
vn -0.100995 -0.989748 0.100995
vn -0.104116 0.989100 0.104116
vn -0.100995 -0.989748 0.100995
vn -0.104116 0.989100 0.104116
vn -0.100995 -0.989748 0.100995
vn -0.104116 0.989100 0.104116
vn -0.100995 -0.989748 0.100995
vn -0.104116 0.989100 0.104116
vn -0.100995 -0.989748 0.100995
vn -0.104116 0.989100 0.104116
vn -0.100995 -0.989748 0.100995
vn -0.104116 0.989100 0.104116
vn -0.100995 -0.989748 0.100995
vn -0.104116 0.989100 0.104116
vn -0.100995 -0.989748 0.100995
vn -0.104116 0.989100 0.104116
vn -0.100995 -0.989748 0.100995
vn -0.104116 0.989100 0.104116
vn -0.100995 -0.989748 0.100995
vn -0.104116 0.989100 0.104116
vn -0.100995 -0.989748 0.100995
vn -0.104116 0.989100 0.104116
vn -0.100995 -0.989748 0.100995
vn -0.104116 0.989100 0.104116
vn -0.100995 -0.989748 0.100995
vn -0.104116 0.989100 0.104116
vn -0.100995 -0.989748 0.100995
vn -0.104116 0.989100 -0.104116
vn -0.100995 -0.989748 -0.100995
vn -0.104116 0.989100 -0.104116
vn -0.100995 -0.989748 -0.100995
vn -0.104116 0.989100 -0.104116
vn -0.100995 -0.989748 -0.100995
vn -0.104116 0.989100 -0.104116
vn -0.100995 -0.989748 -0.100995
vn -0.104116 0.989100 0.104116
vn -0.100995 -0.989748 0.100995
vn -0.104116 0.989100 0.104116
vn -0.100995 -0.989748 0.100995
vn -0.104116 0.989100 0.104116
vn -0.100995 -0.989748 0.100995
vn -0.104116 0.989100 0.104116
vn -0.100995 -0.989748 0.100995
vn -0.104116 0.989100 0.104116
vn -0.100995 -0.989748 0.100995
vn -0.104116 0.989100 0.104116
vn -0.100995 -0.989748 0.100995
vn -0.104116 0.989100 0.104116
vn -0.100995 -0.989748 0.100995
vn -0.104116 0.989100 0.104116
vn -0.100995 -0.989748 0.100995
vn -0.104116 0.989100 0.104116
vn -0.100995 -0.989748 0.100995
vn -0.104116 0.989100 0.104116
vn -0.100995 -0.989748 0.100995
vn -0.104116 0.989100 0.104116
vn -0.100995 -0.989748 0.100995
vn -0.104116 0.989100 0.104116
vn -0.100995 -0.989748 0.100995
vn -0.104116 0.989100 0.104116
vn -0.100995 -0.989748 0.100995
vn -0.104116 0.989100 0.104116
vn -0.100995 -0.989748 0.100995
vn -0.104116 0.989100 0.104116
vn -0.100995 -0.989748 0.100995
vn -0.104116 0.989100 0.104116
vn -0.100995 -0.989748 0.100995
vn -0.104116 0.989100 0.104116
vn -0.100995 -0.989748 0.100995
vn -0.104116 0.989100 -0.104116
vn -0.100995 -0.989748 -0.100995
vn -0.104116 0.989100 -0.104116
vn -0.100995 -0.989748 -0.100995
vn -0.104116 0.989100 -0.104116
vn -0.100995 -0.989748 -0.100995
vn -0.104116 0.989100 -0.104116
vn -0.100995 -0.989748 -0.100995
vn -0.104116 0.989100 0.104116
vn -0.100995 -0.989748 0.100995
vn -0.104116 0.989100 0.104116
vn -0.100995 -0.989748 0.100995
vn -0.104116 0.989100 0.104116
vn -0.100995 -0.989748 0.100995
vn -0.104116 0.989100 0.104116
vn -0.100995 -0.989748 0.100995
vn -0.104116 0.989100 0.104116
vn -0.100995 -0.989748 0.100995
vn -0.104116 0.989100 0.104116
vn -0.100995 -0.989748 0.100995
vn -0.104116 0.989100 0.104116
vn -0.100995 -0.989748 0.100995
vn -0.104116 0.989100 0.104116
vn -0.100995 -0.989748 0.100995
vn -0.104116 0.989100 0.104116
vn -0.100995 -0.989748 0.100995
vn -0.104116 0.989100 0.104116
vn -0.100995 -0.989748 0.100995
vn -0.104116 0.989100 0.104116
vn -0.100995 -0.989748 0.100995
vn -0.104116 0.989100 0.104116
vn -0.100995 -0.989748 0.100995
vn -0.104116 0.989100 0.104116
vn -0.100995 -0.989748 0.100995
vn -0.104116 0.989100 0.104116
vn -0.100995 -0.989748 0.100995
vn -0.104116 0.989100 0.104116
vn -0.100995 -0.989748 0.100995
vn -0.104116 0.989100 0.104116
vn -0.100995 -0.989748 0.100995
vn -0.104116 0.989100 0.104116
vn -0.100995 -0.989748 0.100995
vn -0.104116 0.989100 -0.104116
vn -0.100995 -0.989748 -0.100995
vn -0.104116 0.989100 -0.104116
vn -0.100995 -0.989748 -0.100995
vn -0.104116 0.989100 -0.104116
vn -0.100995 -0.989748 -0.100995
vn -0.104116 0.989100 -0.104116
vn -0.100995 -0.989748 -0.100995
vn -0.104116 0.989100 0.104116
vn -0.100995 -0.989748 0.100995
vn -0.104116 0.989100 0.104116
vn -0.100995 -0.989748 0.100995
vn -0.104116 0.989100 0.104116
vn -0.100995 -0.989748 0.100995
vn -0.104116 0.989100 0.104116
vn -0.100995 -0.989748 0.100995
vn -0.104116 0.989100 0.104116
vn -0.100995 -0.989748 0.100995
vn -0.104116 0.989100 0.104116
vn -0.100995 -0.989748 0.100995
vn -0.104116 0.989100 0.104116
vn -0.100995 -0.989748 0.100995
vn -0.104116 0.989100 0.104116
vn -0.100995 -0.989748 0.100995
vn -0.104116 0.989100 0.104116
vn -0.100995 -0.989748 0.100995
vn -0.104116 0.989100 0.104116
vn -0.100995 -0.989748 0.100995
vn -0.104116 0.989100 0.104116
vn -0.100995 -0.989748 0.100995
vn -0.104116 0.989100 0.104116
vn -0.100995 -0.989748 0.100995
vn -0.104116 0.989100 0.104116
vn -0.100995 -0.989748 0.100995
vn -0.104116 0.989100 0.104116
vn -0.100995 -0.989748 0.100995
vn -0.104116 0.989100 0.104116
vn -0.100995 -0.989748 0.100995
vn -0.104116 0.989100 0.104116
vn -0.100995 -0.989748 0.100995
vn -0.104116 0.989100 0.104116
vn -0.100995 -0.989748 0.100995
vn -0.104116 0.989100 -0.104116
vn -0.100995 -0.989748 -0.100995
vn -0.104116 0.989100 -0.104116
vn -0.100995 -0.989748 -0.100995
vn -0.104116 0.989100 -0.104116
vn -0.100995 -0.989748 -0.100995
vn -0.104116 0.989100 -0.104116
vn -0.100995 -0.989748 -0.100995
vn -0.104116 0.989100 0.104116
vn -0.100995 -0.989748 0.100995
vn -0.104116 0.989100 0.104116
vn -0.100995 -0.989748 0.100995
vn -0.104116 0.989100 0.104116
vn -0.100995 -0.989748 0.100995
vn -0.104116 0.989100 0.104116
vn -0.100995 -0.989748 0.100995
vn -0.104116 0.989100 0.104116
vn -0.100995 -0.989748 0.100995
vn -0.104116 0.989100 0.104116
vn -0.100995 -0.989748 0.100995
vn -0.104116 0.989100 0.104116
vn -0.100995 -0.989748 0.100995
vn -0.104116 0.989100 0.104116
vn -0.100995 -0.989748 0.100995
vn -0.104116 0.989100 0.104116
vn -0.100995 -0.989748 0.100995
vn -0.104116 0.989100 0.104116
vn -0.100995 -0.989748 0.100995
vn -0.104116 0.989100 0.104116
vn -0.100995 -0.989748 0.100995
vn -0.104116 0.989100 0.104116
vn -0.100995 -0.989748 0.100995
vn -0.104116 0.989100 0.104116
vn -0.100995 -0.989748 0.100995
vn -0.104116 0.989100 0.104116
vn -0.100995 -0.989748 0.100995
vn -0.104116 0.989100 0.104116
vn -0.100995 -0.989748 0.100995
vn -0.104116 0.989100 0.104116
vn -0.100995 -0.989748 0.100995
vn -0.104116 0.989100 0.104116
vn -0.100995 -0.989748 0.100995
vn -0.104116 0.989100 -0.104116
vn -0.100995 -0.989748 -0.100995
vn -0.104116 0.989100 -0.104116
vn -0.100995 -0.989748 -0.100995
vn -0.104116 0.989100 -0.104116
vn -0.100995 -0.989748 -0.100995
vn -0.104116 0.989100 -0.104116
vn -0.100995 -0.989748 -0.100995
vn -0.104116 0.989100 0.104116
vn -0.100995 -0.989748 0.100995
vn -0.104116 0.989100 0.104116
vn -0.100995 -0.989748 0.100995
vn -0.104116 0.989100 0.104116
vn -0.100995 -0.989748 0.100995
vn -0.104116 0.989100 0.104116
vn -0.100995 -0.989748 0.100995
vn -0.104116 0.989100 0.104116
vn -0.100995 -0.989748 0.100995
vn -0.104116 0.989100 0.104116
vn -0.100995 -0.989748 0.100995
vn -0.104116 0.989100 0.104116
vn -0.100995 -0.989748 0.100995
vn -0.104116 0.989100 0.104116
vn -0.100995 -0.989748 0.100995
vn -0.104116 0.989100 0.104116
vn -0.100995 -0.989748 0.100995
vn -0.104116 0.989100 0.104116
vn -0.100995 -0.989748 0.100995
vn -0.104116 0.989100 0.104116
vn -0.100995 -0.989748 0.100995
vn -0.104116 0.989100 0.104116
vn -0.100995 -0.989748 0.100995
vn -0.104116 0.989100 0.104116
vn -0.100995 -0.989748 0.100995
vn -0.104116 0.989100 0.104116
vn -0.100995 -0.989748 0.100995
vn -0.104116 0.989100 0.104116
vn -0.100995 -0.989748 0.100995
vn -0.104116 0.989100 0.104116
vn -0.100995 -0.989748 0.100995
vn -0.104116 0.989100 0.104116
vn -0.100995 -0.989748 0.100995
vn -0.900000 0.300000 0.000000
vn -0.900000 0.300000 0.100000
vn 0.104116 0.989100 -0.104116
vn 0.100995 -0.989748 -0.100995
vn 0.104116 0.989100 -0.104116
vn 0.100995 -0.989748 -0.100995
vn 0.104116 0.989100 -0.104116
vn 0.100995 -0.989748 -0.100995
vn 0.104116 0.989100 -0.104116
vn 0.100995 -0.989748 -0.100995
vn 0.104116 0.989100 0.104116
vn 0.100995 -0.989748 0.100995
vn 0.104116 0.989100 0.104116
vn 0.100995 -0.989748 0.100995
vn 0.104116 0.989100 0.104116
vn 0.100995 -0.989748 0.100995
vn 0.104116 0.989100 0.104116
vn 0.100995 -0.989748 0.100995
vn 0.104116 0.989100 0.104116
vn 0.100995 -0.989748 0.100995
vn 0.104116 0.989100 0.104116
vn 0.100995 -0.989748 0.100995
vn 0.104116 0.989100 0.104116
vn 0.100995 -0.989748 0.100995
vn 0.104116 0.989100 0.104116
vn 0.100995 -0.989748 0.100995
vn 0.104116 0.989100 0.104116
vn 0.100995 -0.989748 0.100995
vn 0.104116 0.989100 0.104116
vn 0.100995 -0.989748 0.100995
vn 0.104116 0.989100 0.104116
vn 0.100995 -0.989748 0.100995
vn 0.104116 0.989100 0.104116
vn 0.100995 -0.989748 0.100995
vn 0.104116 0.989100 0.104116
vn 0.100995 -0.989748 0.100995
vn 0.104116 0.989100 0.104116
vn 0.100995 -0.989748 0.100995
vn 0.104116 0.989100 0.104116
vn 0.100995 -0.989748 0.100995
vn 0.104116 0.989100 0.104116
vn 0.100995 -0.989748 0.100995
vn 0.104116 0.989100 0.104116
vn 0.100995 -0.989748 0.100995
vn 0.104116 0.989100 -0.104116
vn 0.100995 -0.989748 -0.100995
vn 0.104116 0.989100 -0.104116
vn 0.100995 -0.989748 -0.100995
vn 0.104116 0.989100 -0.104116
vn 0.100995 -0.989748 -0.100995
vn 0.104116 0.989100 -0.104116
vn 0.100995 -0.989748 -0.100995
vn 0.104116 0.989100 0.104116
vn 0.100995 -0.989748 0.100995
vn 0.104116 0.989100 0.104116
vn 0.100995 -0.989748 0.100995
vn 0.104116 0.989100 0.104116
vn 0.100995 -0.989748 0.100995
vn 0.104116 0.989100 0.104116
vn 0.100995 -0.989748 0.100995
vn 0.104116 0.989100 0.104116
vn 0.100995 -0.989748 0.100995
vn 0.104116 0.989100 0.104116
vn 0.100995 -0.989748 0.100995
vn 0.104116 0.989100 0.104116
vn 0.100995 -0.989748 0.100995
vn 0.104116 0.989100 0.104116
vn 0.100995 -0.989748 0.100995
vn 0.104116 0.989100 0.104116
vn 0.100995 -0.989748 0.100995
vn 0.104116 0.989100 0.104116
vn 0.100995 -0.989748 0.100995
vn 0.104116 0.989100 0.104116
vn 0.100995 -0.989748 0.100995
vn 0.104116 0.989100 0.104116
vn 0.100995 -0.989748 0.100995
vn 0.104116 0.989100 0.104116
vn 0.100995 -0.989748 0.100995
vn 0.104116 0.989100 0.104116
vn 0.100995 -0.989748 0.100995
vn 0.104116 0.989100 0.104116
vn 0.100995 -0.989748 0.100995
vn 0.104116 0.989100 0.104116
vn 0.100995 -0.989748 0.100995
vn 0.104116 0.989100 0.104116
vn 0.100995 -0.989748 0.100995
vn 0.104116 0.989100 -0.104116
vn 0.100995 -0.989748 -0.100995
vn 0.104116 0.989100 -0.104116
vn 0.100995 -0.989748 -0.100995
vn 0.104116 0.989100 -0.104116
vn 0.100995 -0.989748 -0.100995
vn 0.104116 0.989100 -0.104116
vn 0.100995 -0.989748 -0.100995
vn 0.104116 0.989100 0.104116
vn 0.100995 -0.989748 0.100995
vn 0.104116 0.989100 0.104116
vn 0.100995 -0.989748 0.100995
vn 0.104116 0.989100 0.104116
vn 0.100995 -0.989748 0.100995
vn 0.104116 0.989100 0.104116
vn 0.100995 -0.989748 0.100995
vn 0.104116 0.989100 0.104116
vn 0.100995 -0.989748 0.100995
vn 0.104116 0.989100 0.104116
vn 0.100995 -0.989748 0.100995
vn 0.104116 0.989100 0.104116
vn 0.100995 -0.989748 0.100995
vn 0.104116 0.989100 0.104116
vn 0.100995 -0.989748 0.100995
vn 0.104116 0.989100 0.104116
vn 0.100995 -0.989748 0.100995
vn 0.104116 0.989100 0.104116
vn 0.100995 -0.989748 0.100995
vn 0.104116 0.989100 0.104116
vn 0.100995 -0.989748 0.100995
vn 0.104116 0.989100 0.104116
vn 0.100995 -0.989748 0.100995
vn 0.104116 0.989100 0.104116
vn 0.100995 -0.989748 0.100995
vn 0.104116 0.989100 0.104116
vn 0.100995 -0.989748 0.100995
vn 0.104116 0.989100 0.104116
vn 0.100995 -0.989748 0.100995
vn 0.104116 0.989100 0.104116
vn 0.100995 -0.989748 0.100995
vn 0.104116 0.989100 0.104116
vn 0.100995 -0.989748 0.100995
vn 0.104116 0.989100 -0.104116
vn 0.100995 -0.989748 -0.100995
vn 0.104116 0.989100 -0.104116
vn 0.100995 -0.989748 -0.100995
vn 0.104116 0.989100 -0.104116
vn 0.100995 -0.989748 -0.100995
vn 0.104116 0.989100 -0.104116
vn 0.100995 -0.989748 -0.100995
vn 0.104116 0.989100 0.104116
vn 0.100995 -0.989748 0.100995
vn 0.104116 0.989100 0.104116
vn 0.100995 -0.989748 0.100995
vn 0.104116 0.989100 0.104116
vn 0.100995 -0.989748 0.100995
vn 0.104116 0.989100 0.104116
vn 0.100995 -0.989748 0.100995
vn 0.104116 0.989100 0.104116
vn 0.100995 -0.989748 0.100995
vn 0.104116 0.989100 0.104116
vn 0.100995 -0.989748 0.100995
vn 0.104116 0.989100 0.104116
vn 0.100995 -0.989748 0.100995
vn 0.104116 0.989100 0.104116
vn 0.100995 -0.989748 0.100995
vn 0.104116 0.989100 0.104116
vn 0.100995 -0.989748 0.100995
vn 0.104116 0.989100 0.104116
vn 0.100995 -0.989748 0.100995
vn 0.104116 0.989100 0.104116
vn 0.100995 -0.989748 0.100995
vn 0.104116 0.989100 0.104116
vn 0.100995 -0.989748 0.100995
vn 0.104116 0.989100 0.104116
vn 0.100995 -0.989748 0.100995
vn 0.104116 0.989100 0.104116
vn 0.100995 -0.989748 0.100995
vn 0.104116 0.989100 0.104116
vn 0.100995 -0.989748 0.100995
vn 0.104116 0.989100 0.104116
vn 0.100995 -0.989748 0.100995
vn 0.104116 0.989100 0.104116
vn 0.100995 -0.989748 0.100995
vn 0.104116 0.989100 -0.104116
vn 0.100995 -0.989748 -0.100995
vn 0.104116 0.989100 -0.104116
vn 0.100995 -0.989748 -0.100995
vn 0.104116 0.989100 -0.104116
vn 0.100995 -0.989748 -0.100995
vn 0.104116 0.989100 -0.104116
vn 0.100995 -0.989748 -0.100995
vn 0.104116 0.989100 0.104116
vn 0.100995 -0.989748 0.100995
vn 0.104116 0.989100 0.104116
vn 0.100995 -0.989748 0.100995
vn 0.104116 0.989100 0.104116
vn 0.100995 -0.989748 0.100995
vn 0.104116 0.989100 0.104116
vn 0.100995 -0.989748 0.100995
vn 0.104116 0.989100 0.104116
vn 0.100995 -0.989748 0.100995
vn 0.104116 0.989100 0.104116
vn 0.100995 -0.989748 0.100995
vn 0.104116 0.989100 0.104116
vn 0.100995 -0.989748 0.100995
vn 0.104116 0.989100 0.104116
vn 0.100995 -0.989748 0.100995
vn 0.104116 0.989100 0.104116
vn 0.100995 -0.989748 0.100995
vn 0.104116 0.989100 0.104116
vn 0.100995 -0.989748 0.100995
vn 0.104116 0.989100 0.104116
vn 0.100995 -0.989748 0.100995
vn 0.104116 0.989100 0.104116
vn 0.100995 -0.989748 0.100995
vn 0.104116 0.989100 0.104116
vn 0.100995 -0.989748 0.100995
vn 0.104116 0.989100 0.104116
vn 0.100995 -0.989748 0.100995
vn 0.104116 0.989100 0.104116
vn 0.100995 -0.989748 0.100995
vn 0.104116 0.989100 0.104116
vn 0.100995 -0.989748 0.100995
vn 0.104116 0.989100 0.104116
vn 0.100995 -0.989748 0.100995
vn 0.104116 0.989100 -0.104116
vn 0.100995 -0.989748 -0.100995
vn 0.104116 0.989100 -0.104116
vn 0.100995 -0.989748 -0.100995
vn 0.104116 0.989100 -0.104116
vn 0.100995 -0.989748 -0.100995
vn 0.104116 0.989100 -0.104116
vn 0.100995 -0.989748 -0.100995
vn 0.104116 0.989100 0.104116
vn 0.100995 -0.989748 0.100995
vn 0.104116 0.989100 0.104116
vn 0.100995 -0.989748 0.100995
vn 0.104116 0.989100 0.104116
vn 0.100995 -0.989748 0.100995
vn 0.104116 0.989100 0.104116
vn 0.100995 -0.989748 0.100995
vn 0.104116 0.989100 0.104116
vn 0.100995 -0.989748 0.100995
vn 0.104116 0.989100 0.104116
vn 0.100995 -0.989748 0.100995
vn 0.104116 0.989100 0.104116
vn 0.100995 -0.989748 0.100995
vn 0.104116 0.989100 0.104116
vn 0.100995 -0.989748 0.100995
vn 0.104116 0.989100 0.104116
vn 0.100995 -0.989748 0.100995
vn 0.104116 0.989100 0.104116
vn 0.100995 -0.989748 0.100995
vn 0.104116 0.989100 0.104116
vn 0.100995 -0.989748 0.100995
vn 0.104116 0.989100 0.104116
vn 0.100995 -0.989748 0.100995
vn 0.104116 0.989100 0.104116
vn 0.100995 -0.989748 0.100995
vn 0.104116 0.989100 0.104116
vn 0.100995 -0.989748 0.100995
vn 0.104116 0.989100 0.104116
vn 0.100995 -0.989748 0.100995
vn 0.104116 0.989100 0.104116
vn 0.100995 -0.989748 0.100995
vn 0.104116 0.989100 0.104116
vn 0.100995 -0.989748 0.100995
vn 0.104116 0.989100 -0.104116
vn 0.100995 -0.989748 -0.100995
vn 0.104116 0.989100 -0.104116
vn 0.100995 -0.989748 -0.100995
vn 0.104116 0.989100 -0.104116
vn 0.100995 -0.989748 -0.100995
vn 0.104116 0.989100 -0.104116
vn 0.100995 -0.989748 -0.100995
vn 0.104116 0.989100 0.104116
vn 0.100995 -0.989748 0.100995
vn 0.104116 0.989100 0.104116
vn 0.100995 -0.989748 0.100995
vn 0.104116 0.989100 0.104116
vn 0.100995 -0.989748 0.100995
vn 0.104116 0.989100 0.104116
vn 0.100995 -0.989748 0.100995
vn 0.104116 0.989100 0.104116
vn 0.100995 -0.989748 0.100995
vn 0.104116 0.989100 0.104116
vn 0.100995 -0.989748 0.100995
vn 0.104116 0.989100 0.104116
vn 0.100995 -0.989748 0.100995
vn 0.104116 0.989100 0.104116
vn 0.100995 -0.989748 0.100995
vn 0.104116 0.989100 0.104116
vn 0.100995 -0.989748 0.100995
vn 0.104116 0.989100 0.104116
vn 0.100995 -0.989748 0.100995
vn 0.104116 0.989100 0.104116
vn 0.100995 -0.989748 0.100995
vn 0.104116 0.989100 0.104116
vn 0.100995 -0.989748 0.100995
vn 0.104116 0.989100 0.104116
vn 0.100995 -0.989748 0.100995
vn 0.104116 0.989100 0.104116
vn 0.100995 -0.989748 0.100995
vn 0.104116 0.989100 0.104116
vn 0.100995 -0.989748 0.100995
vn 0.104116 0.989100 0.104116
vn 0.100995 -0.989748 0.100995
vn 0.104116 0.989100 0.104116
vn 0.100995 -0.989748 0.100995
vn 0.104116 0.989100 -0.104116
vn 0.100995 -0.989748 -0.100995
vn 0.104116 0.989100 -0.104116
vn 0.100995 -0.989748 -0.100995
vn 0.104116 0.989100 -0.104116
vn 0.100995 -0.989748 -0.100995
vn 0.104116 0.989100 -0.104116
vn 0.100995 -0.989748 -0.100995
vn 0.104116 0.989100 0.104116
vn 0.100995 -0.989748 0.100995
vn 0.104116 0.989100 0.104116
vn 0.100995 -0.989748 0.100995
vn 0.104116 0.989100 0.104116
vn 0.100995 -0.989748 0.100995
vn 0.104116 0.989100 0.104116
vn 0.100995 -0.989748 0.100995
vn 0.104116 0.989100 0.104116
vn 0.100995 -0.989748 0.100995
vn 0.104116 0.989100 0.104116
vn 0.100995 -0.989748 0.100995
vn 0.104116 0.989100 0.104116
vn 0.100995 -0.989748 0.100995
vn 0.104116 0.989100 0.104116
vn 0.100995 -0.989748 0.100995
vn 0.104116 0.989100 0.104116
vn 0.100995 -0.989748 0.100995
vn 0.104116 0.989100 0.104116
vn 0.100995 -0.989748 0.100995
vn 0.104116 0.989100 0.104116
vn 0.100995 -0.989748 0.100995
vn 0.104116 0.989100 0.104116
vn 0.100995 -0.989748 0.100995
vn 0.104116 0.989100 0.104116
vn 0.100995 -0.989748 0.100995
vn 0.104116 0.989100 0.104116
vn 0.100995 -0.989748 0.100995
vn 0.104116 0.989100 0.104116
vn 0.100995 -0.989748 0.100995
vn 0.104116 0.989100 0.104116
vn 0.100995 -0.989748 0.100995
vn 0.104116 0.989100 0.104116
vn 0.100995 -0.989748 0.100995
vn 0.104116 0.989100 -0.104116
vn 0.100995 -0.989748 -0.100995
vn 0.104116 0.989100 -0.104116
vn 0.100995 -0.989748 -0.100995
vn 0.104116 0.989100 -0.104116
vn 0.100995 -0.989748 -0.100995
vn 0.104116 0.989100 -0.104116
vn 0.100995 -0.989748 -0.100995
vn 0.104116 0.989100 0.104116
vn 0.100995 -0.989748 0.100995
vn 0.104116 0.989100 0.104116
vn 0.100995 -0.989748 0.100995
vn 0.104116 0.989100 0.104116
vn 0.100995 -0.989748 0.100995
vn 0.104116 0.989100 0.104116
vn 0.100995 -0.989748 0.100995
vn 0.104116 0.989100 0.104116
vn 0.100995 -0.989748 0.100995
vn 0.104116 0.989100 0.104116
vn 0.100995 -0.989748 0.100995
vn 0.104116 0.989100 0.104116
vn 0.100995 -0.989748 0.100995
vn 0.104116 0.989100 0.104116
vn 0.100995 -0.989748 0.100995
vn 0.104116 0.989100 0.104116
vn 0.100995 -0.989748 0.100995
vn 0.104116 0.989100 0.104116
vn 0.100995 -0.989748 0.100995
vn 0.104116 0.989100 0.104116
vn 0.100995 -0.989748 0.100995
vn 0.104116 0.989100 0.104116
vn 0.100995 -0.989748 0.100995
vn 0.104116 0.989100 0.104116
vn 0.100995 -0.989748 0.100995
vn 0.104116 0.989100 0.104116
vn 0.100995 -0.989748 0.100995
vn 0.104116 0.989100 0.104116
vn 0.100995 -0.989748 0.100995
vn 0.104116 0.989100 0.104116
vn 0.100995 -0.989748 0.100995
vn 0.104116 0.989100 0.104116
vn 0.100995 -0.989748 0.100995
vn 0.104116 0.989100 -0.104116
vn 0.100995 -0.989748 -0.100995
vn 0.104116 0.989100 -0.104116
vn 0.100995 -0.989748 -0.100995
vn 0.104116 0.989100 -0.104116
vn 0.100995 -0.989748 -0.100995
vn 0.104116 0.989100 -0.104116
vn 0.100995 -0.989748 -0.100995
vn 0.104116 0.989100 0.104116
vn 0.100995 -0.989748 0.100995
vn 0.104116 0.989100 0.104116
vn 0.100995 -0.989748 0.100995
vn 0.104116 0.989100 0.104116
vn 0.100995 -0.989748 0.100995
vn 0.104116 0.989100 0.104116
vn 0.100995 -0.989748 0.100995
vn 0.104116 0.989100 0.104116
vn 0.100995 -0.989748 0.100995
vn 0.104116 0.989100 0.104116
vn 0.100995 -0.989748 0.100995
vn 0.104116 0.989100 0.104116
vn 0.100995 -0.989748 0.100995
vn 0.104116 0.989100 0.104116
vn 0.100995 -0.989748 0.100995
vn 0.104116 0.989100 0.104116
vn 0.100995 -0.989748 0.100995
vn 0.104116 0.989100 0.104116
vn 0.100995 -0.989748 0.100995
vn 0.104116 0.989100 0.104116
vn 0.100995 -0.989748 0.100995
vn 0.104116 0.989100 0.104116
vn 0.100995 -0.989748 0.100995
vn 0.104116 0.989100 0.104116
vn 0.100995 -0.989748 0.100995
vn 0.104116 0.989100 0.104116
vn 0.100995 -0.989748 0.100995
vn 0.104116 0.989100 0.104116
vn 0.100995 -0.989748 0.100995
vn 0.104116 0.989100 0.104116
vn 0.100995 -0.989748 0.100995
vn 0.104116 0.989100 0.104116
vn 0.100995 -0.989748 0.100995
vn 0.104116 0.989100 -0.104116
vn 0.100995 -0.989748 -0.100995
vn 0.104116 0.989100 -0.104116
vn 0.100995 -0.989748 -0.100995
vn 0.104116 0.989100 -0.104116
vn 0.100995 -0.989748 -0.100995
vn 0.104116 0.989100 -0.104116
vn 0.100995 -0.989748 -0.100995
vn 0.104116 0.989100 0.104116
vn 0.100995 -0.989748 0.100995
vn 0.104116 0.989100 0.104116
vn 0.100995 -0.989748 0.100995
vn 0.104116 0.989100 0.104116
vn 0.100995 -0.989748 0.100995
vn 0.104116 0.989100 0.104116
vn 0.100995 -0.989748 0.100995
vn 0.104116 0.989100 0.104116
vn 0.100995 -0.989748 0.100995
vn 0.104116 0.989100 0.104116
vn 0.100995 -0.989748 0.100995
vn 0.104116 0.989100 0.104116
vn 0.100995 -0.989748 0.100995
vn 0.104116 0.989100 0.104116
vn 0.100995 -0.989748 0.100995
vn 0.104116 0.989100 0.104116
vn 0.100995 -0.989748 0.100995
vn 0.104116 0.989100 0.104116
vn 0.100995 -0.989748 0.100995
vn 0.104116 0.989100 0.104116
vn 0.100995 -0.989748 0.100995
vn 0.104116 0.989100 0.104116
vn 0.100995 -0.989748 0.100995
vn 0.104116 0.989100 0.104116
vn 0.100995 -0.989748 0.100995
vn 0.104116 0.989100 0.104116
vn 0.100995 -0.989748 0.100995
vn 0.104116 0.989100 0.104116
vn 0.100995 -0.989748 0.100995
vn 0.104116 0.989100 0.104116
vn 0.100995 -0.989748 0.100995
vn 0.104116 0.989100 0.104116
vn 0.100995 -0.989748 0.100995
vn 0.104116 0.989100 -0.104116
vn 0.100995 -0.989748 -0.100995
vn 0.104116 0.989100 -0.104116
vn 0.100995 -0.989748 -0.100995
vn 0.104116 0.989100 -0.104116
vn 0.100995 -0.989748 -0.100995
vn 0.104116 0.989100 -0.104116
vn 0.100995 -0.989748 -0.100995
vn 0.104116 0.989100 0.104116
vn 0.100995 -0.989748 0.100995
vn 0.104116 0.989100 0.104116
vn 0.100995 -0.989748 0.100995
vn 0.104116 0.989100 0.104116
vn 0.100995 -0.989748 0.100995
vn 0.104116 0.989100 0.104116
vn 0.100995 -0.989748 0.100995
vn 0.104116 0.989100 0.104116
vn 0.100995 -0.989748 0.100995
vn 0.104116 0.989100 0.104116
vn 0.100995 -0.989748 0.100995
vn 0.104116 0.989100 0.104116
vn 0.100995 -0.989748 0.100995
vn 0.104116 0.989100 0.104116
vn 0.100995 -0.989748 0.100995
vn 0.104116 0.989100 0.104116
vn 0.100995 -0.989748 0.100995
vn 0.104116 0.989100 0.104116
vn 0.100995 -0.989748 0.100995
vn 0.104116 0.989100 0.104116
vn 0.100995 -0.989748 0.100995
vn 0.104116 0.989100 0.104116
vn 0.100995 -0.989748 0.100995
vn 0.104116 0.989100 0.104116
vn 0.100995 -0.989748 0.100995
vn 0.104116 0.989100 0.104116
vn 0.100995 -0.989748 0.100995
vn 0.104116 0.989100 0.104116
vn 0.100995 -0.989748 0.100995
vn 0.104116 0.989100 0.104116
vn 0.100995 -0.989748 0.100995
vn 0.104116 0.989100 0.104116
vn 0.100995 -0.989748 0.100995
vn 0.104116 0.989100 -0.104116
vn 0.100995 -0.989748 -0.100995
vn 0.104116 0.989100 -0.104116
vn 0.100995 -0.989748 -0.100995
vn 0.104116 0.989100 -0.104116
vn 0.100995 -0.989748 -0.100995
vn 0.104116 0.989100 -0.104116
vn 0.100995 -0.989748 -0.100995
vn 0.104116 0.989100 0.104116
vn 0.100995 -0.989748 0.100995
vn 0.104116 0.989100 0.104116
vn 0.100995 -0.989748 0.100995
vn 0.104116 0.989100 0.104116
vn 0.100995 -0.989748 0.100995
vn 0.104116 0.989100 0.104116
vn 0.100995 -0.989748 0.100995
vn 0.104116 0.989100 0.104116
vn 0.100995 -0.989748 0.100995
vn 0.104116 0.989100 0.104116
vn 0.100995 -0.989748 0.100995
vn 0.104116 0.989100 0.104116
vn 0.100995 -0.989748 0.100995
vn 0.104116 0.989100 0.104116
vn 0.100995 -0.989748 0.100995
vn 0.104116 0.989100 0.104116
vn 0.100995 -0.989748 0.100995
vn 0.104116 0.989100 0.104116
vn 0.100995 -0.989748 0.100995
vn 0.104116 0.989100 0.104116
vn 0.100995 -0.989748 0.100995
vn 0.104116 0.989100 0.104116
vn 0.100995 -0.989748 0.100995
vn 0.104116 0.989100 0.104116
vn 0.100995 -0.989748 0.100995
vn 0.104116 0.989100 0.104116
vn 0.100995 -0.989748 0.100995
vn 0.104116 0.989100 0.104116
vn 0.100995 -0.989748 0.100995
vn 0.104116 0.989100 0.104116
vn 0.100995 -0.989748 0.100995
vn 0.104116 0.989100 0.104116
vn 0.100995 -0.989748 0.100995
vn 0.104116 0.989100 -0.104116
vn 0.100995 -0.989748 -0.100995
vn 0.104116 0.989100 -0.104116
vn 0.100995 -0.989748 -0.100995
vn 0.104116 0.989100 -0.104116
vn 0.100995 -0.989748 -0.100995
vn 0.104116 0.989100 -0.104116
vn 0.100995 -0.989748 -0.100995
vn 0.104116 0.989100 0.104116
vn 0.100995 -0.989748 0.100995
vn 0.104116 0.989100 0.104116
vn 0.100995 -0.989748 0.100995
vn 0.104116 0.989100 0.104116
vn 0.100995 -0.989748 0.100995
vn 0.104116 0.989100 0.104116
vn 0.100995 -0.989748 0.100995
vn 0.104116 0.989100 0.104116
vn 0.100995 -0.989748 0.100995
vn 0.104116 0.989100 0.104116
vn 0.100995 -0.989748 0.100995
vn 0.104116 0.989100 0.104116
vn 0.100995 -0.989748 0.100995
vn 0.104116 0.989100 0.104116
vn 0.100995 -0.989748 0.100995
vn 0.104116 0.989100 0.104116
vn 0.100995 -0.989748 0.100995
vn 0.104116 0.989100 0.104116
vn 0.100995 -0.989748 0.100995
vn 0.104116 0.989100 0.104116
vn 0.100995 -0.989748 0.100995
vn 0.104116 0.989100 0.104116
vn 0.100995 -0.989748 0.100995
vn 0.104116 0.989100 0.104116
vn 0.100995 -0.989748 0.100995
vn 0.104116 0.989100 0.104116
vn 0.100995 -0.989748 0.100995
vn 0.104116 0.989100 0.104116
vn 0.100995 -0.989748 0.100995
vn 0.104116 0.989100 0.104116
vn 0.100995 -0.989748 0.100995
vn 0.104116 0.989100 0.104116
vn 0.100995 -0.989748 0.100995
vn 0.104116 0.989100 -0.104116
vn 0.100995 -0.989748 -0.100995
vn 0.104116 0.989100 -0.104116
vn 0.100995 -0.989748 -0.100995
vn 0.104116 0.989100 -0.104116
vn 0.100995 -0.989748 -0.100995
vn 0.104116 0.989100 -0.104116
vn 0.100995 -0.989748 -0.100995
vn 0.104116 0.989100 0.104116
vn 0.100995 -0.989748 0.100995
vn 0.104116 0.989100 0.104116
vn 0.100995 -0.989748 0.100995
vn 0.104116 0.989100 0.104116
vn 0.100995 -0.989748 0.100995
vn 0.104116 0.989100 0.104116
vn 0.100995 -0.989748 0.100995
vn 0.104116 0.989100 0.104116
vn 0.100995 -0.989748 0.100995
vn 0.104116 0.989100 0.104116
vn 0.100995 -0.989748 0.100995
vn 0.104116 0.989100 0.104116
vn 0.100995 -0.989748 0.100995
vn 0.104116 0.989100 0.104116
vn 0.100995 -0.989748 0.100995
vn 0.104116 0.989100 0.104116
vn 0.100995 -0.989748 0.100995
vn 0.104116 0.989100 0.104116
vn 0.100995 -0.989748 0.100995
vn 0.104116 0.989100 0.104116
vn 0.100995 -0.989748 0.100995
vn 0.104116 0.989100 0.104116
vn 0.100995 -0.989748 0.100995
vn 0.104116 0.989100 0.104116
vn 0.100995 -0.989748 0.100995
vn 0.104116 0.989100 0.104116
vn 0.100995 -0.989748 0.100995
vn 0.104116 0.989100 0.104116
vn 0.100995 -0.989748 0.100995
vn 0.104116 0.989100 0.104116
vn 0.100995 -0.989748 0.100995
vn 0.104116 0.989100 0.104116
vn 0.100995 -0.989748 0.100995
vn 0.104116 0.989100 -0.104116
vn 0.100995 -0.989748 -0.100995
vn 0.104116 0.989100 -0.104116
vn 0.100995 -0.989748 -0.100995
vn 0.104116 0.989100 -0.104116
vn 0.100995 -0.989748 -0.100995
vn 0.104116 0.989100 -0.104116
vn 0.100995 -0.989748 -0.100995
vn 0.104116 0.989100 0.104116
vn 0.100995 -0.989748 0.100995
vn 0.104116 0.989100 0.104116
vn 0.100995 -0.989748 0.100995
vn 0.104116 0.989100 0.104116
vn 0.100995 -0.989748 0.100995
vn 0.104116 0.989100 0.104116
vn 0.100995 -0.989748 0.100995
vn 0.104116 0.989100 0.104116
vn 0.100995 -0.989748 0.100995
vn 0.104116 0.989100 0.104116
vn 0.100995 -0.989748 0.100995
vn 0.104116 0.989100 0.104116
vn 0.100995 -0.989748 0.100995
vn 0.104116 0.989100 0.104116
vn 0.100995 -0.989748 0.100995
vn 0.104116 0.989100 0.104116
vn 0.100995 -0.989748 0.100995
vn 0.104116 0.989100 0.104116
vn 0.100995 -0.989748 0.100995
vn 0.104116 0.989100 0.104116
vn 0.100995 -0.989748 0.100995
vn 0.104116 0.989100 0.104116
vn 0.100995 -0.989748 0.100995
vn 0.104116 0.989100 0.104116
vn 0.100995 -0.989748 0.100995
vn 0.104116 0.989100 0.104116
vn 0.100995 -0.989748 0.100995
vn 0.104116 0.989100 0.104116
vn 0.100995 -0.989748 0.100995
vn 0.104116 0.989100 0.104116
vn 0.100995 -0.989748 0.100995
vn 0.104116 0.989100 0.104116
vn 0.100995 -0.989748 0.100995
vn 0.104116 0.989100 -0.104116
vn 0.100995 -0.989748 -0.100995
vn 0.104116 0.989100 -0.104116
vn 0.100995 -0.989748 -0.100995
vn 0.104116 0.989100 -0.104116
vn 0.100995 -0.989748 -0.100995
vn 0.104116 0.989100 -0.104116
vn 0.100995 -0.989748 -0.100995
vn 0.104116 0.989100 0.104116
vn 0.100995 -0.989748 0.100995
vn 0.104116 0.989100 0.104116
vn 0.100995 -0.989748 0.100995
vn 0.104116 0.989100 0.104116
vn 0.100995 -0.989748 0.100995
vn 0.104116 0.989100 0.104116
vn 0.100995 -0.989748 0.100995
vn 0.104116 0.989100 0.104116
vn 0.100995 -0.989748 0.100995
vn 0.104116 0.989100 0.104116
vn 0.100995 -0.989748 0.100995
vn 0.104116 0.989100 0.104116
vn 0.100995 -0.989748 0.100995
vn 0.104116 0.989100 0.104116
vn 0.100995 -0.989748 0.100995
vn 0.104116 0.989100 0.104116
vn 0.100995 -0.989748 0.100995
vn 0.104116 0.989100 0.104116
vn 0.100995 -0.989748 0.100995
vn 0.104116 0.989100 0.104116
vn 0.100995 -0.989748 0.100995
vn 0.104116 0.989100 0.104116
vn 0.100995 -0.989748 0.100995
vn 0.104116 0.989100 0.104116
vn 0.100995 -0.989748 0.100995
vn 0.104116 0.989100 0.104116
vn 0.100995 -0.989748 0.100995
vn 0.104116 0.989100 0.104116
vn 0.100995 -0.989748 0.100995
vn 0.104116 0.989100 0.104116
vn 0.100995 -0.989748 0.100995
vn 0.104116 0.989100 0.104116
vn 0.100995 -0.989748 0.100995
vn 0.900000 0.300000 0.000000
vn 0.900000 0.300000 0.100000
vn 0.919145 0.000000 -0.393919
vn 0.892165 0.228166 -0.389847
vn 0.816821 0.435007 -0.378909
vn 0.706452 0.606904 -0.364133
vn 0.575396 0.739795 -0.348743
vn 0.434469 0.836008 -0.335153
vn 0.290020 0.900220 -0.324797
vn 0.144934 0.936815 -0.318389
vn 0.000000 0.948683 -0.316228
vn -0.144934 0.936815 -0.318389
vn -0.290020 0.900220 -0.324797
vn -0.434469 0.836008 -0.335153
vn -0.575396 0.739795 -0.348743
vn -0.706452 0.606904 -0.364133
vn -0.816821 0.435007 -0.378909
vn -0.892165 0.228166 -0.389847
vn -0.919145 0.000000 -0.393919
vn 0.919145 0.000000 -0.393919
vn 0.892165 0.228166 -0.389847
vn 0.816821 0.435007 -0.378909
vn 0.706452 0.606904 -0.364133
vn 0.575396 0.739795 -0.348743
vn 0.434469 0.836008 -0.335153
vn 0.290020 0.900220 -0.324797
vn 0.144934 0.936815 -0.318389
vn 0.000000 0.948683 -0.316228
vn -0.144934 0.936815 -0.318389
vn -0.290020 0.900220 -0.324797
vn -0.434469 0.836008 -0.335153
vn -0.575396 0.739795 -0.348743
vn -0.706452 0.606904 -0.364133
vn -0.816821 0.435007 -0.378909
vn -0.892165 0.228166 -0.389847
vn -0.919145 0.000000 -0.393919
vn 0.919145 0.000000 -0.393919
vn 0.892165 0.228166 -0.389847
vn 0.816821 0.435007 -0.378909
vn 0.706452 0.606904 -0.364133
vn 0.575396 0.739795 -0.348743
vn 0.434469 0.836008 -0.335153
vn 0.290020 0.900220 -0.324797
vn 0.144934 0.936815 -0.318389
vn 0.000000 0.948683 -0.316228
vn -0.144934 0.936815 -0.318389
vn -0.290020 0.900220 -0.324797
vn -0.434469 0.836008 -0.335153
vn -0.575396 0.739795 -0.348743
vn -0.706452 0.606904 -0.364133
vn -0.816821 0.435007 -0.378909
vn -0.892165 0.228166 -0.389847
vn -0.919145 0.000000 -0.393919
vn 0.919145 0.000000 -0.393919
vn 0.892165 0.228166 -0.389847
vn 0.816821 0.435007 -0.378909
vn 0.706452 0.606904 -0.364133
vn 0.575396 0.739795 -0.348743
vn 0.434469 0.836008 -0.335153
vn 0.290020 0.900220 -0.324797
vn 0.144934 0.936815 -0.318389
vn 0.000000 0.948683 -0.316228
vn -0.144934 0.936815 -0.318389
vn -0.290020 0.900220 -0.324797
vn -0.434469 0.836008 -0.335153
vn -0.575396 0.739795 -0.348743
vn -0.706452 0.606904 -0.364133
vn -0.816821 0.435007 -0.378909
vn -0.892165 0.228166 -0.389847
vn -0.919145 0.000000 -0.393919
vn 0.919145 0.000000 -0.393919
vn 0.892165 0.228166 -0.389847
vn 0.816821 0.435007 -0.378909
vn 0.706452 0.606904 -0.364133
vn 0.575396 0.739795 -0.348743
vn 0.434469 0.836008 -0.335153
vn 0.290020 0.900220 -0.324797
vn 0.144934 0.936815 -0.318389
vn 0.000000 0.948683 -0.316228
vn -0.144934 0.936815 -0.318389
vn -0.290020 0.900220 -0.324797
vn -0.434469 0.836008 -0.335153
vn -0.575396 0.739795 -0.348743
vn -0.706452 0.606904 -0.364133
vn -0.816821 0.435007 -0.378909
vn -0.892165 0.228166 -0.389847
vn -0.919145 0.000000 -0.393919
vn 0.919145 0.000000 -0.393919
vn 0.892165 0.228166 -0.389847
vn 0.816821 0.435007 -0.378909
vn 0.706452 0.606904 -0.364133
vn 0.575396 0.739795 -0.348743
vn 0.434469 0.836008 -0.335153
vn 0.290020 0.900220 -0.324797
vn 0.144934 0.936815 -0.318389
vn 0.000000 0.948683 -0.316228
vn -0.144934 0.936815 -0.318389
vn -0.290020 0.900220 -0.324797
vn -0.434469 0.836008 -0.335153
vn -0.575396 0.739795 -0.348743
vn -0.706452 0.606904 -0.364133
vn -0.816821 0.435007 -0.378909
vn -0.892165 0.228166 -0.389847
vn -0.919145 0.000000 -0.393919
vn 0.919145 0.000000 -0.393919
vn 0.892165 0.228166 -0.389847
vn 0.816821 0.435007 -0.378909
vn 0.706452 0.606904 -0.364133
vn 0.575396 0.739795 -0.348743
vn 0.434469 0.836008 -0.335153
vn 0.290020 0.900220 -0.324797
vn 0.144934 0.936815 -0.318389
vn 0.000000 0.948683 -0.316228
vn -0.144934 0.936815 -0.318389
vn -0.290020 0.900220 -0.324797
vn -0.434469 0.836008 -0.335153
vn -0.575396 0.739795 -0.348743
vn -0.706452 0.606904 -0.364133
vn -0.816821 0.435007 -0.378909
vn -0.892165 0.228166 -0.389847
vn -0.919145 0.000000 -0.393919
vn 0.919145 0.000000 0.393919
vn 0.892165 0.228166 0.389847
vn 0.816821 0.435007 0.378909
vn 0.706452 0.606904 0.364133
vn 0.575396 0.739795 0.348743
vn 0.434469 0.836008 0.335153
vn 0.290020 0.900220 0.324797
vn 0.144934 0.936815 0.318389
vn 0.000000 0.948683 0.316228
vn -0.144934 0.936815 0.318389
vn -0.290020 0.900220 0.324797
vn -0.434469 0.836008 0.335153
vn -0.575396 0.739795 0.348743
vn -0.706452 0.606904 0.364133
vn -0.816821 0.435007 0.378909
vn -0.892165 0.228166 0.389847
vn -0.919145 0.000000 0.393919
vn 0.919145 0.000000 0.393919
vn 0.892165 0.228166 0.389847
vn 0.816821 0.435007 0.378909
vn 0.706452 0.606904 0.364133
vn 0.575396 0.739795 0.348743
vn 0.434469 0.836008 0.335153
vn 0.290020 0.900220 0.324797
vn 0.144934 0.936815 0.318389
vn 0.000000 0.948683 0.316228
vn -0.144934 0.936815 0.318389
vn -0.290020 0.900220 0.324797
vn -0.434469 0.836008 0.335153
vn -0.575396 0.739795 0.348743
vn -0.706452 0.606904 0.364133
vn -0.816821 0.435007 0.378909
vn -0.892165 0.228166 0.389847
vn -0.919145 0.000000 0.393919
vn 0.919145 0.000000 0.393919
vn 0.892165 0.228166 0.389847
vn 0.816821 0.435007 0.378909
vn 0.706452 0.606904 0.364133
vn 0.575396 0.739795 0.348743
vn 0.434469 0.836008 0.335153
vn 0.290020 0.900220 0.324797
vn 0.144934 0.936815 0.318389
vn 0.000000 0.948683 0.316228
vn -0.144934 0.936815 0.318389
vn -0.290020 0.900220 0.324797
vn -0.434469 0.836008 0.335153
vn -0.575396 0.739795 0.348743
vn -0.706452 0.606904 0.364133
vn -0.816821 0.435007 0.378909
vn -0.892165 0.228166 0.389847
vn -0.919145 0.000000 0.393919
vn 0.919145 0.000000 0.393919
vn 0.892165 0.228166 0.389847
vn 0.816821 0.435007 0.378909
vn 0.706452 0.606904 0.364133
vn 0.575396 0.739795 0.348743
vn 0.434469 0.836008 0.335153
vn 0.290020 0.900220 0.324797
vn 0.144934 0.936815 0.318389
vn 0.000000 0.948683 0.316228
vn -0.144934 0.936815 0.318389
vn -0.290020 0.900220 0.324797
vn -0.434469 0.836008 0.335153
vn -0.575396 0.739795 0.348743
vn -0.706452 0.606904 0.364133
vn -0.816821 0.435007 0.378909
vn -0.892165 0.228166 0.389847
vn -0.919145 0.000000 0.393919
vn 0.919145 0.000000 0.393919
vn 0.892165 0.228166 0.389847
vn 0.816821 0.435007 0.378909
vn 0.706452 0.606904 0.364133
vn 0.575396 0.739795 0.348743
vn 0.434469 0.836008 0.335153
vn 0.290020 0.900220 0.324797
vn 0.144934 0.936815 0.318389
vn 0.000000 0.948683 0.316228
vn -0.144934 0.936815 0.318389
vn -0.290020 0.900220 0.324797
vn -0.434469 0.836008 0.335153
vn -0.575396 0.739795 0.348743
vn -0.706452 0.606904 0.364133
vn -0.816821 0.435007 0.378909
vn -0.892165 0.228166 0.389847
vn -0.919145 0.000000 0.393919
vn 0.919145 0.000000 0.393919
vn 0.892165 0.228166 0.389847
vn 0.816821 0.435007 0.378909
vn 0.706452 0.606904 0.364133
vn 0.575396 0.739795 0.348743
vn 0.434469 0.836008 0.335153
vn 0.290020 0.900220 0.324797
vn 0.144934 0.936815 0.318389
vn 0.000000 0.948683 0.316228
vn -0.144934 0.936815 0.318389
vn -0.290020 0.900220 0.324797
vn -0.434469 0.836008 0.335153
vn -0.575396 0.739795 0.348743
vn -0.706452 0.606904 0.364133
vn -0.816821 0.435007 0.378909
vn -0.892165 0.228166 0.389847
vn -0.919145 0.000000 0.393919
vn 0.919145 0.000000 0.393919
vn 0.892165 0.228166 0.389847
vn 0.816821 0.435007 0.378909
vn 0.706452 0.606904 0.364133
vn 0.575396 0.739795 0.348743
vn 0.434469 0.836008 0.335153
vn 0.290020 0.900220 0.324797
vn 0.144934 0.936815 0.318389
vn 0.000000 0.948683 0.316228
vn -0.144934 0.936815 0.318389
vn -0.290020 0.900220 0.324797
vn -0.434469 0.836008 0.335153
vn -0.575396 0.739795 0.348743
vn -0.706452 0.606904 0.364133
vn -0.816821 0.435007 0.378909
vn -0.892165 0.228166 0.389847
vn -0.919145 0.000000 0.393919
vn 0.919145 0.000000 0.393919
vn 0.892165 0.228166 0.389847
vn 0.816821 0.435007 0.378909
vn 0.706452 0.606904 0.364133
vn 0.575396 0.739795 0.348743
vn 0.434469 0.836008 0.335153
vn 0.290020 0.900220 0.324797
vn 0.144934 0.936815 0.318389
vn 0.000000 0.948683 0.316228
vn -0.144934 0.936815 0.318389
vn -0.290020 0.900220 0.324797
vn -0.434469 0.836008 0.335153
vn -0.575396 0.739795 0.348743
vn -0.706452 0.606904 0.364133
vn -0.816821 0.435007 0.378909
vn -0.892165 0.228166 0.389847
vn -0.919145 0.000000 0.393919
vn 0.853034 0.000000 0.521856
vn 0.823967 0.220781 0.521856
vn 0.738749 0.426517 0.521856
vn 0.603186 0.603186 0.521856
vn 0.426517 0.738749 0.521856
vn 0.220781 0.823967 0.521856
vn 0.000000 0.853034 0.521856
vn -0.220781 0.823967 0.521856
vn -0.426517 0.738749 0.521856
vn -0.603186 0.603186 0.521856
vn -0.738749 0.426517 0.521856
vn -0.823967 0.220781 0.521856
vn -0.853034 0.000000 0.521856
vn -0.823967 -0.220781 0.521856
vn -0.738749 -0.426517 0.521856
vn -0.603186 -0.603186 0.521856
vn -0.426517 -0.738749 0.521856
vn -0.220781 -0.823967 0.521856
vn -0.000000 -0.853034 0.521856
vn 0.220781 -0.823967 0.521856
vn 0.426517 -0.738749 0.521856
vn 0.603186 -0.603186 0.521856
vn 0.738749 -0.426517 0.521856
vn 0.823967 -0.220781 0.521856
vn 0.853034 0.000000 0.521856
vn 0.823967 0.220781 0.521856
vn 0.738749 0.426517 0.521856
vn 0.603186 0.603186 0.521856
vn 0.426517 0.738749 0.521856
vn 0.220781 0.823967 0.521856
vn 0.000000 0.853034 0.521856
vn -0.220781 0.823967 0.521856
vn -0.426517 0.738749 0.521856
vn -0.603186 0.603186 0.521856
vn -0.738749 0.426517 0.521856
vn -0.823967 0.220781 0.521856
vn -0.853034 0.000000 0.521856
vn -0.823967 -0.220781 0.521856
vn -0.738749 -0.426517 0.521856
vn -0.603186 -0.603186 0.521856
vn -0.426517 -0.738749 0.521856
vn -0.220781 -0.823967 0.521856
vn -0.000000 -0.853034 0.521856
vn 0.220781 -0.823967 0.521856
vn 0.426517 -0.738749 0.521856
vn 0.603186 -0.603186 0.521856
vn 0.738749 -0.426517 0.521856
vn 0.823967 -0.220781 0.521856
vn 0.853034 0.000000 0.521856
vn 0.823967 0.220781 0.521856
vn 0.738749 0.426517 0.521856
vn 0.603186 0.603186 0.521856
vn 0.426517 0.738749 0.521856
vn 0.220781 0.823967 0.521856
vn 0.000000 0.853034 0.521856
vn -0.220781 0.823967 0.521856
vn -0.426517 0.738749 0.521856
vn -0.603186 0.603186 0.521856
vn -0.738749 0.426517 0.521856
vn -0.823967 0.220781 0.521856
vn -0.853034 0.000000 0.521856
vn -0.823967 -0.220781 0.521856
vn -0.738749 -0.426517 0.521856
vn -0.603186 -0.603186 0.521856
vn -0.426517 -0.738749 0.521856
vn -0.220781 -0.823967 0.521856
vn -0.000000 -0.853034 0.521856
vn 0.220781 -0.823967 0.521856
vn 0.426517 -0.738749 0.521856
vn 0.603186 -0.603186 0.521856
vn 0.738749 -0.426517 0.521856
vn 0.823967 -0.220781 0.521856
vn 0.853034 0.000000 0.521856
vn 0.823967 0.220781 0.521856
vn 0.738749 0.426517 0.521856
vn 0.603186 0.603186 0.521856
vn 0.426517 0.738749 0.521856
vn 0.220781 0.823967 0.521856
vn 0.000000 0.853034 0.521856
vn -0.220781 0.823967 0.521856
vn -0.426517 0.738749 0.521856
vn -0.603186 0.603186 0.521856
vn -0.738749 0.426517 0.521856
vn -0.823967 0.220781 0.521856
vn -0.853034 0.000000 0.521856
vn -0.823967 -0.220781 0.521856
vn -0.738749 -0.426517 0.521856
vn -0.603186 -0.603186 0.521856
vn -0.426517 -0.738749 0.521856
vn -0.220781 -0.823967 0.521856
vn -0.000000 -0.853034 0.521856
vn 0.220781 -0.823967 0.521856
vn 0.426517 -0.738749 0.521856
vn 0.603186 -0.603186 0.521856
vn 0.738749 -0.426517 0.521856
vn 0.823967 -0.220781 0.521856
vn 0.853034 0.000000 0.521856
vn 0.823967 0.220781 0.521856
vn 0.738749 0.426517 0.521856
vn 0.603186 0.603186 0.521856
vn 0.426517 0.738749 0.521856
vn 0.220781 0.823967 0.521856
vn 0.000000 0.853034 0.521856
vn -0.220781 0.823967 0.521856
vn -0.426517 0.738749 0.521856
vn -0.603186 0.603186 0.521856
vn -0.738749 0.426517 0.521856
vn -0.823967 0.220781 0.521856
vn -0.853034 0.000000 0.521856
vn -0.823967 -0.220781 0.521856
vn -0.738749 -0.426517 0.521856
vn -0.603186 -0.603186 0.521856
vn -0.426517 -0.738749 0.521856
vn -0.220781 -0.823967 0.521856
vn -0.000000 -0.853034 0.521856
vn 0.220781 -0.823967 0.521856
vn 0.426517 -0.738749 0.521856
vn 0.603186 -0.603186 0.521856
vn 0.738749 -0.426517 0.521856
vn 0.823967 -0.220781 0.521856
vn 0.853034 0.000000 0.521856
vn 0.823967 0.220781 0.521856
vn 0.738749 0.426517 0.521856
vn 0.603186 0.603186 0.521856
vn 0.426517 0.738749 0.521856
vn 0.220781 0.823967 0.521856
vn 0.000000 0.853034 0.521856
vn -0.220781 0.823967 0.521856
vn -0.426517 0.738749 0.521856
vn -0.603186 0.603186 0.521856
vn -0.738749 0.426517 0.521856
vn -0.823967 0.220781 0.521856
vn -0.853034 0.000000 0.521856
vn -0.823967 -0.220781 0.521856
vn -0.738749 -0.426517 0.521856
vn -0.603186 -0.603186 0.521856
vn -0.426517 -0.738749 0.521856
vn -0.220781 -0.823967 0.521856
vn -0.000000 -0.853034 0.521856
vn 0.220781 -0.823967 0.521856
vn 0.426517 -0.738749 0.521856
vn 0.603186 -0.603186 0.521856
vn 0.738749 -0.426517 0.521856
vn 0.823967 -0.220781 0.521856
vn 0.853034 0.000000 0.521856
vn 0.823967 0.220781 0.521856
vn 0.738749 0.426517 0.521856
vn 0.603186 0.603186 0.521856
vn 0.426517 0.738749 0.521856
vn 0.220781 0.823967 0.521856
vn 0.000000 0.853034 0.521856
vn -0.220781 0.823967 0.521856
vn -0.426517 0.738749 0.521856
vn -0.603186 0.603186 0.521856
vn -0.738749 0.426517 0.521856
vn -0.823967 0.220781 0.521856
vn -0.853034 0.000000 0.521856
vn -0.823967 -0.220781 0.521856
vn -0.738749 -0.426517 0.521856
vn -0.603186 -0.603186 0.521856
vn -0.426517 -0.738749 0.521856
vn -0.220781 -0.823967 0.521856
vn -0.000000 -0.853034 0.521856
vn 0.220781 -0.823967 0.521856
vn 0.426517 -0.738749 0.521856
vn 0.603186 -0.603186 0.521856
vn 0.738749 -0.426517 0.521856
vn 0.823967 -0.220781 0.521856
vn 0.853034 0.000000 0.521856
vn 0.823967 0.220781 0.521856
vn 0.738749 0.426517 0.521856
vn 0.603186 0.603186 0.521856
vn 0.426517 0.738749 0.521856
vn 0.220781 0.823967 0.521856
vn 0.000000 0.853034 0.521856
vn -0.220781 0.823967 0.521856
vn -0.426517 0.738749 0.521856
vn -0.603186 0.603186 0.521856
vn -0.738749 0.426517 0.521856
vn -0.823967 0.220781 0.521856
vn -0.853034 0.000000 0.521856
vn -0.823967 -0.220781 0.521856
vn -0.738749 -0.426517 0.521856
vn -0.603186 -0.603186 0.521856
vn -0.426517 -0.738749 0.521856
vn -0.220781 -0.823967 0.521856
vn -0.000000 -0.853034 0.521856
vn 0.220781 -0.823967 0.521856
vn 0.426517 -0.738749 0.521856
vn 0.603186 -0.603186 0.521856
vn 0.738749 -0.426517 0.521856
vn 0.823967 -0.220781 0.521856
vn 0.853034 0.000000 0.521856
vn 0.823967 0.220781 0.521856
vn 0.738749 0.426517 0.521856
vn 0.603186 0.603186 0.521856
vn 0.426517 0.738749 0.521856
vn 0.220781 0.823967 0.521856
vn 0.000000 0.853034 0.521856
vn -0.220781 0.823967 0.521856
vn -0.426517 0.738749 0.521856
vn -0.603186 0.603186 0.521856
vn -0.738749 0.426517 0.521856
vn -0.823967 0.220781 0.521856
vn -0.853034 0.000000 0.521856
vn -0.823967 -0.220781 0.521856
vn -0.738749 -0.426517 0.521856
vn -0.603186 -0.603186 0.521856
vn -0.426517 -0.738749 0.521856
vn -0.220781 -0.823967 0.521856
vn -0.000000 -0.853034 0.521856
vn 0.220781 -0.823967 0.521856
vn 0.426517 -0.738749 0.521856
vn 0.603186 -0.603186 0.521856
vn 0.738749 -0.426517 0.521856
vn 0.823967 -0.220781 0.521856
vn 0.853034 0.000000 0.521856
vn 0.823967 0.220781 0.521856
vn 0.738749 0.426517 0.521856
vn 0.603186 0.603186 0.521856
vn 0.426517 0.738749 0.521856
vn 0.220781 0.823967 0.521856
vn 0.000000 0.853034 0.521856
vn -0.220781 0.823967 0.521856
vn -0.426517 0.738749 0.521856
vn -0.603186 0.603186 0.521856
vn -0.738749 0.426517 0.521856
vn -0.823967 0.220781 0.521856
vn -0.853034 0.000000 0.521856
vn -0.823967 -0.220781 0.521856
vn -0.738749 -0.426517 0.521856
vn -0.603186 -0.603186 0.521856
vn -0.426517 -0.738749 0.521856
vn -0.220781 -0.823967 0.521856
vn -0.000000 -0.853034 0.521856
vn 0.220781 -0.823967 0.521856
vn 0.426517 -0.738749 0.521856
vn 0.603186 -0.603186 0.521856
vn 0.738749 -0.426517 0.521856
vn 0.823967 -0.220781 0.521856
vn 0.853034 0.000000 0.521856
vn 0.823967 0.220781 0.521856
vn 0.738749 0.426517 0.521856
vn 0.603186 0.603186 0.521856
vn 0.426517 0.738749 0.521856
vn 0.220781 0.823967 0.521856
vn 0.000000 0.853034 0.521856
vn -0.220781 0.823967 0.521856
vn -0.426517 0.738749 0.521856
vn -0.603186 0.603186 0.521856
vn -0.738749 0.426517 0.521856
vn -0.823967 0.220781 0.521856
vn -0.853034 0.000000 0.521856
vn -0.823967 -0.220781 0.521856
vn -0.738749 -0.426517 0.521856
vn -0.603186 -0.603186 0.521856
vn -0.426517 -0.738749 0.521856
vn -0.220781 -0.823967 0.521856
vn -0.000000 -0.853034 0.521856
vn 0.220781 -0.823967 0.521856
vn 0.426517 -0.738749 0.521856
vn 0.603186 -0.603186 0.521856
vn 0.738749 -0.426517 0.521856
vn 0.823967 -0.220781 0.521856
vn 0.853034 0.000000 0.521856
vn 0.823967 0.220781 0.521856
vn 0.738749 0.426517 0.521856
vn 0.603186 0.603186 0.521856
vn 0.426517 0.738749 0.521856
vn 0.220781 0.823967 0.521856
vn 0.000000 0.853034 0.521856
vn -0.220781 0.823967 0.521856
vn -0.426517 0.738749 0.521856
vn -0.603186 0.603186 0.521856
vn -0.738749 0.426517 0.521856
vn -0.823967 0.220781 0.521856
vn -0.853034 0.000000 0.521856
vn -0.823967 -0.220781 0.521856
vn -0.738749 -0.426517 0.521856
vn -0.603186 -0.603186 0.521856
vn -0.426517 -0.738749 0.521856
vn -0.220781 -0.823967 0.521856
vn -0.000000 -0.853034 0.521856
vn 0.220781 -0.823967 0.521856
vn 0.426517 -0.738749 0.521856
vn 0.603186 -0.603186 0.521856
vn 0.738749 -0.426517 0.521856
vn 0.823967 -0.220781 0.521856
vn 0.853034 0.000000 0.521856
vn 0.823967 0.220781 0.521856
vn 0.738749 0.426517 0.521856
vn 0.603186 0.603186 0.521856
vn 0.426517 0.738749 0.521856
vn 0.220781 0.823967 0.521856
vn 0.000000 0.853034 0.521856
vn -0.220781 0.823967 0.521856
vn -0.426517 0.738749 0.521856
vn -0.603186 0.603186 0.521856
vn -0.738749 0.426517 0.521856
vn -0.823967 0.220781 0.521856
vn -0.853034 0.000000 0.521856
vn -0.823967 -0.220781 0.521856
vn -0.738749 -0.426517 0.521856
vn -0.603186 -0.603186 0.521856
vn -0.426517 -0.738749 0.521856
vn -0.220781 -0.823967 0.521856
vn -0.000000 -0.853034 0.521856
vn 0.220781 -0.823967 0.521856
vn 0.426517 -0.738749 0.521856
vn 0.603186 -0.603186 0.521856
vn 0.738749 -0.426517 0.521856
vn 0.823967 -0.220781 0.521856
vn 0.000000 0.000000 -1.000000
vn 0.853034 0.000000 0.521856
vn 0.823967 0.220781 0.521856
vn 0.738749 0.426517 0.521856
vn 0.603186 0.603186 0.521856
vn 0.426517 0.738749 0.521856
vn 0.220781 0.823967 0.521856
vn 0.000000 0.853034 0.521856
vn -0.220781 0.823967 0.521856
vn -0.426517 0.738749 0.521856
vn -0.603186 0.603186 0.521856
vn -0.738749 0.426517 0.521856
vn -0.823967 0.220781 0.521856
vn -0.853034 0.000000 0.521856
vn -0.823967 -0.220781 0.521856
vn -0.738749 -0.426517 0.521856
vn -0.603186 -0.603186 0.521856
vn -0.426517 -0.738749 0.521856
vn -0.220781 -0.823967 0.521856
vn -0.000000 -0.853034 0.521856
vn 0.220781 -0.823967 0.521856
vn 0.426517 -0.738749 0.521856
vn 0.603186 -0.603186 0.521856
vn 0.738749 -0.426517 0.521856
vn 0.823967 -0.220781 0.521856
vn 0.853034 0.000000 0.521856
vn 0.823967 0.220781 0.521856
vn 0.738749 0.426517 0.521856
vn 0.603186 0.603186 0.521856
vn 0.426517 0.738749 0.521856
vn 0.220781 0.823967 0.521856
vn 0.000000 0.853034 0.521856
vn -0.220781 0.823967 0.521856
vn -0.426517 0.738749 0.521856
vn -0.603186 0.603186 0.521856
vn -0.738749 0.426517 0.521856
vn -0.823967 0.220781 0.521856
vn -0.853034 0.000000 0.521856
vn -0.823967 -0.220781 0.521856
vn -0.738749 -0.426517 0.521856
vn -0.603186 -0.603186 0.521856
vn -0.426517 -0.738749 0.521856
vn -0.220781 -0.823967 0.521856
vn -0.000000 -0.853034 0.521856
vn 0.220781 -0.823967 0.521856
vn 0.426517 -0.738749 0.521856
vn 0.603186 -0.603186 0.521856
vn 0.738749 -0.426517 0.521856
vn 0.823967 -0.220781 0.521856
vn 0.853034 0.000000 0.521856
vn 0.823967 0.220781 0.521856
vn 0.738749 0.426517 0.521856
vn 0.603186 0.603186 0.521856
vn 0.426517 0.738749 0.521856
vn 0.220781 0.823967 0.521856
vn 0.000000 0.853034 0.521856
vn -0.220781 0.823967 0.521856
vn -0.426517 0.738749 0.521856
vn -0.603186 0.603186 0.521856
vn -0.738749 0.426517 0.521856
vn -0.823967 0.220781 0.521856
vn -0.853034 0.000000 0.521856
vn -0.823967 -0.220781 0.521856
vn -0.738749 -0.426517 0.521856
vn -0.603186 -0.603186 0.521856
vn -0.426517 -0.738749 0.521856
vn -0.220781 -0.823967 0.521856
vn -0.000000 -0.853034 0.521856
vn 0.220781 -0.823967 0.521856
vn 0.426517 -0.738749 0.521856
vn 0.603186 -0.603186 0.521856
vn 0.738749 -0.426517 0.521856
vn 0.823967 -0.220781 0.521856
vn 0.853034 0.000000 0.521856
vn 0.823967 0.220781 0.521856
vn 0.738749 0.426517 0.521856
vn 0.603186 0.603186 0.521856
vn 0.426517 0.738749 0.521856
vn 0.220781 0.823967 0.521856
vn 0.000000 0.853034 0.521856
vn -0.220781 0.823967 0.521856
vn -0.426517 0.738749 0.521856
vn -0.603186 0.603186 0.521856
vn -0.738749 0.426517 0.521856
vn -0.823967 0.220781 0.521856
vn -0.853034 0.000000 0.521856
vn -0.823967 -0.220781 0.521856
vn -0.738749 -0.426517 0.521856
vn -0.603186 -0.603186 0.521856
vn -0.426517 -0.738749 0.521856
vn -0.220781 -0.823967 0.521856
vn -0.000000 -0.853034 0.521856
vn 0.220781 -0.823967 0.521856
vn 0.426517 -0.738749 0.521856
vn 0.603186 -0.603186 0.521856
vn 0.738749 -0.426517 0.521856
vn 0.823967 -0.220781 0.521856
vn 0.853034 0.000000 0.521856
vn 0.823967 0.220781 0.521856
vn 0.738749 0.426517 0.521856
vn 0.603186 0.603186 0.521856
vn 0.426517 0.738749 0.521856
vn 0.220781 0.823967 0.521856
vn 0.000000 0.853034 0.521856
vn -0.220781 0.823967 0.521856
vn -0.426517 0.738749 0.521856
vn -0.603186 0.603186 0.521856
vn -0.738749 0.426517 0.521856
vn -0.823967 0.220781 0.521856
vn -0.853034 0.000000 0.521856
vn -0.823967 -0.220781 0.521856
vn -0.738749 -0.426517 0.521856
vn -0.603186 -0.603186 0.521856
vn -0.426517 -0.738749 0.521856
vn -0.220781 -0.823967 0.521856
vn -0.000000 -0.853034 0.521856
vn 0.220781 -0.823967 0.521856
vn 0.426517 -0.738749 0.521856
vn 0.603186 -0.603186 0.521856
vn 0.738749 -0.426517 0.521856
vn 0.823967 -0.220781 0.521856
vn 0.853034 0.000000 0.521856
vn 0.823967 0.220781 0.521856
vn 0.738749 0.426517 0.521856
vn 0.603186 0.603186 0.521856
vn 0.426517 0.738749 0.521856
vn 0.220781 0.823967 0.521856
vn 0.000000 0.853034 0.521856
vn -0.220781 0.823967 0.521856
vn -0.426517 0.738749 0.521856
vn -0.603186 0.603186 0.521856
vn -0.738749 0.426517 0.521856
vn -0.823967 0.220781 0.521856
vn -0.853034 0.000000 0.521856
vn -0.823967 -0.220781 0.521856
vn -0.738749 -0.426517 0.521856
vn -0.603186 -0.603186 0.521856
vn -0.426517 -0.738749 0.521856
vn -0.220781 -0.823967 0.521856
vn -0.000000 -0.853034 0.521856
vn 0.220781 -0.823967 0.521856
vn 0.426517 -0.738749 0.521856
vn 0.603186 -0.603186 0.521856
vn 0.738749 -0.426517 0.521856
vn 0.823967 -0.220781 0.521856
vn 0.853034 0.000000 0.521856
vn 0.823967 0.220781 0.521856
vn 0.738749 0.426517 0.521856
vn 0.603186 0.603186 0.521856
vn 0.426517 0.738749 0.521856
vn 0.220781 0.823967 0.521856
vn 0.000000 0.853034 0.521856
vn -0.220781 0.823967 0.521856
vn -0.426517 0.738749 0.521856
vn -0.603186 0.603186 0.521856
vn -0.738749 0.426517 0.521856
vn -0.823967 0.220781 0.521856
vn -0.853034 0.000000 0.521856
vn -0.823967 -0.220781 0.521856
vn -0.738749 -0.426517 0.521856
vn -0.603186 -0.603186 0.521856
vn -0.426517 -0.738749 0.521856
vn -0.220781 -0.823967 0.521856
vn -0.000000 -0.853034 0.521856
vn 0.220781 -0.823967 0.521856
vn 0.426517 -0.738749 0.521856
vn 0.603186 -0.603186 0.521856
vn 0.738749 -0.426517 0.521856
vn 0.823967 -0.220781 0.521856
vn 0.853034 0.000000 0.521856
vn 0.823967 0.220781 0.521856
vn 0.738749 0.426517 0.521856
vn 0.603186 0.603186 0.521856
vn 0.426517 0.738749 0.521856
vn 0.220781 0.823967 0.521856
vn 0.000000 0.853034 0.521856
vn -0.220781 0.823967 0.521856
vn -0.426517 0.738749 0.521856
vn -0.603186 0.603186 0.521856
vn -0.738749 0.426517 0.521856
vn -0.823967 0.220781 0.521856
vn -0.853034 0.000000 0.521856
vn -0.823967 -0.220781 0.521856
vn -0.738749 -0.426517 0.521856
vn -0.603186 -0.603186 0.521856
vn -0.426517 -0.738749 0.521856
vn -0.220781 -0.823967 0.521856
vn -0.000000 -0.853034 0.521856
vn 0.220781 -0.823967 0.521856
vn 0.426517 -0.738749 0.521856
vn 0.603186 -0.603186 0.521856
vn 0.738749 -0.426517 0.521856
vn 0.823967 -0.220781 0.521856
vn 0.853034 0.000000 0.521856
vn 0.823967 0.220781 0.521856
vn 0.738749 0.426517 0.521856
vn 0.603186 0.603186 0.521856
vn 0.426517 0.738749 0.521856
vn 0.220781 0.823967 0.521856
vn 0.000000 0.853034 0.521856
vn -0.220781 0.823967 0.521856
vn -0.426517 0.738749 0.521856
vn -0.603186 0.603186 0.521856
vn -0.738749 0.426517 0.521856
vn -0.823967 0.220781 0.521856
vn -0.853034 0.000000 0.521856
vn -0.823967 -0.220781 0.521856
vn -0.738749 -0.426517 0.521856
vn -0.603186 -0.603186 0.521856
vn -0.426517 -0.738749 0.521856
vn -0.220781 -0.823967 0.521856
vn -0.000000 -0.853034 0.521856
vn 0.220781 -0.823967 0.521856
vn 0.426517 -0.738749 0.521856
vn 0.603186 -0.603186 0.521856
vn 0.738749 -0.426517 0.521856
vn 0.823967 -0.220781 0.521856
vn 0.853034 0.000000 0.521856
vn 0.823967 0.220781 0.521856
vn 0.738749 0.426517 0.521856
vn 0.603186 0.603186 0.521856
vn 0.426517 0.738749 0.521856
vn 0.220781 0.823967 0.521856
vn 0.000000 0.853034 0.521856
vn -0.220781 0.823967 0.521856
vn -0.426517 0.738749 0.521856
vn -0.603186 0.603186 0.521856
vn -0.738749 0.426517 0.521856
vn -0.823967 0.220781 0.521856
vn -0.853034 0.000000 0.521856
vn -0.823967 -0.220781 0.521856
vn -0.738749 -0.426517 0.521856
vn -0.603186 -0.603186 0.521856
vn -0.426517 -0.738749 0.521856
vn -0.220781 -0.823967 0.521856
vn -0.000000 -0.853034 0.521856
vn 0.220781 -0.823967 0.521856
vn 0.426517 -0.738749 0.521856
vn 0.603186 -0.603186 0.521856
vn 0.738749 -0.426517 0.521856
vn 0.823967 -0.220781 0.521856
vn 0.853034 0.000000 0.521856
vn 0.823967 0.220781 0.521856
vn 0.738749 0.426517 0.521856
vn 0.603186 0.603186 0.521856
vn 0.426517 0.738749 0.521856
vn 0.220781 0.823967 0.521856
vn 0.000000 0.853034 0.521856
vn -0.220781 0.823967 0.521856
vn -0.426517 0.738749 0.521856
vn -0.603186 0.603186 0.521856
vn -0.738749 0.426517 0.521856
vn -0.823967 0.220781 0.521856
vn -0.853034 0.000000 0.521856
vn -0.823967 -0.220781 0.521856
vn -0.738749 -0.426517 0.521856
vn -0.603186 -0.603186 0.521856
vn -0.426517 -0.738749 0.521856
vn -0.220781 -0.823967 0.521856
vn -0.000000 -0.853034 0.521856
vn 0.220781 -0.823967 0.521856
vn 0.426517 -0.738749 0.521856
vn 0.603186 -0.603186 0.521856
vn 0.738749 -0.426517 0.521856
vn 0.823967 -0.220781 0.521856
vn 0.853034 0.000000 0.521856
vn 0.823967 0.220781 0.521856
vn 0.738749 0.426517 0.521856
vn 0.603186 0.603186 0.521856
vn 0.426517 0.738749 0.521856
vn 0.220781 0.823967 0.521856
vn 0.000000 0.853034 0.521856
vn -0.220781 0.823967 0.521856
vn -0.426517 0.738749 0.521856
vn -0.603186 0.603186 0.521856
vn -0.738749 0.426517 0.521856
vn -0.823967 0.220781 0.521856
vn -0.853034 0.000000 0.521856
vn -0.823967 -0.220781 0.521856
vn -0.738749 -0.426517 0.521856
vn -0.603186 -0.603186 0.521856
vn -0.426517 -0.738749 0.521856
vn -0.220781 -0.823967 0.521856
vn -0.000000 -0.853034 0.521856
vn 0.220781 -0.823967 0.521856
vn 0.426517 -0.738749 0.521856
vn 0.603186 -0.603186 0.521856
vn 0.738749 -0.426517 0.521856
vn 0.823967 -0.220781 0.521856
vn 0.853034 0.000000 0.521856
vn 0.823967 0.220781 0.521856
vn 0.738749 0.426517 0.521856
vn 0.603186 0.603186 0.521856
vn 0.426517 0.738749 0.521856
vn 0.220781 0.823967 0.521856
vn 0.000000 0.853034 0.521856
vn -0.220781 0.823967 0.521856
vn -0.426517 0.738749 0.521856
vn -0.603186 0.603186 0.521856
vn -0.738749 0.426517 0.521856
vn -0.823967 0.220781 0.521856
vn -0.853034 0.000000 0.521856
vn -0.823967 -0.220781 0.521856
vn -0.738749 -0.426517 0.521856
vn -0.603186 -0.603186 0.521856
vn -0.426517 -0.738749 0.521856
vn -0.220781 -0.823967 0.521856
vn -0.000000 -0.853034 0.521856
vn 0.220781 -0.823967 0.521856
vn 0.426517 -0.738749 0.521856
vn 0.603186 -0.603186 0.521856
vn 0.738749 -0.426517 0.521856
vn 0.823967 -0.220781 0.521856
vn 0.000000 0.000000 -1.000000

g SpacecraftOrbiter
s 1
f 1/1/1 33/33/33 34/34/34
f 1/1/1 34/34/34 2/2/2
f 2/2/2 34/34/34 35/35/35
f 2/2/2 35/35/35 3/3/3
f 3/3/3 35/35/35 36/36/36
f 3/3/3 36/36/36 4/4/4
f 4/4/4 36/36/36 37/37/37
f 4/4/4 37/37/37 5/5/5
f 5/5/5 37/37/37 38/38/38
f 5/5/5 38/38/38 6/6/6
f 6/6/6 38/38/38 39/39/39
f 6/6/6 39/39/39 7/7/7
f 7/7/7 39/39/39 40/40/40
f 7/7/7 40/40/40 8/8/8
f 8/8/8 40/40/40 41/41/41
f 8/8/8 41/41/41 9/9/9
f 9/9/9 41/41/41 42/42/42
f 9/9/9 42/42/42 10/10/10
f 10/10/10 42/42/42 43/43/43
f 10/10/10 43/43/43 11/11/11
f 11/11/11 43/43/43 44/44/44
f 11/11/11 44/44/44 12/12/12
f 12/12/12 44/44/44 45/45/45
f 12/12/12 45/45/45 13/13/13
f 13/13/13 45/45/45 46/46/46
f 13/13/13 46/46/46 14/14/14
f 14/14/14 46/46/46 47/47/47
f 14/14/14 47/47/47 15/15/15
f 15/15/15 47/47/47 48/48/48
f 15/15/15 48/48/48 16/16/16
f 16/16/16 48/48/48 49/49/49
f 16/16/16 49/49/49 17/17/17
f 17/17/17 49/49/49 50/50/50
f 17/17/17 50/50/50 18/18/18
f 18/18/18 50/50/50 51/51/51
f 18/18/18 51/51/51 19/19/19
f 19/19/19 51/51/51 52/52/52
f 19/19/19 52/52/52 20/20/20
f 20/20/20 52/52/52 53/53/53
f 20/20/20 53/53/53 21/21/21
f 21/21/21 53/53/53 54/54/54
f 21/21/21 54/54/54 22/22/22
f 22/22/22 54/54/54 55/55/55
f 22/22/22 55/55/55 23/23/23
f 23/23/23 55/55/55 56/56/56
f 23/23/23 56/56/56 24/24/24
f 24/24/24 56/56/56 57/57/57
f 24/24/24 57/57/57 25/25/25
f 25/25/25 57/57/57 58/58/58
f 25/25/25 58/58/58 26/26/26
f 26/26/26 58/58/58 59/59/59
f 26/26/26 59/59/59 27/27/27
f 27/27/27 59/59/59 60/60/60
f 27/27/27 60/60/60 28/28/28
f 28/28/28 60/60/60 61/61/61
f 28/28/28 61/61/61 29/29/29
f 29/29/29 61/61/61 62/62/62
f 29/29/29 62/62/62 30/30/30
f 30/30/30 62/62/62 63/63/63
f 30/30/30 63/63/63 31/31/31
f 31/31/31 63/63/63 64/64/64
f 31/31/31 64/64/64 32/32/32
f 32/32/32 64/64/64 33/33/33
f 32/32/32 33/33/33 1/1/1
f 33/33/33 65/65/65 66/66/66
f 33/33/33 66/66/66 34/34/34
f 34/34/34 66/66/66 67/67/67
f 34/34/34 67/67/67 35/35/35
f 35/35/35 67/67/67 68/68/68
f 35/35/35 68/68/68 36/36/36
f 36/36/36 68/68/68 69/69/69
f 36/36/36 69/69/69 37/37/37
f 37/37/37 69/69/69 70/70/70
f 37/37/37 70/70/70 38/38/38
f 38/38/38 70/70/70 71/71/71
f 38/38/38 71/71/71 39/39/39
f 39/39/39 71/71/71 72/72/72
f 39/39/39 72/72/72 40/40/40
f 40/40/40 72/72/72 73/73/73
f 40/40/40 73/73/73 41/41/41
f 41/41/41 73/73/73 74/74/74
f 41/41/41 74/74/74 42/42/42
f 42/42/42 74/74/74 75/75/75
f 42/42/42 75/75/75 43/43/43
f 43/43/43 75/75/75 76/76/76
f 43/43/43 76/76/76 44/44/44
f 44/44/44 76/76/76 77/77/77
f 44/44/44 77/77/77 45/45/45
f 45/45/45 77/77/77 78/78/78
f 45/45/45 78/78/78 46/46/46
f 46/46/46 78/78/78 79/79/79
f 46/46/46 79/79/79 47/47/47
f 47/47/47 79/79/79 80/80/80
f 47/47/47 80/80/80 48/48/48
f 48/48/48 80/80/80 81/81/81
f 48/48/48 81/81/81 49/49/49
f 49/49/49 81/81/81 82/82/82
f 49/49/49 82/82/82 50/50/50
f 50/50/50 82/82/82 83/83/83
f 50/50/50 83/83/83 51/51/51
f 51/51/51 83/83/83 84/84/84
f 51/51/51 84/84/84 52/52/52
f 52/52/52 84/84/84 85/85/85
f 52/52/52 85/85/85 53/53/53
f 53/53/53 85/85/85 86/86/86
f 53/53/53 86/86/86 54/54/54
f 54/54/54 86/86/86 87/87/87
f 54/54/54 87/87/87 55/55/55
f 55/55/55 87/87/87 88/88/88
f 55/55/55 88/88/88 56/56/56
f 56/56/56 88/88/88 89/89/89
f 56/56/56 89/89/89 57/57/57
f 57/57/57 89/89/89 90/90/90
f 57/57/57 90/90/90 58/58/58
f 58/58/58 90/90/90 91/91/91
f 58/58/58 91/91/91 59/59/59
f 59/59/59 91/91/91 92/92/92
f 59/59/59 92/92/92 60/60/60
f 60/60/60 92/92/92 93/93/93
f 60/60/60 93/93/93 61/61/61
f 61/61/61 93/93/93 94/94/94
f 61/61/61 94/94/94 62/62/62
f 62/62/62 94/94/94 95/95/95
f 62/62/62 95/95/95 63/63/63
f 63/63/63 95/95/95 96/96/96
f 63/63/63 96/96/96 64/64/64
f 64/64/64 96/96/96 65/65/65
f 64/64/64 65/65/65 33/33/33
f 65/65/65 97/97/97 98/98/98
f 65/65/65 98/98/98 66/66/66
f 66/66/66 98/98/98 99/99/99
f 66/66/66 99/99/99 67/67/67
f 67/67/67 99/99/99 100/100/100
f 67/67/67 100/100/100 68/68/68
f 68/68/68 100/100/100 101/101/101
f 68/68/68 101/101/101 69/69/69
f 69/69/69 101/101/101 102/102/102
f 69/69/69 102/102/102 70/70/70
f 70/70/70 102/102/102 103/103/103
f 70/70/70 103/103/103 71/71/71
f 71/71/71 103/103/103 104/104/104
f 71/71/71 104/104/104 72/72/72
f 72/72/72 104/104/104 105/105/105
f 72/72/72 105/105/105 73/73/73
f 73/73/73 105/105/105 106/106/106
f 73/73/73 106/106/106 74/74/74
f 74/74/74 106/106/106 107/107/107
f 74/74/74 107/107/107 75/75/75
f 75/75/75 107/107/107 108/108/108
f 75/75/75 108/108/108 76/76/76
f 76/76/76 108/108/108 109/109/109
f 76/76/76 109/109/109 77/77/77
f 77/77/77 109/109/109 110/110/110
f 77/77/77 110/110/110 78/78/78
f 78/78/78 110/110/110 111/111/111
f 78/78/78 111/111/111 79/79/79
f 79/79/79 111/111/111 112/112/112
f 79/79/79 112/112/112 80/80/80
f 80/80/80 112/112/112 113/113/113
f 80/80/80 113/113/113 81/81/81
f 81/81/81 113/113/113 114/114/114
f 81/81/81 114/114/114 82/82/82
f 82/82/82 114/114/114 115/115/115
f 82/82/82 115/115/115 83/83/83
f 83/83/83 115/115/115 116/116/116
f 83/83/83 116/116/116 84/84/84
f 84/84/84 116/116/116 117/117/117
f 84/84/84 117/117/117 85/85/85
f 85/85/85 117/117/117 118/118/118
f 85/85/85 118/118/118 86/86/86
f 86/86/86 118/118/118 119/119/119
f 86/86/86 119/119/119 87/87/87
f 87/87/87 119/119/119 120/120/120
f 87/87/87 120/120/120 88/88/88
f 88/88/88 120/120/120 121/121/121
f 88/88/88 121/121/121 89/89/89
f 89/89/89 121/121/121 122/122/122
f 89/89/89 122/122/122 90/90/90
f 90/90/90 122/122/122 123/123/123
f 90/90/90 123/123/123 91/91/91
f 91/91/91 123/123/123 124/124/124
f 91/91/91 124/124/124 92/92/92
f 92/92/92 124/124/124 125/125/125
f 92/92/92 125/125/125 93/93/93
f 93/93/93 125/125/125 126/126/126
f 93/93/93 126/126/126 94/94/94
f 94/94/94 126/126/126 127/127/127
f 94/94/94 127/127/127 95/95/95
f 95/95/95 127/127/127 128/128/128
f 95/95/95 128/128/128 96/96/96
f 96/96/96 128/128/128 97/97/97
f 96/96/96 97/97/97 65/65/65
f 97/97/97 129/129/129 130/130/130
f 97/97/97 130/130/130 98/98/98
f 98/98/98 130/130/130 131/131/131
f 98/98/98 131/131/131 99/99/99
f 99/99/99 131/131/131 132/132/132
f 99/99/99 132/132/132 100/100/100
f 100/100/100 132/132/132 133/133/133
f 100/100/100 133/133/133 101/101/101
f 101/101/101 133/133/133 134/134/134
f 101/101/101 134/134/134 102/102/102
f 102/102/102 134/134/134 135/135/135
f 102/102/102 135/135/135 103/103/103
f 103/103/103 135/135/135 136/136/136
f 103/103/103 136/136/136 104/104/104
f 104/104/104 136/136/136 137/137/137
f 104/104/104 137/137/137 105/105/105
f 105/105/105 137/137/137 138/138/138
f 105/105/105 138/138/138 106/106/106
f 106/106/106 138/138/138 139/139/139
f 106/106/106 139/139/139 107/107/107
f 107/107/107 139/139/139 140/140/140
f 107/107/107 140/140/140 108/108/108
f 108/108/108 140/140/140 141/141/141
f 108/108/108 141/141/141 109/109/109
f 109/109/109 141/141/141 142/142/142
f 109/109/109 142/142/142 110/110/110
f 110/110/110 142/142/142 143/143/143
f 110/110/110 143/143/143 111/111/111
f 111/111/111 143/143/143 144/144/144
f 111/111/111 144/144/144 112/112/112
f 112/112/112 144/144/144 145/145/145
f 112/112/112 145/145/145 113/113/113
f 113/113/113 145/145/145 146/146/146
f 113/113/113 146/146/146 114/114/114
f 114/114/114 146/146/146 147/147/147
f 114/114/114 147/147/147 115/115/115
f 115/115/115 147/147/147 148/148/148
f 115/115/115 148/148/148 116/116/116
f 116/116/116 148/148/148 149/149/149
f 116/116/116 149/149/149 117/117/117
f 117/117/117 149/149/149 150/150/150
f 117/117/117 150/150/150 118/118/118
f 118/118/118 150/150/150 151/151/151
f 118/118/118 151/151/151 119/119/119
f 119/119/119 151/151/151 152/152/152
f 119/119/119 152/152/152 120/120/120
f 120/120/120 152/152/152 153/153/153
f 120/120/120 153/153/153 121/121/121
f 121/121/121 153/153/153 154/154/154
f 121/121/121 154/154/154 122/122/122
f 122/122/122 154/154/154 155/155/155
f 122/122/122 155/155/155 123/123/123
f 123/123/123 155/155/155 156/156/156
f 123/123/123 156/156/156 124/124/124
f 124/124/124 156/156/156 157/157/157
f 124/124/124 157/157/157 125/125/125
f 125/125/125 157/157/157 158/158/158
f 125/125/125 158/158/158 126/126/126
f 126/126/126 158/158/158 159/159/159
f 126/126/126 159/159/159 127/127/127
f 127/127/127 159/159/159 160/160/160
f 127/127/127 160/160/160 128/128/128
f 128/128/128 160/160/160 129/129/129
f 128/128/128 129/129/129 97/97/97
f 129/129/129 161/161/161 162/162/162
f 129/129/129 162/162/162 130/130/130
f 130/130/130 162/162/162 163/163/163
f 130/130/130 163/163/163 131/131/131
f 131/131/131 163/163/163 164/164/164
f 131/131/131 164/164/164 132/132/132
f 132/132/132 164/164/164 165/165/165
f 132/132/132 165/165/165 133/133/133
f 133/133/133 165/165/165 166/166/166
f 133/133/133 166/166/166 134/134/134
f 134/134/134 166/166/166 167/167/167
f 134/134/134 167/167/167 135/135/135
f 135/135/135 167/167/167 168/168/168
f 135/135/135 168/168/168 136/136/136
f 136/136/136 168/168/168 169/169/169
f 136/136/136 169/169/169 137/137/137
f 137/137/137 169/169/169 170/170/170
f 137/137/137 170/170/170 138/138/138
f 138/138/138 170/170/170 171/171/171
f 138/138/138 171/171/171 139/139/139
f 139/139/139 171/171/171 172/172/172
f 139/139/139 172/172/172 140/140/140
f 140/140/140 172/172/172 173/173/173
f 140/140/140 173/173/173 141/141/141
f 141/141/141 173/173/173 174/174/174
f 141/141/141 174/174/174 142/142/142
f 142/142/142 174/174/174 175/175/175
f 142/142/142 175/175/175 143/143/143
f 143/143/143 175/175/175 176/176/176
f 143/143/143 176/176/176 144/144/144
f 144/144/144 176/176/176 177/177/177
f 144/144/144 177/177/177 145/145/145
f 145/145/145 177/177/177 178/178/178
f 145/145/145 178/178/178 146/146/146
f 146/146/146 178/178/178 179/179/179
f 146/146/146 179/179/179 147/147/147
f 147/147/147 179/179/179 180/180/180
f 147/147/147 180/180/180 148/148/148
f 148/148/148 180/180/180 181/181/181
f 148/148/148 181/181/181 149/149/149
f 149/149/149 181/181/181 182/182/182
f 149/149/149 182/182/182 150/150/150
f 150/150/150 182/182/182 183/183/183
f 150/150/150 183/183/183 151/151/151
f 151/151/151 183/183/183 184/184/184
f 151/151/151 184/184/184 152/152/152
f 152/152/152 184/184/184 185/185/185
f 152/152/152 185/185/185 153/153/153
f 153/153/153 185/185/185 186/186/186
f 153/153/153 186/186/186 154/154/154
f 154/154/154 186/186/186 187/187/187
f 154/154/154 187/187/187 155/155/155
f 155/155/155 187/187/187 188/188/188
f 155/155/155 188/188/188 156/156/156
f 156/156/156 188/188/188 189/189/189
f 156/156/156 189/189/189 157/157/157
f 157/157/157 189/189/189 190/190/190
f 157/157/157 190/190/190 158/158/158
f 158/158/158 190/190/190 191/191/191
f 158/158/158 191/191/191 159/159/159
f 159/159/159 191/191/191 192/192/192
f 159/159/159 192/192/192 160/160/160
f 160/160/160 192/192/192 161/161/161
f 160/160/160 161/161/161 129/129/129
f 161/161/161 193/193/193 194/194/194
f 161/161/161 194/194/194 162/162/162
f 162/162/162 194/194/194 195/195/195
f 162/162/162 195/195/195 163/163/163
f 163/163/163 195/195/195 196/196/196
f 163/163/163 196/196/196 164/164/164
f 164/164/164 196/196/196 197/197/197
f 164/164/164 197/197/197 165/165/165
f 165/165/165 197/197/197 198/198/198
f 165/165/165 198/198/198 166/166/166
f 166/166/166 198/198/198 199/199/199
f 166/166/166 199/199/199 167/167/167
f 167/167/167 199/199/199 200/200/200
f 167/167/167 200/200/200 168/168/168
f 168/168/168 200/200/200 201/201/201
f 168/168/168 201/201/201 169/169/169
f 169/169/169 201/201/201 202/202/202
f 169/169/169 202/202/202 170/170/170
f 170/170/170 202/202/202 203/203/203
f 170/170/170 203/203/203 171/171/171
f 171/171/171 203/203/203 204/204/204
f 171/171/171 204/204/204 172/172/172
f 172/172/172 204/204/204 205/205/205
f 172/172/172 205/205/205 173/173/173
f 173/173/173 205/205/205 206/206/206
f 173/173/173 206/206/206 174/174/174
f 174/174/174 206/206/206 207/207/207
f 174/174/174 207/207/207 175/175/175
f 175/175/175 207/207/207 208/208/208
f 175/175/175 208/208/208 176/176/176
f 176/176/176 208/208/208 209/209/209
f 176/176/176 209/209/209 177/177/177
f 177/177/177 209/209/209 210/210/210
f 177/177/177 210/210/210 178/178/178
f 178/178/178 210/210/210 211/211/211
f 178/178/178 211/211/211 179/179/179
f 179/179/179 211/211/211 212/212/212
f 179/179/179 212/212/212 180/180/180
f 180/180/180 212/212/212 213/213/213
f 180/180/180 213/213/213 181/181/181
f 181/181/181 213/213/213 214/214/214
f 181/181/181 214/214/214 182/182/182
f 182/182/182 214/214/214 215/215/215
f 182/182/182 215/215/215 183/183/183
f 183/183/183 215/215/215 216/216/216
f 183/183/183 216/216/216 184/184/184
f 184/184/184 216/216/216 217/217/217
f 184/184/184 217/217/217 185/185/185
f 185/185/185 217/217/217 218/218/218
f 185/185/185 218/218/218 186/186/186
f 186/186/186 218/218/218 219/219/219
f 186/186/186 219/219/219 187/187/187
f 187/187/187 219/219/219 220/220/220
f 187/187/187 220/220/220 188/188/188
f 188/188/188 220/220/220 221/221/221
f 188/188/188 221/221/221 189/189/189
f 189/189/189 221/221/221 222/222/222
f 189/189/189 222/222/222 190/190/190
f 190/190/190 222/222/222 223/223/223
f 190/190/190 223/223/223 191/191/191
f 191/191/191 223/223/223 224/224/224
f 191/191/191 224/224/224 192/192/192
f 192/192/192 224/224/224 193/193/193
f 192/192/192 193/193/193 161/161/161
f 193/193/193 225/225/225 226/226/226
f 193/193/193 226/226/226 194/194/194
f 194/194/194 226/226/226 227/227/227
f 194/194/194 227/227/227 195/195/195
f 195/195/195 227/227/227 228/228/228
f 195/195/195 228/228/228 196/196/196
f 196/196/196 228/228/228 229/229/229
f 196/196/196 229/229/229 197/197/197
f 197/197/197 229/229/229 230/230/230
f 197/197/197 230/230/230 198/198/198
f 198/198/198 230/230/230 231/231/231
f 198/198/198 231/231/231 199/199/199
f 199/199/199 231/231/231 232/232/232
f 199/199/199 232/232/232 200/200/200
f 200/200/200 232/232/232 233/233/233
f 200/200/200 233/233/233 201/201/201
f 201/201/201 233/233/233 234/234/234
f 201/201/201 234/234/234 202/202/202
f 202/202/202 234/234/234 235/235/235
f 202/202/202 235/235/235 203/203/203
f 203/203/203 235/235/235 236/236/236
f 203/203/203 236/236/236 204/204/204
f 204/204/204 236/236/236 237/237/237
f 204/204/204 237/237/237 205/205/205
f 205/205/205 237/237/237 238/238/238
f 205/205/205 238/238/238 206/206/206
f 206/206/206 238/238/238 239/239/239
f 206/206/206 239/239/239 207/207/207
f 207/207/207 239/239/239 240/240/240
f 207/207/207 240/240/240 208/208/208
f 208/208/208 240/240/240 241/241/241
f 208/208/208 241/241/241 209/209/209
f 209/209/209 241/241/241 242/242/242
f 209/209/209 242/242/242 210/210/210
f 210/210/210 242/242/242 243/243/243
f 210/210/210 243/243/243 211/211/211
f 211/211/211 243/243/243 244/244/244
f 211/211/211 244/244/244 212/212/212
f 212/212/212 244/244/244 245/245/245
f 212/212/212 245/245/245 213/213/213
f 213/213/213 245/245/245 246/246/246
f 213/213/213 246/246/246 214/214/214
f 214/214/214 246/246/246 247/247/247
f 214/214/214 247/247/247 215/215/215
f 215/215/215 247/247/247 248/248/248
f 215/215/215 248/248/248 216/216/216
f 216/216/216 248/248/248 249/249/249
f 216/216/216 249/249/249 217/217/217
f 217/217/217 249/249/249 250/250/250
f 217/217/217 250/250/250 218/218/218
f 218/218/218 250/250/250 251/251/251
f 218/218/218 251/251/251 219/219/219
f 219/219/219 251/251/251 252/252/252
f 219/219/219 252/252/252 220/220/220
f 220/220/220 252/252/252 253/253/253
f 220/220/220 253/253/253 221/221/221
f 221/221/221 253/253/253 254/254/254
f 221/221/221 254/254/254 222/222/222
f 222/222/222 254/254/254 255/255/255
f 222/222/222 255/255/255 223/223/223
f 223/223/223 255/255/255 256/256/256
f 223/223/223 256/256/256 224/224/224
f 224/224/224 256/256/256 225/225/225
f 224/224/224 225/225/225 193/193/193
f 225/225/225 257/257/257 258/258/258
f 225/225/225 258/258/258 226/226/226
f 226/226/226 258/258/258 259/259/259
f 226/226/226 259/259/259 227/227/227
f 227/227/227 259/259/259 260/260/260
f 227/227/227 260/260/260 228/228/228
f 228/228/228 260/260/260 261/261/261
f 228/228/228 261/261/261 229/229/229
f 229/229/229 261/261/261 262/262/262
f 229/229/229 262/262/262 230/230/230
f 230/230/230 262/262/262 263/263/263
f 230/230/230 263/263/263 231/231/231
f 231/231/231 263/263/263 264/264/264
f 231/231/231 264/264/264 232/232/232
f 232/232/232 264/264/264 265/265/265
f 232/232/232 265/265/265 233/233/233
f 233/233/233 265/265/265 266/266/266
f 233/233/233 266/266/266 234/234/234
f 234/234/234 266/266/266 267/267/267
f 234/234/234 267/267/267 235/235/235
f 235/235/235 267/267/267 268/268/268
f 235/235/235 268/268/268 236/236/236
f 236/236/236 268/268/268 269/269/269
f 236/236/236 269/269/269 237/237/237
f 237/237/237 269/269/269 270/270/270
f 237/237/237 270/270/270 238/238/238
f 238/238/238 270/270/270 271/271/271
f 238/238/238 271/271/271 239/239/239
f 239/239/239 271/271/271 272/272/272
f 239/239/239 272/272/272 240/240/240
f 240/240/240 272/272/272 273/273/273
f 240/240/240 273/273/273 241/241/241
f 241/241/241 273/273/273 274/274/274
f 241/241/241 274/274/274 242/242/242
f 242/242/242 274/274/274 275/275/275
f 242/242/242 275/275/275 243/243/243
f 243/243/243 275/275/275 276/276/276
f 243/243/243 276/276/276 244/244/244
f 244/244/244 276/276/276 277/277/277
f 244/244/244 277/277/277 245/245/245
f 245/245/245 277/277/277 278/278/278
f 245/245/245 278/278/278 246/246/246
f 246/246/246 278/278/278 279/279/279
f 246/246/246 279/279/279 247/247/247
f 247/247/247 279/279/279 280/280/280
f 247/247/247 280/280/280 248/248/248
f 248/248/248 280/280/280 281/281/281
f 248/248/248 281/281/281 249/249/249
f 249/249/249 281/281/281 282/282/282
f 249/249/249 282/282/282 250/250/250
f 250/250/250 282/282/282 283/283/283
f 250/250/250 283/283/283 251/251/251
f 251/251/251 283/283/283 284/284/284
f 251/251/251 284/284/284 252/252/252
f 252/252/252 284/284/284 285/285/285
f 252/252/252 285/285/285 253/253/253
f 253/253/253 285/285/285 286/286/286
f 253/253/253 286/286/286 254/254/254
f 254/254/254 286/286/286 287/287/287
f 254/254/254 287/287/287 255/255/255
f 255/255/255 287/287/287 288/288/288
f 255/255/255 288/288/288 256/256/256
f 256/256/256 288/288/288 257/257/257
f 256/256/256 257/257/257 225/225/225
f 257/257/257 289/289/289 290/290/290
f 257/257/257 290/290/290 258/258/258
f 258/258/258 290/290/290 291/291/291
f 258/258/258 291/291/291 259/259/259
f 259/259/259 291/291/291 292/292/292
f 259/259/259 292/292/292 260/260/260
f 260/260/260 292/292/292 293/293/293
f 260/260/260 293/293/293 261/261/261
f 261/261/261 293/293/293 294/294/294
f 261/261/261 294/294/294 262/262/262
f 262/262/262 294/294/294 295/295/295
f 262/262/262 295/295/295 263/263/263
f 263/263/263 295/295/295 296/296/296
f 263/263/263 296/296/296 264/264/264
f 264/264/264 296/296/296 297/297/297
f 264/264/264 297/297/297 265/265/265
f 265/265/265 297/297/297 298/298/298
f 265/265/265 298/298/298 266/266/266
f 266/266/266 298/298/298 299/299/299
f 266/266/266 299/299/299 267/267/267
f 267/267/267 299/299/299 300/300/300
f 267/267/267 300/300/300 268/268/268
f 268/268/268 300/300/300 301/301/301
f 268/268/268 301/301/301 269/269/269
f 269/269/269 301/301/301 302/302/302
f 269/269/269 302/302/302 270/270/270
f 270/270/270 302/302/302 303/303/303
f 270/270/270 303/303/303 271/271/271
f 271/271/271 303/303/303 304/304/304
f 271/271/271 304/304/304 272/272/272
f 272/272/272 304/304/304 305/305/305
f 272/272/272 305/305/305 273/273/273
f 273/273/273 305/305/305 306/306/306
f 273/273/273 306/306/306 274/274/274
f 274/274/274 306/306/306 307/307/307
f 274/274/274 307/307/307 275/275/275
f 275/275/275 307/307/307 308/308/308
f 275/275/275 308/308/308 276/276/276
f 276/276/276 308/308/308 309/309/309
f 276/276/276 309/309/309 277/277/277
f 277/277/277 309/309/309 310/310/310
f 277/277/277 310/310/310 278/278/278
f 278/278/278 310/310/310 311/311/311
f 278/278/278 311/311/311 279/279/279
f 279/279/279 311/311/311 312/312/312
f 279/279/279 312/312/312 280/280/280
f 280/280/280 312/312/312 313/313/313
f 280/280/280 313/313/313 281/281/281
f 281/281/281 313/313/313 314/314/314
f 281/281/281 314/314/314 282/282/282
f 282/282/282 314/314/314 315/315/315
f 282/282/282 315/315/315 283/283/283
f 283/283/283 315/315/315 316/316/316
f 283/283/283 316/316/316 284/284/284
f 284/284/284 316/316/316 317/317/317
f 284/284/284 317/317/317 285/285/285
f 285/285/285 317/317/317 318/318/318
f 285/285/285 318/318/318 286/286/286
f 286/286/286 318/318/318 319/319/319
f 286/286/286 319/319/319 287/287/287
f 287/287/287 319/319/319 320/320/320
f 287/287/287 320/320/320 288/288/288
f 288/288/288 320/320/320 289/289/289
f 288/288/288 289/289/289 257/257/257
f 289/289/289 321/321/321 322/322/322
f 289/289/289 322/322/322 290/290/290
f 290/290/290 322/322/322 323/323/323
f 290/290/290 323/323/323 291/291/291
f 291/291/291 323/323/323 324/324/324
f 291/291/291 324/324/324 292/292/292
f 292/292/292 324/324/324 325/325/325
f 292/292/292 325/325/325 293/293/293
f 293/293/293 325/325/325 326/326/326
f 293/293/293 326/326/326 294/294/294
f 294/294/294 326/326/326 327/327/327
f 294/294/294 327/327/327 295/295/295
f 295/295/295 327/327/327 328/328/328
f 295/295/295 328/328/328 296/296/296
f 296/296/296 328/328/328 329/329/329
f 296/296/296 329/329/329 297/297/297
f 297/297/297 329/329/329 330/330/330
f 297/297/297 330/330/330 298/298/298
f 298/298/298 330/330/330 331/331/331
f 298/298/298 331/331/331 299/299/299
f 299/299/299 331/331/331 332/332/332
f 299/299/299 332/332/332 300/300/300
f 300/300/300 332/332/332 333/333/333
f 300/300/300 333/333/333 301/301/301
f 301/301/301 333/333/333 334/334/334
f 301/301/301 334/334/334 302/302/302
f 302/302/302 334/334/334 335/335/335
f 302/302/302 335/335/335 303/303/303
f 303/303/303 335/335/335 336/336/336
f 303/303/303 336/336/336 304/304/304
f 304/304/304 336/336/336 337/337/337
f 304/304/304 337/337/337 305/305/305
f 305/305/305 337/337/337 338/338/338
f 305/305/305 338/338/338 306/306/306
f 306/306/306 338/338/338 339/339/339
f 306/306/306 339/339/339 307/307/307
f 307/307/307 339/339/339 340/340/340
f 307/307/307 340/340/340 308/308/308
f 308/308/308 340/340/340 341/341/341
f 308/308/308 341/341/341 309/309/309
f 309/309/309 341/341/341 342/342/342
f 309/309/309 342/342/342 310/310/310
f 310/310/310 342/342/342 343/343/343
f 310/310/310 343/343/343 311/311/311
f 311/311/311 343/343/343 344/344/344
f 311/311/311 344/344/344 312/312/312
f 312/312/312 344/344/344 345/345/345
f 312/312/312 345/345/345 313/313/313
f 313/313/313 345/345/345 346/346/346
f 313/313/313 346/346/346 314/314/314
f 314/314/314 346/346/346 347/347/347
f 314/314/314 347/347/347 315/315/315
f 315/315/315 347/347/347 348/348/348
f 315/315/315 348/348/348 316/316/316
f 316/316/316 348/348/348 349/349/349
f 316/316/316 349/349/349 317/317/317
f 317/317/317 349/349/349 350/350/350
f 317/317/317 350/350/350 318/318/318
f 318/318/318 350/350/350 351/351/351
f 318/318/318 351/351/351 319/319/319
f 319/319/319 351/351/351 352/352/352
f 319/319/319 352/352/352 320/320/320
f 320/320/320 352/352/352 321/321/321
f 320/320/320 321/321/321 289/289/289
f 321/321/321 353/353/353 354/354/354
f 321/321/321 354/354/354 322/322/322
f 322/322/322 354/354/354 355/355/355
f 322/322/322 355/355/355 323/323/323
f 323/323/323 355/355/355 356/356/356
f 323/323/323 356/356/356 324/324/324
f 324/324/324 356/356/356 357/357/357
f 324/324/324 357/357/357 325/325/325
f 325/325/325 357/357/357 358/358/358
f 325/325/325 358/358/358 326/326/326
f 326/326/326 358/358/358 359/359/359
f 326/326/326 359/359/359 327/327/327
f 327/327/327 359/359/359 360/360/360
f 327/327/327 360/360/360 328/328/328
f 328/328/328 360/360/360 361/361/361
f 328/328/328 361/361/361 329/329/329
f 329/329/329 361/361/361 362/362/362
f 329/329/329 362/362/362 330/330/330
f 330/330/330 362/362/362 363/363/363
f 330/330/330 363/363/363 331/331/331
f 331/331/331 363/363/363 364/364/364
f 331/331/331 364/364/364 332/332/332
f 332/332/332 364/364/364 365/365/365
f 332/332/332 365/365/365 333/333/333
f 333/333/333 365/365/365 366/366/366
f 333/333/333 366/366/366 334/334/334
f 334/334/334 366/366/366 367/367/367
f 334/334/334 367/367/367 335/335/335
f 335/335/335 367/367/367 368/368/368
f 335/335/335 368/368/368 336/336/336
f 336/336/336 368/368/368 369/369/369
f 336/336/336 369/369/369 337/337/337
f 337/337/337 369/369/369 370/370/370
f 337/337/337 370/370/370 338/338/338
f 338/338/338 370/370/370 371/371/371
f 338/338/338 371/371/371 339/339/339
f 339/339/339 371/371/371 372/372/372
f 339/339/339 372/372/372 340/340/340
f 340/340/340 372/372/372 373/373/373
f 340/340/340 373/373/373 341/341/341
f 341/341/341 373/373/373 374/374/374
f 341/341/341 374/374/374 342/342/342
f 342/342/342 374/374/374 375/375/375
f 342/342/342 375/375/375 343/343/343
f 343/343/343 375/375/375 376/376/376
f 343/343/343 376/376/376 344/344/344
f 344/344/344 376/376/376 377/377/377
f 344/344/344 377/377/377 345/345/345
f 345/345/345 377/377/377 378/378/378
f 345/345/345 378/378/378 346/346/346
f 346/346/346 378/378/378 379/379/379
f 346/346/346 379/379/379 347/347/347
f 347/347/347 379/379/379 380/380/380
f 347/347/347 380/380/380 348/348/348
f 348/348/348 380/380/380 381/381/381
f 348/348/348 381/381/381 349/349/349
f 349/349/349 381/381/381 382/382/382
f 349/349/349 382/382/382 350/350/350
f 350/350/350 382/382/382 383/383/383
f 350/350/350 383/383/383 351/351/351
f 351/351/351 383/383/383 384/384/384
f 351/351/351 384/384/384 352/352/352
f 352/352/352 384/384/384 353/353/353
f 352/352/352 353/353/353 321/321/321
f 353/353/353 385/385/385 386/386/386
f 353/353/353 386/386/386 354/354/354
f 354/354/354 386/386/386 387/387/387
f 354/354/354 387/387/387 355/355/355
f 355/355/355 387/387/387 388/388/388
f 355/355/355 388/388/388 356/356/356
f 356/356/356 388/388/388 389/389/389
f 356/356/356 389/389/389 357/357/357
f 357/357/357 389/389/389 390/390/390
f 357/357/357 390/390/390 358/358/358
f 358/358/358 390/390/390 391/391/391
f 358/358/358 391/391/391 359/359/359
f 359/359/359 391/391/391 392/392/392
f 359/359/359 392/392/392 360/360/360
f 360/360/360 392/392/392 393/393/393
f 360/360/360 393/393/393 361/361/361
f 361/361/361 393/393/393 394/394/394
f 361/361/361 394/394/394 362/362/362
f 362/362/362 394/394/394 395/395/395
f 362/362/362 395/395/395 363/363/363
f 363/363/363 395/395/395 396/396/396
f 363/363/363 396/396/396 364/364/364
f 364/364/364 396/396/396 397/397/397
f 364/364/364 397/397/397 365/365/365
f 365/365/365 397/397/397 398/398/398
f 365/365/365 398/398/398 366/366/366
f 366/366/366 398/398/398 399/399/399
f 366/366/366 399/399/399 367/367/367
f 367/367/367 399/399/399 400/400/400
f 367/367/367 400/400/400 368/368/368
f 368/368/368 400/400/400 401/401/401
f 368/368/368 401/401/401 369/369/369
f 369/369/369 401/401/401 402/402/402
f 369/369/369 402/402/402 370/370/370
f 370/370/370 402/402/402 403/403/403
f 370/370/370 403/403/403 371/371/371
f 371/371/371 403/403/403 404/404/404
f 371/371/371 404/404/404 372/372/372
f 372/372/372 404/404/404 405/405/405
f 372/372/372 405/405/405 373/373/373
f 373/373/373 405/405/405 406/406/406
f 373/373/373 406/406/406 374/374/374
f 374/374/374 406/406/406 407/407/407
f 374/374/374 407/407/407 375/375/375
f 375/375/375 407/407/407 408/408/408
f 375/375/375 408/408/408 376/376/376
f 376/376/376 408/408/408 409/409/409
f 376/376/376 409/409/409 377/377/377
f 377/377/377 409/409/409 410/410/410
f 377/377/377 410/410/410 378/378/378
f 378/378/378 410/410/410 411/411/411
f 378/378/378 411/411/411 379/379/379
f 379/379/379 411/411/411 412/412/412
f 379/379/379 412/412/412 380/380/380
f 380/380/380 412/412/412 413/413/413
f 380/380/380 413/413/413 381/381/381
f 381/381/381 413/413/413 414/414/414
f 381/381/381 414/414/414 382/382/382
f 382/382/382 414/414/414 415/415/415
f 382/382/382 415/415/415 383/383/383
f 383/383/383 415/415/415 416/416/416
f 383/383/383 416/416/416 384/384/384
f 384/384/384 416/416/416 385/385/385
f 384/384/384 385/385/385 353/353/353
f 385/385/385 417/417/417 418/418/418
f 385/385/385 418/418/418 386/386/386
f 386/386/386 418/418/418 419/419/419
f 386/386/386 419/419/419 387/387/387
f 387/387/387 419/419/419 420/420/420
f 387/387/387 420/420/420 388/388/388
f 388/388/388 420/420/420 421/421/421
f 388/388/388 421/421/421 389/389/389
f 389/389/389 421/421/421 422/422/422
f 389/389/389 422/422/422 390/390/390
f 390/390/390 422/422/422 423/423/423
f 390/390/390 423/423/423 391/391/391
f 391/391/391 423/423/423 424/424/424
f 391/391/391 424/424/424 392/392/392
f 392/392/392 424/424/424 425/425/425
f 392/392/392 425/425/425 393/393/393
f 393/393/393 425/425/425 426/426/426
f 393/393/393 426/426/426 394/394/394
f 394/394/394 426/426/426 427/427/427
f 394/394/394 427/427/427 395/395/395
f 395/395/395 427/427/427 428/428/428
f 395/395/395 428/428/428 396/396/396
f 396/396/396 428/428/428 429/429/429
f 396/396/396 429/429/429 397/397/397
f 397/397/397 429/429/429 430/430/430
f 397/397/397 430/430/430 398/398/398
f 398/398/398 430/430/430 431/431/431
f 398/398/398 431/431/431 399/399/399
f 399/399/399 431/431/431 432/432/432
f 399/399/399 432/432/432 400/400/400
f 400/400/400 432/432/432 433/433/433
f 400/400/400 433/433/433 401/401/401
f 401/401/401 433/433/433 434/434/434
f 401/401/401 434/434/434 402/402/402
f 402/402/402 434/434/434 435/435/435
f 402/402/402 435/435/435 403/403/403
f 403/403/403 435/435/435 436/436/436
f 403/403/403 436/436/436 404/404/404
f 404/404/404 436/436/436 437/437/437
f 404/404/404 437/437/437 405/405/405
f 405/405/405 437/437/437 438/438/438
f 405/405/405 438/438/438 406/406/406
f 406/406/406 438/438/438 439/439/439
f 406/406/406 439/439/439 407/407/407
f 407/407/407 439/439/439 440/440/440
f 407/407/407 440/440/440 408/408/408
f 408/408/408 440/440/440 441/441/441
f 408/408/408 441/441/441 409/409/409
f 409/409/409 441/441/441 442/442/442
f 409/409/409 442/442/442 410/410/410
f 410/410/410 442/442/442 443/443/443
f 410/410/410 443/443/443 411/411/411
f 411/411/411 443/443/443 444/444/444
f 411/411/411 444/444/444 412/412/412
f 412/412/412 444/444/444 445/445/445
f 412/412/412 445/445/445 413/413/413
f 413/413/413 445/445/445 446/446/446
f 413/413/413 446/446/446 414/414/414
f 414/414/414 446/446/446 447/447/447
f 414/414/414 447/447/447 415/415/415
f 415/415/415 447/447/447 448/448/448
f 415/415/415 448/448/448 416/416/416
f 416/416/416 448/448/448 417/417/417
f 416/416/416 417/417/417 385/385/385
f 417/417/417 449/449/449 450/450/450
f 417/417/417 450/450/450 418/418/418
f 418/418/418 450/450/450 451/451/451
f 418/418/418 451/451/451 419/419/419
f 419/419/419 451/451/451 452/452/452
f 419/419/419 452/452/452 420/420/420
f 420/420/420 452/452/452 453/453/453
f 420/420/420 453/453/453 421/421/421
f 421/421/421 453/453/453 454/454/454
f 421/421/421 454/454/454 422/422/422
f 422/422/422 454/454/454 455/455/455
f 422/422/422 455/455/455 423/423/423
f 423/423/423 455/455/455 456/456/456
f 423/423/423 456/456/456 424/424/424
f 424/424/424 456/456/456 457/457/457
f 424/424/424 457/457/457 425/425/425
f 425/425/425 457/457/457 458/458/458
f 425/425/425 458/458/458 426/426/426
f 426/426/426 458/458/458 459/459/459
f 426/426/426 459/459/459 427/427/427
f 427/427/427 459/459/459 460/460/460
f 427/427/427 460/460/460 428/428/428
f 428/428/428 460/460/460 461/461/461
f 428/428/428 461/461/461 429/429/429
f 429/429/429 461/461/461 462/462/462
f 429/429/429 462/462/462 430/430/430
f 430/430/430 462/462/462 463/463/463
f 430/430/430 463/463/463 431/431/431
f 431/431/431 463/463/463 464/464/464
f 431/431/431 464/464/464 432/432/432
f 432/432/432 464/464/464 465/465/465
f 432/432/432 465/465/465 433/433/433
f 433/433/433 465/465/465 466/466/466
f 433/433/433 466/466/466 434/434/434
f 434/434/434 466/466/466 467/467/467
f 434/434/434 467/467/467 435/435/435
f 435/435/435 467/467/467 468/468/468
f 435/435/435 468/468/468 436/436/436
f 436/436/436 468/468/468 469/469/469
f 436/436/436 469/469/469 437/437/437
f 437/437/437 469/469/469 470/470/470
f 437/437/437 470/470/470 438/438/438
f 438/438/438 470/470/470 471/471/471
f 438/438/438 471/471/471 439/439/439
f 439/439/439 471/471/471 472/472/472
f 439/439/439 472/472/472 440/440/440
f 440/440/440 472/472/472 473/473/473
f 440/440/440 473/473/473 441/441/441
f 441/441/441 473/473/473 474/474/474
f 441/441/441 474/474/474 442/442/442
f 442/442/442 474/474/474 475/475/475
f 442/442/442 475/475/475 443/443/443
f 443/443/443 475/475/475 476/476/476
f 443/443/443 476/476/476 444/444/444
f 444/444/444 476/476/476 477/477/477
f 444/444/444 477/477/477 445/445/445
f 445/445/445 477/477/477 478/478/478
f 445/445/445 478/478/478 446/446/446
f 446/446/446 478/478/478 479/479/479
f 446/446/446 479/479/479 447/447/447
f 447/447/447 479/479/479 480/480/480
f 447/447/447 480/480/480 448/448/448
f 448/448/448 480/480/480 449/449/449
f 448/448/448 449/449/449 417/417/417
f 449/449/449 481/481/481 482/482/482
f 449/449/449 482/482/482 450/450/450
f 450/450/450 482/482/482 483/483/483
f 450/450/450 483/483/483 451/451/451
f 451/451/451 483/483/483 484/484/484
f 451/451/451 484/484/484 452/452/452
f 452/452/452 484/484/484 485/485/485
f 452/452/452 485/485/485 453/453/453
f 453/453/453 485/485/485 486/486/486
f 453/453/453 486/486/486 454/454/454
f 454/454/454 486/486/486 487/487/487
f 454/454/454 487/487/487 455/455/455
f 455/455/455 487/487/487 488/488/488
f 455/455/455 488/488/488 456/456/456
f 456/456/456 488/488/488 489/489/489
f 456/456/456 489/489/489 457/457/457
f 457/457/457 489/489/489 490/490/490
f 457/457/457 490/490/490 458/458/458
f 458/458/458 490/490/490 491/491/491
f 458/458/458 491/491/491 459/459/459
f 459/459/459 491/491/491 492/492/492
f 459/459/459 492/492/492 460/460/460
f 460/460/460 492/492/492 493/493/493
f 460/460/460 493/493/493 461/461/461
f 461/461/461 493/493/493 494/494/494
f 461/461/461 494/494/494 462/462/462
f 462/462/462 494/494/494 495/495/495
f 462/462/462 495/495/495 463/463/463
f 463/463/463 495/495/495 496/496/496
f 463/463/463 496/496/496 464/464/464
f 464/464/464 496/496/496 497/497/497
f 464/464/464 497/497/497 465/465/465
f 465/465/465 497/497/497 498/498/498
f 465/465/465 498/498/498 466/466/466
f 466/466/466 498/498/498 499/499/499
f 466/466/466 499/499/499 467/467/467
f 467/467/467 499/499/499 500/500/500
f 467/467/467 500/500/500 468/468/468
f 468/468/468 500/500/500 501/501/501
f 468/468/468 501/501/501 469/469/469
f 469/469/469 501/501/501 502/502/502
f 469/469/469 502/502/502 470/470/470
f 470/470/470 502/502/502 503/503/503
f 470/470/470 503/503/503 471/471/471
f 471/471/471 503/503/503 504/504/504
f 471/471/471 504/504/504 472/472/472
f 472/472/472 504/504/504 505/505/505
f 472/472/472 505/505/505 473/473/473
f 473/473/473 505/505/505 506/506/506
f 473/473/473 506/506/506 474/474/474
f 474/474/474 506/506/506 507/507/507
f 474/474/474 507/507/507 475/475/475
f 475/475/475 507/507/507 508/508/508
f 475/475/475 508/508/508 476/476/476
f 476/476/476 508/508/508 509/509/509
f 476/476/476 509/509/509 477/477/477
f 477/477/477 509/509/509 510/510/510
f 477/477/477 510/510/510 478/478/478
f 478/478/478 510/510/510 511/511/511
f 478/478/478 511/511/511 479/479/479
f 479/479/479 511/511/511 512/512/512
f 479/479/479 512/512/512 480/480/480
f 480/480/480 512/512/512 481/481/481
f 480/480/480 481/481/481 449/449/449
f 481/481/481 513/513/513 514/514/514
f 481/481/481 514/514/514 482/482/482
f 482/482/482 514/514/514 515/515/515
f 482/482/482 515/515/515 483/483/483
f 483/483/483 515/515/515 516/516/516
f 483/483/483 516/516/516 484/484/484
f 484/484/484 516/516/516 517/517/517
f 484/484/484 517/517/517 485/485/485
f 485/485/485 517/517/517 518/518/518
f 485/485/485 518/518/518 486/486/486
f 486/486/486 518/518/518 519/519/519
f 486/486/486 519/519/519 487/487/487
f 487/487/487 519/519/519 520/520/520
f 487/487/487 520/520/520 488/488/488
f 488/488/488 520/520/520 521/521/521
f 488/488/488 521/521/521 489/489/489
f 489/489/489 521/521/521 522/522/522
f 489/489/489 522/522/522 490/490/490
f 490/490/490 522/522/522 523/523/523
f 490/490/490 523/523/523 491/491/491
f 491/491/491 523/523/523 524/524/524
f 491/491/491 524/524/524 492/492/492
f 492/492/492 524/524/524 525/525/525
f 492/492/492 525/525/525 493/493/493
f 493/493/493 525/525/525 526/526/526
f 493/493/493 526/526/526 494/494/494
f 494/494/494 526/526/526 527/527/527
f 494/494/494 527/527/527 495/495/495
f 495/495/495 527/527/527 528/528/528
f 495/495/495 528/528/528 496/496/496
f 496/496/496 528/528/528 529/529/529
f 496/496/496 529/529/529 497/497/497
f 497/497/497 529/529/529 530/530/530
f 497/497/497 530/530/530 498/498/498
f 498/498/498 530/530/530 531/531/531
f 498/498/498 531/531/531 499/499/499
f 499/499/499 531/531/531 532/532/532
f 499/499/499 532/532/532 500/500/500
f 500/500/500 532/532/532 533/533/533
f 500/500/500 533/533/533 501/501/501
f 501/501/501 533/533/533 534/534/534
f 501/501/501 534/534/534 502/502/502
f 502/502/502 534/534/534 535/535/535
f 502/502/502 535/535/535 503/503/503
f 503/503/503 535/535/535 536/536/536
f 503/503/503 536/536/536 504/504/504
f 504/504/504 536/536/536 537/537/537
f 504/504/504 537/537/537 505/505/505
f 505/505/505 537/537/537 538/538/538
f 505/505/505 538/538/538 506/506/506
f 506/506/506 538/538/538 539/539/539
f 506/506/506 539/539/539 507/507/507
f 507/507/507 539/539/539 540/540/540
f 507/507/507 540/540/540 508/508/508
f 508/508/508 540/540/540 541/541/541
f 508/508/508 541/541/541 509/509/509
f 509/509/509 541/541/541 542/542/542
f 509/509/509 542/542/542 510/510/510
f 510/510/510 542/542/542 543/543/543
f 510/510/510 543/543/543 511/511/511
f 511/511/511 543/543/543 544/544/544
f 511/511/511 544/544/544 512/512/512
f 512/512/512 544/544/544 513/513/513
f 512/512/512 513/513/513 481/481/481
f 513/513/513 545/545/545 546/546/546
f 513/513/513 546/546/546 514/514/514
f 514/514/514 546/546/546 547/547/547
f 514/514/514 547/547/547 515/515/515
f 515/515/515 547/547/547 548/548/548
f 515/515/515 548/548/548 516/516/516
f 516/516/516 548/548/548 549/549/549
f 516/516/516 549/549/549 517/517/517
f 517/517/517 549/549/549 550/550/550
f 517/517/517 550/550/550 518/518/518
f 518/518/518 550/550/550 551/551/551
f 518/518/518 551/551/551 519/519/519
f 519/519/519 551/551/551 552/552/552
f 519/519/519 552/552/552 520/520/520
f 520/520/520 552/552/552 553/553/553
f 520/520/520 553/553/553 521/521/521
f 521/521/521 553/553/553 554/554/554
f 521/521/521 554/554/554 522/522/522
f 522/522/522 554/554/554 555/555/555
f 522/522/522 555/555/555 523/523/523
f 523/523/523 555/555/555 556/556/556
f 523/523/523 556/556/556 524/524/524
f 524/524/524 556/556/556 557/557/557
f 524/524/524 557/557/557 525/525/525
f 525/525/525 557/557/557 558/558/558
f 525/525/525 558/558/558 526/526/526
f 526/526/526 558/558/558 559/559/559
f 526/526/526 559/559/559 527/527/527
f 527/527/527 559/559/559 560/560/560
f 527/527/527 560/560/560 528/528/528
f 528/528/528 560/560/560 561/561/561
f 528/528/528 561/561/561 529/529/529
f 529/529/529 561/561/561 562/562/562
f 529/529/529 562/562/562 530/530/530
f 530/530/530 562/562/562 563/563/563
f 530/530/530 563/563/563 531/531/531
f 531/531/531 563/563/563 564/564/564
f 531/531/531 564/564/564 532/532/532
f 532/532/532 564/564/564 565/565/565
f 532/532/532 565/565/565 533/533/533
f 533/533/533 565/565/565 566/566/566
f 533/533/533 566/566/566 534/534/534
f 534/534/534 566/566/566 567/567/567
f 534/534/534 567/567/567 535/535/535
f 535/535/535 567/567/567 568/568/568
f 535/535/535 568/568/568 536/536/536
f 536/536/536 568/568/568 569/569/569
f 536/536/536 569/569/569 537/537/537
f 537/537/537 569/569/569 570/570/570
f 537/537/537 570/570/570 538/538/538
f 538/538/538 570/570/570 571/571/571
f 538/538/538 571/571/571 539/539/539
f 539/539/539 571/571/571 572/572/572
f 539/539/539 572/572/572 540/540/540
f 540/540/540 572/572/572 573/573/573
f 540/540/540 573/573/573 541/541/541
f 541/541/541 573/573/573 574/574/574
f 541/541/541 574/574/574 542/542/542
f 542/542/542 574/574/574 575/575/575
f 542/542/542 575/575/575 543/543/543
f 543/543/543 575/575/575 576/576/576
f 543/543/543 576/576/576 544/544/544
f 544/544/544 576/576/576 545/545/545
f 544/544/544 545/545/545 513/513/513
f 545/545/545 577/577/577 578/578/578
f 545/545/545 578/578/578 546/546/546
f 546/546/546 578/578/578 579/579/579
f 546/546/546 579/579/579 547/547/547
f 547/547/547 579/579/579 580/580/580
f 547/547/547 580/580/580 548/548/548
f 548/548/548 580/580/580 581/581/581
f 548/548/548 581/581/581 549/549/549
f 549/549/549 581/581/581 582/582/582
f 549/549/549 582/582/582 550/550/550
f 550/550/550 582/582/582 583/583/583
f 550/550/550 583/583/583 551/551/551
f 551/551/551 583/583/583 584/584/584
f 551/551/551 584/584/584 552/552/552
f 552/552/552 584/584/584 585/585/585
f 552/552/552 585/585/585 553/553/553
f 553/553/553 585/585/585 586/586/586
f 553/553/553 586/586/586 554/554/554
f 554/554/554 586/586/586 587/587/587
f 554/554/554 587/587/587 555/555/555
f 555/555/555 587/587/587 588/588/588
f 555/555/555 588/588/588 556/556/556
f 556/556/556 588/588/588 589/589/589
f 556/556/556 589/589/589 557/557/557
f 557/557/557 589/589/589 590/590/590
f 557/557/557 590/590/590 558/558/558
f 558/558/558 590/590/590 591/591/591
f 558/558/558 591/591/591 559/559/559
f 559/559/559 591/591/591 592/592/592
f 559/559/559 592/592/592 560/560/560
f 560/560/560 592/592/592 593/593/593
f 560/560/560 593/593/593 561/561/561
f 561/561/561 593/593/593 594/594/594
f 561/561/561 594/594/594 562/562/562
f 562/562/562 594/594/594 595/595/595
f 562/562/562 595/595/595 563/563/563
f 563/563/563 595/595/595 596/596/596
f 563/563/563 596/596/596 564/564/564
f 564/564/564 596/596/596 597/597/597
f 564/564/564 597/597/597 565/565/565
f 565/565/565 597/597/597 598/598/598
f 565/565/565 598/598/598 566/566/566
f 566/566/566 598/598/598 599/599/599
f 566/566/566 599/599/599 567/567/567
f 567/567/567 599/599/599 600/600/600
f 567/567/567 600/600/600 568/568/568
f 568/568/568 600/600/600 601/601/601
f 568/568/568 601/601/601 569/569/569
f 569/569/569 601/601/601 602/602/602
f 569/569/569 602/602/602 570/570/570
f 570/570/570 602/602/602 603/603/603
f 570/570/570 603/603/603 571/571/571
f 571/571/571 603/603/603 604/604/604
f 571/571/571 604/604/604 572/572/572
f 572/572/572 604/604/604 605/605/605
f 572/572/572 605/605/605 573/573/573
f 573/573/573 605/605/605 606/606/606
f 573/573/573 606/606/606 574/574/574
f 574/574/574 606/606/606 607/607/607
f 574/574/574 607/607/607 575/575/575
f 575/575/575 607/607/607 608/608/608
f 575/575/575 608/608/608 576/576/576
f 576/576/576 608/608/608 577/577/577
f 576/576/576 577/577/577 545/545/545
f 577/577/577 609/609/609 610/610/610
f 577/577/577 610/610/610 578/578/578
f 578/578/578 610/610/610 611/611/611
f 578/578/578 611/611/611 579/579/579
f 579/579/579 611/611/611 612/612/612
f 579/579/579 612/612/612 580/580/580
f 580/580/580 612/612/612 613/613/613
f 580/580/580 613/613/613 581/581/581
f 581/581/581 613/613/613 614/614/614
f 581/581/581 614/614/614 582/582/582
f 582/582/582 614/614/614 615/615/615
f 582/582/582 615/615/615 583/583/583
f 583/583/583 615/615/615 616/616/616
f 583/583/583 616/616/616 584/584/584
f 584/584/584 616/616/616 617/617/617
f 584/584/584 617/617/617 585/585/585
f 585/585/585 617/617/617 618/618/618
f 585/585/585 618/618/618 586/586/586
f 586/586/586 618/618/618 619/619/619
f 586/586/586 619/619/619 587/587/587
f 587/587/587 619/619/619 620/620/620
f 587/587/587 620/620/620 588/588/588
f 588/588/588 620/620/620 621/621/621
f 588/588/588 621/621/621 589/589/589
f 589/589/589 621/621/621 622/622/622
f 589/589/589 622/622/622 590/590/590
f 590/590/590 622/622/622 623/623/623
f 590/590/590 623/623/623 591/591/591
f 591/591/591 623/623/623 624/624/624
f 591/591/591 624/624/624 592/592/592
f 592/592/592 624/624/624 625/625/625
f 592/592/592 625/625/625 593/593/593
f 593/593/593 625/625/625 626/626/626
f 593/593/593 626/626/626 594/594/594
f 594/594/594 626/626/626 627/627/627
f 594/594/594 627/627/627 595/595/595
f 595/595/595 627/627/627 628/628/628
f 595/595/595 628/628/628 596/596/596
f 596/596/596 628/628/628 629/629/629
f 596/596/596 629/629/629 597/597/597
f 597/597/597 629/629/629 630/630/630
f 597/597/597 630/630/630 598/598/598
f 598/598/598 630/630/630 631/631/631
f 598/598/598 631/631/631 599/599/599
f 599/599/599 631/631/631 632/632/632
f 599/599/599 632/632/632 600/600/600
f 600/600/600 632/632/632 633/633/633
f 600/600/600 633/633/633 601/601/601
f 601/601/601 633/633/633 634/634/634
f 601/601/601 634/634/634 602/602/602
f 602/602/602 634/634/634 635/635/635
f 602/602/602 635/635/635 603/603/603
f 603/603/603 635/635/635 636/636/636
f 603/603/603 636/636/636 604/604/604
f 604/604/604 636/636/636 637/637/637
f 604/604/604 637/637/637 605/605/605
f 605/605/605 637/637/637 638/638/638
f 605/605/605 638/638/638 606/606/606
f 606/606/606 638/638/638 639/639/639
f 606/606/606 639/639/639 607/607/607
f 607/607/607 639/639/639 640/640/640
f 607/607/607 640/640/640 608/608/608
f 608/608/608 640/640/640 609/609/609
f 608/608/608 609/609/609 577/577/577
f 609/609/609 641/641/641 642/642/642
f 609/609/609 642/642/642 610/610/610
f 610/610/610 642/642/642 643/643/643
f 610/610/610 643/643/643 611/611/611
f 611/611/611 643/643/643 644/644/644
f 611/611/611 644/644/644 612/612/612
f 612/612/612 644/644/644 645/645/645
f 612/612/612 645/645/645 613/613/613
f 613/613/613 645/645/645 646/646/646
f 613/613/613 646/646/646 614/614/614
f 614/614/614 646/646/646 647/647/647
f 614/614/614 647/647/647 615/615/615
f 615/615/615 647/647/647 648/648/648
f 615/615/615 648/648/648 616/616/616
f 616/616/616 648/648/648 649/649/649
f 616/616/616 649/649/649 617/617/617
f 617/617/617 649/649/649 650/650/650
f 617/617/617 650/650/650 618/618/618
f 618/618/618 650/650/650 651/651/651
f 618/618/618 651/651/651 619/619/619
f 619/619/619 651/651/651 652/652/652
f 619/619/619 652/652/652 620/620/620
f 620/620/620 652/652/652 653/653/653
f 620/620/620 653/653/653 621/621/621
f 621/621/621 653/653/653 654/654/654
f 621/621/621 654/654/654 622/622/622
f 622/622/622 654/654/654 655/655/655
f 622/622/622 655/655/655 623/623/623
f 623/623/623 655/655/655 656/656/656
f 623/623/623 656/656/656 624/624/624
f 624/624/624 656/656/656 657/657/657
f 624/624/624 657/657/657 625/625/625
f 625/625/625 657/657/657 658/658/658
f 625/625/625 658/658/658 626/626/626
f 626/626/626 658/658/658 659/659/659
f 626/626/626 659/659/659 627/627/627
f 627/627/627 659/659/659 660/660/660
f 627/627/627 660/660/660 628/628/628
f 628/628/628 660/660/660 661/661/661
f 628/628/628 661/661/661 629/629/629
f 629/629/629 661/661/661 662/662/662
f 629/629/629 662/662/662 630/630/630
f 630/630/630 662/662/662 663/663/663
f 630/630/630 663/663/663 631/631/631
f 631/631/631 663/663/663 664/664/664
f 631/631/631 664/664/664 632/632/632
f 632/632/632 664/664/664 665/665/665
f 632/632/632 665/665/665 633/633/633
f 633/633/633 665/665/665 666/666/666
f 633/633/633 666/666/666 634/634/634
f 634/634/634 666/666/666 667/667/667
f 634/634/634 667/667/667 635/635/635
f 635/635/635 667/667/667 668/668/668
f 635/635/635 668/668/668 636/636/636
f 636/636/636 668/668/668 669/669/669
f 636/636/636 669/669/669 637/637/637
f 637/637/637 669/669/669 670/670/670
f 637/637/637 670/670/670 638/638/638
f 638/638/638 670/670/670 671/671/671
f 638/638/638 671/671/671 639/639/639
f 639/639/639 671/671/671 672/672/672
f 639/639/639 672/672/672 640/640/640
f 640/640/640 672/672/672 641/641/641
f 640/640/640 641/641/641 609/609/609
f 641/641/641 673/673/673 674/674/674
f 641/641/641 674/674/674 642/642/642
f 642/642/642 674/674/674 675/675/675
f 642/642/642 675/675/675 643/643/643
f 643/643/643 675/675/675 676/676/676
f 643/643/643 676/676/676 644/644/644
f 644/644/644 676/676/676 677/677/677
f 644/644/644 677/677/677 645/645/645
f 645/645/645 677/677/677 678/678/678
f 645/645/645 678/678/678 646/646/646
f 646/646/646 678/678/678 679/679/679
f 646/646/646 679/679/679 647/647/647
f 647/647/647 679/679/679 680/680/680
f 647/647/647 680/680/680 648/648/648
f 648/648/648 680/680/680 681/681/681
f 648/648/648 681/681/681 649/649/649
f 649/649/649 681/681/681 682/682/682
f 649/649/649 682/682/682 650/650/650
f 650/650/650 682/682/682 683/683/683
f 650/650/650 683/683/683 651/651/651
f 651/651/651 683/683/683 684/684/684
f 651/651/651 684/684/684 652/652/652
f 652/652/652 684/684/684 685/685/685
f 652/652/652 685/685/685 653/653/653
f 653/653/653 685/685/685 686/686/686
f 653/653/653 686/686/686 654/654/654
f 654/654/654 686/686/686 687/687/687
f 654/654/654 687/687/687 655/655/655
f 655/655/655 687/687/687 688/688/688
f 655/655/655 688/688/688 656/656/656
f 656/656/656 688/688/688 689/689/689
f 656/656/656 689/689/689 657/657/657
f 657/657/657 689/689/689 690/690/690
f 657/657/657 690/690/690 658/658/658
f 658/658/658 690/690/690 691/691/691
f 658/658/658 691/691/691 659/659/659
f 659/659/659 691/691/691 692/692/692
f 659/659/659 692/692/692 660/660/660
f 660/660/660 692/692/692 693/693/693
f 660/660/660 693/693/693 661/661/661
f 661/661/661 693/693/693 694/694/694
f 661/661/661 694/694/694 662/662/662
f 662/662/662 694/694/694 695/695/695
f 662/662/662 695/695/695 663/663/663
f 663/663/663 695/695/695 696/696/696
f 663/663/663 696/696/696 664/664/664
f 664/664/664 696/696/696 697/697/697
f 664/664/664 697/697/697 665/665/665
f 665/665/665 697/697/697 698/698/698
f 665/665/665 698/698/698 666/666/666
f 666/666/666 698/698/698 699/699/699
f 666/666/666 699/699/699 667/667/667
f 667/667/667 699/699/699 700/700/700
f 667/667/667 700/700/700 668/668/668
f 668/668/668 700/700/700 701/701/701
f 668/668/668 701/701/701 669/669/669
f 669/669/669 701/701/701 702/702/702
f 669/669/669 702/702/702 670/670/670
f 670/670/670 702/702/702 703/703/703
f 670/670/670 703/703/703 671/671/671
f 671/671/671 703/703/703 704/704/704
f 671/671/671 704/704/704 672/672/672
f 672/672/672 704/704/704 673/673/673
f 672/672/672 673/673/673 641/641/641
f 673/673/673 705/705/705 706/706/706
f 673/673/673 706/706/706 674/674/674
f 674/674/674 706/706/706 707/707/707
f 674/674/674 707/707/707 675/675/675
f 675/675/675 707/707/707 708/708/708
f 675/675/675 708/708/708 676/676/676
f 676/676/676 708/708/708 709/709/709
f 676/676/676 709/709/709 677/677/677
f 677/677/677 709/709/709 710/710/710
f 677/677/677 710/710/710 678/678/678
f 678/678/678 710/710/710 711/711/711
f 678/678/678 711/711/711 679/679/679
f 679/679/679 711/711/711 712/712/712
f 679/679/679 712/712/712 680/680/680
f 680/680/680 712/712/712 713/713/713
f 680/680/680 713/713/713 681/681/681
f 681/681/681 713/713/713 714/714/714
f 681/681/681 714/714/714 682/682/682
f 682/682/682 714/714/714 715/715/715
f 682/682/682 715/715/715 683/683/683
f 683/683/683 715/715/715 716/716/716
f 683/683/683 716/716/716 684/684/684
f 684/684/684 716/716/716 717/717/717
f 684/684/684 717/717/717 685/685/685
f 685/685/685 717/717/717 718/718/718
f 685/685/685 718/718/718 686/686/686
f 686/686/686 718/718/718 719/719/719
f 686/686/686 719/719/719 687/687/687
f 687/687/687 719/719/719 720/720/720
f 687/687/687 720/720/720 688/688/688
f 688/688/688 720/720/720 721/721/721
f 688/688/688 721/721/721 689/689/689
f 689/689/689 721/721/721 722/722/722
f 689/689/689 722/722/722 690/690/690
f 690/690/690 722/722/722 723/723/723
f 690/690/690 723/723/723 691/691/691
f 691/691/691 723/723/723 724/724/724
f 691/691/691 724/724/724 692/692/692
f 692/692/692 724/724/724 725/725/725
f 692/692/692 725/725/725 693/693/693
f 693/693/693 725/725/725 726/726/726
f 693/693/693 726/726/726 694/694/694
f 694/694/694 726/726/726 727/727/727
f 694/694/694 727/727/727 695/695/695
f 695/695/695 727/727/727 728/728/728
f 695/695/695 728/728/728 696/696/696
f 696/696/696 728/728/728 729/729/729
f 696/696/696 729/729/729 697/697/697
f 697/697/697 729/729/729 730/730/730
f 697/697/697 730/730/730 698/698/698
f 698/698/698 730/730/730 731/731/731
f 698/698/698 731/731/731 699/699/699
f 699/699/699 731/731/731 732/732/732
f 699/699/699 732/732/732 700/700/700
f 700/700/700 732/732/732 733/733/733
f 700/700/700 733/733/733 701/701/701
f 701/701/701 733/733/733 734/734/734
f 701/701/701 734/734/734 702/702/702
f 702/702/702 734/734/734 735/735/735
f 702/702/702 735/735/735 703/703/703
f 703/703/703 735/735/735 736/736/736
f 703/703/703 736/736/736 704/704/704
f 704/704/704 736/736/736 705/705/705
f 704/704/704 705/705/705 673/673/673
f 705/705/705 737/737/737 738/738/738
f 705/705/705 738/738/738 706/706/706
f 706/706/706 738/738/738 739/739/739
f 706/706/706 739/739/739 707/707/707
f 707/707/707 739/739/739 740/740/740
f 707/707/707 740/740/740 708/708/708
f 708/708/708 740/740/740 741/741/741
f 708/708/708 741/741/741 709/709/709
f 709/709/709 741/741/741 742/742/742
f 709/709/709 742/742/742 710/710/710
f 710/710/710 742/742/742 743/743/743
f 710/710/710 743/743/743 711/711/711
f 711/711/711 743/743/743 744/744/744
f 711/711/711 744/744/744 712/712/712
f 712/712/712 744/744/744 745/745/745
f 712/712/712 745/745/745 713/713/713
f 713/713/713 745/745/745 746/746/746
f 713/713/713 746/746/746 714/714/714
f 714/714/714 746/746/746 747/747/747
f 714/714/714 747/747/747 715/715/715
f 715/715/715 747/747/747 748/748/748
f 715/715/715 748/748/748 716/716/716
f 716/716/716 748/748/748 749/749/749
f 716/716/716 749/749/749 717/717/717
f 717/717/717 749/749/749 750/750/750
f 717/717/717 750/750/750 718/718/718
f 718/718/718 750/750/750 751/751/751
f 718/718/718 751/751/751 719/719/719
f 719/719/719 751/751/751 752/752/752
f 719/719/719 752/752/752 720/720/720
f 720/720/720 752/752/752 753/753/753
f 720/720/720 753/753/753 721/721/721
f 721/721/721 753/753/753 754/754/754
f 721/721/721 754/754/754 722/722/722
f 722/722/722 754/754/754 755/755/755
f 722/722/722 755/755/755 723/723/723
f 723/723/723 755/755/755 756/756/756
f 723/723/723 756/756/756 724/724/724
f 724/724/724 756/756/756 757/757/757
f 724/724/724 757/757/757 725/725/725
f 725/725/725 757/757/757 758/758/758
f 725/725/725 758/758/758 726/726/726
f 726/726/726 758/758/758 759/759/759
f 726/726/726 759/759/759 727/727/727
f 727/727/727 759/759/759 760/760/760
f 727/727/727 760/760/760 728/728/728
f 728/728/728 760/760/760 761/761/761
f 728/728/728 761/761/761 729/729/729
f 729/729/729 761/761/761 762/762/762
f 729/729/729 762/762/762 730/730/730
f 730/730/730 762/762/762 763/763/763
f 730/730/730 763/763/763 731/731/731
f 731/731/731 763/763/763 764/764/764
f 731/731/731 764/764/764 732/732/732
f 732/732/732 764/764/764 765/765/765
f 732/732/732 765/765/765 733/733/733
f 733/733/733 765/765/765 766/766/766
f 733/733/733 766/766/766 734/734/734
f 734/734/734 766/766/766 767/767/767
f 734/734/734 767/767/767 735/735/735
f 735/735/735 767/767/767 768/768/768
f 735/735/735 768/768/768 736/736/736
f 736/736/736 768/768/768 737/737/737
f 736/736/736 737/737/737 705/705/705
f 737/737/737 769/769/769 770/770/770
f 737/737/737 770/770/770 738/738/738
f 738/738/738 770/770/770 771/771/771
f 738/738/738 771/771/771 739/739/739
f 739/739/739 771/771/771 772/772/772
f 739/739/739 772/772/772 740/740/740
f 740/740/740 772/772/772 773/773/773
f 740/740/740 773/773/773 741/741/741
f 741/741/741 773/773/773 774/774/774
f 741/741/741 774/774/774 742/742/742
f 742/742/742 774/774/774 775/775/775
f 742/742/742 775/775/775 743/743/743
f 743/743/743 775/775/775 776/776/776
f 743/743/743 776/776/776 744/744/744
f 744/744/744 776/776/776 777/777/777
f 744/744/744 777/777/777 745/745/745
f 745/745/745 777/777/777 778/778/778
f 745/745/745 778/778/778 746/746/746
f 746/746/746 778/778/778 779/779/779
f 746/746/746 779/779/779 747/747/747
f 747/747/747 779/779/779 780/780/780
f 747/747/747 780/780/780 748/748/748
f 748/748/748 780/780/780 781/781/781
f 748/748/748 781/781/781 749/749/749
f 749/749/749 781/781/781 782/782/782
f 749/749/749 782/782/782 750/750/750
f 750/750/750 782/782/782 783/783/783
f 750/750/750 783/783/783 751/751/751
f 751/751/751 783/783/783 784/784/784
f 751/751/751 784/784/784 752/752/752
f 752/752/752 784/784/784 785/785/785
f 752/752/752 785/785/785 753/753/753
f 753/753/753 785/785/785 786/786/786
f 753/753/753 786/786/786 754/754/754
f 754/754/754 786/786/786 787/787/787
f 754/754/754 787/787/787 755/755/755
f 755/755/755 787/787/787 788/788/788
f 755/755/755 788/788/788 756/756/756
f 756/756/756 788/788/788 789/789/789
f 756/756/756 789/789/789 757/757/757
f 757/757/757 789/789/789 790/790/790
f 757/757/757 790/790/790 758/758/758
f 758/758/758 790/790/790 791/791/791
f 758/758/758 791/791/791 759/759/759
f 759/759/759 791/791/791 792/792/792
f 759/759/759 792/792/792 760/760/760
f 760/760/760 792/792/792 793/793/793
f 760/760/760 793/793/793 761/761/761
f 761/761/761 793/793/793 794/794/794
f 761/761/761 794/794/794 762/762/762
f 762/762/762 794/794/794 795/795/795
f 762/762/762 795/795/795 763/763/763
f 763/763/763 795/795/795 796/796/796
f 763/763/763 796/796/796 764/764/764
f 764/764/764 796/796/796 797/797/797
f 764/764/764 797/797/797 765/765/765
f 765/765/765 797/797/797 798/798/798
f 765/765/765 798/798/798 766/766/766
f 766/766/766 798/798/798 799/799/799
f 766/766/766 799/799/799 767/767/767
f 767/767/767 799/799/799 800/800/800
f 767/767/767 800/800/800 768/768/768
f 768/768/768 800/800/800 769/769/769
f 768/768/768 769/769/769 737/737/737
f 769/769/769 801/801/801 802/802/802
f 769/769/769 802/802/802 770/770/770
f 770/770/770 802/802/802 803/803/803
f 770/770/770 803/803/803 771/771/771
f 771/771/771 803/803/803 804/804/804
f 771/771/771 804/804/804 772/772/772
f 772/772/772 804/804/804 805/805/805
f 772/772/772 805/805/805 773/773/773
f 773/773/773 805/805/805 806/806/806
f 773/773/773 806/806/806 774/774/774
f 774/774/774 806/806/806 807/807/807
f 774/774/774 807/807/807 775/775/775
f 775/775/775 807/807/807 808/808/808
f 775/775/775 808/808/808 776/776/776
f 776/776/776 808/808/808 809/809/809
f 776/776/776 809/809/809 777/777/777
f 777/777/777 809/809/809 810/810/810
f 777/777/777 810/810/810 778/778/778
f 778/778/778 810/810/810 811/811/811
f 778/778/778 811/811/811 779/779/779
f 779/779/779 811/811/811 812/812/812
f 779/779/779 812/812/812 780/780/780
f 780/780/780 812/812/812 813/813/813
f 780/780/780 813/813/813 781/781/781
f 781/781/781 813/813/813 814/814/814
f 781/781/781 814/814/814 782/782/782
f 782/782/782 814/814/814 815/815/815
f 782/782/782 815/815/815 783/783/783
f 783/783/783 815/815/815 816/816/816
f 783/783/783 816/816/816 784/784/784
f 784/784/784 816/816/816 817/817/817
f 784/784/784 817/817/817 785/785/785
f 785/785/785 817/817/817 818/818/818
f 785/785/785 818/818/818 786/786/786
f 786/786/786 818/818/818 819/819/819
f 786/786/786 819/819/819 787/787/787
f 787/787/787 819/819/819 820/820/820
f 787/787/787 820/820/820 788/788/788
f 788/788/788 820/820/820 821/821/821
f 788/788/788 821/821/821 789/789/789
f 789/789/789 821/821/821 822/822/822
f 789/789/789 822/822/822 790/790/790
f 790/790/790 822/822/822 823/823/823
f 790/790/790 823/823/823 791/791/791
f 791/791/791 823/823/823 824/824/824
f 791/791/791 824/824/824 792/792/792
f 792/792/792 824/824/824 825/825/825
f 792/792/792 825/825/825 793/793/793
f 793/793/793 825/825/825 826/826/826
f 793/793/793 826/826/826 794/794/794
f 794/794/794 826/826/826 827/827/827
f 794/794/794 827/827/827 795/795/795
f 795/795/795 827/827/827 828/828/828
f 795/795/795 828/828/828 796/796/796
f 796/796/796 828/828/828 829/829/829
f 796/796/796 829/829/829 797/797/797
f 797/797/797 829/829/829 830/830/830
f 797/797/797 830/830/830 798/798/798
f 798/798/798 830/830/830 831/831/831
f 798/798/798 831/831/831 799/799/799
f 799/799/799 831/831/831 832/832/832
f 799/799/799 832/832/832 800/800/800
f 800/800/800 832/832/832 801/801/801
f 800/800/800 801/801/801 769/769/769
f 801/801/801 833/833/833 834/834/834
f 801/801/801 834/834/834 802/802/802
f 802/802/802 834/834/834 835/835/835
f 802/802/802 835/835/835 803/803/803
f 803/803/803 835/835/835 836/836/836
f 803/803/803 836/836/836 804/804/804
f 804/804/804 836/836/836 837/837/837
f 804/804/804 837/837/837 805/805/805
f 805/805/805 837/837/837 838/838/838
f 805/805/805 838/838/838 806/806/806
f 806/806/806 838/838/838 839/839/839
f 806/806/806 839/839/839 807/807/807
f 807/807/807 839/839/839 840/840/840
f 807/807/807 840/840/840 808/808/808
f 808/808/808 840/840/840 841/841/841
f 808/808/808 841/841/841 809/809/809
f 809/809/809 841/841/841 842/842/842
f 809/809/809 842/842/842 810/810/810
f 810/810/810 842/842/842 843/843/843
f 810/810/810 843/843/843 811/811/811
f 811/811/811 843/843/843 844/844/844
f 811/811/811 844/844/844 812/812/812
f 812/812/812 844/844/844 845/845/845
f 812/812/812 845/845/845 813/813/813
f 813/813/813 845/845/845 846/846/846
f 813/813/813 846/846/846 814/814/814
f 814/814/814 846/846/846 847/847/847
f 814/814/814 847/847/847 815/815/815
f 815/815/815 847/847/847 848/848/848
f 815/815/815 848/848/848 816/816/816
f 816/816/816 848/848/848 849/849/849
f 816/816/816 849/849/849 817/817/817
f 817/817/817 849/849/849 850/850/850
f 817/817/817 850/850/850 818/818/818
f 818/818/818 850/850/850 851/851/851
f 818/818/818 851/851/851 819/819/819
f 819/819/819 851/851/851 852/852/852
f 819/819/819 852/852/852 820/820/820
f 820/820/820 852/852/852 853/853/853
f 820/820/820 853/853/853 821/821/821
f 821/821/821 853/853/853 854/854/854
f 821/821/821 854/854/854 822/822/822
f 822/822/822 854/854/854 855/855/855
f 822/822/822 855/855/855 823/823/823
f 823/823/823 855/855/855 856/856/856
f 823/823/823 856/856/856 824/824/824
f 824/824/824 856/856/856 857/857/857
f 824/824/824 857/857/857 825/825/825
f 825/825/825 857/857/857 858/858/858
f 825/825/825 858/858/858 826/826/826
f 826/826/826 858/858/858 859/859/859
f 826/826/826 859/859/859 827/827/827
f 827/827/827 859/859/859 860/860/860
f 827/827/827 860/860/860 828/828/828
f 828/828/828 860/860/860 861/861/861
f 828/828/828 861/861/861 829/829/829
f 829/829/829 861/861/861 862/862/862
f 829/829/829 862/862/862 830/830/830
f 830/830/830 862/862/862 863/863/863
f 830/830/830 863/863/863 831/831/831
f 831/831/831 863/863/863 864/864/864
f 831/831/831 864/864/864 832/832/832
f 832/832/832 864/864/864 833/833/833
f 832/832/832 833/833/833 801/801/801
f 833/833/833 865/865/865 866/866/866
f 833/833/833 866/866/866 834/834/834
f 834/834/834 866/866/866 867/867/867
f 834/834/834 867/867/867 835/835/835
f 835/835/835 867/867/867 868/868/868
f 835/835/835 868/868/868 836/836/836
f 836/836/836 868/868/868 869/869/869
f 836/836/836 869/869/869 837/837/837
f 837/837/837 869/869/869 870/870/870
f 837/837/837 870/870/870 838/838/838
f 838/838/838 870/870/870 871/871/871
f 838/838/838 871/871/871 839/839/839
f 839/839/839 871/871/871 872/872/872
f 839/839/839 872/872/872 840/840/840
f 840/840/840 872/872/872 873/873/873
f 840/840/840 873/873/873 841/841/841
f 841/841/841 873/873/873 874/874/874
f 841/841/841 874/874/874 842/842/842
f 842/842/842 874/874/874 875/875/875
f 842/842/842 875/875/875 843/843/843
f 843/843/843 875/875/875 876/876/876
f 843/843/843 876/876/876 844/844/844
f 844/844/844 876/876/876 877/877/877
f 844/844/844 877/877/877 845/845/845
f 845/845/845 877/877/877 878/878/878
f 845/845/845 878/878/878 846/846/846
f 846/846/846 878/878/878 879/879/879
f 846/846/846 879/879/879 847/847/847
f 847/847/847 879/879/879 880/880/880
f 847/847/847 880/880/880 848/848/848
f 848/848/848 880/880/880 881/881/881
f 848/848/848 881/881/881 849/849/849
f 849/849/849 881/881/881 882/882/882
f 849/849/849 882/882/882 850/850/850
f 850/850/850 882/882/882 883/883/883
f 850/850/850 883/883/883 851/851/851
f 851/851/851 883/883/883 884/884/884
f 851/851/851 884/884/884 852/852/852
f 852/852/852 884/884/884 885/885/885
f 852/852/852 885/885/885 853/853/853
f 853/853/853 885/885/885 886/886/886
f 853/853/853 886/886/886 854/854/854
f 854/854/854 886/886/886 887/887/887
f 854/854/854 887/887/887 855/855/855
f 855/855/855 887/887/887 888/888/888
f 855/855/855 888/888/888 856/856/856
f 856/856/856 888/888/888 889/889/889
f 856/856/856 889/889/889 857/857/857
f 857/857/857 889/889/889 890/890/890
f 857/857/857 890/890/890 858/858/858
f 858/858/858 890/890/890 891/891/891
f 858/858/858 891/891/891 859/859/859
f 859/859/859 891/891/891 892/892/892
f 859/859/859 892/892/892 860/860/860
f 860/860/860 892/892/892 893/893/893
f 860/860/860 893/893/893 861/861/861
f 861/861/861 893/893/893 894/894/894
f 861/861/861 894/894/894 862/862/862
f 862/862/862 894/894/894 895/895/895
f 862/862/862 895/895/895 863/863/863
f 863/863/863 895/895/895 896/896/896
f 863/863/863 896/896/896 864/864/864
f 864/864/864 896/896/896 865/865/865
f 864/864/864 865/865/865 833/833/833
f 865/865/865 897/897/897 898/898/898
f 865/865/865 898/898/898 866/866/866
f 866/866/866 898/898/898 899/899/899
f 866/866/866 899/899/899 867/867/867
f 867/867/867 899/899/899 900/900/900
f 867/867/867 900/900/900 868/868/868
f 868/868/868 900/900/900 901/901/901
f 868/868/868 901/901/901 869/869/869
f 869/869/869 901/901/901 902/902/902
f 869/869/869 902/902/902 870/870/870
f 870/870/870 902/902/902 903/903/903
f 870/870/870 903/903/903 871/871/871
f 871/871/871 903/903/903 904/904/904
f 871/871/871 904/904/904 872/872/872
f 872/872/872 904/904/904 905/905/905
f 872/872/872 905/905/905 873/873/873
f 873/873/873 905/905/905 906/906/906
f 873/873/873 906/906/906 874/874/874
f 874/874/874 906/906/906 907/907/907
f 874/874/874 907/907/907 875/875/875
f 875/875/875 907/907/907 908/908/908
f 875/875/875 908/908/908 876/876/876
f 876/876/876 908/908/908 909/909/909
f 876/876/876 909/909/909 877/877/877
f 877/877/877 909/909/909 910/910/910
f 877/877/877 910/910/910 878/878/878
f 878/878/878 910/910/910 911/911/911
f 878/878/878 911/911/911 879/879/879
f 879/879/879 911/911/911 912/912/912
f 879/879/879 912/912/912 880/880/880
f 880/880/880 912/912/912 913/913/913
f 880/880/880 913/913/913 881/881/881
f 881/881/881 913/913/913 914/914/914
f 881/881/881 914/914/914 882/882/882
f 882/882/882 914/914/914 915/915/915
f 882/882/882 915/915/915 883/883/883
f 883/883/883 915/915/915 916/916/916
f 883/883/883 916/916/916 884/884/884
f 884/884/884 916/916/916 917/917/917
f 884/884/884 917/917/917 885/885/885
f 885/885/885 917/917/917 918/918/918
f 885/885/885 918/918/918 886/886/886
f 886/886/886 918/918/918 919/919/919
f 886/886/886 919/919/919 887/887/887
f 887/887/887 919/919/919 920/920/920
f 887/887/887 920/920/920 888/888/888
f 888/888/888 920/920/920 921/921/921
f 888/888/888 921/921/921 889/889/889
f 889/889/889 921/921/921 922/922/922
f 889/889/889 922/922/922 890/890/890
f 890/890/890 922/922/922 923/923/923
f 890/890/890 923/923/923 891/891/891
f 891/891/891 923/923/923 924/924/924
f 891/891/891 924/924/924 892/892/892
f 892/892/892 924/924/924 925/925/925
f 892/892/892 925/925/925 893/893/893
f 893/893/893 925/925/925 926/926/926
f 893/893/893 926/926/926 894/894/894
f 894/894/894 926/926/926 927/927/927
f 894/894/894 927/927/927 895/895/895
f 895/895/895 927/927/927 928/928/928
f 895/895/895 928/928/928 896/896/896
f 896/896/896 928/928/928 897/897/897
f 896/896/896 897/897/897 865/865/865
f 897/897/897 929/929/929 930/930/930
f 897/897/897 930/930/930 898/898/898
f 898/898/898 930/930/930 931/931/931
f 898/898/898 931/931/931 899/899/899
f 899/899/899 931/931/931 932/932/932
f 899/899/899 932/932/932 900/900/900
f 900/900/900 932/932/932 933/933/933
f 900/900/900 933/933/933 901/901/901
f 901/901/901 933/933/933 934/934/934
f 901/901/901 934/934/934 902/902/902
f 902/902/902 934/934/934 935/935/935
f 902/902/902 935/935/935 903/903/903
f 903/903/903 935/935/935 936/936/936
f 903/903/903 936/936/936 904/904/904
f 904/904/904 936/936/936 937/937/937
f 904/904/904 937/937/937 905/905/905
f 905/905/905 937/937/937 938/938/938
f 905/905/905 938/938/938 906/906/906
f 906/906/906 938/938/938 939/939/939
f 906/906/906 939/939/939 907/907/907
f 907/907/907 939/939/939 940/940/940
f 907/907/907 940/940/940 908/908/908
f 908/908/908 940/940/940 941/941/941
f 908/908/908 941/941/941 909/909/909
f 909/909/909 941/941/941 942/942/942
f 909/909/909 942/942/942 910/910/910
f 910/910/910 942/942/942 943/943/943
f 910/910/910 943/943/943 911/911/911
f 911/911/911 943/943/943 944/944/944
f 911/911/911 944/944/944 912/912/912
f 912/912/912 944/944/944 945/945/945
f 912/912/912 945/945/945 913/913/913
f 913/913/913 945/945/945 946/946/946
f 913/913/913 946/946/946 914/914/914
f 914/914/914 946/946/946 947/947/947
f 914/914/914 947/947/947 915/915/915
f 915/915/915 947/947/947 948/948/948
f 915/915/915 948/948/948 916/916/916
f 916/916/916 948/948/948 949/949/949
f 916/916/916 949/949/949 917/917/917
f 917/917/917 949/949/949 950/950/950
f 917/917/917 950/950/950 918/918/918
f 918/918/918 950/950/950 951/951/951
f 918/918/918 951/951/951 919/919/919
f 919/919/919 951/951/951 952/952/952
f 919/919/919 952/952/952 920/920/920
f 920/920/920 952/952/952 953/953/953
f 920/920/920 953/953/953 921/921/921
f 921/921/921 953/953/953 954/954/954
f 921/921/921 954/954/954 922/922/922
f 922/922/922 954/954/954 955/955/955
f 922/922/922 955/955/955 923/923/923
f 923/923/923 955/955/955 956/956/956
f 923/923/923 956/956/956 924/924/924
f 924/924/924 956/956/956 957/957/957
f 924/924/924 957/957/957 925/925/925
f 925/925/925 957/957/957 958/958/958
f 925/925/925 958/958/958 926/926/926
f 926/926/926 958/958/958 959/959/959
f 926/926/926 959/959/959 927/927/927
f 927/927/927 959/959/959 960/960/960
f 927/927/927 960/960/960 928/928/928
f 928/928/928 960/960/960 929/929/929
f 928/928/928 929/929/929 897/897/897
f 929/929/929 961/961/961 962/962/962
f 929/929/929 962/962/962 930/930/930
f 930/930/930 962/962/962 963/963/963
f 930/930/930 963/963/963 931/931/931
f 931/931/931 963/963/963 964/964/964
f 931/931/931 964/964/964 932/932/932
f 932/932/932 964/964/964 965/965/965
f 932/932/932 965/965/965 933/933/933
f 933/933/933 965/965/965 966/966/966
f 933/933/933 966/966/966 934/934/934
f 934/934/934 966/966/966 967/967/967
f 934/934/934 967/967/967 935/935/935
f 935/935/935 967/967/967 968/968/968
f 935/935/935 968/968/968 936/936/936
f 936/936/936 968/968/968 969/969/969
f 936/936/936 969/969/969 937/937/937
f 937/937/937 969/969/969 970/970/970
f 937/937/937 970/970/970 938/938/938
f 938/938/938 970/970/970 971/971/971
f 938/938/938 971/971/971 939/939/939
f 939/939/939 971/971/971 972/972/972
f 939/939/939 972/972/972 940/940/940
f 940/940/940 972/972/972 973/973/973
f 940/940/940 973/973/973 941/941/941
f 941/941/941 973/973/973 974/974/974
f 941/941/941 974/974/974 942/942/942
f 942/942/942 974/974/974 975/975/975
f 942/942/942 975/975/975 943/943/943
f 943/943/943 975/975/975 976/976/976
f 943/943/943 976/976/976 944/944/944
f 944/944/944 976/976/976 977/977/977
f 944/944/944 977/977/977 945/945/945
f 945/945/945 977/977/977 978/978/978
f 945/945/945 978/978/978 946/946/946
f 946/946/946 978/978/978 979/979/979
f 946/946/946 979/979/979 947/947/947
f 947/947/947 979/979/979 980/980/980
f 947/947/947 980/980/980 948/948/948
f 948/948/948 980/980/980 981/981/981
f 948/948/948 981/981/981 949/949/949
f 949/949/949 981/981/981 982/982/982
f 949/949/949 982/982/982 950/950/950
f 950/950/950 982/982/982 983/983/983
f 950/950/950 983/983/983 951/951/951
f 951/951/951 983/983/983 984/984/984
f 951/951/951 984/984/984 952/952/952
f 952/952/952 984/984/984 985/985/985
f 952/952/952 985/985/985 953/953/953
f 953/953/953 985/985/985 986/986/986
f 953/953/953 986/986/986 954/954/954
f 954/954/954 986/986/986 987/987/987
f 954/954/954 987/987/987 955/955/955
f 955/955/955 987/987/987 988/988/988
f 955/955/955 988/988/988 956/956/956
f 956/956/956 988/988/988 989/989/989
f 956/956/956 989/989/989 957/957/957
f 957/957/957 989/989/989 990/990/990
f 957/957/957 990/990/990 958/958/958
f 958/958/958 990/990/990 991/991/991
f 958/958/958 991/991/991 959/959/959
f 959/959/959 991/991/991 992/992/992
f 959/959/959 992/992/992 960/960/960
f 960/960/960 992/992/992 961/961/961
f 960/960/960 961/961/961 929/929/929
f 961/961/961 993/993/993 994/994/994
f 961/961/961 994/994/994 962/962/962
f 962/962/962 994/994/994 995/995/995
f 962/962/962 995/995/995 963/963/963
f 963/963/963 995/995/995 996/996/996
f 963/963/963 996/996/996 964/964/964
f 964/964/964 996/996/996 997/997/997
f 964/964/964 997/997/997 965/965/965
f 965/965/965 997/997/997 998/998/998
f 965/965/965 998/998/998 966/966/966
f 966/966/966 998/998/998 999/999/999
f 966/966/966 999/999/999 967/967/967
f 967/967/967 999/999/999 1000/1000/1000
f 967/967/967 1000/1000/1000 968/968/968
f 968/968/968 1000/1000/1000 1001/1001/1001
f 968/968/968 1001/1001/1001 969/969/969
f 969/969/969 1001/1001/1001 1002/1002/1002
f 969/969/969 1002/1002/1002 970/970/970
f 970/970/970 1002/1002/1002 1003/1003/1003
f 970/970/970 1003/1003/1003 971/971/971
f 971/971/971 1003/1003/1003 1004/1004/1004
f 971/971/971 1004/1004/1004 972/972/972
f 972/972/972 1004/1004/1004 1005/1005/1005
f 972/972/972 1005/1005/1005 973/973/973
f 973/973/973 1005/1005/1005 1006/1006/1006
f 973/973/973 1006/1006/1006 974/974/974
f 974/974/974 1006/1006/1006 1007/1007/1007
f 974/974/974 1007/1007/1007 975/975/975
f 975/975/975 1007/1007/1007 1008/1008/1008
f 975/975/975 1008/1008/1008 976/976/976
f 976/976/976 1008/1008/1008 1009/1009/1009
f 976/976/976 1009/1009/1009 977/977/977
f 977/977/977 1009/1009/1009 1010/1010/1010
f 977/977/977 1010/1010/1010 978/978/978
f 978/978/978 1010/1010/1010 1011/1011/1011
f 978/978/978 1011/1011/1011 979/979/979
f 979/979/979 1011/1011/1011 1012/1012/1012
f 979/979/979 1012/1012/1012 980/980/980
f 980/980/980 1012/1012/1012 1013/1013/1013
f 980/980/980 1013/1013/1013 981/981/981
f 981/981/981 1013/1013/1013 1014/1014/1014
f 981/981/981 1014/1014/1014 982/982/982
f 982/982/982 1014/1014/1014 1015/1015/1015
f 982/982/982 1015/1015/1015 983/983/983
f 983/983/983 1015/1015/1015 1016/1016/1016
f 983/983/983 1016/1016/1016 984/984/984
f 984/984/984 1016/1016/1016 1017/1017/1017
f 984/984/984 1017/1017/1017 985/985/985
f 985/985/985 1017/1017/1017 1018/1018/1018
f 985/985/985 1018/1018/1018 986/986/986
f 986/986/986 1018/1018/1018 1019/1019/1019
f 986/986/986 1019/1019/1019 987/987/987
f 987/987/987 1019/1019/1019 1020/1020/1020
f 987/987/987 1020/1020/1020 988/988/988
f 988/988/988 1020/1020/1020 1021/1021/1021
f 988/988/988 1021/1021/1021 989/989/989
f 989/989/989 1021/1021/1021 1022/1022/1022
f 989/989/989 1022/1022/1022 990/990/990
f 990/990/990 1022/1022/1022 1023/1023/1023
f 990/990/990 1023/1023/1023 991/991/991
f 991/991/991 1023/1023/1023 1024/1024/1024
f 991/991/991 1024/1024/1024 992/992/992
f 992/992/992 1024/1024/1024 993/993/993
f 992/992/992 993/993/993 961/961/961
f 993/993/993 1025/1025/1025 1026/1026/1026
f 993/993/993 1026/1026/1026 994/994/994
f 994/994/994 1026/1026/1026 1027/1027/1027
f 994/994/994 1027/1027/1027 995/995/995
f 995/995/995 1027/1027/1027 1028/1028/1028
f 995/995/995 1028/1028/1028 996/996/996
f 996/996/996 1028/1028/1028 1029/1029/1029
f 996/996/996 1029/1029/1029 997/997/997
f 997/997/997 1029/1029/1029 1030/1030/1030
f 997/997/997 1030/1030/1030 998/998/998
f 998/998/998 1030/1030/1030 1031/1031/1031
f 998/998/998 1031/1031/1031 999/999/999
f 999/999/999 1031/1031/1031 1032/1032/1032
f 999/999/999 1032/1032/1032 1000/1000/1000
f 1000/1000/1000 1032/1032/1032 1033/1033/1033
f 1000/1000/1000 1033/1033/1033 1001/1001/1001
f 1001/1001/1001 1033/1033/1033 1034/1034/1034
f 1001/1001/1001 1034/1034/1034 1002/1002/1002
f 1002/1002/1002 1034/1034/1034 1035/1035/1035
f 1002/1002/1002 1035/1035/1035 1003/1003/1003
f 1003/1003/1003 1035/1035/1035 1036/1036/1036
f 1003/1003/1003 1036/1036/1036 1004/1004/1004
f 1004/1004/1004 1036/1036/1036 1037/1037/1037
f 1004/1004/1004 1037/1037/1037 1005/1005/1005
f 1005/1005/1005 1037/1037/1037 1038/1038/1038
f 1005/1005/1005 1038/1038/1038 1006/1006/1006
f 1006/1006/1006 1038/1038/1038 1039/1039/1039
f 1006/1006/1006 1039/1039/1039 1007/1007/1007
f 1007/1007/1007 1039/1039/1039 1040/1040/1040
f 1007/1007/1007 1040/1040/1040 1008/1008/1008
f 1008/1008/1008 1040/1040/1040 1041/1041/1041
f 1008/1008/1008 1041/1041/1041 1009/1009/1009
f 1009/1009/1009 1041/1041/1041 1042/1042/1042
f 1009/1009/1009 1042/1042/1042 1010/1010/1010
f 1010/1010/1010 1042/1042/1042 1043/1043/1043
f 1010/1010/1010 1043/1043/1043 1011/1011/1011
f 1011/1011/1011 1043/1043/1043 1044/1044/1044
f 1011/1011/1011 1044/1044/1044 1012/1012/1012
f 1012/1012/1012 1044/1044/1044 1045/1045/1045
f 1012/1012/1012 1045/1045/1045 1013/1013/1013
f 1013/1013/1013 1045/1045/1045 1046/1046/1046
f 1013/1013/1013 1046/1046/1046 1014/1014/1014
f 1014/1014/1014 1046/1046/1046 1047/1047/1047
f 1014/1014/1014 1047/1047/1047 1015/1015/1015
f 1015/1015/1015 1047/1047/1047 1048/1048/1048
f 1015/1015/1015 1048/1048/1048 1016/1016/1016
f 1016/1016/1016 1048/1048/1048 1049/1049/1049
f 1016/1016/1016 1049/1049/1049 1017/1017/1017
f 1017/1017/1017 1049/1049/1049 1050/1050/1050
f 1017/1017/1017 1050/1050/1050 1018/1018/1018
f 1018/1018/1018 1050/1050/1050 1051/1051/1051
f 1018/1018/1018 1051/1051/1051 1019/1019/1019
f 1019/1019/1019 1051/1051/1051 1052/1052/1052
f 1019/1019/1019 1052/1052/1052 1020/1020/1020
f 1020/1020/1020 1052/1052/1052 1053/1053/1053
f 1020/1020/1020 1053/1053/1053 1021/1021/1021
f 1021/1021/1021 1053/1053/1053 1054/1054/1054
f 1021/1021/1021 1054/1054/1054 1022/1022/1022
f 1022/1022/1022 1054/1054/1054 1055/1055/1055
f 1022/1022/1022 1055/1055/1055 1023/1023/1023
f 1023/1023/1023 1055/1055/1055 1056/1056/1056
f 1023/1023/1023 1056/1056/1056 1024/1024/1024
f 1024/1024/1024 1056/1056/1056 1025/1025/1025
f 1024/1024/1024 1025/1025/1025 993/993/993
f 1025/1025/1025 1057/1057/1057 1058/1058/1058
f 1025/1025/1025 1058/1058/1058 1026/1026/1026
f 1026/1026/1026 1058/1058/1058 1059/1059/1059
f 1026/1026/1026 1059/1059/1059 1027/1027/1027
f 1027/1027/1027 1059/1059/1059 1060/1060/1060
f 1027/1027/1027 1060/1060/1060 1028/1028/1028
f 1028/1028/1028 1060/1060/1060 1061/1061/1061
f 1028/1028/1028 1061/1061/1061 1029/1029/1029
f 1029/1029/1029 1061/1061/1061 1062/1062/1062
f 1029/1029/1029 1062/1062/1062 1030/1030/1030
f 1030/1030/1030 1062/1062/1062 1063/1063/1063
f 1030/1030/1030 1063/1063/1063 1031/1031/1031
f 1031/1031/1031 1063/1063/1063 1064/1064/1064
f 1031/1031/1031 1064/1064/1064 1032/1032/1032
f 1032/1032/1032 1064/1064/1064 1065/1065/1065
f 1032/1032/1032 1065/1065/1065 1033/1033/1033
f 1033/1033/1033 1065/1065/1065 1066/1066/1066
f 1033/1033/1033 1066/1066/1066 1034/1034/1034
f 1034/1034/1034 1066/1066/1066 1067/1067/1067
f 1034/1034/1034 1067/1067/1067 1035/1035/1035
f 1035/1035/1035 1067/1067/1067 1068/1068/1068
f 1035/1035/1035 1068/1068/1068 1036/1036/1036
f 1036/1036/1036 1068/1068/1068 1069/1069/1069
f 1036/1036/1036 1069/1069/1069 1037/1037/1037
f 1037/1037/1037 1069/1069/1069 1070/1070/1070
f 1037/1037/1037 1070/1070/1070 1038/1038/1038
f 1038/1038/1038 1070/1070/1070 1071/1071/1071
f 1038/1038/1038 1071/1071/1071 1039/1039/1039
f 1039/1039/1039 1071/1071/1071 1072/1072/1072
f 1039/1039/1039 1072/1072/1072 1040/1040/1040
f 1040/1040/1040 1072/1072/1072 1073/1073/1073
f 1040/1040/1040 1073/1073/1073 1041/1041/1041
f 1041/1041/1041 1073/1073/1073 1074/1074/1074
f 1041/1041/1041 1074/1074/1074 1042/1042/1042
f 1042/1042/1042 1074/1074/1074 1075/1075/1075
f 1042/1042/1042 1075/1075/1075 1043/1043/1043
f 1043/1043/1043 1075/1075/1075 1076/1076/1076
f 1043/1043/1043 1076/1076/1076 1044/1044/1044
f 1044/1044/1044 1076/1076/1076 1077/1077/1077
f 1044/1044/1044 1077/1077/1077 1045/1045/1045
f 1045/1045/1045 1077/1077/1077 1078/1078/1078
f 1045/1045/1045 1078/1078/1078 1046/1046/1046
f 1046/1046/1046 1078/1078/1078 1079/1079/1079
f 1046/1046/1046 1079/1079/1079 1047/1047/1047
f 1047/1047/1047 1079/1079/1079 1080/1080/1080
f 1047/1047/1047 1080/1080/1080 1048/1048/1048
f 1048/1048/1048 1080/1080/1080 1081/1081/1081
f 1048/1048/1048 1081/1081/1081 1049/1049/1049
f 1049/1049/1049 1081/1081/1081 1082/1082/1082
f 1049/1049/1049 1082/1082/1082 1050/1050/1050
f 1050/1050/1050 1082/1082/1082 1083/1083/1083
f 1050/1050/1050 1083/1083/1083 1051/1051/1051
f 1051/1051/1051 1083/1083/1083 1084/1084/1084
f 1051/1051/1051 1084/1084/1084 1052/1052/1052
f 1052/1052/1052 1084/1084/1084 1085/1085/1085
f 1052/1052/1052 1085/1085/1085 1053/1053/1053
f 1053/1053/1053 1085/1085/1085 1086/1086/1086
f 1053/1053/1053 1086/1086/1086 1054/1054/1054
f 1054/1054/1054 1086/1086/1086 1087/1087/1087
f 1054/1054/1054 1087/1087/1087 1055/1055/1055
f 1055/1055/1055 1087/1087/1087 1088/1088/1088
f 1055/1055/1055 1088/1088/1088 1056/1056/1056
f 1056/1056/1056 1088/1088/1088 1057/1057/1057
f 1056/1056/1056 1057/1057/1057 1025/1025/1025
f 1057/1057/1057 1089/1089/1089 1090/1090/1090
f 1057/1057/1057 1090/1090/1090 1058/1058/1058
f 1058/1058/1058 1090/1090/1090 1091/1091/1091
f 1058/1058/1058 1091/1091/1091 1059/1059/1059
f 1059/1059/1059 1091/1091/1091 1092/1092/1092
f 1059/1059/1059 1092/1092/1092 1060/1060/1060
f 1060/1060/1060 1092/1092/1092 1093/1093/1093
f 1060/1060/1060 1093/1093/1093 1061/1061/1061
f 1061/1061/1061 1093/1093/1093 1094/1094/1094
f 1061/1061/1061 1094/1094/1094 1062/1062/1062
f 1062/1062/1062 1094/1094/1094 1095/1095/1095
f 1062/1062/1062 1095/1095/1095 1063/1063/1063
f 1063/1063/1063 1095/1095/1095 1096/1096/1096
f 1063/1063/1063 1096/1096/1096 1064/1064/1064
f 1064/1064/1064 1096/1096/1096 1097/1097/1097
f 1064/1064/1064 1097/1097/1097 1065/1065/1065
f 1065/1065/1065 1097/1097/1097 1098/1098/1098
f 1065/1065/1065 1098/1098/1098 1066/1066/1066
f 1066/1066/1066 1098/1098/1098 1099/1099/1099
f 1066/1066/1066 1099/1099/1099 1067/1067/1067
f 1067/1067/1067 1099/1099/1099 1100/1100/1100
f 1067/1067/1067 1100/1100/1100 1068/1068/1068
f 1068/1068/1068 1100/1100/1100 1101/1101/1101
f 1068/1068/1068 1101/1101/1101 1069/1069/1069
f 1069/1069/1069 1101/1101/1101 1102/1102/1102
f 1069/1069/1069 1102/1102/1102 1070/1070/1070
f 1070/1070/1070 1102/1102/1102 1103/1103/1103
f 1070/1070/1070 1103/1103/1103 1071/1071/1071
f 1071/1071/1071 1103/1103/1103 1104/1104/1104
f 1071/1071/1071 1104/1104/1104 1072/1072/1072
f 1072/1072/1072 1104/1104/1104 1105/1105/1105
f 1072/1072/1072 1105/1105/1105 1073/1073/1073
f 1073/1073/1073 1105/1105/1105 1106/1106/1106
f 1073/1073/1073 1106/1106/1106 1074/1074/1074
f 1074/1074/1074 1106/1106/1106 1107/1107/1107
f 1074/1074/1074 1107/1107/1107 1075/1075/1075
f 1075/1075/1075 1107/1107/1107 1108/1108/1108
f 1075/1075/1075 1108/1108/1108 1076/1076/1076
f 1076/1076/1076 1108/1108/1108 1109/1109/1109
f 1076/1076/1076 1109/1109/1109 1077/1077/1077
f 1077/1077/1077 1109/1109/1109 1110/1110/1110
f 1077/1077/1077 1110/1110/1110 1078/1078/1078
f 1078/1078/1078 1110/1110/1110 1111/1111/1111
f 1078/1078/1078 1111/1111/1111 1079/1079/1079
f 1079/1079/1079 1111/1111/1111 1112/1112/1112
f 1079/1079/1079 1112/1112/1112 1080/1080/1080
f 1080/1080/1080 1112/1112/1112 1113/1113/1113
f 1080/1080/1080 1113/1113/1113 1081/1081/1081
f 1081/1081/1081 1113/1113/1113 1114/1114/1114
f 1081/1081/1081 1114/1114/1114 1082/1082/1082
f 1082/1082/1082 1114/1114/1114 1115/1115/1115
f 1082/1082/1082 1115/1115/1115 1083/1083/1083
f 1083/1083/1083 1115/1115/1115 1116/1116/1116
f 1083/1083/1083 1116/1116/1116 1084/1084/1084
f 1084/1084/1084 1116/1116/1116 1117/1117/1117
f 1084/1084/1084 1117/1117/1117 1085/1085/1085
f 1085/1085/1085 1117/1117/1117 1118/1118/1118
f 1085/1085/1085 1118/1118/1118 1086/1086/1086
f 1086/1086/1086 1118/1118/1118 1119/1119/1119
f 1086/1086/1086 1119/1119/1119 1087/1087/1087
f 1087/1087/1087 1119/1119/1119 1120/1120/1120
f 1087/1087/1087 1120/1120/1120 1088/1088/1088
f 1088/1088/1088 1120/1120/1120 1089/1089/1089
f 1088/1088/1088 1089/1089/1089 1057/1057/1057
f 1089/1089/1089 1121/1121/1121 1122/1122/1122
f 1089/1089/1089 1122/1122/1122 1090/1090/1090
f 1090/1090/1090 1122/1122/1122 1123/1123/1123
f 1090/1090/1090 1123/1123/1123 1091/1091/1091
f 1091/1091/1091 1123/1123/1123 1124/1124/1124
f 1091/1091/1091 1124/1124/1124 1092/1092/1092
f 1092/1092/1092 1124/1124/1124 1125/1125/1125
f 1092/1092/1092 1125/1125/1125 1093/1093/1093
f 1093/1093/1093 1125/1125/1125 1126/1126/1126
f 1093/1093/1093 1126/1126/1126 1094/1094/1094
f 1094/1094/1094 1126/1126/1126 1127/1127/1127
f 1094/1094/1094 1127/1127/1127 1095/1095/1095
f 1095/1095/1095 1127/1127/1127 1128/1128/1128
f 1095/1095/1095 1128/1128/1128 1096/1096/1096
f 1096/1096/1096 1128/1128/1128 1129/1129/1129
f 1096/1096/1096 1129/1129/1129 1097/1097/1097
f 1097/1097/1097 1129/1129/1129 1130/1130/1130
f 1097/1097/1097 1130/1130/1130 1098/1098/1098
f 1098/1098/1098 1130/1130/1130 1131/1131/1131
f 1098/1098/1098 1131/1131/1131 1099/1099/1099
f 1099/1099/1099 1131/1131/1131 1132/1132/1132
f 1099/1099/1099 1132/1132/1132 1100/1100/1100
f 1100/1100/1100 1132/1132/1132 1133/1133/1133
f 1100/1100/1100 1133/1133/1133 1101/1101/1101
f 1101/1101/1101 1133/1133/1133 1134/1134/1134
f 1101/1101/1101 1134/1134/1134 1102/1102/1102
f 1102/1102/1102 1134/1134/1134 1135/1135/1135
f 1102/1102/1102 1135/1135/1135 1103/1103/1103
f 1103/1103/1103 1135/1135/1135 1136/1136/1136
f 1103/1103/1103 1136/1136/1136 1104/1104/1104
f 1104/1104/1104 1136/1136/1136 1137/1137/1137
f 1104/1104/1104 1137/1137/1137 1105/1105/1105
f 1105/1105/1105 1137/1137/1137 1138/1138/1138
f 1105/1105/1105 1138/1138/1138 1106/1106/1106
f 1106/1106/1106 1138/1138/1138 1139/1139/1139
f 1106/1106/1106 1139/1139/1139 1107/1107/1107
f 1107/1107/1107 1139/1139/1139 1140/1140/1140
f 1107/1107/1107 1140/1140/1140 1108/1108/1108
f 1108/1108/1108 1140/1140/1140 1141/1141/1141
f 1108/1108/1108 1141/1141/1141 1109/1109/1109
f 1109/1109/1109 1141/1141/1141 1142/1142/1142
f 1109/1109/1109 1142/1142/1142 1110/1110/1110
f 1110/1110/1110 1142/1142/1142 1143/1143/1143
f 1110/1110/1110 1143/1143/1143 1111/1111/1111
f 1111/1111/1111 1143/1143/1143 1144/1144/1144
f 1111/1111/1111 1144/1144/1144 1112/1112/1112
f 1112/1112/1112 1144/1144/1144 1145/1145/1145
f 1112/1112/1112 1145/1145/1145 1113/1113/1113
f 1113/1113/1113 1145/1145/1145 1146/1146/1146
f 1113/1113/1113 1146/1146/1146 1114/1114/1114
f 1114/1114/1114 1146/1146/1146 1147/1147/1147
f 1114/1114/1114 1147/1147/1147 1115/1115/1115
f 1115/1115/1115 1147/1147/1147 1148/1148/1148
f 1115/1115/1115 1148/1148/1148 1116/1116/1116
f 1116/1116/1116 1148/1148/1148 1149/1149/1149
f 1116/1116/1116 1149/1149/1149 1117/1117/1117
f 1117/1117/1117 1149/1149/1149 1150/1150/1150
f 1117/1117/1117 1150/1150/1150 1118/1118/1118
f 1118/1118/1118 1150/1150/1150 1151/1151/1151
f 1118/1118/1118 1151/1151/1151 1119/1119/1119
f 1119/1119/1119 1151/1151/1151 1152/1152/1152
f 1119/1119/1119 1152/1152/1152 1120/1120/1120
f 1120/1120/1120 1152/1152/1152 1121/1121/1121
f 1120/1120/1120 1121/1121/1121 1089/1089/1089
f 1121/1121/1121 1153/1153/1153 1154/1154/1154
f 1121/1121/1121 1154/1154/1154 1122/1122/1122
f 1122/1122/1122 1154/1154/1154 1155/1155/1155
f 1122/1122/1122 1155/1155/1155 1123/1123/1123
f 1123/1123/1123 1155/1155/1155 1156/1156/1156
f 1123/1123/1123 1156/1156/1156 1124/1124/1124
f 1124/1124/1124 1156/1156/1156 1157/1157/1157
f 1124/1124/1124 1157/1157/1157 1125/1125/1125
f 1125/1125/1125 1157/1157/1157 1158/1158/1158
f 1125/1125/1125 1158/1158/1158 1126/1126/1126
f 1126/1126/1126 1158/1158/1158 1159/1159/1159
f 1126/1126/1126 1159/1159/1159 1127/1127/1127
f 1127/1127/1127 1159/1159/1159 1160/1160/1160
f 1127/1127/1127 1160/1160/1160 1128/1128/1128
f 1128/1128/1128 1160/1160/1160 1161/1161/1161
f 1128/1128/1128 1161/1161/1161 1129/1129/1129
f 1129/1129/1129 1161/1161/1161 1162/1162/1162
f 1129/1129/1129 1162/1162/1162 1130/1130/1130
f 1130/1130/1130 1162/1162/1162 1163/1163/1163
f 1130/1130/1130 1163/1163/1163 1131/1131/1131
f 1131/1131/1131 1163/1163/1163 1164/1164/1164
f 1131/1131/1131 1164/1164/1164 1132/1132/1132
f 1132/1132/1132 1164/1164/1164 1165/1165/1165
f 1132/1132/1132 1165/1165/1165 1133/1133/1133
f 1133/1133/1133 1165/1165/1165 1166/1166/1166
f 1133/1133/1133 1166/1166/1166 1134/1134/1134
f 1134/1134/1134 1166/1166/1166 1167/1167/1167
f 1134/1134/1134 1167/1167/1167 1135/1135/1135
f 1135/1135/1135 1167/1167/1167 1168/1168/1168
f 1135/1135/1135 1168/1168/1168 1136/1136/1136
f 1136/1136/1136 1168/1168/1168 1169/1169/1169
f 1136/1136/1136 1169/1169/1169 1137/1137/1137
f 1137/1137/1137 1169/1169/1169 1170/1170/1170
f 1137/1137/1137 1170/1170/1170 1138/1138/1138
f 1138/1138/1138 1170/1170/1170 1171/1171/1171
f 1138/1138/1138 1171/1171/1171 1139/1139/1139
f 1139/1139/1139 1171/1171/1171 1172/1172/1172
f 1139/1139/1139 1172/1172/1172 1140/1140/1140
f 1140/1140/1140 1172/1172/1172 1173/1173/1173
f 1140/1140/1140 1173/1173/1173 1141/1141/1141
f 1141/1141/1141 1173/1173/1173 1174/1174/1174
f 1141/1141/1141 1174/1174/1174 1142/1142/1142
f 1142/1142/1142 1174/1174/1174 1175/1175/1175
f 1142/1142/1142 1175/1175/1175 1143/1143/1143
f 1143/1143/1143 1175/1175/1175 1176/1176/1176
f 1143/1143/1143 1176/1176/1176 1144/1144/1144
f 1144/1144/1144 1176/1176/1176 1177/1177/1177
f 1144/1144/1144 1177/1177/1177 1145/1145/1145
f 1145/1145/1145 1177/1177/1177 1178/1178/1178
f 1145/1145/1145 1178/1178/1178 1146/1146/1146
f 1146/1146/1146 1178/1178/1178 1179/1179/1179
f 1146/1146/1146 1179/1179/1179 1147/1147/1147
f 1147/1147/1147 1179/1179/1179 1180/1180/1180
f 1147/1147/1147 1180/1180/1180 1148/1148/1148
f 1148/1148/1148 1180/1180/1180 1181/1181/1181
f 1148/1148/1148 1181/1181/1181 1149/1149/1149
f 1149/1149/1149 1181/1181/1181 1182/1182/1182
f 1149/1149/1149 1182/1182/1182 1150/1150/1150
f 1150/1150/1150 1182/1182/1182 1183/1183/1183
f 1150/1150/1150 1183/1183/1183 1151/1151/1151
f 1151/1151/1151 1183/1183/1183 1184/1184/1184
f 1151/1151/1151 1184/1184/1184 1152/1152/1152
f 1152/1152/1152 1184/1184/1184 1153/1153/1153
f 1152/1152/1152 1153/1153/1153 1121/1121/1121
f 1153/1153/1153 1185/1185/1185 1186/1186/1186
f 1153/1153/1153 1186/1186/1186 1154/1154/1154
f 1154/1154/1154 1186/1186/1186 1187/1187/1187
f 1154/1154/1154 1187/1187/1187 1155/1155/1155
f 1155/1155/1155 1187/1187/1187 1188/1188/1188
f 1155/1155/1155 1188/1188/1188 1156/1156/1156
f 1156/1156/1156 1188/1188/1188 1189/1189/1189
f 1156/1156/1156 1189/1189/1189 1157/1157/1157
f 1157/1157/1157 1189/1189/1189 1190/1190/1190
f 1157/1157/1157 1190/1190/1190 1158/1158/1158
f 1158/1158/1158 1190/1190/1190 1191/1191/1191
f 1158/1158/1158 1191/1191/1191 1159/1159/1159
f 1159/1159/1159 1191/1191/1191 1192/1192/1192
f 1159/1159/1159 1192/1192/1192 1160/1160/1160
f 1160/1160/1160 1192/1192/1192 1193/1193/1193
f 1160/1160/1160 1193/1193/1193 1161/1161/1161
f 1161/1161/1161 1193/1193/1193 1194/1194/1194
f 1161/1161/1161 1194/1194/1194 1162/1162/1162
f 1162/1162/1162 1194/1194/1194 1195/1195/1195
f 1162/1162/1162 1195/1195/1195 1163/1163/1163
f 1163/1163/1163 1195/1195/1195 1196/1196/1196
f 1163/1163/1163 1196/1196/1196 1164/1164/1164
f 1164/1164/1164 1196/1196/1196 1197/1197/1197
f 1164/1164/1164 1197/1197/1197 1165/1165/1165
f 1165/1165/1165 1197/1197/1197 1198/1198/1198
f 1165/1165/1165 1198/1198/1198 1166/1166/1166
f 1166/1166/1166 1198/1198/1198 1199/1199/1199
f 1166/1166/1166 1199/1199/1199 1167/1167/1167
f 1167/1167/1167 1199/1199/1199 1200/1200/1200
f 1167/1167/1167 1200/1200/1200 1168/1168/1168
f 1168/1168/1168 1200/1200/1200 1201/1201/1201
f 1168/1168/1168 1201/1201/1201 1169/1169/1169
f 1169/1169/1169 1201/1201/1201 1202/1202/1202
f 1169/1169/1169 1202/1202/1202 1170/1170/1170
f 1170/1170/1170 1202/1202/1202 1203/1203/1203
f 1170/1170/1170 1203/1203/1203 1171/1171/1171
f 1171/1171/1171 1203/1203/1203 1204/1204/1204
f 1171/1171/1171 1204/1204/1204 1172/1172/1172
f 1172/1172/1172 1204/1204/1204 1205/1205/1205
f 1172/1172/1172 1205/1205/1205 1173/1173/1173
f 1173/1173/1173 1205/1205/1205 1206/1206/1206
f 1173/1173/1173 1206/1206/1206 1174/1174/1174
f 1174/1174/1174 1206/1206/1206 1207/1207/1207
f 1174/1174/1174 1207/1207/1207 1175/1175/1175
f 1175/1175/1175 1207/1207/1207 1208/1208/1208
f 1175/1175/1175 1208/1208/1208 1176/1176/1176
f 1176/1176/1176 1208/1208/1208 1209/1209/1209
f 1176/1176/1176 1209/1209/1209 1177/1177/1177
f 1177/1177/1177 1209/1209/1209 1210/1210/1210
f 1177/1177/1177 1210/1210/1210 1178/1178/1178
f 1178/1178/1178 1210/1210/1210 1211/1211/1211
f 1178/1178/1178 1211/1211/1211 1179/1179/1179
f 1179/1179/1179 1211/1211/1211 1212/1212/1212
f 1179/1179/1179 1212/1212/1212 1180/1180/1180
f 1180/1180/1180 1212/1212/1212 1213/1213/1213
f 1180/1180/1180 1213/1213/1213 1181/1181/1181
f 1181/1181/1181 1213/1213/1213 1214/1214/1214
f 1181/1181/1181 1214/1214/1214 1182/1182/1182
f 1182/1182/1182 1214/1214/1214 1215/1215/1215
f 1182/1182/1182 1215/1215/1215 1183/1183/1183
f 1183/1183/1183 1215/1215/1215 1216/1216/1216
f 1183/1183/1183 1216/1216/1216 1184/1184/1184
f 1184/1184/1184 1216/1216/1216 1185/1185/1185
f 1184/1184/1184 1185/1185/1185 1153/1153/1153
f 1185/1185/1185 1217/1217/1217 1218/1218/1218
f 1185/1185/1185 1218/1218/1218 1186/1186/1186
f 1186/1186/1186 1218/1218/1218 1219/1219/1219
f 1186/1186/1186 1219/1219/1219 1187/1187/1187
f 1187/1187/1187 1219/1219/1219 1220/1220/1220
f 1187/1187/1187 1220/1220/1220 1188/1188/1188
f 1188/1188/1188 1220/1220/1220 1221/1221/1221
f 1188/1188/1188 1221/1221/1221 1189/1189/1189
f 1189/1189/1189 1221/1221/1221 1222/1222/1222
f 1189/1189/1189 1222/1222/1222 1190/1190/1190
f 1190/1190/1190 1222/1222/1222 1223/1223/1223
f 1190/1190/1190 1223/1223/1223 1191/1191/1191
f 1191/1191/1191 1223/1223/1223 1224/1224/1224
f 1191/1191/1191 1224/1224/1224 1192/1192/1192
f 1192/1192/1192 1224/1224/1224 1225/1225/1225
f 1192/1192/1192 1225/1225/1225 1193/1193/1193
f 1193/1193/1193 1225/1225/1225 1226/1226/1226
f 1193/1193/1193 1226/1226/1226 1194/1194/1194
f 1194/1194/1194 1226/1226/1226 1227/1227/1227
f 1194/1194/1194 1227/1227/1227 1195/1195/1195
f 1195/1195/1195 1227/1227/1227 1228/1228/1228
f 1195/1195/1195 1228/1228/1228 1196/1196/1196
f 1196/1196/1196 1228/1228/1228 1229/1229/1229
f 1196/1196/1196 1229/1229/1229 1197/1197/1197
f 1197/1197/1197 1229/1229/1229 1230/1230/1230
f 1197/1197/1197 1230/1230/1230 1198/1198/1198
f 1198/1198/1198 1230/1230/1230 1231/1231/1231
f 1198/1198/1198 1231/1231/1231 1199/1199/1199
f 1199/1199/1199 1231/1231/1231 1232/1232/1232
f 1199/1199/1199 1232/1232/1232 1200/1200/1200
f 1200/1200/1200 1232/1232/1232 1233/1233/1233
f 1200/1200/1200 1233/1233/1233 1201/1201/1201
f 1201/1201/1201 1233/1233/1233 1234/1234/1234
f 1201/1201/1201 1234/1234/1234 1202/1202/1202
f 1202/1202/1202 1234/1234/1234 1235/1235/1235
f 1202/1202/1202 1235/1235/1235 1203/1203/1203
f 1203/1203/1203 1235/1235/1235 1236/1236/1236
f 1203/1203/1203 1236/1236/1236 1204/1204/1204
f 1204/1204/1204 1236/1236/1236 1237/1237/1237
f 1204/1204/1204 1237/1237/1237 1205/1205/1205
f 1205/1205/1205 1237/1237/1237 1238/1238/1238
f 1205/1205/1205 1238/1238/1238 1206/1206/1206
f 1206/1206/1206 1238/1238/1238 1239/1239/1239
f 1206/1206/1206 1239/1239/1239 1207/1207/1207
f 1207/1207/1207 1239/1239/1239 1240/1240/1240
f 1207/1207/1207 1240/1240/1240 1208/1208/1208
f 1208/1208/1208 1240/1240/1240 1241/1241/1241
f 1208/1208/1208 1241/1241/1241 1209/1209/1209
f 1209/1209/1209 1241/1241/1241 1242/1242/1242
f 1209/1209/1209 1242/1242/1242 1210/1210/1210
f 1210/1210/1210 1242/1242/1242 1243/1243/1243
f 1210/1210/1210 1243/1243/1243 1211/1211/1211
f 1211/1211/1211 1243/1243/1243 1244/1244/1244
f 1211/1211/1211 1244/1244/1244 1212/1212/1212
f 1212/1212/1212 1244/1244/1244 1245/1245/1245
f 1212/1212/1212 1245/1245/1245 1213/1213/1213
f 1213/1213/1213 1245/1245/1245 1246/1246/1246
f 1213/1213/1213 1246/1246/1246 1214/1214/1214
f 1214/1214/1214 1246/1246/1246 1247/1247/1247
f 1214/1214/1214 1247/1247/1247 1215/1215/1215
f 1215/1215/1215 1247/1247/1247 1248/1248/1248
f 1215/1215/1215 1248/1248/1248 1216/1216/1216
f 1216/1216/1216 1248/1248/1248 1217/1217/1217
f 1216/1216/1216 1217/1217/1217 1185/1185/1185
f 1217/1217/1217 1249/1249/1249 1250/1250/1250
f 1217/1217/1217 1250/1250/1250 1218/1218/1218
f 1218/1218/1218 1250/1250/1250 1251/1251/1251
f 1218/1218/1218 1251/1251/1251 1219/1219/1219
f 1219/1219/1219 1251/1251/1251 1252/1252/1252
f 1219/1219/1219 1252/1252/1252 1220/1220/1220
f 1220/1220/1220 1252/1252/1252 1253/1253/1253
f 1220/1220/1220 1253/1253/1253 1221/1221/1221
f 1221/1221/1221 1253/1253/1253 1254/1254/1254
f 1221/1221/1221 1254/1254/1254 1222/1222/1222
f 1222/1222/1222 1254/1254/1254 1255/1255/1255
f 1222/1222/1222 1255/1255/1255 1223/1223/1223
f 1223/1223/1223 1255/1255/1255 1256/1256/1256
f 1223/1223/1223 1256/1256/1256 1224/1224/1224
f 1224/1224/1224 1256/1256/1256 1257/1257/1257
f 1224/1224/1224 1257/1257/1257 1225/1225/1225
f 1225/1225/1225 1257/1257/1257 1258/1258/1258
f 1225/1225/1225 1258/1258/1258 1226/1226/1226
f 1226/1226/1226 1258/1258/1258 1259/1259/1259
f 1226/1226/1226 1259/1259/1259 1227/1227/1227
f 1227/1227/1227 1259/1259/1259 1260/1260/1260
f 1227/1227/1227 1260/1260/1260 1228/1228/1228
f 1228/1228/1228 1260/1260/1260 1261/1261/1261
f 1228/1228/1228 1261/1261/1261 1229/1229/1229
f 1229/1229/1229 1261/1261/1261 1262/1262/1262
f 1229/1229/1229 1262/1262/1262 1230/1230/1230
f 1230/1230/1230 1262/1262/1262 1263/1263/1263
f 1230/1230/1230 1263/1263/1263 1231/1231/1231
f 1231/1231/1231 1263/1263/1263 1264/1264/1264
f 1231/1231/1231 1264/1264/1264 1232/1232/1232
f 1232/1232/1232 1264/1264/1264 1265/1265/1265
f 1232/1232/1232 1265/1265/1265 1233/1233/1233
f 1233/1233/1233 1265/1265/1265 1266/1266/1266
f 1233/1233/1233 1266/1266/1266 1234/1234/1234
f 1234/1234/1234 1266/1266/1266 1267/1267/1267
f 1234/1234/1234 1267/1267/1267 1235/1235/1235
f 1235/1235/1235 1267/1267/1267 1268/1268/1268
f 1235/1235/1235 1268/1268/1268 1236/1236/1236
f 1236/1236/1236 1268/1268/1268 1269/1269/1269
f 1236/1236/1236 1269/1269/1269 1237/1237/1237
f 1237/1237/1237 1269/1269/1269 1270/1270/1270
f 1237/1237/1237 1270/1270/1270 1238/1238/1238
f 1238/1238/1238 1270/1270/1270 1271/1271/1271
f 1238/1238/1238 1271/1271/1271 1239/1239/1239
f 1239/1239/1239 1271/1271/1271 1272/1272/1272
f 1239/1239/1239 1272/1272/1272 1240/1240/1240
f 1240/1240/1240 1272/1272/1272 1273/1273/1273
f 1240/1240/1240 1273/1273/1273 1241/1241/1241
f 1241/1241/1241 1273/1273/1273 1274/1274/1274
f 1241/1241/1241 1274/1274/1274 1242/1242/1242
f 1242/1242/1242 1274/1274/1274 1275/1275/1275
f 1242/1242/1242 1275/1275/1275 1243/1243/1243
f 1243/1243/1243 1275/1275/1275 1276/1276/1276
f 1243/1243/1243 1276/1276/1276 1244/1244/1244
f 1244/1244/1244 1276/1276/1276 1277/1277/1277
f 1244/1244/1244 1277/1277/1277 1245/1245/1245
f 1245/1245/1245 1277/1277/1277 1278/1278/1278
f 1245/1245/1245 1278/1278/1278 1246/1246/1246
f 1246/1246/1246 1278/1278/1278 1279/1279/1279
f 1246/1246/1246 1279/1279/1279 1247/1247/1247
f 1247/1247/1247 1279/1279/1279 1280/1280/1280
f 1247/1247/1247 1280/1280/1280 1248/1248/1248
f 1248/1248/1248 1280/1280/1280 1249/1249/1249
f 1248/1248/1248 1249/1249/1249 1217/1217/1217
f 1249/1249/1249 1281/1281/1281 1282/1282/1282
f 1249/1249/1249 1282/1282/1282 1250/1250/1250
f 1250/1250/1250 1282/1282/1282 1283/1283/1283
f 1250/1250/1250 1283/1283/1283 1251/1251/1251
f 1251/1251/1251 1283/1283/1283 1284/1284/1284
f 1251/1251/1251 1284/1284/1284 1252/1252/1252
f 1252/1252/1252 1284/1284/1284 1285/1285/1285
f 1252/1252/1252 1285/1285/1285 1253/1253/1253
f 1253/1253/1253 1285/1285/1285 1286/1286/1286
f 1253/1253/1253 1286/1286/1286 1254/1254/1254
f 1254/1254/1254 1286/1286/1286 1287/1287/1287
f 1254/1254/1254 1287/1287/1287 1255/1255/1255
f 1255/1255/1255 1287/1287/1287 1288/1288/1288
f 1255/1255/1255 1288/1288/1288 1256/1256/1256
f 1256/1256/1256 1288/1288/1288 1289/1289/1289
f 1256/1256/1256 1289/1289/1289 1257/1257/1257
f 1257/1257/1257 1289/1289/1289 1290/1290/1290
f 1257/1257/1257 1290/1290/1290 1258/1258/1258
f 1258/1258/1258 1290/1290/1290 1291/1291/1291
f 1258/1258/1258 1291/1291/1291 1259/1259/1259
f 1259/1259/1259 1291/1291/1291 1292/1292/1292
f 1259/1259/1259 1292/1292/1292 1260/1260/1260
f 1260/1260/1260 1292/1292/1292 1293/1293/1293
f 1260/1260/1260 1293/1293/1293 1261/1261/1261
f 1261/1261/1261 1293/1293/1293 1294/1294/1294
f 1261/1261/1261 1294/1294/1294 1262/1262/1262
f 1262/1262/1262 1294/1294/1294 1295/1295/1295
f 1262/1262/1262 1295/1295/1295 1263/1263/1263
f 1263/1263/1263 1295/1295/1295 1296/1296/1296
f 1263/1263/1263 1296/1296/1296 1264/1264/1264
f 1264/1264/1264 1296/1296/1296 1297/1297/1297
f 1264/1264/1264 1297/1297/1297 1265/1265/1265
f 1265/1265/1265 1297/1297/1297 1298/1298/1298
f 1265/1265/1265 1298/1298/1298 1266/1266/1266
f 1266/1266/1266 1298/1298/1298 1299/1299/1299
f 1266/1266/1266 1299/1299/1299 1267/1267/1267
f 1267/1267/1267 1299/1299/1299 1300/1300/1300
f 1267/1267/1267 1300/1300/1300 1268/1268/1268
f 1268/1268/1268 1300/1300/1300 1301/1301/1301
f 1268/1268/1268 1301/1301/1301 1269/1269/1269
f 1269/1269/1269 1301/1301/1301 1302/1302/1302
f 1269/1269/1269 1302/1302/1302 1270/1270/1270
f 1270/1270/1270 1302/1302/1302 1303/1303/1303
f 1270/1270/1270 1303/1303/1303 1271/1271/1271
f 1271/1271/1271 1303/1303/1303 1304/1304/1304
f 1271/1271/1271 1304/1304/1304 1272/1272/1272
f 1272/1272/1272 1304/1304/1304 1305/1305/1305
f 1272/1272/1272 1305/1305/1305 1273/1273/1273
f 1273/1273/1273 1305/1305/1305 1306/1306/1306
f 1273/1273/1273 1306/1306/1306 1274/1274/1274
f 1274/1274/1274 1306/1306/1306 1307/1307/1307
f 1274/1274/1274 1307/1307/1307 1275/1275/1275
f 1275/1275/1275 1307/1307/1307 1308/1308/1308
f 1275/1275/1275 1308/1308/1308 1276/1276/1276
f 1276/1276/1276 1308/1308/1308 1309/1309/1309
f 1276/1276/1276 1309/1309/1309 1277/1277/1277
f 1277/1277/1277 1309/1309/1309 1310/1310/1310
f 1277/1277/1277 1310/1310/1310 1278/1278/1278
f 1278/1278/1278 1310/1310/1310 1311/1311/1311
f 1278/1278/1278 1311/1311/1311 1279/1279/1279
f 1279/1279/1279 1311/1311/1311 1312/1312/1312
f 1279/1279/1279 1312/1312/1312 1280/1280/1280
f 1280/1280/1280 1312/1312/1312 1281/1281/1281
f 1280/1280/1280 1281/1281/1281 1249/1249/1249
f 1281/1281/1281 1313/1313/1313 1314/1314/1314
f 1281/1281/1281 1314/1314/1314 1282/1282/1282
f 1282/1282/1282 1314/1314/1314 1315/1315/1315
f 1282/1282/1282 1315/1315/1315 1283/1283/1283
f 1283/1283/1283 1315/1315/1315 1316/1316/1316
f 1283/1283/1283 1316/1316/1316 1284/1284/1284
f 1284/1284/1284 1316/1316/1316 1317/1317/1317
f 1284/1284/1284 1317/1317/1317 1285/1285/1285
f 1285/1285/1285 1317/1317/1317 1318/1318/1318
f 1285/1285/1285 1318/1318/1318 1286/1286/1286
f 1286/1286/1286 1318/1318/1318 1319/1319/1319
f 1286/1286/1286 1319/1319/1319 1287/1287/1287
f 1287/1287/1287 1319/1319/1319 1320/1320/1320
f 1287/1287/1287 1320/1320/1320 1288/1288/1288
f 1288/1288/1288 1320/1320/1320 1321/1321/1321
f 1288/1288/1288 1321/1321/1321 1289/1289/1289
f 1289/1289/1289 1321/1321/1321 1322/1322/1322
f 1289/1289/1289 1322/1322/1322 1290/1290/1290
f 1290/1290/1290 1322/1322/1322 1323/1323/1323
f 1290/1290/1290 1323/1323/1323 1291/1291/1291
f 1291/1291/1291 1323/1323/1323 1324/1324/1324
f 1291/1291/1291 1324/1324/1324 1292/1292/1292
f 1292/1292/1292 1324/1324/1324 1325/1325/1325
f 1292/1292/1292 1325/1325/1325 1293/1293/1293
f 1293/1293/1293 1325/1325/1325 1326/1326/1326
f 1293/1293/1293 1326/1326/1326 1294/1294/1294
f 1294/1294/1294 1326/1326/1326 1327/1327/1327
f 1294/1294/1294 1327/1327/1327 1295/1295/1295
f 1295/1295/1295 1327/1327/1327 1328/1328/1328
f 1295/1295/1295 1328/1328/1328 1296/1296/1296
f 1296/1296/1296 1328/1328/1328 1329/1329/1329
f 1296/1296/1296 1329/1329/1329 1297/1297/1297
f 1297/1297/1297 1329/1329/1329 1330/1330/1330
f 1297/1297/1297 1330/1330/1330 1298/1298/1298
f 1298/1298/1298 1330/1330/1330 1331/1331/1331
f 1298/1298/1298 1331/1331/1331 1299/1299/1299
f 1299/1299/1299 1331/1331/1331 1332/1332/1332
f 1299/1299/1299 1332/1332/1332 1300/1300/1300
f 1300/1300/1300 1332/1332/1332 1333/1333/1333
f 1300/1300/1300 1333/1333/1333 1301/1301/1301
f 1301/1301/1301 1333/1333/1333 1334/1334/1334
f 1301/1301/1301 1334/1334/1334 1302/1302/1302
f 1302/1302/1302 1334/1334/1334 1335/1335/1335
f 1302/1302/1302 1335/1335/1335 1303/1303/1303
f 1303/1303/1303 1335/1335/1335 1336/1336/1336
f 1303/1303/1303 1336/1336/1336 1304/1304/1304
f 1304/1304/1304 1336/1336/1336 1337/1337/1337
f 1304/1304/1304 1337/1337/1337 1305/1305/1305
f 1305/1305/1305 1337/1337/1337 1338/1338/1338
f 1305/1305/1305 1338/1338/1338 1306/1306/1306
f 1306/1306/1306 1338/1338/1338 1339/1339/1339
f 1306/1306/1306 1339/1339/1339 1307/1307/1307
f 1307/1307/1307 1339/1339/1339 1340/1340/1340
f 1307/1307/1307 1340/1340/1340 1308/1308/1308
f 1308/1308/1308 1340/1340/1340 1341/1341/1341
f 1308/1308/1308 1341/1341/1341 1309/1309/1309
f 1309/1309/1309 1341/1341/1341 1342/1342/1342
f 1309/1309/1309 1342/1342/1342 1310/1310/1310
f 1310/1310/1310 1342/1342/1342 1343/1343/1343
f 1310/1310/1310 1343/1343/1343 1311/1311/1311
f 1311/1311/1311 1343/1343/1343 1344/1344/1344
f 1311/1311/1311 1344/1344/1344 1312/1312/1312
f 1312/1312/1312 1344/1344/1344 1313/1313/1313
f 1312/1312/1312 1313/1313/1313 1281/1281/1281
f 1313/1313/1313 1345/1345/1345 1346/1346/1346
f 1313/1313/1313 1346/1346/1346 1314/1314/1314
f 1314/1314/1314 1346/1346/1346 1347/1347/1347
f 1314/1314/1314 1347/1347/1347 1315/1315/1315
f 1315/1315/1315 1347/1347/1347 1348/1348/1348
f 1315/1315/1315 1348/1348/1348 1316/1316/1316
f 1316/1316/1316 1348/1348/1348 1349/1349/1349
f 1316/1316/1316 1349/1349/1349 1317/1317/1317
f 1317/1317/1317 1349/1349/1349 1350/1350/1350
f 1317/1317/1317 1350/1350/1350 1318/1318/1318
f 1318/1318/1318 1350/1350/1350 1351/1351/1351
f 1318/1318/1318 1351/1351/1351 1319/1319/1319
f 1319/1319/1319 1351/1351/1351 1352/1352/1352
f 1319/1319/1319 1352/1352/1352 1320/1320/1320
f 1320/1320/1320 1352/1352/1352 1353/1353/1353
f 1320/1320/1320 1353/1353/1353 1321/1321/1321
f 1321/1321/1321 1353/1353/1353 1354/1354/1354
f 1321/1321/1321 1354/1354/1354 1322/1322/1322
f 1322/1322/1322 1354/1354/1354 1355/1355/1355
f 1322/1322/1322 1355/1355/1355 1323/1323/1323
f 1323/1323/1323 1355/1355/1355 1356/1356/1356
f 1323/1323/1323 1356/1356/1356 1324/1324/1324
f 1324/1324/1324 1356/1356/1356 1357/1357/1357
f 1324/1324/1324 1357/1357/1357 1325/1325/1325
f 1325/1325/1325 1357/1357/1357 1358/1358/1358
f 1325/1325/1325 1358/1358/1358 1326/1326/1326
f 1326/1326/1326 1358/1358/1358 1359/1359/1359
f 1326/1326/1326 1359/1359/1359 1327/1327/1327
f 1327/1327/1327 1359/1359/1359 1360/1360/1360
f 1327/1327/1327 1360/1360/1360 1328/1328/1328
f 1328/1328/1328 1360/1360/1360 1361/1361/1361
f 1328/1328/1328 1361/1361/1361 1329/1329/1329
f 1329/1329/1329 1361/1361/1361 1362/1362/1362
f 1329/1329/1329 1362/1362/1362 1330/1330/1330
f 1330/1330/1330 1362/1362/1362 1363/1363/1363
f 1330/1330/1330 1363/1363/1363 1331/1331/1331
f 1331/1331/1331 1363/1363/1363 1364/1364/1364
f 1331/1331/1331 1364/1364/1364 1332/1332/1332
f 1332/1332/1332 1364/1364/1364 1365/1365/1365
f 1332/1332/1332 1365/1365/1365 1333/1333/1333
f 1333/1333/1333 1365/1365/1365 1366/1366/1366
f 1333/1333/1333 1366/1366/1366 1334/1334/1334
f 1334/1334/1334 1366/1366/1366 1367/1367/1367
f 1334/1334/1334 1367/1367/1367 1335/1335/1335
f 1335/1335/1335 1367/1367/1367 1368/1368/1368
f 1335/1335/1335 1368/1368/1368 1336/1336/1336
f 1336/1336/1336 1368/1368/1368 1369/1369/1369
f 1336/1336/1336 1369/1369/1369 1337/1337/1337
f 1337/1337/1337 1369/1369/1369 1370/1370/1370
f 1337/1337/1337 1370/1370/1370 1338/1338/1338
f 1338/1338/1338 1370/1370/1370 1371/1371/1371
f 1338/1338/1338 1371/1371/1371 1339/1339/1339
f 1339/1339/1339 1371/1371/1371 1372/1372/1372
f 1339/1339/1339 1372/1372/1372 1340/1340/1340
f 1340/1340/1340 1372/1372/1372 1373/1373/1373
f 1340/1340/1340 1373/1373/1373 1341/1341/1341
f 1341/1341/1341 1373/1373/1373 1374/1374/1374
f 1341/1341/1341 1374/1374/1374 1342/1342/1342
f 1342/1342/1342 1374/1374/1374 1375/1375/1375
f 1342/1342/1342 1375/1375/1375 1343/1343/1343
f 1343/1343/1343 1375/1375/1375 1376/1376/1376
f 1343/1343/1343 1376/1376/1376 1344/1344/1344
f 1344/1344/1344 1376/1376/1376 1345/1345/1345
f 1344/1344/1344 1345/1345/1345 1313/1313/1313
f 1345/1345/1345 1377/1377/1377 1378/1378/1378
f 1345/1345/1345 1378/1378/1378 1346/1346/1346
f 1346/1346/1346 1378/1378/1378 1379/1379/1379
f 1346/1346/1346 1379/1379/1379 1347/1347/1347
f 1347/1347/1347 1379/1379/1379 1380/1380/1380
f 1347/1347/1347 1380/1380/1380 1348/1348/1348
f 1348/1348/1348 1380/1380/1380 1381/1381/1381
f 1348/1348/1348 1381/1381/1381 1349/1349/1349
f 1349/1349/1349 1381/1381/1381 1382/1382/1382
f 1349/1349/1349 1382/1382/1382 1350/1350/1350
f 1350/1350/1350 1382/1382/1382 1383/1383/1383
f 1350/1350/1350 1383/1383/1383 1351/1351/1351
f 1351/1351/1351 1383/1383/1383 1384/1384/1384
f 1351/1351/1351 1384/1384/1384 1352/1352/1352
f 1352/1352/1352 1384/1384/1384 1385/1385/1385
f 1352/1352/1352 1385/1385/1385 1353/1353/1353
f 1353/1353/1353 1385/1385/1385 1386/1386/1386
f 1353/1353/1353 1386/1386/1386 1354/1354/1354
f 1354/1354/1354 1386/1386/1386 1387/1387/1387
f 1354/1354/1354 1387/1387/1387 1355/1355/1355
f 1355/1355/1355 1387/1387/1387 1388/1388/1388
f 1355/1355/1355 1388/1388/1388 1356/1356/1356
f 1356/1356/1356 1388/1388/1388 1389/1389/1389
f 1356/1356/1356 1389/1389/1389 1357/1357/1357
f 1357/1357/1357 1389/1389/1389 1390/1390/1390
f 1357/1357/1357 1390/1390/1390 1358/1358/1358
f 1358/1358/1358 1390/1390/1390 1391/1391/1391
f 1358/1358/1358 1391/1391/1391 1359/1359/1359
f 1359/1359/1359 1391/1391/1391 1392/1392/1392
f 1359/1359/1359 1392/1392/1392 1360/1360/1360
f 1360/1360/1360 1392/1392/1392 1393/1393/1393
f 1360/1360/1360 1393/1393/1393 1361/1361/1361
f 1361/1361/1361 1393/1393/1393 1394/1394/1394
f 1361/1361/1361 1394/1394/1394 1362/1362/1362
f 1362/1362/1362 1394/1394/1394 1395/1395/1395
f 1362/1362/1362 1395/1395/1395 1363/1363/1363
f 1363/1363/1363 1395/1395/1395 1396/1396/1396
f 1363/1363/1363 1396/1396/1396 1364/1364/1364
f 1364/1364/1364 1396/1396/1396 1397/1397/1397
f 1364/1364/1364 1397/1397/1397 1365/1365/1365
f 1365/1365/1365 1397/1397/1397 1398/1398/1398
f 1365/1365/1365 1398/1398/1398 1366/1366/1366
f 1366/1366/1366 1398/1398/1398 1399/1399/1399
f 1366/1366/1366 1399/1399/1399 1367/1367/1367
f 1367/1367/1367 1399/1399/1399 1400/1400/1400
f 1367/1367/1367 1400/1400/1400 1368/1368/1368
f 1368/1368/1368 1400/1400/1400 1401/1401/1401
f 1368/1368/1368 1401/1401/1401 1369/1369/1369
f 1369/1369/1369 1401/1401/1401 1402/1402/1402
f 1369/1369/1369 1402/1402/1402 1370/1370/1370
f 1370/1370/1370 1402/1402/1402 1403/1403/1403
f 1370/1370/1370 1403/1403/1403 1371/1371/1371
f 1371/1371/1371 1403/1403/1403 1404/1404/1404
f 1371/1371/1371 1404/1404/1404 1372/1372/1372
f 1372/1372/1372 1404/1404/1404 1405/1405/1405
f 1372/1372/1372 1405/1405/1405 1373/1373/1373
f 1373/1373/1373 1405/1405/1405 1406/1406/1406
f 1373/1373/1373 1406/1406/1406 1374/1374/1374
f 1374/1374/1374 1406/1406/1406 1407/1407/1407
f 1374/1374/1374 1407/1407/1407 1375/1375/1375
f 1375/1375/1375 1407/1407/1407 1408/1408/1408
f 1375/1375/1375 1408/1408/1408 1376/1376/1376
f 1376/1376/1376 1408/1408/1408 1377/1377/1377
f 1376/1376/1376 1377/1377/1377 1345/1345/1345
f 1377/1377/1377 1409/1409/1409 1410/1410/1410
f 1377/1377/1377 1410/1410/1410 1378/1378/1378
f 1378/1378/1378 1410/1410/1410 1411/1411/1411
f 1378/1378/1378 1411/1411/1411 1379/1379/1379
f 1379/1379/1379 1411/1411/1411 1412/1412/1412
f 1379/1379/1379 1412/1412/1412 1380/1380/1380
f 1380/1380/1380 1412/1412/1412 1413/1413/1413
f 1380/1380/1380 1413/1413/1413 1381/1381/1381
f 1381/1381/1381 1413/1413/1413 1414/1414/1414
f 1381/1381/1381 1414/1414/1414 1382/1382/1382
f 1382/1382/1382 1414/1414/1414 1415/1415/1415
f 1382/1382/1382 1415/1415/1415 1383/1383/1383
f 1383/1383/1383 1415/1415/1415 1416/1416/1416
f 1383/1383/1383 1416/1416/1416 1384/1384/1384
f 1384/1384/1384 1416/1416/1416 1417/1417/1417
f 1384/1384/1384 1417/1417/1417 1385/1385/1385
f 1385/1385/1385 1417/1417/1417 1418/1418/1418
f 1385/1385/1385 1418/1418/1418 1386/1386/1386
f 1386/1386/1386 1418/1418/1418 1419/1419/1419
f 1386/1386/1386 1419/1419/1419 1387/1387/1387
f 1387/1387/1387 1419/1419/1419 1420/1420/1420
f 1387/1387/1387 1420/1420/1420 1388/1388/1388
f 1388/1388/1388 1420/1420/1420 1421/1421/1421
f 1388/1388/1388 1421/1421/1421 1389/1389/1389
f 1389/1389/1389 1421/1421/1421 1422/1422/1422
f 1389/1389/1389 1422/1422/1422 1390/1390/1390
f 1390/1390/1390 1422/1422/1422 1423/1423/1423
f 1390/1390/1390 1423/1423/1423 1391/1391/1391
f 1391/1391/1391 1423/1423/1423 1424/1424/1424
f 1391/1391/1391 1424/1424/1424 1392/1392/1392
f 1392/1392/1392 1424/1424/1424 1425/1425/1425
f 1392/1392/1392 1425/1425/1425 1393/1393/1393
f 1393/1393/1393 1425/1425/1425 1426/1426/1426
f 1393/1393/1393 1426/1426/1426 1394/1394/1394
f 1394/1394/1394 1426/1426/1426 1427/1427/1427
f 1394/1394/1394 1427/1427/1427 1395/1395/1395
f 1395/1395/1395 1427/1427/1427 1428/1428/1428
f 1395/1395/1395 1428/1428/1428 1396/1396/1396
f 1396/1396/1396 1428/1428/1428 1429/1429/1429
f 1396/1396/1396 1429/1429/1429 1397/1397/1397
f 1397/1397/1397 1429/1429/1429 1430/1430/1430
f 1397/1397/1397 1430/1430/1430 1398/1398/1398
f 1398/1398/1398 1430/1430/1430 1431/1431/1431
f 1398/1398/1398 1431/1431/1431 1399/1399/1399
f 1399/1399/1399 1431/1431/1431 1432/1432/1432
f 1399/1399/1399 1432/1432/1432 1400/1400/1400
f 1400/1400/1400 1432/1432/1432 1433/1433/1433
f 1400/1400/1400 1433/1433/1433 1401/1401/1401
f 1401/1401/1401 1433/1433/1433 1434/1434/1434
f 1401/1401/1401 1434/1434/1434 1402/1402/1402
f 1402/1402/1402 1434/1434/1434 1435/1435/1435
f 1402/1402/1402 1435/1435/1435 1403/1403/1403
f 1403/1403/1403 1435/1435/1435 1436/1436/1436
f 1403/1403/1403 1436/1436/1436 1404/1404/1404
f 1404/1404/1404 1436/1436/1436 1437/1437/1437
f 1404/1404/1404 1437/1437/1437 1405/1405/1405
f 1405/1405/1405 1437/1437/1437 1438/1438/1438
f 1405/1405/1405 1438/1438/1438 1406/1406/1406
f 1406/1406/1406 1438/1438/1438 1439/1439/1439
f 1406/1406/1406 1439/1439/1439 1407/1407/1407
f 1407/1407/1407 1439/1439/1439 1440/1440/1440
f 1407/1407/1407 1440/1440/1440 1408/1408/1408
f 1408/1408/1408 1440/1440/1440 1409/1409/1409
f 1408/1408/1408 1409/1409/1409 1377/1377/1377
f 1409/1409/1409 1441/1441/1441 1442/1442/1442
f 1409/1409/1409 1442/1442/1442 1410/1410/1410
f 1410/1410/1410 1442/1442/1442 1443/1443/1443
f 1410/1410/1410 1443/1443/1443 1411/1411/1411
f 1411/1411/1411 1443/1443/1443 1444/1444/1444
f 1411/1411/1411 1444/1444/1444 1412/1412/1412
f 1412/1412/1412 1444/1444/1444 1445/1445/1445
f 1412/1412/1412 1445/1445/1445 1413/1413/1413
f 1413/1413/1413 1445/1445/1445 1446/1446/1446
f 1413/1413/1413 1446/1446/1446 1414/1414/1414
f 1414/1414/1414 1446/1446/1446 1447/1447/1447
f 1414/1414/1414 1447/1447/1447 1415/1415/1415
f 1415/1415/1415 1447/1447/1447 1448/1448/1448
f 1415/1415/1415 1448/1448/1448 1416/1416/1416
f 1416/1416/1416 1448/1448/1448 1449/1449/1449
f 1416/1416/1416 1449/1449/1449 1417/1417/1417
f 1417/1417/1417 1449/1449/1449 1450/1450/1450
f 1417/1417/1417 1450/1450/1450 1418/1418/1418
f 1418/1418/1418 1450/1450/1450 1451/1451/1451
f 1418/1418/1418 1451/1451/1451 1419/1419/1419
f 1419/1419/1419 1451/1451/1451 1452/1452/1452
f 1419/1419/1419 1452/1452/1452 1420/1420/1420
f 1420/1420/1420 1452/1452/1452 1453/1453/1453
f 1420/1420/1420 1453/1453/1453 1421/1421/1421
f 1421/1421/1421 1453/1453/1453 1454/1454/1454
f 1421/1421/1421 1454/1454/1454 1422/1422/1422
f 1422/1422/1422 1454/1454/1454 1455/1455/1455
f 1422/1422/1422 1455/1455/1455 1423/1423/1423
f 1423/1423/1423 1455/1455/1455 1456/1456/1456
f 1423/1423/1423 1456/1456/1456 1424/1424/1424
f 1424/1424/1424 1456/1456/1456 1457/1457/1457
f 1424/1424/1424 1457/1457/1457 1425/1425/1425
f 1425/1425/1425 1457/1457/1457 1458/1458/1458
f 1425/1425/1425 1458/1458/1458 1426/1426/1426
f 1426/1426/1426 1458/1458/1458 1459/1459/1459
f 1426/1426/1426 1459/1459/1459 1427/1427/1427
f 1427/1427/1427 1459/1459/1459 1460/1460/1460
f 1427/1427/1427 1460/1460/1460 1428/1428/1428
f 1428/1428/1428 1460/1460/1460 1461/1461/1461
f 1428/1428/1428 1461/1461/1461 1429/1429/1429
f 1429/1429/1429 1461/1461/1461 1462/1462/1462
f 1429/1429/1429 1462/1462/1462 1430/1430/1430
f 1430/1430/1430 1462/1462/1462 1463/1463/1463
f 1430/1430/1430 1463/1463/1463 1431/1431/1431
f 1431/1431/1431 1463/1463/1463 1464/1464/1464
f 1431/1431/1431 1464/1464/1464 1432/1432/1432
f 1432/1432/1432 1464/1464/1464 1465/1465/1465
f 1432/1432/1432 1465/1465/1465 1433/1433/1433
f 1433/1433/1433 1465/1465/1465 1466/1466/1466
f 1433/1433/1433 1466/1466/1466 1434/1434/1434
f 1434/1434/1434 1466/1466/1466 1467/1467/1467
f 1434/1434/1434 1467/1467/1467 1435/1435/1435
f 1435/1435/1435 1467/1467/1467 1468/1468/1468
f 1435/1435/1435 1468/1468/1468 1436/1436/1436
f 1436/1436/1436 1468/1468/1468 1469/1469/1469
f 1436/1436/1436 1469/1469/1469 1437/1437/1437
f 1437/1437/1437 1469/1469/1469 1470/1470/1470
f 1437/1437/1437 1470/1470/1470 1438/1438/1438
f 1438/1438/1438 1470/1470/1470 1471/1471/1471
f 1438/1438/1438 1471/1471/1471 1439/1439/1439
f 1439/1439/1439 1471/1471/1471 1472/1472/1472
f 1439/1439/1439 1472/1472/1472 1440/1440/1440
f 1440/1440/1440 1472/1472/1472 1441/1441/1441
f 1440/1440/1440 1441/1441/1441 1409/1409/1409
f 1441/1441/1441 1473/1473/1473 1474/1474/1474
f 1441/1441/1441 1474/1474/1474 1442/1442/1442
f 1442/1442/1442 1474/1474/1474 1475/1475/1475
f 1442/1442/1442 1475/1475/1475 1443/1443/1443
f 1443/1443/1443 1475/1475/1475 1476/1476/1476
f 1443/1443/1443 1476/1476/1476 1444/1444/1444
f 1444/1444/1444 1476/1476/1476 1477/1477/1477
f 1444/1444/1444 1477/1477/1477 1445/1445/1445
f 1445/1445/1445 1477/1477/1477 1478/1478/1478
f 1445/1445/1445 1478/1478/1478 1446/1446/1446
f 1446/1446/1446 1478/1478/1478 1479/1479/1479
f 1446/1446/1446 1479/1479/1479 1447/1447/1447
f 1447/1447/1447 1479/1479/1479 1480/1480/1480
f 1447/1447/1447 1480/1480/1480 1448/1448/1448
f 1448/1448/1448 1480/1480/1480 1481/1481/1481
f 1448/1448/1448 1481/1481/1481 1449/1449/1449
f 1449/1449/1449 1481/1481/1481 1482/1482/1482
f 1449/1449/1449 1482/1482/1482 1450/1450/1450
f 1450/1450/1450 1482/1482/1482 1483/1483/1483
f 1450/1450/1450 1483/1483/1483 1451/1451/1451
f 1451/1451/1451 1483/1483/1483 1484/1484/1484
f 1451/1451/1451 1484/1484/1484 1452/1452/1452
f 1452/1452/1452 1484/1484/1484 1485/1485/1485
f 1452/1452/1452 1485/1485/1485 1453/1453/1453
f 1453/1453/1453 1485/1485/1485 1486/1486/1486
f 1453/1453/1453 1486/1486/1486 1454/1454/1454
f 1454/1454/1454 1486/1486/1486 1487/1487/1487
f 1454/1454/1454 1487/1487/1487 1455/1455/1455
f 1455/1455/1455 1487/1487/1487 1488/1488/1488
f 1455/1455/1455 1488/1488/1488 1456/1456/1456
f 1456/1456/1456 1488/1488/1488 1489/1489/1489
f 1456/1456/1456 1489/1489/1489 1457/1457/1457
f 1457/1457/1457 1489/1489/1489 1490/1490/1490
f 1457/1457/1457 1490/1490/1490 1458/1458/1458
f 1458/1458/1458 1490/1490/1490 1491/1491/1491
f 1458/1458/1458 1491/1491/1491 1459/1459/1459
f 1459/1459/1459 1491/1491/1491 1492/1492/1492
f 1459/1459/1459 1492/1492/1492 1460/1460/1460
f 1460/1460/1460 1492/1492/1492 1493/1493/1493
f 1460/1460/1460 1493/1493/1493 1461/1461/1461
f 1461/1461/1461 1493/1493/1493 1494/1494/1494
f 1461/1461/1461 1494/1494/1494 1462/1462/1462
f 1462/1462/1462 1494/1494/1494 1495/1495/1495
f 1462/1462/1462 1495/1495/1495 1463/1463/1463
f 1463/1463/1463 1495/1495/1495 1496/1496/1496
f 1463/1463/1463 1496/1496/1496 1464/1464/1464
f 1464/1464/1464 1496/1496/1496 1497/1497/1497
f 1464/1464/1464 1497/1497/1497 1465/1465/1465
f 1465/1465/1465 1497/1497/1497 1498/1498/1498
f 1465/1465/1465 1498/1498/1498 1466/1466/1466
f 1466/1466/1466 1498/1498/1498 1499/1499/1499
f 1466/1466/1466 1499/1499/1499 1467/1467/1467
f 1467/1467/1467 1499/1499/1499 1500/1500/1500
f 1467/1467/1467 1500/1500/1500 1468/1468/1468
f 1468/1468/1468 1500/1500/1500 1501/1501/1501
f 1468/1468/1468 1501/1501/1501 1469/1469/1469
f 1469/1469/1469 1501/1501/1501 1502/1502/1502
f 1469/1469/1469 1502/1502/1502 1470/1470/1470
f 1470/1470/1470 1502/1502/1502 1503/1503/1503
f 1470/1470/1470 1503/1503/1503 1471/1471/1471
f 1471/1471/1471 1503/1503/1503 1504/1504/1504
f 1471/1471/1471 1504/1504/1504 1472/1472/1472
f 1472/1472/1472 1504/1504/1504 1473/1473/1473
f 1472/1472/1472 1473/1473/1473 1441/1441/1441
f 1473/1473/1473 1505/1505/1505 1506/1506/1506
f 1473/1473/1473 1506/1506/1506 1474/1474/1474
f 1474/1474/1474 1506/1506/1506 1507/1507/1507
f 1474/1474/1474 1507/1507/1507 1475/1475/1475
f 1475/1475/1475 1507/1507/1507 1508/1508/1508
f 1475/1475/1475 1508/1508/1508 1476/1476/1476
f 1476/1476/1476 1508/1508/1508 1509/1509/1509
f 1476/1476/1476 1509/1509/1509 1477/1477/1477
f 1477/1477/1477 1509/1509/1509 1510/1510/1510
f 1477/1477/1477 1510/1510/1510 1478/1478/1478
f 1478/1478/1478 1510/1510/1510 1511/1511/1511
f 1478/1478/1478 1511/1511/1511 1479/1479/1479
f 1479/1479/1479 1511/1511/1511 1512/1512/1512
f 1479/1479/1479 1512/1512/1512 1480/1480/1480
f 1480/1480/1480 1512/1512/1512 1513/1513/1513
f 1480/1480/1480 1513/1513/1513 1481/1481/1481
f 1481/1481/1481 1513/1513/1513 1514/1514/1514
f 1481/1481/1481 1514/1514/1514 1482/1482/1482
f 1482/1482/1482 1514/1514/1514 1515/1515/1515
f 1482/1482/1482 1515/1515/1515 1483/1483/1483
f 1483/1483/1483 1515/1515/1515 1516/1516/1516
f 1483/1483/1483 1516/1516/1516 1484/1484/1484
f 1484/1484/1484 1516/1516/1516 1517/1517/1517
f 1484/1484/1484 1517/1517/1517 1485/1485/1485
f 1485/1485/1485 1517/1517/1517 1518/1518/1518
f 1485/1485/1485 1518/1518/1518 1486/1486/1486
f 1486/1486/1486 1518/1518/1518 1519/1519/1519
f 1486/1486/1486 1519/1519/1519 1487/1487/1487
f 1487/1487/1487 1519/1519/1519 1520/1520/1520
f 1487/1487/1487 1520/1520/1520 1488/1488/1488
f 1488/1488/1488 1520/1520/1520 1521/1521/1521
f 1488/1488/1488 1521/1521/1521 1489/1489/1489
f 1489/1489/1489 1521/1521/1521 1522/1522/1522
f 1489/1489/1489 1522/1522/1522 1490/1490/1490
f 1490/1490/1490 1522/1522/1522 1523/1523/1523
f 1490/1490/1490 1523/1523/1523 1491/1491/1491
f 1491/1491/1491 1523/1523/1523 1524/1524/1524
f 1491/1491/1491 1524/1524/1524 1492/1492/1492
f 1492/1492/1492 1524/1524/1524 1525/1525/1525
f 1492/1492/1492 1525/1525/1525 1493/1493/1493
f 1493/1493/1493 1525/1525/1525 1526/1526/1526
f 1493/1493/1493 1526/1526/1526 1494/1494/1494
f 1494/1494/1494 1526/1526/1526 1527/1527/1527
f 1494/1494/1494 1527/1527/1527 1495/1495/1495
f 1495/1495/1495 1527/1527/1527 1528/1528/1528
f 1495/1495/1495 1528/1528/1528 1496/1496/1496
f 1496/1496/1496 1528/1528/1528 1529/1529/1529
f 1496/1496/1496 1529/1529/1529 1497/1497/1497
f 1497/1497/1497 1529/1529/1529 1530/1530/1530
f 1497/1497/1497 1530/1530/1530 1498/1498/1498
f 1498/1498/1498 1530/1530/1530 1531/1531/1531
f 1498/1498/1498 1531/1531/1531 1499/1499/1499
f 1499/1499/1499 1531/1531/1531 1532/1532/1532
f 1499/1499/1499 1532/1532/1532 1500/1500/1500
f 1500/1500/1500 1532/1532/1532 1533/1533/1533
f 1500/1500/1500 1533/1533/1533 1501/1501/1501
f 1501/1501/1501 1533/1533/1533 1534/1534/1534
f 1501/1501/1501 1534/1534/1534 1502/1502/1502
f 1502/1502/1502 1534/1534/1534 1535/1535/1535
f 1502/1502/1502 1535/1535/1535 1503/1503/1503
f 1503/1503/1503 1535/1535/1535 1536/1536/1536
f 1503/1503/1503 1536/1536/1536 1504/1504/1504
f 1504/1504/1504 1536/1536/1536 1505/1505/1505
f 1504/1504/1504 1505/1505/1505 1473/1473/1473
f 1505/1505/1505 1537/1537/1537 1538/1538/1538
f 1505/1505/1505 1538/1538/1538 1506/1506/1506
f 1506/1506/1506 1538/1538/1538 1539/1539/1539
f 1506/1506/1506 1539/1539/1539 1507/1507/1507
f 1507/1507/1507 1539/1539/1539 1540/1540/1540
f 1507/1507/1507 1540/1540/1540 1508/1508/1508
f 1508/1508/1508 1540/1540/1540 1541/1541/1541
f 1508/1508/1508 1541/1541/1541 1509/1509/1509
f 1509/1509/1509 1541/1541/1541 1542/1542/1542
f 1509/1509/1509 1542/1542/1542 1510/1510/1510
f 1510/1510/1510 1542/1542/1542 1543/1543/1543
f 1510/1510/1510 1543/1543/1543 1511/1511/1511
f 1511/1511/1511 1543/1543/1543 1544/1544/1544
f 1511/1511/1511 1544/1544/1544 1512/1512/1512
f 1512/1512/1512 1544/1544/1544 1545/1545/1545
f 1512/1512/1512 1545/1545/1545 1513/1513/1513
f 1513/1513/1513 1545/1545/1545 1546/1546/1546
f 1513/1513/1513 1546/1546/1546 1514/1514/1514
f 1514/1514/1514 1546/1546/1546 1547/1547/1547
f 1514/1514/1514 1547/1547/1547 1515/1515/1515
f 1515/1515/1515 1547/1547/1547 1548/1548/1548
f 1515/1515/1515 1548/1548/1548 1516/1516/1516
f 1516/1516/1516 1548/1548/1548 1549/1549/1549
f 1516/1516/1516 1549/1549/1549 1517/1517/1517
f 1517/1517/1517 1549/1549/1549 1550/1550/1550
f 1517/1517/1517 1550/1550/1550 1518/1518/1518
f 1518/1518/1518 1550/1550/1550 1551/1551/1551
f 1518/1518/1518 1551/1551/1551 1519/1519/1519
f 1519/1519/1519 1551/1551/1551 1552/1552/1552
f 1519/1519/1519 1552/1552/1552 1520/1520/1520
f 1520/1520/1520 1552/1552/1552 1553/1553/1553
f 1520/1520/1520 1553/1553/1553 1521/1521/1521
f 1521/1521/1521 1553/1553/1553 1554/1554/1554
f 1521/1521/1521 1554/1554/1554 1522/1522/1522
f 1522/1522/1522 1554/1554/1554 1555/1555/1555
f 1522/1522/1522 1555/1555/1555 1523/1523/1523
f 1523/1523/1523 1555/1555/1555 1556/1556/1556
f 1523/1523/1523 1556/1556/1556 1524/1524/1524
f 1524/1524/1524 1556/1556/1556 1557/1557/1557
f 1524/1524/1524 1557/1557/1557 1525/1525/1525
f 1525/1525/1525 1557/1557/1557 1558/1558/1558
f 1525/1525/1525 1558/1558/1558 1526/1526/1526
f 1526/1526/1526 1558/1558/1558 1559/1559/1559
f 1526/1526/1526 1559/1559/1559 1527/1527/1527
f 1527/1527/1527 1559/1559/1559 1560/1560/1560
f 1527/1527/1527 1560/1560/1560 1528/1528/1528
f 1528/1528/1528 1560/1560/1560 1561/1561/1561
f 1528/1528/1528 1561/1561/1561 1529/1529/1529
f 1529/1529/1529 1561/1561/1561 1562/1562/1562
f 1529/1529/1529 1562/1562/1562 1530/1530/1530
f 1530/1530/1530 1562/1562/1562 1563/1563/1563
f 1530/1530/1530 1563/1563/1563 1531/1531/1531
f 1531/1531/1531 1563/1563/1563 1564/1564/1564
f 1531/1531/1531 1564/1564/1564 1532/1532/1532
f 1532/1532/1532 1564/1564/1564 1565/1565/1565
f 1532/1532/1532 1565/1565/1565 1533/1533/1533
f 1533/1533/1533 1565/1565/1565 1566/1566/1566
f 1533/1533/1533 1566/1566/1566 1534/1534/1534
f 1534/1534/1534 1566/1566/1566 1567/1567/1567
f 1534/1534/1534 1567/1567/1567 1535/1535/1535
f 1535/1535/1535 1567/1567/1567 1568/1568/1568
f 1535/1535/1535 1568/1568/1568 1536/1536/1536
f 1536/1536/1536 1568/1568/1568 1537/1537/1537
f 1536/1536/1536 1537/1537/1537 1505/1505/1505
f 1569/1569/1569 1/1/1 2/2/2
f 1569/1569/1569 2/2/2 3/3/3
f 1569/1569/1569 3/3/3 4/4/4
f 1569/1569/1569 4/4/4 5/5/5
f 1569/1569/1569 5/5/5 6/6/6
f 1569/1569/1569 6/6/6 7/7/7
f 1569/1569/1569 7/7/7 8/8/8
f 1569/1569/1569 8/8/8 9/9/9
f 1569/1569/1569 9/9/9 10/10/10
f 1569/1569/1569 10/10/10 11/11/11
f 1569/1569/1569 11/11/11 12/12/12
f 1569/1569/1569 12/12/12 13/13/13
f 1569/1569/1569 13/13/13 14/14/14
f 1569/1569/1569 14/14/14 15/15/15
f 1569/1569/1569 15/15/15 16/16/16
f 1569/1569/1569 16/16/16 17/17/17
f 1569/1569/1569 17/17/17 18/18/18
f 1569/1569/1569 18/18/18 19/19/19
f 1569/1569/1569 19/19/19 20/20/20
f 1569/1569/1569 20/20/20 21/21/21
f 1569/1569/1569 21/21/21 22/22/22
f 1569/1569/1569 22/22/22 23/23/23
f 1569/1569/1569 23/23/23 24/24/24
f 1569/1569/1569 24/24/24 25/25/25
f 1569/1569/1569 25/25/25 26/26/26
f 1569/1569/1569 26/26/26 27/27/27
f 1569/1569/1569 27/27/27 28/28/28
f 1569/1569/1569 28/28/28 29/29/29
f 1569/1569/1569 29/29/29 30/30/30
f 1569/1569/1569 30/30/30 31/31/31
f 1569/1569/1569 31/31/31 32/32/32
f 1569/1569/1569 32/32/32 1/1/1
f 1570/1570/1570 1538/1538/1538 1537/1537/1537
f 1570/1570/1570 1539/1539/1539 1538/1538/1538
f 1570/1570/1570 1540/1540/1540 1539/1539/1539
f 1570/1570/1570 1541/1541/1541 1540/1540/1540
f 1570/1570/1570 1542/1542/1542 1541/1541/1541
f 1570/1570/1570 1543/1543/1543 1542/1542/1542
f 1570/1570/1570 1544/1544/1544 1543/1543/1543
f 1570/1570/1570 1545/1545/1545 1544/1544/1544
f 1570/1570/1570 1546/1546/1546 1545/1545/1545
f 1570/1570/1570 1547/1547/1547 1546/1546/1546
f 1570/1570/1570 1548/1548/1548 1547/1547/1547
f 1570/1570/1570 1549/1549/1549 1548/1548/1548
f 1570/1570/1570 1550/1550/1550 1549/1549/1549
f 1570/1570/1570 1551/1551/1551 1550/1550/1550
f 1570/1570/1570 1552/1552/1552 1551/1551/1551
f 1570/1570/1570 1553/1553/1553 1552/1552/1552
f 1570/1570/1570 1554/1554/1554 1553/1553/1553
f 1570/1570/1570 1555/1555/1555 1554/1554/1554
f 1570/1570/1570 1556/1556/1556 1555/1555/1555
f 1570/1570/1570 1557/1557/1557 1556/1556/1556
f 1570/1570/1570 1558/1558/1558 1557/1557/1557
f 1570/1570/1570 1559/1559/1559 1558/1558/1558
f 1570/1570/1570 1560/1560/1560 1559/1559/1559
f 1570/1570/1570 1561/1561/1561 1560/1560/1560
f 1570/1570/1570 1562/1562/1562 1561/1561/1561
f 1570/1570/1570 1563/1563/1563 1562/1562/1562
f 1570/1570/1570 1564/1564/1564 1563/1563/1563
f 1570/1570/1570 1565/1565/1565 1564/1564/1564
f 1570/1570/1570 1566/1566/1566 1565/1565/1565
f 1570/1570/1570 1567/1567/1567 1566/1566/1566
f 1570/1570/1570 1568/1568/1568 1567/1567/1567
f 1570/1570/1570 1537/1537/1537 1568/1568/1568
f 1571/1571/1571 1615/1615/1615 1613/1613/1613
f 1571/1571/1571 1573/1573/1573 1615/1615/1615
f 1572/1572/1572 1614/1614/1614 1616/1616/1616
f 1572/1572/1572 1616/1616/1616 1574/1574/1574
f 1573/1573/1573 1617/1617/1617 1615/1615/1615
f 1573/1573/1573 1575/1575/1575 1617/1617/1617
f 1574/1574/1574 1616/1616/1616 1618/1618/1618
f 1574/1574/1574 1618/1618/1618 1576/1576/1576
f 1575/1575/1575 1619/1619/1619 1617/1617/1617
f 1575/1575/1575 1577/1577/1577 1619/1619/1619
f 1576/1576/1576 1618/1618/1618 1620/1620/1620
f 1576/1576/1576 1620/1620/1620 1578/1578/1578
f 1577/1577/1577 1621/1621/1621 1619/1619/1619
f 1577/1577/1577 1579/1579/1579 1621/1621/1621
f 1578/1578/1578 1620/1620/1620 1622/1622/1622
f 1578/1578/1578 1622/1622/1622 1580/1580/1580
f 1579/1579/1579 1623/1623/1623 1621/1621/1621
f 1579/1579/1579 1581/1581/1581 1623/1623/1623
f 1580/1580/1580 1622/1622/1622 1624/1624/1624
f 1580/1580/1580 1624/1624/1624 1582/1582/1582
f 1581/1581/1581 1625/1625/1625 1623/1623/1623
f 1581/1581/1581 1583/1583/1583 1625/1625/1625
f 1582/1582/1582 1624/1624/1624 1626/1626/1626
f 1582/1582/1582 1626/1626/1626 1584/1584/1584
f 1583/1583/1583 1627/1627/1627 1625/1625/1625
f 1583/1583/1583 1585/1585/1585 1627/1627/1627
f 1584/1584/1584 1626/1626/1626 1628/1628/1628
f 1584/1584/1584 1628/1628/1628 1586/1586/1586
f 1585/1585/1585 1629/1629/1629 1627/1627/1627
f 1585/1585/1585 1587/1587/1587 1629/1629/1629
f 1586/1586/1586 1628/1628/1628 1630/1630/1630
f 1586/1586/1586 1630/1630/1630 1588/1588/1588
f 1587/1587/1587 1631/1631/1631 1629/1629/1629
f 1587/1587/1587 1589/1589/1589 1631/1631/1631
f 1588/1588/1588 1630/1630/1630 1632/1632/1632
f 1588/1588/1588 1632/1632/1632 1590/1590/1590
f 1589/1589/1589 1633/1633/1633 1631/1631/1631
f 1589/1589/1589 1591/1591/1591 1633/1633/1633
f 1590/1590/1590 1632/1632/1632 1634/1634/1634
f 1590/1590/1590 1634/1634/1634 1592/1592/1592
f 1591/1591/1591 1635/1635/1635 1633/1633/1633
f 1591/1591/1591 1593/1593/1593 1635/1635/1635
f 1592/1592/1592 1634/1634/1634 1636/1636/1636
f 1592/1592/1592 1636/1636/1636 1594/1594/1594
f 1593/1593/1593 1637/1637/1637 1635/1635/1635
f 1593/1593/1593 1595/1595/1595 1637/1637/1637
f 1594/1594/1594 1636/1636/1636 1638/1638/1638
f 1594/1594/1594 1638/1638/1638 1596/1596/1596
f 1595/1595/1595 1639/1639/1639 1637/1637/1637
f 1595/1595/1595 1597/1597/1597 1639/1639/1639
f 1596/1596/1596 1638/1638/1638 1640/1640/1640
f 1596/1596/1596 1640/1640/1640 1598/1598/1598
f 1597/1597/1597 1641/1641/1641 1639/1639/1639
f 1597/1597/1597 1599/1599/1599 1641/1641/1641
f 1598/1598/1598 1640/1640/1640 1642/1642/1642
f 1598/1598/1598 1642/1642/1642 1600/1600/1600
f 1599/1599/1599 1643/1643/1643 1641/1641/1641
f 1599/1599/1599 1601/1601/1601 1643/1643/1643
f 1600/1600/1600 1642/1642/1642 1644/1644/1644
f 1600/1600/1600 1644/1644/1644 1602/1602/1602
f 1601/1601/1601 1645/1645/1645 1643/1643/1643
f 1601/1601/1601 1603/1603/1603 1645/1645/1645
f 1602/1602/1602 1644/1644/1644 1646/1646/1646
f 1602/1602/1602 1646/1646/1646 1604/1604/1604
f 1603/1603/1603 1647/1647/1647 1645/1645/1645
f 1603/1603/1603 1605/1605/1605 1647/1647/1647
f 1604/1604/1604 1646/1646/1646 1648/1648/1648
f 1604/1604/1604 1648/1648/1648 1606/1606/1606
f 1605/1605/1605 1649/1649/1649 1647/1647/1647
f 1605/1605/1605 1607/1607/1607 1649/1649/1649
f 1606/1606/1606 1648/1648/1648 1650/1650/1650
f 1606/1606/1606 1650/1650/1650 1608/1608/1608
f 1607/1607/1607 1651/1651/1651 1649/1649/1649
f 1607/1607/1607 1609/1609/1609 1651/1651/1651
f 1608/1608/1608 1650/1650/1650 1652/1652/1652
f 1608/1608/1608 1652/1652/1652 1610/1610/1610
f 1609/1609/1609 1653/1653/1653 1651/1651/1651
f 1609/1609/1609 1611/1611/1611 1653/1653/1653
f 1610/1610/1610 1652/1652/1652 1654/1654/1654
f 1610/1610/1610 1654/1654/1654 1612/1612/1612
f 1613/1613/1613 1657/1657/1657 1655/1655/1655
f 1613/1613/1613 1615/1615/1615 1657/1657/1657
f 1614/1614/1614 1656/1656/1656 1658/1658/1658
f 1614/1614/1614 1658/1658/1658 1616/1616/1616
f 1615/1615/1615 1659/1659/1659 1657/1657/1657
f 1615/1615/1615 1617/1617/1617 1659/1659/1659
f 1616/1616/1616 1658/1658/1658 1660/1660/1660
f 1616/1616/1616 1660/1660/1660 1618/1618/1618
f 1617/1617/1617 1661/1661/1661 1659/1659/1659
f 1617/1617/1617 1619/1619/1619 1661/1661/1661
f 1618/1618/1618 1660/1660/1660 1662/1662/1662
f 1618/1618/1618 1662/1662/1662 1620/1620/1620
f 1619/1619/1619 1663/1663/1663 1661/1661/1661
f 1619/1619/1619 1621/1621/1621 1663/1663/1663
f 1620/1620/1620 1662/1662/1662 1664/1664/1664
f 1620/1620/1620 1664/1664/1664 1622/1622/1622
f 1621/1621/1621 1665/1665/1665 1663/1663/1663
f 1621/1621/1621 1623/1623/1623 1665/1665/1665
f 1622/1622/1622 1664/1664/1664 1666/1666/1666
f 1622/1622/1622 1666/1666/1666 1624/1624/1624
f 1623/1623/1623 1667/1667/1667 1665/1665/1665
f 1623/1623/1623 1625/1625/1625 1667/1667/1667
f 1624/1624/1624 1666/1666/1666 1668/1668/1668
f 1624/1624/1624 1668/1668/1668 1626/1626/1626
f 1625/1625/1625 1669/1669/1669 1667/1667/1667
f 1625/1625/1625 1627/1627/1627 1669/1669/1669
f 1626/1626/1626 1668/1668/1668 1670/1670/1670
f 1626/1626/1626 1670/1670/1670 1628/1628/1628
f 1627/1627/1627 1671/1671/1671 1669/1669/1669
f 1627/1627/1627 1629/1629/1629 1671/1671/1671
f 1628/1628/1628 1670/1670/1670 1672/1672/1672
f 1628/1628/1628 1672/1672/1672 1630/1630/1630
f 1629/1629/1629 1673/1673/1673 1671/1671/1671
f 1629/1629/1629 1631/1631/1631 1673/1673/1673
f 1630/1630/1630 1672/1672/1672 1674/1674/1674
f 1630/1630/1630 1674/1674/1674 1632/1632/1632
f 1631/1631/1631 1675/1675/1675 1673/1673/1673
f 1631/1631/1631 1633/1633/1633 1675/1675/1675
f 1632/1632/1632 1674/1674/1674 1676/1676/1676
f 1632/1632/1632 1676/1676/1676 1634/1634/1634
f 1633/1633/1633 1677/1677/1677 1675/1675/1675
f 1633/1633/1633 1635/1635/1635 1677/1677/1677
f 1634/1634/1634 1676/1676/1676 1678/1678/1678
f 1634/1634/1634 1678/1678/1678 1636/1636/1636
f 1635/1635/1635 1679/1679/1679 1677/1677/1677
f 1635/1635/1635 1637/1637/1637 1679/1679/1679
f 1636/1636/1636 1678/1678/1678 1680/1680/1680
f 1636/1636/1636 1680/1680/1680 1638/1638/1638
f 1637/1637/1637 1681/1681/1681 1679/1679/1679
f 1637/1637/1637 1639/1639/1639 1681/1681/1681
f 1638/1638/1638 1680/1680/1680 1682/1682/1682
f 1638/1638/1638 1682/1682/1682 1640/1640/1640
f 1639/1639/1639 1683/1683/1683 1681/1681/1681
f 1639/1639/1639 1641/1641/1641 1683/1683/1683
f 1640/1640/1640 1682/1682/1682 1684/1684/1684
f 1640/1640/1640 1684/1684/1684 1642/1642/1642
f 1641/1641/1641 1685/1685/1685 1683/1683/1683
f 1641/1641/1641 1643/1643/1643 1685/1685/1685
f 1642/1642/1642 1684/1684/1684 1686/1686/1686
f 1642/1642/1642 1686/1686/1686 1644/1644/1644
f 1643/1643/1643 1687/1687/1687 1685/1685/1685
f 1643/1643/1643 1645/1645/1645 1687/1687/1687
f 1644/1644/1644 1686/1686/1686 1688/1688/1688
f 1644/1644/1644 1688/1688/1688 1646/1646/1646
f 1645/1645/1645 1689/1689/1689 1687/1687/1687
f 1645/1645/1645 1647/1647/1647 1689/1689/1689
f 1646/1646/1646 1688/1688/1688 1690/1690/1690
f 1646/1646/1646 1690/1690/1690 1648/1648/1648
f 1647/1647/1647 1691/1691/1691 1689/1689/1689
f 1647/1647/1647 1649/1649/1649 1691/1691/1691
f 1648/1648/1648 1690/1690/1690 1692/1692/1692
f 1648/1648/1648 1692/1692/1692 1650/1650/1650
f 1649/1649/1649 1693/1693/1693 1691/1691/1691
f 1649/1649/1649 1651/1651/1651 1693/1693/1693
f 1650/1650/1650 1692/1692/1692 1694/1694/1694
f 1650/1650/1650 1694/1694/1694 1652/1652/1652
f 1651/1651/1651 1695/1695/1695 1693/1693/1693
f 1651/1651/1651 1653/1653/1653 1695/1695/1695
f 1652/1652/1652 1694/1694/1694 1696/1696/1696
f 1652/1652/1652 1696/1696/1696 1654/1654/1654
f 1655/1655/1655 1699/1699/1699 1697/1697/1697
f 1655/1655/1655 1657/1657/1657 1699/1699/1699
f 1656/1656/1656 1698/1698/1698 1700/1700/1700
f 1656/1656/1656 1700/1700/1700 1658/1658/1658
f 1657/1657/1657 1701/1701/1701 1699/1699/1699
f 1657/1657/1657 1659/1659/1659 1701/1701/1701
f 1658/1658/1658 1700/1700/1700 1702/1702/1702
f 1658/1658/1658 1702/1702/1702 1660/1660/1660
f 1659/1659/1659 1703/1703/1703 1701/1701/1701
f 1659/1659/1659 1661/1661/1661 1703/1703/1703
f 1660/1660/1660 1702/1702/1702 1704/1704/1704
f 1660/1660/1660 1704/1704/1704 1662/1662/1662
f 1661/1661/1661 1705/1705/1705 1703/1703/1703
f 1661/1661/1661 1663/1663/1663 1705/1705/1705
f 1662/1662/1662 1704/1704/1704 1706/1706/1706
f 1662/1662/1662 1706/1706/1706 1664/1664/1664
f 1663/1663/1663 1707/1707/1707 1705/1705/1705
f 1663/1663/1663 1665/1665/1665 1707/1707/1707
f 1664/1664/1664 1706/1706/1706 1708/1708/1708
f 1664/1664/1664 1708/1708/1708 1666/1666/1666
f 1665/1665/1665 1709/1709/1709 1707/1707/1707
f 1665/1665/1665 1667/1667/1667 1709/1709/1709
f 1666/1666/1666 1708/1708/1708 1710/1710/1710
f 1666/1666/1666 1710/1710/1710 1668/1668/1668
f 1667/1667/1667 1711/1711/1711 1709/1709/1709
f 1667/1667/1667 1669/1669/1669 1711/1711/1711
f 1668/1668/1668 1710/1710/1710 1712/1712/1712
f 1668/1668/1668 1712/1712/1712 1670/1670/1670
f 1669/1669/1669 1713/1713/1713 1711/1711/1711
f 1669/1669/1669 1671/1671/1671 1713/1713/1713
f 1670/1670/1670 1712/1712/1712 1714/1714/1714
f 1670/1670/1670 1714/1714/1714 1672/1672/1672
f 1671/1671/1671 1715/1715/1715 1713/1713/1713
f 1671/1671/1671 1673/1673/1673 1715/1715/1715
f 1672/1672/1672 1714/1714/1714 1716/1716/1716
f 1672/1672/1672 1716/1716/1716 1674/1674/1674
f 1673/1673/1673 1717/1717/1717 1715/1715/1715
f 1673/1673/1673 1675/1675/1675 1717/1717/1717
f 1674/1674/1674 1716/1716/1716 1718/1718/1718
f 1674/1674/1674 1718/1718/1718 1676/1676/1676
f 1675/1675/1675 1719/1719/1719 1717/1717/1717
f 1675/1675/1675 1677/1677/1677 1719/1719/1719
f 1676/1676/1676 1718/1718/1718 1720/1720/1720
f 1676/1676/1676 1720/1720/1720 1678/1678/1678
f 1677/1677/1677 1721/1721/1721 1719/1719/1719
f 1677/1677/1677 1679/1679/1679 1721/1721/1721
f 1678/1678/1678 1720/1720/1720 1722/1722/1722
f 1678/1678/1678 1722/1722/1722 1680/1680/1680
f 1679/1679/1679 1723/1723/1723 1721/1721/1721
f 1679/1679/1679 1681/1681/1681 1723/1723/1723
f 1680/1680/1680 1722/1722/1722 1724/1724/1724
f 1680/1680/1680 1724/1724/1724 1682/1682/1682
f 1681/1681/1681 1725/1725/1725 1723/1723/1723
f 1681/1681/1681 1683/1683/1683 1725/1725/1725
f 1682/1682/1682 1724/1724/1724 1726/1726/1726
f 1682/1682/1682 1726/1726/1726 1684/1684/1684
f 1683/1683/1683 1727/1727/1727 1725/1725/1725
f 1683/1683/1683 1685/1685/1685 1727/1727/1727
f 1684/1684/1684 1726/1726/1726 1728/1728/1728
f 1684/1684/1684 1728/1728/1728 1686/1686/1686
f 1685/1685/1685 1729/1729/1729 1727/1727/1727
f 1685/1685/1685 1687/1687/1687 1729/1729/1729
f 1686/1686/1686 1728/1728/1728 1730/1730/1730
f 1686/1686/1686 1730/1730/1730 1688/1688/1688
f 1687/1687/1687 1731/1731/1731 1729/1729/1729
f 1687/1687/1687 1689/1689/1689 1731/1731/1731
f 1688/1688/1688 1730/1730/1730 1732/1732/1732
f 1688/1688/1688 1732/1732/1732 1690/1690/1690
f 1689/1689/1689 1733/1733/1733 1731/1731/1731
f 1689/1689/1689 1691/1691/1691 1733/1733/1733
f 1690/1690/1690 1732/1732/1732 1734/1734/1734
f 1690/1690/1690 1734/1734/1734 1692/1692/1692
f 1691/1691/1691 1735/1735/1735 1733/1733/1733
f 1691/1691/1691 1693/1693/1693 1735/1735/1735
f 1692/1692/1692 1734/1734/1734 1736/1736/1736
f 1692/1692/1692 1736/1736/1736 1694/1694/1694
f 1693/1693/1693 1737/1737/1737 1735/1735/1735
f 1693/1693/1693 1695/1695/1695 1737/1737/1737
f 1694/1694/1694 1736/1736/1736 1738/1738/1738
f 1694/1694/1694 1738/1738/1738 1696/1696/1696
f 1697/1697/1697 1741/1741/1741 1739/1739/1739
f 1697/1697/1697 1699/1699/1699 1741/1741/1741
f 1698/1698/1698 1740/1740/1740 1742/1742/1742
f 1698/1698/1698 1742/1742/1742 1700/1700/1700
f 1699/1699/1699 1743/1743/1743 1741/1741/1741
f 1699/1699/1699 1701/1701/1701 1743/1743/1743
f 1700/1700/1700 1742/1742/1742 1744/1744/1744
f 1700/1700/1700 1744/1744/1744 1702/1702/1702
f 1701/1701/1701 1745/1745/1745 1743/1743/1743
f 1701/1701/1701 1703/1703/1703 1745/1745/1745
f 1702/1702/1702 1744/1744/1744 1746/1746/1746
f 1702/1702/1702 1746/1746/1746 1704/1704/1704
f 1703/1703/1703 1747/1747/1747 1745/1745/1745
f 1703/1703/1703 1705/1705/1705 1747/1747/1747
f 1704/1704/1704 1746/1746/1746 1748/1748/1748
f 1704/1704/1704 1748/1748/1748 1706/1706/1706
f 1705/1705/1705 1749/1749/1749 1747/1747/1747
f 1705/1705/1705 1707/1707/1707 1749/1749/1749
f 1706/1706/1706 1748/1748/1748 1750/1750/1750
f 1706/1706/1706 1750/1750/1750 1708/1708/1708
f 1707/1707/1707 1751/1751/1751 1749/1749/1749
f 1707/1707/1707 1709/1709/1709 1751/1751/1751
f 1708/1708/1708 1750/1750/1750 1752/1752/1752
f 1708/1708/1708 1752/1752/1752 1710/1710/1710
f 1709/1709/1709 1753/1753/1753 1751/1751/1751
f 1709/1709/1709 1711/1711/1711 1753/1753/1753
f 1710/1710/1710 1752/1752/1752 1754/1754/1754
f 1710/1710/1710 1754/1754/1754 1712/1712/1712
f 1711/1711/1711 1755/1755/1755 1753/1753/1753
f 1711/1711/1711 1713/1713/1713 1755/1755/1755
f 1712/1712/1712 1754/1754/1754 1756/1756/1756
f 1712/1712/1712 1756/1756/1756 1714/1714/1714
f 1713/1713/1713 1757/1757/1757 1755/1755/1755
f 1713/1713/1713 1715/1715/1715 1757/1757/1757
f 1714/1714/1714 1756/1756/1756 1758/1758/1758
f 1714/1714/1714 1758/1758/1758 1716/1716/1716
f 1715/1715/1715 1759/1759/1759 1757/1757/1757
f 1715/1715/1715 1717/1717/1717 1759/1759/1759
f 1716/1716/1716 1758/1758/1758 1760/1760/1760
f 1716/1716/1716 1760/1760/1760 1718/1718/1718
f 1717/1717/1717 1761/1761/1761 1759/1759/1759
f 1717/1717/1717 1719/1719/1719 1761/1761/1761
f 1718/1718/1718 1760/1760/1760 1762/1762/1762
f 1718/1718/1718 1762/1762/1762 1720/1720/1720
f 1719/1719/1719 1763/1763/1763 1761/1761/1761
f 1719/1719/1719 1721/1721/1721 1763/1763/1763
f 1720/1720/1720 1762/1762/1762 1764/1764/1764
f 1720/1720/1720 1764/1764/1764 1722/1722/1722
f 1721/1721/1721 1765/1765/1765 1763/1763/1763
f 1721/1721/1721 1723/1723/1723 1765/1765/1765
f 1722/1722/1722 1764/1764/1764 1766/1766/1766
f 1722/1722/1722 1766/1766/1766 1724/1724/1724
f 1723/1723/1723 1767/1767/1767 1765/1765/1765
f 1723/1723/1723 1725/1725/1725 1767/1767/1767
f 1724/1724/1724 1766/1766/1766 1768/1768/1768
f 1724/1724/1724 1768/1768/1768 1726/1726/1726
f 1725/1725/1725 1769/1769/1769 1767/1767/1767
f 1725/1725/1725 1727/1727/1727 1769/1769/1769
f 1726/1726/1726 1768/1768/1768 1770/1770/1770
f 1726/1726/1726 1770/1770/1770 1728/1728/1728
f 1727/1727/1727 1771/1771/1771 1769/1769/1769
f 1727/1727/1727 1729/1729/1729 1771/1771/1771
f 1728/1728/1728 1770/1770/1770 1772/1772/1772
f 1728/1728/1728 1772/1772/1772 1730/1730/1730
f 1729/1729/1729 1773/1773/1773 1771/1771/1771
f 1729/1729/1729 1731/1731/1731 1773/1773/1773
f 1730/1730/1730 1772/1772/1772 1774/1774/1774
f 1730/1730/1730 1774/1774/1774 1732/1732/1732
f 1731/1731/1731 1775/1775/1775 1773/1773/1773
f 1731/1731/1731 1733/1733/1733 1775/1775/1775
f 1732/1732/1732 1774/1774/1774 1776/1776/1776
f 1732/1732/1732 1776/1776/1776 1734/1734/1734
f 1733/1733/1733 1777/1777/1777 1775/1775/1775
f 1733/1733/1733 1735/1735/1735 1777/1777/1777
f 1734/1734/1734 1776/1776/1776 1778/1778/1778
f 1734/1734/1734 1778/1778/1778 1736/1736/1736
f 1735/1735/1735 1779/1779/1779 1777/1777/1777
f 1735/1735/1735 1737/1737/1737 1779/1779/1779
f 1736/1736/1736 1778/1778/1778 1780/1780/1780
f 1736/1736/1736 1780/1780/1780 1738/1738/1738
f 1739/1739/1739 1783/1783/1783 1781/1781/1781
f 1739/1739/1739 1741/1741/1741 1783/1783/1783
f 1740/1740/1740 1782/1782/1782 1784/1784/1784
f 1740/1740/1740 1784/1784/1784 1742/1742/1742
f 1741/1741/1741 1785/1785/1785 1783/1783/1783
f 1741/1741/1741 1743/1743/1743 1785/1785/1785
f 1742/1742/1742 1784/1784/1784 1786/1786/1786
f 1742/1742/1742 1786/1786/1786 1744/1744/1744
f 1743/1743/1743 1787/1787/1787 1785/1785/1785
f 1743/1743/1743 1745/1745/1745 1787/1787/1787
f 1744/1744/1744 1786/1786/1786 1788/1788/1788
f 1744/1744/1744 1788/1788/1788 1746/1746/1746
f 1745/1745/1745 1789/1789/1789 1787/1787/1787
f 1745/1745/1745 1747/1747/1747 1789/1789/1789
f 1746/1746/1746 1788/1788/1788 1790/1790/1790
f 1746/1746/1746 1790/1790/1790 1748/1748/1748
f 1747/1747/1747 1791/1791/1791 1789/1789/1789
f 1747/1747/1747 1749/1749/1749 1791/1791/1791
f 1748/1748/1748 1790/1790/1790 1792/1792/1792
f 1748/1748/1748 1792/1792/1792 1750/1750/1750
f 1749/1749/1749 1793/1793/1793 1791/1791/1791
f 1749/1749/1749 1751/1751/1751 1793/1793/1793
f 1750/1750/1750 1792/1792/1792 1794/1794/1794
f 1750/1750/1750 1794/1794/1794 1752/1752/1752
f 1751/1751/1751 1795/1795/1795 1793/1793/1793
f 1751/1751/1751 1753/1753/1753 1795/1795/1795
f 1752/1752/1752 1794/1794/1794 1796/1796/1796
f 1752/1752/1752 1796/1796/1796 1754/1754/1754
f 1753/1753/1753 1797/1797/1797 1795/1795/1795
f 1753/1753/1753 1755/1755/1755 1797/1797/1797
f 1754/1754/1754 1796/1796/1796 1798/1798/1798
f 1754/1754/1754 1798/1798/1798 1756/1756/1756
f 1755/1755/1755 1799/1799/1799 1797/1797/1797
f 1755/1755/1755 1757/1757/1757 1799/1799/1799
f 1756/1756/1756 1798/1798/1798 1800/1800/1800
f 1756/1756/1756 1800/1800/1800 1758/1758/1758
f 1757/1757/1757 1801/1801/1801 1799/1799/1799
f 1757/1757/1757 1759/1759/1759 1801/1801/1801
f 1758/1758/1758 1800/1800/1800 1802/1802/1802
f 1758/1758/1758 1802/1802/1802 1760/1760/1760
f 1759/1759/1759 1803/1803/1803 1801/1801/1801
f 1759/1759/1759 1761/1761/1761 1803/1803/1803
f 1760/1760/1760 1802/1802/1802 1804/1804/1804
f 1760/1760/1760 1804/1804/1804 1762/1762/1762
f 1761/1761/1761 1805/1805/1805 1803/1803/1803
f 1761/1761/1761 1763/1763/1763 1805/1805/1805
f 1762/1762/1762 1804/1804/1804 1806/1806/1806
f 1762/1762/1762 1806/1806/1806 1764/1764/1764
f 1763/1763/1763 1807/1807/1807 1805/1805/1805
f 1763/1763/1763 1765/1765/1765 1807/1807/1807
f 1764/1764/1764 1806/1806/1806 1808/1808/1808
f 1764/1764/1764 1808/1808/1808 1766/1766/1766
f 1765/1765/1765 1809/1809/1809 1807/1807/1807
f 1765/1765/1765 1767/1767/1767 1809/1809/1809
f 1766/1766/1766 1808/1808/1808 1810/1810/1810
f 1766/1766/1766 1810/1810/1810 1768/1768/1768
f 1767/1767/1767 1811/1811/1811 1809/1809/1809
f 1767/1767/1767 1769/1769/1769 1811/1811/1811
f 1768/1768/1768 1810/1810/1810 1812/1812/1812
f 1768/1768/1768 1812/1812/1812 1770/1770/1770
f 1769/1769/1769 1813/1813/1813 1811/1811/1811
f 1769/1769/1769 1771/1771/1771 1813/1813/1813
f 1770/1770/1770 1812/1812/1812 1814/1814/1814
f 1770/1770/1770 1814/1814/1814 1772/1772/1772
f 1771/1771/1771 1815/1815/1815 1813/1813/1813
f 1771/1771/1771 1773/1773/1773 1815/1815/1815
f 1772/1772/1772 1814/1814/1814 1816/1816/1816
f 1772/1772/1772 1816/1816/1816 1774/1774/1774
f 1773/1773/1773 1817/1817/1817 1815/1815/1815
f 1773/1773/1773 1775/1775/1775 1817/1817/1817
f 1774/1774/1774 1816/1816/1816 1818/1818/1818
f 1774/1774/1774 1818/1818/1818 1776/1776/1776
f 1775/1775/1775 1819/1819/1819 1817/1817/1817
f 1775/1775/1775 1777/1777/1777 1819/1819/1819
f 1776/1776/1776 1818/1818/1818 1820/1820/1820
f 1776/1776/1776 1820/1820/1820 1778/1778/1778
f 1777/1777/1777 1821/1821/1821 1819/1819/1819
f 1777/1777/1777 1779/1779/1779 1821/1821/1821
f 1778/1778/1778 1820/1820/1820 1822/1822/1822
f 1778/1778/1778 1822/1822/1822 1780/1780/1780
f 1781/1781/1781 1825/1825/1825 1823/1823/1823
f 1781/1781/1781 1783/1783/1783 1825/1825/1825
f 1782/1782/1782 1824/1824/1824 1826/1826/1826
f 1782/1782/1782 1826/1826/1826 1784/1784/1784
f 1783/1783/1783 1827/1827/1827 1825/1825/1825
f 1783/1783/1783 1785/1785/1785 1827/1827/1827
f 1784/1784/1784 1826/1826/1826 1828/1828/1828
f 1784/1784/1784 1828/1828/1828 1786/1786/1786
f 1785/1785/1785 1829/1829/1829 1827/1827/1827
f 1785/1785/1785 1787/1787/1787 1829/1829/1829
f 1786/1786/1786 1828/1828/1828 1830/1830/1830
f 1786/1786/1786 1830/1830/1830 1788/1788/1788
f 1787/1787/1787 1831/1831/1831 1829/1829/1829
f 1787/1787/1787 1789/1789/1789 1831/1831/1831
f 1788/1788/1788 1830/1830/1830 1832/1832/1832
f 1788/1788/1788 1832/1832/1832 1790/1790/1790
f 1789/1789/1789 1833/1833/1833 1831/1831/1831
f 1789/1789/1789 1791/1791/1791 1833/1833/1833
f 1790/1790/1790 1832/1832/1832 1834/1834/1834
f 1790/1790/1790 1834/1834/1834 1792/1792/1792
f 1791/1791/1791 1835/1835/1835 1833/1833/1833
f 1791/1791/1791 1793/1793/1793 1835/1835/1835
f 1792/1792/1792 1834/1834/1834 1836/1836/1836
f 1792/1792/1792 1836/1836/1836 1794/1794/1794
f 1793/1793/1793 1837/1837/1837 1835/1835/1835
f 1793/1793/1793 1795/1795/1795 1837/1837/1837
f 1794/1794/1794 1836/1836/1836 1838/1838/1838
f 1794/1794/1794 1838/1838/1838 1796/1796/1796
f 1795/1795/1795 1839/1839/1839 1837/1837/1837
f 1795/1795/1795 1797/1797/1797 1839/1839/1839
f 1796/1796/1796 1838/1838/1838 1840/1840/1840
f 1796/1796/1796 1840/1840/1840 1798/1798/1798
f 1797/1797/1797 1841/1841/1841 1839/1839/1839
f 1797/1797/1797 1799/1799/1799 1841/1841/1841
f 1798/1798/1798 1840/1840/1840 1842/1842/1842
f 1798/1798/1798 1842/1842/1842 1800/1800/1800
f 1799/1799/1799 1843/1843/1843 1841/1841/1841
f 1799/1799/1799 1801/1801/1801 1843/1843/1843
f 1800/1800/1800 1842/1842/1842 1844/1844/1844
f 1800/1800/1800 1844/1844/1844 1802/1802/1802
f 1801/1801/1801 1845/1845/1845 1843/1843/1843
f 1801/1801/1801 1803/1803/1803 1845/1845/1845
f 1802/1802/1802 1844/1844/1844 1846/1846/1846
f 1802/1802/1802 1846/1846/1846 1804/1804/1804
f 1803/1803/1803 1847/1847/1847 1845/1845/1845
f 1803/1803/1803 1805/1805/1805 1847/1847/1847
f 1804/1804/1804 1846/1846/1846 1848/1848/1848
f 1804/1804/1804 1848/1848/1848 1806/1806/1806
f 1805/1805/1805 1849/1849/1849 1847/1847/1847
f 1805/1805/1805 1807/1807/1807 1849/1849/1849
f 1806/1806/1806 1848/1848/1848 1850/1850/1850
f 1806/1806/1806 1850/1850/1850 1808/1808/1808
f 1807/1807/1807 1851/1851/1851 1849/1849/1849
f 1807/1807/1807 1809/1809/1809 1851/1851/1851
f 1808/1808/1808 1850/1850/1850 1852/1852/1852
f 1808/1808/1808 1852/1852/1852 1810/1810/1810
f 1809/1809/1809 1853/1853/1853 1851/1851/1851
f 1809/1809/1809 1811/1811/1811 1853/1853/1853
f 1810/1810/1810 1852/1852/1852 1854/1854/1854
f 1810/1810/1810 1854/1854/1854 1812/1812/1812
f 1811/1811/1811 1855/1855/1855 1853/1853/1853
f 1811/1811/1811 1813/1813/1813 1855/1855/1855
f 1812/1812/1812 1854/1854/1854 1856/1856/1856
f 1812/1812/1812 1856/1856/1856 1814/1814/1814
f 1813/1813/1813 1857/1857/1857 1855/1855/1855
f 1813/1813/1813 1815/1815/1815 1857/1857/1857
f 1814/1814/1814 1856/1856/1856 1858/1858/1858
f 1814/1814/1814 1858/1858/1858 1816/1816/1816
f 1815/1815/1815 1859/1859/1859 1857/1857/1857
f 1815/1815/1815 1817/1817/1817 1859/1859/1859
f 1816/1816/1816 1858/1858/1858 1860/1860/1860
f 1816/1816/1816 1860/1860/1860 1818/1818/1818
f 1817/1817/1817 1861/1861/1861 1859/1859/1859
f 1817/1817/1817 1819/1819/1819 1861/1861/1861
f 1818/1818/1818 1860/1860/1860 1862/1862/1862
f 1818/1818/1818 1862/1862/1862 1820/1820/1820
f 1819/1819/1819 1863/1863/1863 1861/1861/1861
f 1819/1819/1819 1821/1821/1821 1863/1863/1863
f 1820/1820/1820 1862/1862/1862 1864/1864/1864
f 1820/1820/1820 1864/1864/1864 1822/1822/1822
f 1823/1823/1823 1867/1867/1867 1865/1865/1865
f 1823/1823/1823 1825/1825/1825 1867/1867/1867
f 1824/1824/1824 1866/1866/1866 1868/1868/1868
f 1824/1824/1824 1868/1868/1868 1826/1826/1826
f 1825/1825/1825 1869/1869/1869 1867/1867/1867
f 1825/1825/1825 1827/1827/1827 1869/1869/1869
f 1826/1826/1826 1868/1868/1868 1870/1870/1870
f 1826/1826/1826 1870/1870/1870 1828/1828/1828
f 1827/1827/1827 1871/1871/1871 1869/1869/1869
f 1827/1827/1827 1829/1829/1829 1871/1871/1871
f 1828/1828/1828 1870/1870/1870 1872/1872/1872
f 1828/1828/1828 1872/1872/1872 1830/1830/1830
f 1829/1829/1829 1873/1873/1873 1871/1871/1871
f 1829/1829/1829 1831/1831/1831 1873/1873/1873
f 1830/1830/1830 1872/1872/1872 1874/1874/1874
f 1830/1830/1830 1874/1874/1874 1832/1832/1832
f 1831/1831/1831 1875/1875/1875 1873/1873/1873
f 1831/1831/1831 1833/1833/1833 1875/1875/1875
f 1832/1832/1832 1874/1874/1874 1876/1876/1876
f 1832/1832/1832 1876/1876/1876 1834/1834/1834
f 1833/1833/1833 1877/1877/1877 1875/1875/1875
f 1833/1833/1833 1835/1835/1835 1877/1877/1877
f 1834/1834/1834 1876/1876/1876 1878/1878/1878
f 1834/1834/1834 1878/1878/1878 1836/1836/1836
f 1835/1835/1835 1879/1879/1879 1877/1877/1877
f 1835/1835/1835 1837/1837/1837 1879/1879/1879
f 1836/1836/1836 1878/1878/1878 1880/1880/1880
f 1836/1836/1836 1880/1880/1880 1838/1838/1838
f 1837/1837/1837 1881/1881/1881 1879/1879/1879
f 1837/1837/1837 1839/1839/1839 1881/1881/1881
f 1838/1838/1838 1880/1880/1880 1882/1882/1882
f 1838/1838/1838 1882/1882/1882 1840/1840/1840
f 1839/1839/1839 1883/1883/1883 1881/1881/1881
f 1839/1839/1839 1841/1841/1841 1883/1883/1883
f 1840/1840/1840 1882/1882/1882 1884/1884/1884
f 1840/1840/1840 1884/1884/1884 1842/1842/1842
f 1841/1841/1841 1885/1885/1885 1883/1883/1883
f 1841/1841/1841 1843/1843/1843 1885/1885/1885
f 1842/1842/1842 1884/1884/1884 1886/1886/1886
f 1842/1842/1842 1886/1886/1886 1844/1844/1844
f 1843/1843/1843 1887/1887/1887 1885/1885/1885
f 1843/1843/1843 1845/1845/1845 1887/1887/1887
f 1844/1844/1844 1886/1886/1886 1888/1888/1888
f 1844/1844/1844 1888/1888/1888 1846/1846/1846
f 1845/1845/1845 1889/1889/1889 1887/1887/1887
f 1845/1845/1845 1847/1847/1847 1889/1889/1889
f 1846/1846/1846 1888/1888/1888 1890/1890/1890
f 1846/1846/1846 1890/1890/1890 1848/1848/1848
f 1847/1847/1847 1891/1891/1891 1889/1889/1889
f 1847/1847/1847 1849/1849/1849 1891/1891/1891
f 1848/1848/1848 1890/1890/1890 1892/1892/1892
f 1848/1848/1848 1892/1892/1892 1850/1850/1850
f 1849/1849/1849 1893/1893/1893 1891/1891/1891
f 1849/1849/1849 1851/1851/1851 1893/1893/1893
f 1850/1850/1850 1892/1892/1892 1894/1894/1894
f 1850/1850/1850 1894/1894/1894 1852/1852/1852
f 1851/1851/1851 1895/1895/1895 1893/1893/1893
f 1851/1851/1851 1853/1853/1853 1895/1895/1895
f 1852/1852/1852 1894/1894/1894 1896/1896/1896
f 1852/1852/1852 1896/1896/1896 1854/1854/1854
f 1853/1853/1853 1897/1897/1897 1895/1895/1895
f 1853/1853/1853 1855/1855/1855 1897/1897/1897
f 1854/1854/1854 1896/1896/1896 1898/1898/1898
f 1854/1854/1854 1898/1898/1898 1856/1856/1856
f 1855/1855/1855 1899/1899/1899 1897/1897/1897
f 1855/1855/1855 1857/1857/1857 1899/1899/1899
f 1856/1856/1856 1898/1898/1898 1900/1900/1900
f 1856/1856/1856 1900/1900/1900 1858/1858/1858
f 1857/1857/1857 1901/1901/1901 1899/1899/1899
f 1857/1857/1857 1859/1859/1859 1901/1901/1901
f 1858/1858/1858 1900/1900/1900 1902/1902/1902
f 1858/1858/1858 1902/1902/1902 1860/1860/1860
f 1859/1859/1859 1903/1903/1903 1901/1901/1901
f 1859/1859/1859 1861/1861/1861 1903/1903/1903
f 1860/1860/1860 1902/1902/1902 1904/1904/1904
f 1860/1860/1860 1904/1904/1904 1862/1862/1862
f 1861/1861/1861 1905/1905/1905 1903/1903/1903
f 1861/1861/1861 1863/1863/1863 1905/1905/1905
f 1862/1862/1862 1904/1904/1904 1906/1906/1906
f 1862/1862/1862 1906/1906/1906 1864/1864/1864
f 1865/1865/1865 1909/1909/1909 1907/1907/1907
f 1865/1865/1865 1867/1867/1867 1909/1909/1909
f 1866/1866/1866 1908/1908/1908 1910/1910/1910
f 1866/1866/1866 1910/1910/1910 1868/1868/1868
f 1867/1867/1867 1911/1911/1911 1909/1909/1909
f 1867/1867/1867 1869/1869/1869 1911/1911/1911
f 1868/1868/1868 1910/1910/1910 1912/1912/1912
f 1868/1868/1868 1912/1912/1912 1870/1870/1870
f 1869/1869/1869 1913/1913/1913 1911/1911/1911
f 1869/1869/1869 1871/1871/1871 1913/1913/1913
f 1870/1870/1870 1912/1912/1912 1914/1914/1914
f 1870/1870/1870 1914/1914/1914 1872/1872/1872
f 1871/1871/1871 1915/1915/1915 1913/1913/1913
f 1871/1871/1871 1873/1873/1873 1915/1915/1915
f 1872/1872/1872 1914/1914/1914 1916/1916/1916
f 1872/1872/1872 1916/1916/1916 1874/1874/1874
f 1873/1873/1873 1917/1917/1917 1915/1915/1915
f 1873/1873/1873 1875/1875/1875 1917/1917/1917
f 1874/1874/1874 1916/1916/1916 1918/1918/1918
f 1874/1874/1874 1918/1918/1918 1876/1876/1876
f 1875/1875/1875 1919/1919/1919 1917/1917/1917
f 1875/1875/1875 1877/1877/1877 1919/1919/1919
f 1876/1876/1876 1918/1918/1918 1920/1920/1920
f 1876/1876/1876 1920/1920/1920 1878/1878/1878
f 1877/1877/1877 1921/1921/1921 1919/1919/1919
f 1877/1877/1877 1879/1879/1879 1921/1921/1921
f 1878/1878/1878 1920/1920/1920 1922/1922/1922
f 1878/1878/1878 1922/1922/1922 1880/1880/1880
f 1879/1879/1879 1923/1923/1923 1921/1921/1921
f 1879/1879/1879 1881/1881/1881 1923/1923/1923
f 1880/1880/1880 1922/1922/1922 1924/1924/1924
f 1880/1880/1880 1924/1924/1924 1882/1882/1882
f 1881/1881/1881 1925/1925/1925 1923/1923/1923
f 1881/1881/1881 1883/1883/1883 1925/1925/1925
f 1882/1882/1882 1924/1924/1924 1926/1926/1926
f 1882/1882/1882 1926/1926/1926 1884/1884/1884
f 1883/1883/1883 1927/1927/1927 1925/1925/1925
f 1883/1883/1883 1885/1885/1885 1927/1927/1927
f 1884/1884/1884 1926/1926/1926 1928/1928/1928
f 1884/1884/1884 1928/1928/1928 1886/1886/1886
f 1885/1885/1885 1929/1929/1929 1927/1927/1927
f 1885/1885/1885 1887/1887/1887 1929/1929/1929
f 1886/1886/1886 1928/1928/1928 1930/1930/1930
f 1886/1886/1886 1930/1930/1930 1888/1888/1888
f 1887/1887/1887 1931/1931/1931 1929/1929/1929
f 1887/1887/1887 1889/1889/1889 1931/1931/1931
f 1888/1888/1888 1930/1930/1930 1932/1932/1932
f 1888/1888/1888 1932/1932/1932 1890/1890/1890
f 1889/1889/1889 1933/1933/1933 1931/1931/1931
f 1889/1889/1889 1891/1891/1891 1933/1933/1933
f 1890/1890/1890 1932/1932/1932 1934/1934/1934
f 1890/1890/1890 1934/1934/1934 1892/1892/1892
f 1891/1891/1891 1935/1935/1935 1933/1933/1933
f 1891/1891/1891 1893/1893/1893 1935/1935/1935
f 1892/1892/1892 1934/1934/1934 1936/1936/1936
f 1892/1892/1892 1936/1936/1936 1894/1894/1894
f 1893/1893/1893 1937/1937/1937 1935/1935/1935
f 1893/1893/1893 1895/1895/1895 1937/1937/1937
f 1894/1894/1894 1936/1936/1936 1938/1938/1938
f 1894/1894/1894 1938/1938/1938 1896/1896/1896
f 1895/1895/1895 1939/1939/1939 1937/1937/1937
f 1895/1895/1895 1897/1897/1897 1939/1939/1939
f 1896/1896/1896 1938/1938/1938 1940/1940/1940
f 1896/1896/1896 1940/1940/1940 1898/1898/1898
f 1897/1897/1897 1941/1941/1941 1939/1939/1939
f 1897/1897/1897 1899/1899/1899 1941/1941/1941
f 1898/1898/1898 1940/1940/1940 1942/1942/1942
f 1898/1898/1898 1942/1942/1942 1900/1900/1900
f 1899/1899/1899 1943/1943/1943 1941/1941/1941
f 1899/1899/1899 1901/1901/1901 1943/1943/1943
f 1900/1900/1900 1942/1942/1942 1944/1944/1944
f 1900/1900/1900 1944/1944/1944 1902/1902/1902
f 1901/1901/1901 1945/1945/1945 1943/1943/1943
f 1901/1901/1901 1903/1903/1903 1945/1945/1945
f 1902/1902/1902 1944/1944/1944 1946/1946/1946
f 1902/1902/1902 1946/1946/1946 1904/1904/1904
f 1903/1903/1903 1947/1947/1947 1945/1945/1945
f 1903/1903/1903 1905/1905/1905 1947/1947/1947
f 1904/1904/1904 1946/1946/1946 1948/1948/1948
f 1904/1904/1904 1948/1948/1948 1906/1906/1906
f 1907/1907/1907 1951/1951/1951 1949/1949/1949
f 1907/1907/1907 1909/1909/1909 1951/1951/1951
f 1908/1908/1908 1950/1950/1950 1952/1952/1952
f 1908/1908/1908 1952/1952/1952 1910/1910/1910
f 1909/1909/1909 1953/1953/1953 1951/1951/1951
f 1909/1909/1909 1911/1911/1911 1953/1953/1953
f 1910/1910/1910 1952/1952/1952 1954/1954/1954
f 1910/1910/1910 1954/1954/1954 1912/1912/1912
f 1911/1911/1911 1955/1955/1955 1953/1953/1953
f 1911/1911/1911 1913/1913/1913 1955/1955/1955
f 1912/1912/1912 1954/1954/1954 1956/1956/1956
f 1912/1912/1912 1956/1956/1956 1914/1914/1914
f 1913/1913/1913 1957/1957/1957 1955/1955/1955
f 1913/1913/1913 1915/1915/1915 1957/1957/1957
f 1914/1914/1914 1956/1956/1956 1958/1958/1958
f 1914/1914/1914 1958/1958/1958 1916/1916/1916
f 1915/1915/1915 1959/1959/1959 1957/1957/1957
f 1915/1915/1915 1917/1917/1917 1959/1959/1959
f 1916/1916/1916 1958/1958/1958 1960/1960/1960
f 1916/1916/1916 1960/1960/1960 1918/1918/1918
f 1917/1917/1917 1961/1961/1961 1959/1959/1959
f 1917/1917/1917 1919/1919/1919 1961/1961/1961
f 1918/1918/1918 1960/1960/1960 1962/1962/1962
f 1918/1918/1918 1962/1962/1962 1920/1920/1920
f 1919/1919/1919 1963/1963/1963 1961/1961/1961
f 1919/1919/1919 1921/1921/1921 1963/1963/1963
f 1920/1920/1920 1962/1962/1962 1964/1964/1964
f 1920/1920/1920 1964/1964/1964 1922/1922/1922
f 1921/1921/1921 1965/1965/1965 1963/1963/1963
f 1921/1921/1921 1923/1923/1923 1965/1965/1965
f 1922/1922/1922 1964/1964/1964 1966/1966/1966
f 1922/1922/1922 1966/1966/1966 1924/1924/1924
f 1923/1923/1923 1967/1967/1967 1965/1965/1965
f 1923/1923/1923 1925/1925/1925 1967/1967/1967
f 1924/1924/1924 1966/1966/1966 1968/1968/1968
f 1924/1924/1924 1968/1968/1968 1926/1926/1926
f 1925/1925/1925 1969/1969/1969 1967/1967/1967
f 1925/1925/1925 1927/1927/1927 1969/1969/1969
f 1926/1926/1926 1968/1968/1968 1970/1970/1970
f 1926/1926/1926 1970/1970/1970 1928/1928/1928
f 1927/1927/1927 1971/1971/1971 1969/1969/1969
f 1927/1927/1927 1929/1929/1929 1971/1971/1971
f 1928/1928/1928 1970/1970/1970 1972/1972/1972
f 1928/1928/1928 1972/1972/1972 1930/1930/1930
f 1929/1929/1929 1973/1973/1973 1971/1971/1971
f 1929/1929/1929 1931/1931/1931 1973/1973/1973
f 1930/1930/1930 1972/1972/1972 1974/1974/1974
f 1930/1930/1930 1974/1974/1974 1932/1932/1932
f 1931/1931/1931 1975/1975/1975 1973/1973/1973
f 1931/1931/1931 1933/1933/1933 1975/1975/1975
f 1932/1932/1932 1974/1974/1974 1976/1976/1976
f 1932/1932/1932 1976/1976/1976 1934/1934/1934
f 1933/1933/1933 1977/1977/1977 1975/1975/1975
f 1933/1933/1933 1935/1935/1935 1977/1977/1977
f 1934/1934/1934 1976/1976/1976 1978/1978/1978
f 1934/1934/1934 1978/1978/1978 1936/1936/1936
f 1935/1935/1935 1979/1979/1979 1977/1977/1977
f 1935/1935/1935 1937/1937/1937 1979/1979/1979
f 1936/1936/1936 1978/1978/1978 1980/1980/1980
f 1936/1936/1936 1980/1980/1980 1938/1938/1938
f 1937/1937/1937 1981/1981/1981 1979/1979/1979
f 1937/1937/1937 1939/1939/1939 1981/1981/1981
f 1938/1938/1938 1980/1980/1980 1982/1982/1982
f 1938/1938/1938 1982/1982/1982 1940/1940/1940
f 1939/1939/1939 1983/1983/1983 1981/1981/1981
f 1939/1939/1939 1941/1941/1941 1983/1983/1983
f 1940/1940/1940 1982/1982/1982 1984/1984/1984
f 1940/1940/1940 1984/1984/1984 1942/1942/1942
f 1941/1941/1941 1985/1985/1985 1983/1983/1983
f 1941/1941/1941 1943/1943/1943 1985/1985/1985
f 1942/1942/1942 1984/1984/1984 1986/1986/1986
f 1942/1942/1942 1986/1986/1986 1944/1944/1944
f 1943/1943/1943 1987/1987/1987 1985/1985/1985
f 1943/1943/1943 1945/1945/1945 1987/1987/1987
f 1944/1944/1944 1986/1986/1986 1988/1988/1988
f 1944/1944/1944 1988/1988/1988 1946/1946/1946
f 1945/1945/1945 1989/1989/1989 1987/1987/1987
f 1945/1945/1945 1947/1947/1947 1989/1989/1989
f 1946/1946/1946 1988/1988/1988 1990/1990/1990
f 1946/1946/1946 1990/1990/1990 1948/1948/1948
f 1949/1949/1949 1993/1993/1993 1991/1991/1991
f 1949/1949/1949 1951/1951/1951 1993/1993/1993
f 1950/1950/1950 1992/1992/1992 1994/1994/1994
f 1950/1950/1950 1994/1994/1994 1952/1952/1952
f 1951/1951/1951 1995/1995/1995 1993/1993/1993
f 1951/1951/1951 1953/1953/1953 1995/1995/1995
f 1952/1952/1952 1994/1994/1994 1996/1996/1996
f 1952/1952/1952 1996/1996/1996 1954/1954/1954
f 1953/1953/1953 1997/1997/1997 1995/1995/1995
f 1953/1953/1953 1955/1955/1955 1997/1997/1997
f 1954/1954/1954 1996/1996/1996 1998/1998/1998
f 1954/1954/1954 1998/1998/1998 1956/1956/1956
f 1955/1955/1955 1999/1999/1999 1997/1997/1997
f 1955/1955/1955 1957/1957/1957 1999/1999/1999
f 1956/1956/1956 1998/1998/1998 2000/2000/2000
f 1956/1956/1956 2000/2000/2000 1958/1958/1958
f 1957/1957/1957 2001/2001/2001 1999/1999/1999
f 1957/1957/1957 1959/1959/1959 2001/2001/2001
f 1958/1958/1958 2000/2000/2000 2002/2002/2002
f 1958/1958/1958 2002/2002/2002 1960/1960/1960
f 1959/1959/1959 2003/2003/2003 2001/2001/2001
f 1959/1959/1959 1961/1961/1961 2003/2003/2003
f 1960/1960/1960 2002/2002/2002 2004/2004/2004
f 1960/1960/1960 2004/2004/2004 1962/1962/1962
f 1961/1961/1961 2005/2005/2005 2003/2003/2003
f 1961/1961/1961 1963/1963/1963 2005/2005/2005
f 1962/1962/1962 2004/2004/2004 2006/2006/2006
f 1962/1962/1962 2006/2006/2006 1964/1964/1964
f 1963/1963/1963 2007/2007/2007 2005/2005/2005
f 1963/1963/1963 1965/1965/1965 2007/2007/2007
f 1964/1964/1964 2006/2006/2006 2008/2008/2008
f 1964/1964/1964 2008/2008/2008 1966/1966/1966
f 1965/1965/1965 2009/2009/2009 2007/2007/2007
f 1965/1965/1965 1967/1967/1967 2009/2009/2009
f 1966/1966/1966 2008/2008/2008 2010/2010/2010
f 1966/1966/1966 2010/2010/2010 1968/1968/1968
f 1967/1967/1967 2011/2011/2011 2009/2009/2009
f 1967/1967/1967 1969/1969/1969 2011/2011/2011
f 1968/1968/1968 2010/2010/2010 2012/2012/2012
f 1968/1968/1968 2012/2012/2012 1970/1970/1970
f 1969/1969/1969 2013/2013/2013 2011/2011/2011
f 1969/1969/1969 1971/1971/1971 2013/2013/2013
f 1970/1970/1970 2012/2012/2012 2014/2014/2014
f 1970/1970/1970 2014/2014/2014 1972/1972/1972
f 1971/1971/1971 2015/2015/2015 2013/2013/2013
f 1971/1971/1971 1973/1973/1973 2015/2015/2015
f 1972/1972/1972 2014/2014/2014 2016/2016/2016
f 1972/1972/1972 2016/2016/2016 1974/1974/1974
f 1973/1973/1973 2017/2017/2017 2015/2015/2015
f 1973/1973/1973 1975/1975/1975 2017/2017/2017
f 1974/1974/1974 2016/2016/2016 2018/2018/2018
f 1974/1974/1974 2018/2018/2018 1976/1976/1976
f 1975/1975/1975 2019/2019/2019 2017/2017/2017
f 1975/1975/1975 1977/1977/1977 2019/2019/2019
f 1976/1976/1976 2018/2018/2018 2020/2020/2020
f 1976/1976/1976 2020/2020/2020 1978/1978/1978
f 1977/1977/1977 2021/2021/2021 2019/2019/2019
f 1977/1977/1977 1979/1979/1979 2021/2021/2021
f 1978/1978/1978 2020/2020/2020 2022/2022/2022
f 1978/1978/1978 2022/2022/2022 1980/1980/1980
f 1979/1979/1979 2023/2023/2023 2021/2021/2021
f 1979/1979/1979 1981/1981/1981 2023/2023/2023
f 1980/1980/1980 2022/2022/2022 2024/2024/2024
f 1980/1980/1980 2024/2024/2024 1982/1982/1982
f 1981/1981/1981 2025/2025/2025 2023/2023/2023
f 1981/1981/1981 1983/1983/1983 2025/2025/2025
f 1982/1982/1982 2024/2024/2024 2026/2026/2026
f 1982/1982/1982 2026/2026/2026 1984/1984/1984
f 1983/1983/1983 2027/2027/2027 2025/2025/2025
f 1983/1983/1983 1985/1985/1985 2027/2027/2027
f 1984/1984/1984 2026/2026/2026 2028/2028/2028
f 1984/1984/1984 2028/2028/2028 1986/1986/1986
f 1985/1985/1985 2029/2029/2029 2027/2027/2027
f 1985/1985/1985 1987/1987/1987 2029/2029/2029
f 1986/1986/1986 2028/2028/2028 2030/2030/2030
f 1986/1986/1986 2030/2030/2030 1988/1988/1988
f 1987/1987/1987 2031/2031/2031 2029/2029/2029
f 1987/1987/1987 1989/1989/1989 2031/2031/2031
f 1988/1988/1988 2030/2030/2030 2032/2032/2032
f 1988/1988/1988 2032/2032/2032 1990/1990/1990
f 1991/1991/1991 2035/2035/2035 2033/2033/2033
f 1991/1991/1991 1993/1993/1993 2035/2035/2035
f 1992/1992/1992 2034/2034/2034 2036/2036/2036
f 1992/1992/1992 2036/2036/2036 1994/1994/1994
f 1993/1993/1993 2037/2037/2037 2035/2035/2035
f 1993/1993/1993 1995/1995/1995 2037/2037/2037
f 1994/1994/1994 2036/2036/2036 2038/2038/2038
f 1994/1994/1994 2038/2038/2038 1996/1996/1996
f 1995/1995/1995 2039/2039/2039 2037/2037/2037
f 1995/1995/1995 1997/1997/1997 2039/2039/2039
f 1996/1996/1996 2038/2038/2038 2040/2040/2040
f 1996/1996/1996 2040/2040/2040 1998/1998/1998
f 1997/1997/1997 2041/2041/2041 2039/2039/2039
f 1997/1997/1997 1999/1999/1999 2041/2041/2041
f 1998/1998/1998 2040/2040/2040 2042/2042/2042
f 1998/1998/1998 2042/2042/2042 2000/2000/2000
f 1999/1999/1999 2043/2043/2043 2041/2041/2041
f 1999/1999/1999 2001/2001/2001 2043/2043/2043
f 2000/2000/2000 2042/2042/2042 2044/2044/2044
f 2000/2000/2000 2044/2044/2044 2002/2002/2002
f 2001/2001/2001 2045/2045/2045 2043/2043/2043
f 2001/2001/2001 2003/2003/2003 2045/2045/2045
f 2002/2002/2002 2044/2044/2044 2046/2046/2046
f 2002/2002/2002 2046/2046/2046 2004/2004/2004
f 2003/2003/2003 2047/2047/2047 2045/2045/2045
f 2003/2003/2003 2005/2005/2005 2047/2047/2047
f 2004/2004/2004 2046/2046/2046 2048/2048/2048
f 2004/2004/2004 2048/2048/2048 2006/2006/2006
f 2005/2005/2005 2049/2049/2049 2047/2047/2047
f 2005/2005/2005 2007/2007/2007 2049/2049/2049
f 2006/2006/2006 2048/2048/2048 2050/2050/2050
f 2006/2006/2006 2050/2050/2050 2008/2008/2008
f 2007/2007/2007 2051/2051/2051 2049/2049/2049
f 2007/2007/2007 2009/2009/2009 2051/2051/2051
f 2008/2008/2008 2050/2050/2050 2052/2052/2052
f 2008/2008/2008 2052/2052/2052 2010/2010/2010
f 2009/2009/2009 2053/2053/2053 2051/2051/2051
f 2009/2009/2009 2011/2011/2011 2053/2053/2053
f 2010/2010/2010 2052/2052/2052 2054/2054/2054
f 2010/2010/2010 2054/2054/2054 2012/2012/2012
f 2011/2011/2011 2055/2055/2055 2053/2053/2053
f 2011/2011/2011 2013/2013/2013 2055/2055/2055
f 2012/2012/2012 2054/2054/2054 2056/2056/2056
f 2012/2012/2012 2056/2056/2056 2014/2014/2014
f 2013/2013/2013 2057/2057/2057 2055/2055/2055
f 2013/2013/2013 2015/2015/2015 2057/2057/2057
f 2014/2014/2014 2056/2056/2056 2058/2058/2058
f 2014/2014/2014 2058/2058/2058 2016/2016/2016
f 2015/2015/2015 2059/2059/2059 2057/2057/2057
f 2015/2015/2015 2017/2017/2017 2059/2059/2059
f 2016/2016/2016 2058/2058/2058 2060/2060/2060
f 2016/2016/2016 2060/2060/2060 2018/2018/2018
f 2017/2017/2017 2061/2061/2061 2059/2059/2059
f 2017/2017/2017 2019/2019/2019 2061/2061/2061
f 2018/2018/2018 2060/2060/2060 2062/2062/2062
f 2018/2018/2018 2062/2062/2062 2020/2020/2020
f 2019/2019/2019 2063/2063/2063 2061/2061/2061
f 2019/2019/2019 2021/2021/2021 2063/2063/2063
f 2020/2020/2020 2062/2062/2062 2064/2064/2064
f 2020/2020/2020 2064/2064/2064 2022/2022/2022
f 2021/2021/2021 2065/2065/2065 2063/2063/2063
f 2021/2021/2021 2023/2023/2023 2065/2065/2065
f 2022/2022/2022 2064/2064/2064 2066/2066/2066
f 2022/2022/2022 2066/2066/2066 2024/2024/2024
f 2023/2023/2023 2067/2067/2067 2065/2065/2065
f 2023/2023/2023 2025/2025/2025 2067/2067/2067
f 2024/2024/2024 2066/2066/2066 2068/2068/2068
f 2024/2024/2024 2068/2068/2068 2026/2026/2026
f 2025/2025/2025 2069/2069/2069 2067/2067/2067
f 2025/2025/2025 2027/2027/2027 2069/2069/2069
f 2026/2026/2026 2068/2068/2068 2070/2070/2070
f 2026/2026/2026 2070/2070/2070 2028/2028/2028
f 2027/2027/2027 2071/2071/2071 2069/2069/2069
f 2027/2027/2027 2029/2029/2029 2071/2071/2071
f 2028/2028/2028 2070/2070/2070 2072/2072/2072
f 2028/2028/2028 2072/2072/2072 2030/2030/2030
f 2029/2029/2029 2073/2073/2073 2071/2071/2071
f 2029/2029/2029 2031/2031/2031 2073/2073/2073
f 2030/2030/2030 2072/2072/2072 2074/2074/2074
f 2030/2030/2030 2074/2074/2074 2032/2032/2032
f 2033/2033/2033 2077/2077/2077 2075/2075/2075
f 2033/2033/2033 2035/2035/2035 2077/2077/2077
f 2034/2034/2034 2076/2076/2076 2078/2078/2078
f 2034/2034/2034 2078/2078/2078 2036/2036/2036
f 2035/2035/2035 2079/2079/2079 2077/2077/2077
f 2035/2035/2035 2037/2037/2037 2079/2079/2079
f 2036/2036/2036 2078/2078/2078 2080/2080/2080
f 2036/2036/2036 2080/2080/2080 2038/2038/2038
f 2037/2037/2037 2081/2081/2081 2079/2079/2079
f 2037/2037/2037 2039/2039/2039 2081/2081/2081
f 2038/2038/2038 2080/2080/2080 2082/2082/2082
f 2038/2038/2038 2082/2082/2082 2040/2040/2040
f 2039/2039/2039 2083/2083/2083 2081/2081/2081
f 2039/2039/2039 2041/2041/2041 2083/2083/2083
f 2040/2040/2040 2082/2082/2082 2084/2084/2084
f 2040/2040/2040 2084/2084/2084 2042/2042/2042
f 2041/2041/2041 2085/2085/2085 2083/2083/2083
f 2041/2041/2041 2043/2043/2043 2085/2085/2085
f 2042/2042/2042 2084/2084/2084 2086/2086/2086
f 2042/2042/2042 2086/2086/2086 2044/2044/2044
f 2043/2043/2043 2087/2087/2087 2085/2085/2085
f 2043/2043/2043 2045/2045/2045 2087/2087/2087
f 2044/2044/2044 2086/2086/2086 2088/2088/2088
f 2044/2044/2044 2088/2088/2088 2046/2046/2046
f 2045/2045/2045 2089/2089/2089 2087/2087/2087
f 2045/2045/2045 2047/2047/2047 2089/2089/2089
f 2046/2046/2046 2088/2088/2088 2090/2090/2090
f 2046/2046/2046 2090/2090/2090 2048/2048/2048
f 2047/2047/2047 2091/2091/2091 2089/2089/2089
f 2047/2047/2047 2049/2049/2049 2091/2091/2091
f 2048/2048/2048 2090/2090/2090 2092/2092/2092
f 2048/2048/2048 2092/2092/2092 2050/2050/2050
f 2049/2049/2049 2093/2093/2093 2091/2091/2091
f 2049/2049/2049 2051/2051/2051 2093/2093/2093
f 2050/2050/2050 2092/2092/2092 2094/2094/2094
f 2050/2050/2050 2094/2094/2094 2052/2052/2052
f 2051/2051/2051 2095/2095/2095 2093/2093/2093
f 2051/2051/2051 2053/2053/2053 2095/2095/2095
f 2052/2052/2052 2094/2094/2094 2096/2096/2096
f 2052/2052/2052 2096/2096/2096 2054/2054/2054
f 2053/2053/2053 2097/2097/2097 2095/2095/2095
f 2053/2053/2053 2055/2055/2055 2097/2097/2097
f 2054/2054/2054 2096/2096/2096 2098/2098/2098
f 2054/2054/2054 2098/2098/2098 2056/2056/2056
f 2055/2055/2055 2099/2099/2099 2097/2097/2097
f 2055/2055/2055 2057/2057/2057 2099/2099/2099
f 2056/2056/2056 2098/2098/2098 2100/2100/2100
f 2056/2056/2056 2100/2100/2100 2058/2058/2058
f 2057/2057/2057 2101/2101/2101 2099/2099/2099
f 2057/2057/2057 2059/2059/2059 2101/2101/2101
f 2058/2058/2058 2100/2100/2100 2102/2102/2102
f 2058/2058/2058 2102/2102/2102 2060/2060/2060
f 2059/2059/2059 2103/2103/2103 2101/2101/2101
f 2059/2059/2059 2061/2061/2061 2103/2103/2103
f 2060/2060/2060 2102/2102/2102 2104/2104/2104
f 2060/2060/2060 2104/2104/2104 2062/2062/2062
f 2061/2061/2061 2105/2105/2105 2103/2103/2103
f 2061/2061/2061 2063/2063/2063 2105/2105/2105
f 2062/2062/2062 2104/2104/2104 2106/2106/2106
f 2062/2062/2062 2106/2106/2106 2064/2064/2064
f 2063/2063/2063 2107/2107/2107 2105/2105/2105
f 2063/2063/2063 2065/2065/2065 2107/2107/2107
f 2064/2064/2064 2106/2106/2106 2108/2108/2108
f 2064/2064/2064 2108/2108/2108 2066/2066/2066
f 2065/2065/2065 2109/2109/2109 2107/2107/2107
f 2065/2065/2065 2067/2067/2067 2109/2109/2109
f 2066/2066/2066 2108/2108/2108 2110/2110/2110
f 2066/2066/2066 2110/2110/2110 2068/2068/2068
f 2067/2067/2067 2111/2111/2111 2109/2109/2109
f 2067/2067/2067 2069/2069/2069 2111/2111/2111
f 2068/2068/2068 2110/2110/2110 2112/2112/2112
f 2068/2068/2068 2112/2112/2112 2070/2070/2070
f 2069/2069/2069 2113/2113/2113 2111/2111/2111
f 2069/2069/2069 2071/2071/2071 2113/2113/2113
f 2070/2070/2070 2112/2112/2112 2114/2114/2114
f 2070/2070/2070 2114/2114/2114 2072/2072/2072
f 2071/2071/2071 2115/2115/2115 2113/2113/2113
f 2071/2071/2071 2073/2073/2073 2115/2115/2115
f 2072/2072/2072 2114/2114/2114 2116/2116/2116
f 2072/2072/2072 2116/2116/2116 2074/2074/2074
f 2075/2075/2075 2119/2119/2119 2117/2117/2117
f 2075/2075/2075 2077/2077/2077 2119/2119/2119
f 2076/2076/2076 2118/2118/2118 2120/2120/2120
f 2076/2076/2076 2120/2120/2120 2078/2078/2078
f 2077/2077/2077 2121/2121/2121 2119/2119/2119
f 2077/2077/2077 2079/2079/2079 2121/2121/2121
f 2078/2078/2078 2120/2120/2120 2122/2122/2122
f 2078/2078/2078 2122/2122/2122 2080/2080/2080
f 2079/2079/2079 2123/2123/2123 2121/2121/2121
f 2079/2079/2079 2081/2081/2081 2123/2123/2123
f 2080/2080/2080 2122/2122/2122 2124/2124/2124
f 2080/2080/2080 2124/2124/2124 2082/2082/2082
f 2081/2081/2081 2125/2125/2125 2123/2123/2123
f 2081/2081/2081 2083/2083/2083 2125/2125/2125
f 2082/2082/2082 2124/2124/2124 2126/2126/2126
f 2082/2082/2082 2126/2126/2126 2084/2084/2084
f 2083/2083/2083 2127/2127/2127 2125/2125/2125
f 2083/2083/2083 2085/2085/2085 2127/2127/2127
f 2084/2084/2084 2126/2126/2126 2128/2128/2128
f 2084/2084/2084 2128/2128/2128 2086/2086/2086
f 2085/2085/2085 2129/2129/2129 2127/2127/2127
f 2085/2085/2085 2087/2087/2087 2129/2129/2129
f 2086/2086/2086 2128/2128/2128 2130/2130/2130
f 2086/2086/2086 2130/2130/2130 2088/2088/2088
f 2087/2087/2087 2131/2131/2131 2129/2129/2129
f 2087/2087/2087 2089/2089/2089 2131/2131/2131
f 2088/2088/2088 2130/2130/2130 2132/2132/2132
f 2088/2088/2088 2132/2132/2132 2090/2090/2090
f 2089/2089/2089 2133/2133/2133 2131/2131/2131
f 2089/2089/2089 2091/2091/2091 2133/2133/2133
f 2090/2090/2090 2132/2132/2132 2134/2134/2134
f 2090/2090/2090 2134/2134/2134 2092/2092/2092
f 2091/2091/2091 2135/2135/2135 2133/2133/2133
f 2091/2091/2091 2093/2093/2093 2135/2135/2135
f 2092/2092/2092 2134/2134/2134 2136/2136/2136
f 2092/2092/2092 2136/2136/2136 2094/2094/2094
f 2093/2093/2093 2137/2137/2137 2135/2135/2135
f 2093/2093/2093 2095/2095/2095 2137/2137/2137
f 2094/2094/2094 2136/2136/2136 2138/2138/2138
f 2094/2094/2094 2138/2138/2138 2096/2096/2096
f 2095/2095/2095 2139/2139/2139 2137/2137/2137
f 2095/2095/2095 2097/2097/2097 2139/2139/2139
f 2096/2096/2096 2138/2138/2138 2140/2140/2140
f 2096/2096/2096 2140/2140/2140 2098/2098/2098
f 2097/2097/2097 2141/2141/2141 2139/2139/2139
f 2097/2097/2097 2099/2099/2099 2141/2141/2141
f 2098/2098/2098 2140/2140/2140 2142/2142/2142
f 2098/2098/2098 2142/2142/2142 2100/2100/2100
f 2099/2099/2099 2143/2143/2143 2141/2141/2141
f 2099/2099/2099 2101/2101/2101 2143/2143/2143
f 2100/2100/2100 2142/2142/2142 2144/2144/2144
f 2100/2100/2100 2144/2144/2144 2102/2102/2102
f 2101/2101/2101 2145/2145/2145 2143/2143/2143
f 2101/2101/2101 2103/2103/2103 2145/2145/2145
f 2102/2102/2102 2144/2144/2144 2146/2146/2146
f 2102/2102/2102 2146/2146/2146 2104/2104/2104
f 2103/2103/2103 2147/2147/2147 2145/2145/2145
f 2103/2103/2103 2105/2105/2105 2147/2147/2147
f 2104/2104/2104 2146/2146/2146 2148/2148/2148
f 2104/2104/2104 2148/2148/2148 2106/2106/2106
f 2105/2105/2105 2149/2149/2149 2147/2147/2147
f 2105/2105/2105 2107/2107/2107 2149/2149/2149
f 2106/2106/2106 2148/2148/2148 2150/2150/2150
f 2106/2106/2106 2150/2150/2150 2108/2108/2108
f 2107/2107/2107 2151/2151/2151 2149/2149/2149
f 2107/2107/2107 2109/2109/2109 2151/2151/2151
f 2108/2108/2108 2150/2150/2150 2152/2152/2152
f 2108/2108/2108 2152/2152/2152 2110/2110/2110
f 2109/2109/2109 2153/2153/2153 2151/2151/2151
f 2109/2109/2109 2111/2111/2111 2153/2153/2153
f 2110/2110/2110 2152/2152/2152 2154/2154/2154
f 2110/2110/2110 2154/2154/2154 2112/2112/2112
f 2111/2111/2111 2155/2155/2155 2153/2153/2153
f 2111/2111/2111 2113/2113/2113 2155/2155/2155
f 2112/2112/2112 2154/2154/2154 2156/2156/2156
f 2112/2112/2112 2156/2156/2156 2114/2114/2114
f 2113/2113/2113 2157/2157/2157 2155/2155/2155
f 2113/2113/2113 2115/2115/2115 2157/2157/2157
f 2114/2114/2114 2156/2156/2156 2158/2158/2158
f 2114/2114/2114 2158/2158/2158 2116/2116/2116
f 2117/2117/2117 2161/2161/2161 2159/2159/2159
f 2117/2117/2117 2119/2119/2119 2161/2161/2161
f 2118/2118/2118 2160/2160/2160 2162/2162/2162
f 2118/2118/2118 2162/2162/2162 2120/2120/2120
f 2119/2119/2119 2163/2163/2163 2161/2161/2161
f 2119/2119/2119 2121/2121/2121 2163/2163/2163
f 2120/2120/2120 2162/2162/2162 2164/2164/2164
f 2120/2120/2120 2164/2164/2164 2122/2122/2122
f 2121/2121/2121 2165/2165/2165 2163/2163/2163
f 2121/2121/2121 2123/2123/2123 2165/2165/2165
f 2122/2122/2122 2164/2164/2164 2166/2166/2166
f 2122/2122/2122 2166/2166/2166 2124/2124/2124
f 2123/2123/2123 2167/2167/2167 2165/2165/2165
f 2123/2123/2123 2125/2125/2125 2167/2167/2167
f 2124/2124/2124 2166/2166/2166 2168/2168/2168
f 2124/2124/2124 2168/2168/2168 2126/2126/2126
f 2125/2125/2125 2169/2169/2169 2167/2167/2167
f 2125/2125/2125 2127/2127/2127 2169/2169/2169
f 2126/2126/2126 2168/2168/2168 2170/2170/2170
f 2126/2126/2126 2170/2170/2170 2128/2128/2128
f 2127/2127/2127 2171/2171/2171 2169/2169/2169
f 2127/2127/2127 2129/2129/2129 2171/2171/2171
f 2128/2128/2128 2170/2170/2170 2172/2172/2172
f 2128/2128/2128 2172/2172/2172 2130/2130/2130
f 2129/2129/2129 2173/2173/2173 2171/2171/2171
f 2129/2129/2129 2131/2131/2131 2173/2173/2173
f 2130/2130/2130 2172/2172/2172 2174/2174/2174
f 2130/2130/2130 2174/2174/2174 2132/2132/2132
f 2131/2131/2131 2175/2175/2175 2173/2173/2173
f 2131/2131/2131 2133/2133/2133 2175/2175/2175
f 2132/2132/2132 2174/2174/2174 2176/2176/2176
f 2132/2132/2132 2176/2176/2176 2134/2134/2134
f 2133/2133/2133 2177/2177/2177 2175/2175/2175
f 2133/2133/2133 2135/2135/2135 2177/2177/2177
f 2134/2134/2134 2176/2176/2176 2178/2178/2178
f 2134/2134/2134 2178/2178/2178 2136/2136/2136
f 2135/2135/2135 2179/2179/2179 2177/2177/2177
f 2135/2135/2135 2137/2137/2137 2179/2179/2179
f 2136/2136/2136 2178/2178/2178 2180/2180/2180
f 2136/2136/2136 2180/2180/2180 2138/2138/2138
f 2137/2137/2137 2181/2181/2181 2179/2179/2179
f 2137/2137/2137 2139/2139/2139 2181/2181/2181
f 2138/2138/2138 2180/2180/2180 2182/2182/2182
f 2138/2138/2138 2182/2182/2182 2140/2140/2140
f 2139/2139/2139 2183/2183/2183 2181/2181/2181
f 2139/2139/2139 2141/2141/2141 2183/2183/2183
f 2140/2140/2140 2182/2182/2182 2184/2184/2184
f 2140/2140/2140 2184/2184/2184 2142/2142/2142
f 2141/2141/2141 2185/2185/2185 2183/2183/2183
f 2141/2141/2141 2143/2143/2143 2185/2185/2185
f 2142/2142/2142 2184/2184/2184 2186/2186/2186
f 2142/2142/2142 2186/2186/2186 2144/2144/2144
f 2143/2143/2143 2187/2187/2187 2185/2185/2185
f 2143/2143/2143 2145/2145/2145 2187/2187/2187
f 2144/2144/2144 2186/2186/2186 2188/2188/2188
f 2144/2144/2144 2188/2188/2188 2146/2146/2146
f 2145/2145/2145 2189/2189/2189 2187/2187/2187
f 2145/2145/2145 2147/2147/2147 2189/2189/2189
f 2146/2146/2146 2188/2188/2188 2190/2190/2190
f 2146/2146/2146 2190/2190/2190 2148/2148/2148
f 2147/2147/2147 2191/2191/2191 2189/2189/2189
f 2147/2147/2147 2149/2149/2149 2191/2191/2191
f 2148/2148/2148 2190/2190/2190 2192/2192/2192
f 2148/2148/2148 2192/2192/2192 2150/2150/2150
f 2149/2149/2149 2193/2193/2193 2191/2191/2191
f 2149/2149/2149 2151/2151/2151 2193/2193/2193
f 2150/2150/2150 2192/2192/2192 2194/2194/2194
f 2150/2150/2150 2194/2194/2194 2152/2152/2152
f 2151/2151/2151 2195/2195/2195 2193/2193/2193
f 2151/2151/2151 2153/2153/2153 2195/2195/2195
f 2152/2152/2152 2194/2194/2194 2196/2196/2196
f 2152/2152/2152 2196/2196/2196 2154/2154/2154
f 2153/2153/2153 2197/2197/2197 2195/2195/2195
f 2153/2153/2153 2155/2155/2155 2197/2197/2197
f 2154/2154/2154 2196/2196/2196 2198/2198/2198
f 2154/2154/2154 2198/2198/2198 2156/2156/2156
f 2155/2155/2155 2199/2199/2199 2197/2197/2197
f 2155/2155/2155 2157/2157/2157 2199/2199/2199
f 2156/2156/2156 2198/2198/2198 2200/2200/2200
f 2156/2156/2156 2200/2200/2200 2158/2158/2158
f 2159/2159/2159 2203/2203/2203 2201/2201/2201
f 2159/2159/2159 2161/2161/2161 2203/2203/2203
f 2160/2160/2160 2202/2202/2202 2204/2204/2204
f 2160/2160/2160 2204/2204/2204 2162/2162/2162
f 2161/2161/2161 2205/2205/2205 2203/2203/2203
f 2161/2161/2161 2163/2163/2163 2205/2205/2205
f 2162/2162/2162 2204/2204/2204 2206/2206/2206
f 2162/2162/2162 2206/2206/2206 2164/2164/2164
f 2163/2163/2163 2207/2207/2207 2205/2205/2205
f 2163/2163/2163 2165/2165/2165 2207/2207/2207
f 2164/2164/2164 2206/2206/2206 2208/2208/2208
f 2164/2164/2164 2208/2208/2208 2166/2166/2166
f 2165/2165/2165 2209/2209/2209 2207/2207/2207
f 2165/2165/2165 2167/2167/2167 2209/2209/2209
f 2166/2166/2166 2208/2208/2208 2210/2210/2210
f 2166/2166/2166 2210/2210/2210 2168/2168/2168
f 2167/2167/2167 2211/2211/2211 2209/2209/2209
f 2167/2167/2167 2169/2169/2169 2211/2211/2211
f 2168/2168/2168 2210/2210/2210 2212/2212/2212
f 2168/2168/2168 2212/2212/2212 2170/2170/2170
f 2169/2169/2169 2213/2213/2213 2211/2211/2211
f 2169/2169/2169 2171/2171/2171 2213/2213/2213
f 2170/2170/2170 2212/2212/2212 2214/2214/2214
f 2170/2170/2170 2214/2214/2214 2172/2172/2172
f 2171/2171/2171 2215/2215/2215 2213/2213/2213
f 2171/2171/2171 2173/2173/2173 2215/2215/2215
f 2172/2172/2172 2214/2214/2214 2216/2216/2216
f 2172/2172/2172 2216/2216/2216 2174/2174/2174
f 2173/2173/2173 2217/2217/2217 2215/2215/2215
f 2173/2173/2173 2175/2175/2175 2217/2217/2217
f 2174/2174/2174 2216/2216/2216 2218/2218/2218
f 2174/2174/2174 2218/2218/2218 2176/2176/2176
f 2175/2175/2175 2219/2219/2219 2217/2217/2217
f 2175/2175/2175 2177/2177/2177 2219/2219/2219
f 2176/2176/2176 2218/2218/2218 2220/2220/2220
f 2176/2176/2176 2220/2220/2220 2178/2178/2178
f 2177/2177/2177 2221/2221/2221 2219/2219/2219
f 2177/2177/2177 2179/2179/2179 2221/2221/2221
f 2178/2178/2178 2220/2220/2220 2222/2222/2222
f 2178/2178/2178 2222/2222/2222 2180/2180/2180
f 2179/2179/2179 2223/2223/2223 2221/2221/2221
f 2179/2179/2179 2181/2181/2181 2223/2223/2223
f 2180/2180/2180 2222/2222/2222 2224/2224/2224
f 2180/2180/2180 2224/2224/2224 2182/2182/2182
f 2181/2181/2181 2225/2225/2225 2223/2223/2223
f 2181/2181/2181 2183/2183/2183 2225/2225/2225
f 2182/2182/2182 2224/2224/2224 2226/2226/2226
f 2182/2182/2182 2226/2226/2226 2184/2184/2184
f 2183/2183/2183 2227/2227/2227 2225/2225/2225
f 2183/2183/2183 2185/2185/2185 2227/2227/2227
f 2184/2184/2184 2226/2226/2226 2228/2228/2228
f 2184/2184/2184 2228/2228/2228 2186/2186/2186
f 2185/2185/2185 2229/2229/2229 2227/2227/2227
f 2185/2185/2185 2187/2187/2187 2229/2229/2229
f 2186/2186/2186 2228/2228/2228 2230/2230/2230
f 2186/2186/2186 2230/2230/2230 2188/2188/2188
f 2187/2187/2187 2231/2231/2231 2229/2229/2229
f 2187/2187/2187 2189/2189/2189 2231/2231/2231
f 2188/2188/2188 2230/2230/2230 2232/2232/2232
f 2188/2188/2188 2232/2232/2232 2190/2190/2190
f 2189/2189/2189 2233/2233/2233 2231/2231/2231
f 2189/2189/2189 2191/2191/2191 2233/2233/2233
f 2190/2190/2190 2232/2232/2232 2234/2234/2234
f 2190/2190/2190 2234/2234/2234 2192/2192/2192
f 2191/2191/2191 2235/2235/2235 2233/2233/2233
f 2191/2191/2191 2193/2193/2193 2235/2235/2235
f 2192/2192/2192 2234/2234/2234 2236/2236/2236
f 2192/2192/2192 2236/2236/2236 2194/2194/2194
f 2193/2193/2193 2237/2237/2237 2235/2235/2235
f 2193/2193/2193 2195/2195/2195 2237/2237/2237
f 2194/2194/2194 2236/2236/2236 2238/2238/2238
f 2194/2194/2194 2238/2238/2238 2196/2196/2196
f 2195/2195/2195 2239/2239/2239 2237/2237/2237
f 2195/2195/2195 2197/2197/2197 2239/2239/2239
f 2196/2196/2196 2238/2238/2238 2240/2240/2240
f 2196/2196/2196 2240/2240/2240 2198/2198/2198
f 2197/2197/2197 2241/2241/2241 2239/2239/2239
f 2197/2197/2197 2199/2199/2199 2241/2241/2241
f 2198/2198/2198 2240/2240/2240 2242/2242/2242
f 2198/2198/2198 2242/2242/2242 2200/2200/2200
f 2201/2201/2201 2245/2245/2245 2243/2243/2243
f 2201/2201/2201 2203/2203/2203 2245/2245/2245
f 2202/2202/2202 2244/2244/2244 2246/2246/2246
f 2202/2202/2202 2246/2246/2246 2204/2204/2204
f 2203/2203/2203 2247/2247/2247 2245/2245/2245
f 2203/2203/2203 2205/2205/2205 2247/2247/2247
f 2204/2204/2204 2246/2246/2246 2248/2248/2248
f 2204/2204/2204 2248/2248/2248 2206/2206/2206
f 2205/2205/2205 2249/2249/2249 2247/2247/2247
f 2205/2205/2205 2207/2207/2207 2249/2249/2249
f 2206/2206/2206 2248/2248/2248 2250/2250/2250
f 2206/2206/2206 2250/2250/2250 2208/2208/2208
f 2207/2207/2207 2251/2251/2251 2249/2249/2249
f 2207/2207/2207 2209/2209/2209 2251/2251/2251
f 2208/2208/2208 2250/2250/2250 2252/2252/2252
f 2208/2208/2208 2252/2252/2252 2210/2210/2210
f 2209/2209/2209 2253/2253/2253 2251/2251/2251
f 2209/2209/2209 2211/2211/2211 2253/2253/2253
f 2210/2210/2210 2252/2252/2252 2254/2254/2254
f 2210/2210/2210 2254/2254/2254 2212/2212/2212
f 2211/2211/2211 2255/2255/2255 2253/2253/2253
f 2211/2211/2211 2213/2213/2213 2255/2255/2255
f 2212/2212/2212 2254/2254/2254 2256/2256/2256
f 2212/2212/2212 2256/2256/2256 2214/2214/2214
f 2213/2213/2213 2257/2257/2257 2255/2255/2255
f 2213/2213/2213 2215/2215/2215 2257/2257/2257
f 2214/2214/2214 2256/2256/2256 2258/2258/2258
f 2214/2214/2214 2258/2258/2258 2216/2216/2216
f 2215/2215/2215 2259/2259/2259 2257/2257/2257
f 2215/2215/2215 2217/2217/2217 2259/2259/2259
f 2216/2216/2216 2258/2258/2258 2260/2260/2260
f 2216/2216/2216 2260/2260/2260 2218/2218/2218
f 2217/2217/2217 2261/2261/2261 2259/2259/2259
f 2217/2217/2217 2219/2219/2219 2261/2261/2261
f 2218/2218/2218 2260/2260/2260 2262/2262/2262
f 2218/2218/2218 2262/2262/2262 2220/2220/2220
f 2219/2219/2219 2263/2263/2263 2261/2261/2261
f 2219/2219/2219 2221/2221/2221 2263/2263/2263
f 2220/2220/2220 2262/2262/2262 2264/2264/2264
f 2220/2220/2220 2264/2264/2264 2222/2222/2222
f 2221/2221/2221 2265/2265/2265 2263/2263/2263
f 2221/2221/2221 2223/2223/2223 2265/2265/2265
f 2222/2222/2222 2264/2264/2264 2266/2266/2266
f 2222/2222/2222 2266/2266/2266 2224/2224/2224
f 2223/2223/2223 2267/2267/2267 2265/2265/2265
f 2223/2223/2223 2225/2225/2225 2267/2267/2267
f 2224/2224/2224 2266/2266/2266 2268/2268/2268
f 2224/2224/2224 2268/2268/2268 2226/2226/2226
f 2225/2225/2225 2269/2269/2269 2267/2267/2267
f 2225/2225/2225 2227/2227/2227 2269/2269/2269
f 2226/2226/2226 2268/2268/2268 2270/2270/2270
f 2226/2226/2226 2270/2270/2270 2228/2228/2228
f 2227/2227/2227 2271/2271/2271 2269/2269/2269
f 2227/2227/2227 2229/2229/2229 2271/2271/2271
f 2228/2228/2228 2270/2270/2270 2272/2272/2272
f 2228/2228/2228 2272/2272/2272 2230/2230/2230
f 2229/2229/2229 2273/2273/2273 2271/2271/2271
f 2229/2229/2229 2231/2231/2231 2273/2273/2273
f 2230/2230/2230 2272/2272/2272 2274/2274/2274
f 2230/2230/2230 2274/2274/2274 2232/2232/2232
f 2231/2231/2231 2275/2275/2275 2273/2273/2273
f 2231/2231/2231 2233/2233/2233 2275/2275/2275
f 2232/2232/2232 2274/2274/2274 2276/2276/2276
f 2232/2232/2232 2276/2276/2276 2234/2234/2234
f 2233/2233/2233 2277/2277/2277 2275/2275/2275
f 2233/2233/2233 2235/2235/2235 2277/2277/2277
f 2234/2234/2234 2276/2276/2276 2278/2278/2278
f 2234/2234/2234 2278/2278/2278 2236/2236/2236
f 2235/2235/2235 2279/2279/2279 2277/2277/2277
f 2235/2235/2235 2237/2237/2237 2279/2279/2279
f 2236/2236/2236 2278/2278/2278 2280/2280/2280
f 2236/2236/2236 2280/2280/2280 2238/2238/2238
f 2237/2237/2237 2281/2281/2281 2279/2279/2279
f 2237/2237/2237 2239/2239/2239 2281/2281/2281
f 2238/2238/2238 2280/2280/2280 2282/2282/2282
f 2238/2238/2238 2282/2282/2282 2240/2240/2240
f 2239/2239/2239 2283/2283/2283 2281/2281/2281
f 2239/2239/2239 2241/2241/2241 2283/2283/2283
f 2240/2240/2240 2282/2282/2282 2284/2284/2284
f 2240/2240/2240 2284/2284/2284 2242/2242/2242
f 2243/2243/2243 2285/2285/2285 2286/2286/2286
f 2243/2243/2243 2286/2286/2286 2283/2283/2283
f 2287/2287/2287 2329/2329/2329 2331/2331/2331
f 2287/2287/2287 2331/2331/2331 2289/2289/2289
f 2288/2288/2288 2332/2332/2332 2330/2330/2330
f 2288/2288/2288 2290/2290/2290 2332/2332/2332
f 2289/2289/2289 2331/2331/2331 2333/2333/2333
f 2289/2289/2289 2333/2333/2333 2291/2291/2291
f 2290/2290/2290 2334/2334/2334 2332/2332/2332
f 2290/2290/2290 2292/2292/2292 2334/2334/2334
f 2291/2291/2291 2333/2333/2333 2335/2335/2335
f 2291/2291/2291 2335/2335/2335 2293/2293/2293
f 2292/2292/2292 2336/2336/2336 2334/2334/2334
f 2292/2292/2292 2294/2294/2294 2336/2336/2336
f 2293/2293/2293 2335/2335/2335 2337/2337/2337
f 2293/2293/2293 2337/2337/2337 2295/2295/2295
f 2294/2294/2294 2338/2338/2338 2336/2336/2336
f 2294/2294/2294 2296/2296/2296 2338/2338/2338
f 2295/2295/2295 2337/2337/2337 2339/2339/2339
f 2295/2295/2295 2339/2339/2339 2297/2297/2297
f 2296/2296/2296 2340/2340/2340 2338/2338/2338
f 2296/2296/2296 2298/2298/2298 2340/2340/2340
f 2297/2297/2297 2339/2339/2339 2341/2341/2341
f 2297/2297/2297 2341/2341/2341 2299/2299/2299
f 2298/2298/2298 2342/2342/2342 2340/2340/2340
f 2298/2298/2298 2300/2300/2300 2342/2342/2342
f 2299/2299/2299 2341/2341/2341 2343/2343/2343
f 2299/2299/2299 2343/2343/2343 2301/2301/2301
f 2300/2300/2300 2344/2344/2344 2342/2342/2342
f 2300/2300/2300 2302/2302/2302 2344/2344/2344
f 2301/2301/2301 2343/2343/2343 2345/2345/2345
f 2301/2301/2301 2345/2345/2345 2303/2303/2303
f 2302/2302/2302 2346/2346/2346 2344/2344/2344
f 2302/2302/2302 2304/2304/2304 2346/2346/2346
f 2303/2303/2303 2345/2345/2345 2347/2347/2347
f 2303/2303/2303 2347/2347/2347 2305/2305/2305
f 2304/2304/2304 2348/2348/2348 2346/2346/2346
f 2304/2304/2304 2306/2306/2306 2348/2348/2348
f 2305/2305/2305 2347/2347/2347 2349/2349/2349
f 2305/2305/2305 2349/2349/2349 2307/2307/2307
f 2306/2306/2306 2350/2350/2350 2348/2348/2348
f 2306/2306/2306 2308/2308/2308 2350/2350/2350
f 2307/2307/2307 2349/2349/2349 2351/2351/2351
f 2307/2307/2307 2351/2351/2351 2309/2309/2309
f 2308/2308/2308 2352/2352/2352 2350/2350/2350
f 2308/2308/2308 2310/2310/2310 2352/2352/2352
f 2309/2309/2309 2351/2351/2351 2353/2353/2353
f 2309/2309/2309 2353/2353/2353 2311/2311/2311
f 2310/2310/2310 2354/2354/2354 2352/2352/2352
f 2310/2310/2310 2312/2312/2312 2354/2354/2354
f 2311/2311/2311 2353/2353/2353 2355/2355/2355
f 2311/2311/2311 2355/2355/2355 2313/2313/2313
f 2312/2312/2312 2356/2356/2356 2354/2354/2354
f 2312/2312/2312 2314/2314/2314 2356/2356/2356
f 2313/2313/2313 2355/2355/2355 2357/2357/2357
f 2313/2313/2313 2357/2357/2357 2315/2315/2315
f 2314/2314/2314 2358/2358/2358 2356/2356/2356
f 2314/2314/2314 2316/2316/2316 2358/2358/2358
f 2315/2315/2315 2357/2357/2357 2359/2359/2359
f 2315/2315/2315 2359/2359/2359 2317/2317/2317
f 2316/2316/2316 2360/2360/2360 2358/2358/2358
f 2316/2316/2316 2318/2318/2318 2360/2360/2360
f 2317/2317/2317 2359/2359/2359 2361/2361/2361
f 2317/2317/2317 2361/2361/2361 2319/2319/2319
f 2318/2318/2318 2362/2362/2362 2360/2360/2360
f 2318/2318/2318 2320/2320/2320 2362/2362/2362
f 2319/2319/2319 2361/2361/2361 2363/2363/2363
f 2319/2319/2319 2363/2363/2363 2321/2321/2321
f 2320/2320/2320 2364/2364/2364 2362/2362/2362
f 2320/2320/2320 2322/2322/2322 2364/2364/2364
f 2321/2321/2321 2363/2363/2363 2365/2365/2365
f 2321/2321/2321 2365/2365/2365 2323/2323/2323
f 2322/2322/2322 2366/2366/2366 2364/2364/2364
f 2322/2322/2322 2324/2324/2324 2366/2366/2366
f 2323/2323/2323 2365/2365/2365 2367/2367/2367
f 2323/2323/2323 2367/2367/2367 2325/2325/2325
f 2324/2324/2324 2368/2368/2368 2366/2366/2366
f 2324/2324/2324 2326/2326/2326 2368/2368/2368
f 2325/2325/2325 2367/2367/2367 2369/2369/2369
f 2325/2325/2325 2369/2369/2369 2327/2327/2327
f 2326/2326/2326 2370/2370/2370 2368/2368/2368
f 2326/2326/2326 2328/2328/2328 2370/2370/2370
f 2329/2329/2329 2371/2371/2371 2373/2373/2373
f 2329/2329/2329 2373/2373/2373 2331/2331/2331
f 2330/2330/2330 2374/2374/2374 2372/2372/2372
f 2330/2330/2330 2332/2332/2332 2374/2374/2374
f 2331/2331/2331 2373/2373/2373 2375/2375/2375
f 2331/2331/2331 2375/2375/2375 2333/2333/2333
f 2332/2332/2332 2376/2376/2376 2374/2374/2374
f 2332/2332/2332 2334/2334/2334 2376/2376/2376
f 2333/2333/2333 2375/2375/2375 2377/2377/2377
f 2333/2333/2333 2377/2377/2377 2335/2335/2335
f 2334/2334/2334 2378/2378/2378 2376/2376/2376
f 2334/2334/2334 2336/2336/2336 2378/2378/2378
f 2335/2335/2335 2377/2377/2377 2379/2379/2379
f 2335/2335/2335 2379/2379/2379 2337/2337/2337
f 2336/2336/2336 2380/2380/2380 2378/2378/2378
f 2336/2336/2336 2338/2338/2338 2380/2380/2380
f 2337/2337/2337 2379/2379/2379 2381/2381/2381
f 2337/2337/2337 2381/2381/2381 2339/2339/2339
f 2338/2338/2338 2382/2382/2382 2380/2380/2380
f 2338/2338/2338 2340/2340/2340 2382/2382/2382
f 2339/2339/2339 2381/2381/2381 2383/2383/2383
f 2339/2339/2339 2383/2383/2383 2341/2341/2341
f 2340/2340/2340 2384/2384/2384 2382/2382/2382
f 2340/2340/2340 2342/2342/2342 2384/2384/2384
f 2341/2341/2341 2383/2383/2383 2385/2385/2385
f 2341/2341/2341 2385/2385/2385 2343/2343/2343
f 2342/2342/2342 2386/2386/2386 2384/2384/2384
f 2342/2342/2342 2344/2344/2344 2386/2386/2386
f 2343/2343/2343 2385/2385/2385 2387/2387/2387
f 2343/2343/2343 2387/2387/2387 2345/2345/2345
f 2344/2344/2344 2388/2388/2388 2386/2386/2386
f 2344/2344/2344 2346/2346/2346 2388/2388/2388
f 2345/2345/2345 2387/2387/2387 2389/2389/2389
f 2345/2345/2345 2389/2389/2389 2347/2347/2347
f 2346/2346/2346 2390/2390/2390 2388/2388/2388
f 2346/2346/2346 2348/2348/2348 2390/2390/2390
f 2347/2347/2347 2389/2389/2389 2391/2391/2391
f 2347/2347/2347 2391/2391/2391 2349/2349/2349
f 2348/2348/2348 2392/2392/2392 2390/2390/2390
f 2348/2348/2348 2350/2350/2350 2392/2392/2392
f 2349/2349/2349 2391/2391/2391 2393/2393/2393
f 2349/2349/2349 2393/2393/2393 2351/2351/2351
f 2350/2350/2350 2394/2394/2394 2392/2392/2392
f 2350/2350/2350 2352/2352/2352 2394/2394/2394
f 2351/2351/2351 2393/2393/2393 2395/2395/2395
f 2351/2351/2351 2395/2395/2395 2353/2353/2353
f 2352/2352/2352 2396/2396/2396 2394/2394/2394
f 2352/2352/2352 2354/2354/2354 2396/2396/2396
f 2353/2353/2353 2395/2395/2395 2397/2397/2397
f 2353/2353/2353 2397/2397/2397 2355/2355/2355
f 2354/2354/2354 2398/2398/2398 2396/2396/2396
f 2354/2354/2354 2356/2356/2356 2398/2398/2398
f 2355/2355/2355 2397/2397/2397 2399/2399/2399
f 2355/2355/2355 2399/2399/2399 2357/2357/2357
f 2356/2356/2356 2400/2400/2400 2398/2398/2398
f 2356/2356/2356 2358/2358/2358 2400/2400/2400
f 2357/2357/2357 2399/2399/2399 2401/2401/2401
f 2357/2357/2357 2401/2401/2401 2359/2359/2359
f 2358/2358/2358 2402/2402/2402 2400/2400/2400
f 2358/2358/2358 2360/2360/2360 2402/2402/2402
f 2359/2359/2359 2401/2401/2401 2403/2403/2403
f 2359/2359/2359 2403/2403/2403 2361/2361/2361
f 2360/2360/2360 2404/2404/2404 2402/2402/2402
f 2360/2360/2360 2362/2362/2362 2404/2404/2404
f 2361/2361/2361 2403/2403/2403 2405/2405/2405
f 2361/2361/2361 2405/2405/2405 2363/2363/2363
f 2362/2362/2362 2406/2406/2406 2404/2404/2404
f 2362/2362/2362 2364/2364/2364 2406/2406/2406
f 2363/2363/2363 2405/2405/2405 2407/2407/2407
f 2363/2363/2363 2407/2407/2407 2365/2365/2365
f 2364/2364/2364 2408/2408/2408 2406/2406/2406
f 2364/2364/2364 2366/2366/2366 2408/2408/2408
f 2365/2365/2365 2407/2407/2407 2409/2409/2409
f 2365/2365/2365 2409/2409/2409 2367/2367/2367
f 2366/2366/2366 2410/2410/2410 2408/2408/2408
f 2366/2366/2366 2368/2368/2368 2410/2410/2410
f 2367/2367/2367 2409/2409/2409 2411/2411/2411
f 2367/2367/2367 2411/2411/2411 2369/2369/2369
f 2368/2368/2368 2412/2412/2412 2410/2410/2410
f 2368/2368/2368 2370/2370/2370 2412/2412/2412
f 2371/2371/2371 2413/2413/2413 2415/2415/2415
f 2371/2371/2371 2415/2415/2415 2373/2373/2373
f 2372/2372/2372 2416/2416/2416 2414/2414/2414
f 2372/2372/2372 2374/2374/2374 2416/2416/2416
f 2373/2373/2373 2415/2415/2415 2417/2417/2417
f 2373/2373/2373 2417/2417/2417 2375/2375/2375
f 2374/2374/2374 2418/2418/2418 2416/2416/2416
f 2374/2374/2374 2376/2376/2376 2418/2418/2418
f 2375/2375/2375 2417/2417/2417 2419/2419/2419
f 2375/2375/2375 2419/2419/2419 2377/2377/2377
f 2376/2376/2376 2420/2420/2420 2418/2418/2418
f 2376/2376/2376 2378/2378/2378 2420/2420/2420
f 2377/2377/2377 2419/2419/2419 2421/2421/2421
f 2377/2377/2377 2421/2421/2421 2379/2379/2379
f 2378/2378/2378 2422/2422/2422 2420/2420/2420
f 2378/2378/2378 2380/2380/2380 2422/2422/2422
f 2379/2379/2379 2421/2421/2421 2423/2423/2423
f 2379/2379/2379 2423/2423/2423 2381/2381/2381
f 2380/2380/2380 2424/2424/2424 2422/2422/2422
f 2380/2380/2380 2382/2382/2382 2424/2424/2424
f 2381/2381/2381 2423/2423/2423 2425/2425/2425
f 2381/2381/2381 2425/2425/2425 2383/2383/2383
f 2382/2382/2382 2426/2426/2426 2424/2424/2424
f 2382/2382/2382 2384/2384/2384 2426/2426/2426
f 2383/2383/2383 2425/2425/2425 2427/2427/2427
f 2383/2383/2383 2427/2427/2427 2385/2385/2385
f 2384/2384/2384 2428/2428/2428 2426/2426/2426
f 2384/2384/2384 2386/2386/2386 2428/2428/2428
f 2385/2385/2385 2427/2427/2427 2429/2429/2429
f 2385/2385/2385 2429/2429/2429 2387/2387/2387
f 2386/2386/2386 2430/2430/2430 2428/2428/2428
f 2386/2386/2386 2388/2388/2388 2430/2430/2430
f 2387/2387/2387 2429/2429/2429 2431/2431/2431
f 2387/2387/2387 2431/2431/2431 2389/2389/2389
f 2388/2388/2388 2432/2432/2432 2430/2430/2430
f 2388/2388/2388 2390/2390/2390 2432/2432/2432
f 2389/2389/2389 2431/2431/2431 2433/2433/2433
f 2389/2389/2389 2433/2433/2433 2391/2391/2391
f 2390/2390/2390 2434/2434/2434 2432/2432/2432
f 2390/2390/2390 2392/2392/2392 2434/2434/2434
f 2391/2391/2391 2433/2433/2433 2435/2435/2435
f 2391/2391/2391 2435/2435/2435 2393/2393/2393
f 2392/2392/2392 2436/2436/2436 2434/2434/2434
f 2392/2392/2392 2394/2394/2394 2436/2436/2436
f 2393/2393/2393 2435/2435/2435 2437/2437/2437
f 2393/2393/2393 2437/2437/2437 2395/2395/2395
f 2394/2394/2394 2438/2438/2438 2436/2436/2436
f 2394/2394/2394 2396/2396/2396 2438/2438/2438
f 2395/2395/2395 2437/2437/2437 2439/2439/2439
f 2395/2395/2395 2439/2439/2439 2397/2397/2397
f 2396/2396/2396 2440/2440/2440 2438/2438/2438
f 2396/2396/2396 2398/2398/2398 2440/2440/2440
f 2397/2397/2397 2439/2439/2439 2441/2441/2441
f 2397/2397/2397 2441/2441/2441 2399/2399/2399
f 2398/2398/2398 2442/2442/2442 2440/2440/2440
f 2398/2398/2398 2400/2400/2400 2442/2442/2442
f 2399/2399/2399 2441/2441/2441 2443/2443/2443
f 2399/2399/2399 2443/2443/2443 2401/2401/2401
f 2400/2400/2400 2444/2444/2444 2442/2442/2442
f 2400/2400/2400 2402/2402/2402 2444/2444/2444
f 2401/2401/2401 2443/2443/2443 2445/2445/2445
f 2401/2401/2401 2445/2445/2445 2403/2403/2403
f 2402/2402/2402 2446/2446/2446 2444/2444/2444
f 2402/2402/2402 2404/2404/2404 2446/2446/2446
f 2403/2403/2403 2445/2445/2445 2447/2447/2447
f 2403/2403/2403 2447/2447/2447 2405/2405/2405
f 2404/2404/2404 2448/2448/2448 2446/2446/2446
f 2404/2404/2404 2406/2406/2406 2448/2448/2448
f 2405/2405/2405 2447/2447/2447 2449/2449/2449
f 2405/2405/2405 2449/2449/2449 2407/2407/2407
f 2406/2406/2406 2450/2450/2450 2448/2448/2448
f 2406/2406/2406 2408/2408/2408 2450/2450/2450
f 2407/2407/2407 2449/2449/2449 2451/2451/2451
f 2407/2407/2407 2451/2451/2451 2409/2409/2409
f 2408/2408/2408 2452/2452/2452 2450/2450/2450
f 2408/2408/2408 2410/2410/2410 2452/2452/2452
f 2409/2409/2409 2451/2451/2451 2453/2453/2453
f 2409/2409/2409 2453/2453/2453 2411/2411/2411
f 2410/2410/2410 2454/2454/2454 2452/2452/2452
f 2410/2410/2410 2412/2412/2412 2454/2454/2454
f 2413/2413/2413 2455/2455/2455 2457/2457/2457
f 2413/2413/2413 2457/2457/2457 2415/2415/2415
f 2414/2414/2414 2458/2458/2458 2456/2456/2456
f 2414/2414/2414 2416/2416/2416 2458/2458/2458
f 2415/2415/2415 2457/2457/2457 2459/2459/2459
f 2415/2415/2415 2459/2459/2459 2417/2417/2417
f 2416/2416/2416 2460/2460/2460 2458/2458/2458
f 2416/2416/2416 2418/2418/2418 2460/2460/2460
f 2417/2417/2417 2459/2459/2459 2461/2461/2461
f 2417/2417/2417 2461/2461/2461 2419/2419/2419
f 2418/2418/2418 2462/2462/2462 2460/2460/2460
f 2418/2418/2418 2420/2420/2420 2462/2462/2462
f 2419/2419/2419 2461/2461/2461 2463/2463/2463
f 2419/2419/2419 2463/2463/2463 2421/2421/2421
f 2420/2420/2420 2464/2464/2464 2462/2462/2462
f 2420/2420/2420 2422/2422/2422 2464/2464/2464
f 2421/2421/2421 2463/2463/2463 2465/2465/2465
f 2421/2421/2421 2465/2465/2465 2423/2423/2423
f 2422/2422/2422 2466/2466/2466 2464/2464/2464
f 2422/2422/2422 2424/2424/2424 2466/2466/2466
f 2423/2423/2423 2465/2465/2465 2467/2467/2467
f 2423/2423/2423 2467/2467/2467 2425/2425/2425
f 2424/2424/2424 2468/2468/2468 2466/2466/2466
f 2424/2424/2424 2426/2426/2426 2468/2468/2468
f 2425/2425/2425 2467/2467/2467 2469/2469/2469
f 2425/2425/2425 2469/2469/2469 2427/2427/2427
f 2426/2426/2426 2470/2470/2470 2468/2468/2468
f 2426/2426/2426 2428/2428/2428 2470/2470/2470
f 2427/2427/2427 2469/2469/2469 2471/2471/2471
f 2427/2427/2427 2471/2471/2471 2429/2429/2429
f 2428/2428/2428 2472/2472/2472 2470/2470/2470
f 2428/2428/2428 2430/2430/2430 2472/2472/2472
f 2429/2429/2429 2471/2471/2471 2473/2473/2473
f 2429/2429/2429 2473/2473/2473 2431/2431/2431
f 2430/2430/2430 2474/2474/2474 2472/2472/2472
f 2430/2430/2430 2432/2432/2432 2474/2474/2474
f 2431/2431/2431 2473/2473/2473 2475/2475/2475
f 2431/2431/2431 2475/2475/2475 2433/2433/2433
f 2432/2432/2432 2476/2476/2476 2474/2474/2474
f 2432/2432/2432 2434/2434/2434 2476/2476/2476
f 2433/2433/2433 2475/2475/2475 2477/2477/2477
f 2433/2433/2433 2477/2477/2477 2435/2435/2435
f 2434/2434/2434 2478/2478/2478 2476/2476/2476
f 2434/2434/2434 2436/2436/2436 2478/2478/2478
f 2435/2435/2435 2477/2477/2477 2479/2479/2479
f 2435/2435/2435 2479/2479/2479 2437/2437/2437
f 2436/2436/2436 2480/2480/2480 2478/2478/2478
f 2436/2436/2436 2438/2438/2438 2480/2480/2480
f 2437/2437/2437 2479/2479/2479 2481/2481/2481
f 2437/2437/2437 2481/2481/2481 2439/2439/2439
f 2438/2438/2438 2482/2482/2482 2480/2480/2480
f 2438/2438/2438 2440/2440/2440 2482/2482/2482
f 2439/2439/2439 2481/2481/2481 2483/2483/2483
f 2439/2439/2439 2483/2483/2483 2441/2441/2441
f 2440/2440/2440 2484/2484/2484 2482/2482/2482
f 2440/2440/2440 2442/2442/2442 2484/2484/2484
f 2441/2441/2441 2483/2483/2483 2485/2485/2485
f 2441/2441/2441 2485/2485/2485 2443/2443/2443
f 2442/2442/2442 2486/2486/2486 2484/2484/2484
f 2442/2442/2442 2444/2444/2444 2486/2486/2486
f 2443/2443/2443 2485/2485/2485 2487/2487/2487
f 2443/2443/2443 2487/2487/2487 2445/2445/2445
f 2444/2444/2444 2488/2488/2488 2486/2486/2486
f 2444/2444/2444 2446/2446/2446 2488/2488/2488
f 2445/2445/2445 2487/2487/2487 2489/2489/2489
f 2445/2445/2445 2489/2489/2489 2447/2447/2447
f 2446/2446/2446 2490/2490/2490 2488/2488/2488
f 2446/2446/2446 2448/2448/2448 2490/2490/2490
f 2447/2447/2447 2489/2489/2489 2491/2491/2491
f 2447/2447/2447 2491/2491/2491 2449/2449/2449
f 2448/2448/2448 2492/2492/2492 2490/2490/2490
f 2448/2448/2448 2450/2450/2450 2492/2492/2492
f 2449/2449/2449 2491/2491/2491 2493/2493/2493
f 2449/2449/2449 2493/2493/2493 2451/2451/2451
f 2450/2450/2450 2494/2494/2494 2492/2492/2492
f 2450/2450/2450 2452/2452/2452 2494/2494/2494
f 2451/2451/2451 2493/2493/2493 2495/2495/2495
f 2451/2451/2451 2495/2495/2495 2453/2453/2453
f 2452/2452/2452 2496/2496/2496 2494/2494/2494
f 2452/2452/2452 2454/2454/2454 2496/2496/2496
f 2455/2455/2455 2497/2497/2497 2499/2499/2499
f 2455/2455/2455 2499/2499/2499 2457/2457/2457
f 2456/2456/2456 2500/2500/2500 2498/2498/2498
f 2456/2456/2456 2458/2458/2458 2500/2500/2500
f 2457/2457/2457 2499/2499/2499 2501/2501/2501
f 2457/2457/2457 2501/2501/2501 2459/2459/2459
f 2458/2458/2458 2502/2502/2502 2500/2500/2500
f 2458/2458/2458 2460/2460/2460 2502/2502/2502
f 2459/2459/2459 2501/2501/2501 2503/2503/2503
f 2459/2459/2459 2503/2503/2503 2461/2461/2461
f 2460/2460/2460 2504/2504/2504 2502/2502/2502
f 2460/2460/2460 2462/2462/2462 2504/2504/2504
f 2461/2461/2461 2503/2503/2503 2505/2505/2505
f 2461/2461/2461 2505/2505/2505 2463/2463/2463
f 2462/2462/2462 2506/2506/2506 2504/2504/2504
f 2462/2462/2462 2464/2464/2464 2506/2506/2506
f 2463/2463/2463 2505/2505/2505 2507/2507/2507
f 2463/2463/2463 2507/2507/2507 2465/2465/2465
f 2464/2464/2464 2508/2508/2508 2506/2506/2506
f 2464/2464/2464 2466/2466/2466 2508/2508/2508
f 2465/2465/2465 2507/2507/2507 2509/2509/2509
f 2465/2465/2465 2509/2509/2509 2467/2467/2467
f 2466/2466/2466 2510/2510/2510 2508/2508/2508
f 2466/2466/2466 2468/2468/2468 2510/2510/2510
f 2467/2467/2467 2509/2509/2509 2511/2511/2511
f 2467/2467/2467 2511/2511/2511 2469/2469/2469
f 2468/2468/2468 2512/2512/2512 2510/2510/2510
f 2468/2468/2468 2470/2470/2470 2512/2512/2512
f 2469/2469/2469 2511/2511/2511 2513/2513/2513
f 2469/2469/2469 2513/2513/2513 2471/2471/2471
f 2470/2470/2470 2514/2514/2514 2512/2512/2512
f 2470/2470/2470 2472/2472/2472 2514/2514/2514
f 2471/2471/2471 2513/2513/2513 2515/2515/2515
f 2471/2471/2471 2515/2515/2515 2473/2473/2473
f 2472/2472/2472 2516/2516/2516 2514/2514/2514
f 2472/2472/2472 2474/2474/2474 2516/2516/2516
f 2473/2473/2473 2515/2515/2515 2517/2517/2517
f 2473/2473/2473 2517/2517/2517 2475/2475/2475
f 2474/2474/2474 2518/2518/2518 2516/2516/2516
f 2474/2474/2474 2476/2476/2476 2518/2518/2518
f 2475/2475/2475 2517/2517/2517 2519/2519/2519
f 2475/2475/2475 2519/2519/2519 2477/2477/2477
f 2476/2476/2476 2520/2520/2520 2518/2518/2518
f 2476/2476/2476 2478/2478/2478 2520/2520/2520
f 2477/2477/2477 2519/2519/2519 2521/2521/2521
f 2477/2477/2477 2521/2521/2521 2479/2479/2479
f 2478/2478/2478 2522/2522/2522 2520/2520/2520
f 2478/2478/2478 2480/2480/2480 2522/2522/2522
f 2479/2479/2479 2521/2521/2521 2523/2523/2523
f 2479/2479/2479 2523/2523/2523 2481/2481/2481
f 2480/2480/2480 2524/2524/2524 2522/2522/2522
f 2480/2480/2480 2482/2482/2482 2524/2524/2524
f 2481/2481/2481 2523/2523/2523 2525/2525/2525
f 2481/2481/2481 2525/2525/2525 2483/2483/2483
f 2482/2482/2482 2526/2526/2526 2524/2524/2524
f 2482/2482/2482 2484/2484/2484 2526/2526/2526
f 2483/2483/2483 2525/2525/2525 2527/2527/2527
f 2483/2483/2483 2527/2527/2527 2485/2485/2485
f 2484/2484/2484 2528/2528/2528 2526/2526/2526
f 2484/2484/2484 2486/2486/2486 2528/2528/2528
f 2485/2485/2485 2527/2527/2527 2529/2529/2529
f 2485/2485/2485 2529/2529/2529 2487/2487/2487
f 2486/2486/2486 2530/2530/2530 2528/2528/2528
f 2486/2486/2486 2488/2488/2488 2530/2530/2530
f 2487/2487/2487 2529/2529/2529 2531/2531/2531
f 2487/2487/2487 2531/2531/2531 2489/2489/2489
f 2488/2488/2488 2532/2532/2532 2530/2530/2530
f 2488/2488/2488 2490/2490/2490 2532/2532/2532
f 2489/2489/2489 2531/2531/2531 2533/2533/2533
f 2489/2489/2489 2533/2533/2533 2491/2491/2491
f 2490/2490/2490 2534/2534/2534 2532/2532/2532
f 2490/2490/2490 2492/2492/2492 2534/2534/2534
f 2491/2491/2491 2533/2533/2533 2535/2535/2535
f 2491/2491/2491 2535/2535/2535 2493/2493/2493
f 2492/2492/2492 2536/2536/2536 2534/2534/2534
f 2492/2492/2492 2494/2494/2494 2536/2536/2536
f 2493/2493/2493 2535/2535/2535 2537/2537/2537
f 2493/2493/2493 2537/2537/2537 2495/2495/2495
f 2494/2494/2494 2538/2538/2538 2536/2536/2536
f 2494/2494/2494 2496/2496/2496 2538/2538/2538
f 2497/2497/2497 2539/2539/2539 2541/2541/2541
f 2497/2497/2497 2541/2541/2541 2499/2499/2499
f 2498/2498/2498 2542/2542/2542 2540/2540/2540
f 2498/2498/2498 2500/2500/2500 2542/2542/2542
f 2499/2499/2499 2541/2541/2541 2543/2543/2543
f 2499/2499/2499 2543/2543/2543 2501/2501/2501
f 2500/2500/2500 2544/2544/2544 2542/2542/2542
f 2500/2500/2500 2502/2502/2502 2544/2544/2544
f 2501/2501/2501 2543/2543/2543 2545/2545/2545
f 2501/2501/2501 2545/2545/2545 2503/2503/2503
f 2502/2502/2502 2546/2546/2546 2544/2544/2544
f 2502/2502/2502 2504/2504/2504 2546/2546/2546
f 2503/2503/2503 2545/2545/2545 2547/2547/2547
f 2503/2503/2503 2547/2547/2547 2505/2505/2505
f 2504/2504/2504 2548/2548/2548 2546/2546/2546
f 2504/2504/2504 2506/2506/2506 2548/2548/2548
f 2505/2505/2505 2547/2547/2547 2549/2549/2549
f 2505/2505/2505 2549/2549/2549 2507/2507/2507
f 2506/2506/2506 2550/2550/2550 2548/2548/2548
f 2506/2506/2506 2508/2508/2508 2550/2550/2550
f 2507/2507/2507 2549/2549/2549 2551/2551/2551
f 2507/2507/2507 2551/2551/2551 2509/2509/2509
f 2508/2508/2508 2552/2552/2552 2550/2550/2550
f 2508/2508/2508 2510/2510/2510 2552/2552/2552
f 2509/2509/2509 2551/2551/2551 2553/2553/2553
f 2509/2509/2509 2553/2553/2553 2511/2511/2511
f 2510/2510/2510 2554/2554/2554 2552/2552/2552
f 2510/2510/2510 2512/2512/2512 2554/2554/2554
f 2511/2511/2511 2553/2553/2553 2555/2555/2555
f 2511/2511/2511 2555/2555/2555 2513/2513/2513
f 2512/2512/2512 2556/2556/2556 2554/2554/2554
f 2512/2512/2512 2514/2514/2514 2556/2556/2556
f 2513/2513/2513 2555/2555/2555 2557/2557/2557
f 2513/2513/2513 2557/2557/2557 2515/2515/2515
f 2514/2514/2514 2558/2558/2558 2556/2556/2556
f 2514/2514/2514 2516/2516/2516 2558/2558/2558
f 2515/2515/2515 2557/2557/2557 2559/2559/2559
f 2515/2515/2515 2559/2559/2559 2517/2517/2517
f 2516/2516/2516 2560/2560/2560 2558/2558/2558
f 2516/2516/2516 2518/2518/2518 2560/2560/2560
f 2517/2517/2517 2559/2559/2559 2561/2561/2561
f 2517/2517/2517 2561/2561/2561 2519/2519/2519
f 2518/2518/2518 2562/2562/2562 2560/2560/2560
f 2518/2518/2518 2520/2520/2520 2562/2562/2562
f 2519/2519/2519 2561/2561/2561 2563/2563/2563
f 2519/2519/2519 2563/2563/2563 2521/2521/2521
f 2520/2520/2520 2564/2564/2564 2562/2562/2562
f 2520/2520/2520 2522/2522/2522 2564/2564/2564
f 2521/2521/2521 2563/2563/2563 2565/2565/2565
f 2521/2521/2521 2565/2565/2565 2523/2523/2523
f 2522/2522/2522 2566/2566/2566 2564/2564/2564
f 2522/2522/2522 2524/2524/2524 2566/2566/2566
f 2523/2523/2523 2565/2565/2565 2567/2567/2567
f 2523/2523/2523 2567/2567/2567 2525/2525/2525
f 2524/2524/2524 2568/2568/2568 2566/2566/2566
f 2524/2524/2524 2526/2526/2526 2568/2568/2568
f 2525/2525/2525 2567/2567/2567 2569/2569/2569
f 2525/2525/2525 2569/2569/2569 2527/2527/2527
f 2526/2526/2526 2570/2570/2570 2568/2568/2568
f 2526/2526/2526 2528/2528/2528 2570/2570/2570
f 2527/2527/2527 2569/2569/2569 2571/2571/2571
f 2527/2527/2527 2571/2571/2571 2529/2529/2529
f 2528/2528/2528 2572/2572/2572 2570/2570/2570
f 2528/2528/2528 2530/2530/2530 2572/2572/2572
f 2529/2529/2529 2571/2571/2571 2573/2573/2573
f 2529/2529/2529 2573/2573/2573 2531/2531/2531
f 2530/2530/2530 2574/2574/2574 2572/2572/2572
f 2530/2530/2530 2532/2532/2532 2574/2574/2574
f 2531/2531/2531 2573/2573/2573 2575/2575/2575
f 2531/2531/2531 2575/2575/2575 2533/2533/2533
f 2532/2532/2532 2576/2576/2576 2574/2574/2574
f 2532/2532/2532 2534/2534/2534 2576/2576/2576
f 2533/2533/2533 2575/2575/2575 2577/2577/2577
f 2533/2533/2533 2577/2577/2577 2535/2535/2535
f 2534/2534/2534 2578/2578/2578 2576/2576/2576
f 2534/2534/2534 2536/2536/2536 2578/2578/2578
f 2535/2535/2535 2577/2577/2577 2579/2579/2579
f 2535/2535/2535 2579/2579/2579 2537/2537/2537
f 2536/2536/2536 2580/2580/2580 2578/2578/2578
f 2536/2536/2536 2538/2538/2538 2580/2580/2580
f 2539/2539/2539 2581/2581/2581 2583/2583/2583
f 2539/2539/2539 2583/2583/2583 2541/2541/2541
f 2540/2540/2540 2584/2584/2584 2582/2582/2582
f 2540/2540/2540 2542/2542/2542 2584/2584/2584
f 2541/2541/2541 2583/2583/2583 2585/2585/2585
f 2541/2541/2541 2585/2585/2585 2543/2543/2543
f 2542/2542/2542 2586/2586/2586 2584/2584/2584
f 2542/2542/2542 2544/2544/2544 2586/2586/2586
f 2543/2543/2543 2585/2585/2585 2587/2587/2587
f 2543/2543/2543 2587/2587/2587 2545/2545/2545
f 2544/2544/2544 2588/2588/2588 2586/2586/2586
f 2544/2544/2544 2546/2546/2546 2588/2588/2588
f 2545/2545/2545 2587/2587/2587 2589/2589/2589
f 2545/2545/2545 2589/2589/2589 2547/2547/2547
f 2546/2546/2546 2590/2590/2590 2588/2588/2588
f 2546/2546/2546 2548/2548/2548 2590/2590/2590
f 2547/2547/2547 2589/2589/2589 2591/2591/2591
f 2547/2547/2547 2591/2591/2591 2549/2549/2549
f 2548/2548/2548 2592/2592/2592 2590/2590/2590
f 2548/2548/2548 2550/2550/2550 2592/2592/2592
f 2549/2549/2549 2591/2591/2591 2593/2593/2593
f 2549/2549/2549 2593/2593/2593 2551/2551/2551
f 2550/2550/2550 2594/2594/2594 2592/2592/2592
f 2550/2550/2550 2552/2552/2552 2594/2594/2594
f 2551/2551/2551 2593/2593/2593 2595/2595/2595
f 2551/2551/2551 2595/2595/2595 2553/2553/2553
f 2552/2552/2552 2596/2596/2596 2594/2594/2594
f 2552/2552/2552 2554/2554/2554 2596/2596/2596
f 2553/2553/2553 2595/2595/2595 2597/2597/2597
f 2553/2553/2553 2597/2597/2597 2555/2555/2555
f 2554/2554/2554 2598/2598/2598 2596/2596/2596
f 2554/2554/2554 2556/2556/2556 2598/2598/2598
f 2555/2555/2555 2597/2597/2597 2599/2599/2599
f 2555/2555/2555 2599/2599/2599 2557/2557/2557
f 2556/2556/2556 2600/2600/2600 2598/2598/2598
f 2556/2556/2556 2558/2558/2558 2600/2600/2600
f 2557/2557/2557 2599/2599/2599 2601/2601/2601
f 2557/2557/2557 2601/2601/2601 2559/2559/2559
f 2558/2558/2558 2602/2602/2602 2600/2600/2600
f 2558/2558/2558 2560/2560/2560 2602/2602/2602
f 2559/2559/2559 2601/2601/2601 2603/2603/2603
f 2559/2559/2559 2603/2603/2603 2561/2561/2561
f 2560/2560/2560 2604/2604/2604 2602/2602/2602
f 2560/2560/2560 2562/2562/2562 2604/2604/2604
f 2561/2561/2561 2603/2603/2603 2605/2605/2605
f 2561/2561/2561 2605/2605/2605 2563/2563/2563
f 2562/2562/2562 2606/2606/2606 2604/2604/2604
f 2562/2562/2562 2564/2564/2564 2606/2606/2606
f 2563/2563/2563 2605/2605/2605 2607/2607/2607
f 2563/2563/2563 2607/2607/2607 2565/2565/2565
f 2564/2564/2564 2608/2608/2608 2606/2606/2606
f 2564/2564/2564 2566/2566/2566 2608/2608/2608
f 2565/2565/2565 2607/2607/2607 2609/2609/2609
f 2565/2565/2565 2609/2609/2609 2567/2567/2567
f 2566/2566/2566 2610/2610/2610 2608/2608/2608
f 2566/2566/2566 2568/2568/2568 2610/2610/2610
f 2567/2567/2567 2609/2609/2609 2611/2611/2611
f 2567/2567/2567 2611/2611/2611 2569/2569/2569
f 2568/2568/2568 2612/2612/2612 2610/2610/2610
f 2568/2568/2568 2570/2570/2570 2612/2612/2612
f 2569/2569/2569 2611/2611/2611 2613/2613/2613
f 2569/2569/2569 2613/2613/2613 2571/2571/2571
f 2570/2570/2570 2614/2614/2614 2612/2612/2612
f 2570/2570/2570 2572/2572/2572 2614/2614/2614
f 2571/2571/2571 2613/2613/2613 2615/2615/2615
f 2571/2571/2571 2615/2615/2615 2573/2573/2573
f 2572/2572/2572 2616/2616/2616 2614/2614/2614
f 2572/2572/2572 2574/2574/2574 2616/2616/2616
f 2573/2573/2573 2615/2615/2615 2617/2617/2617
f 2573/2573/2573 2617/2617/2617 2575/2575/2575
f 2574/2574/2574 2618/2618/2618 2616/2616/2616
f 2574/2574/2574 2576/2576/2576 2618/2618/2618
f 2575/2575/2575 2617/2617/2617 2619/2619/2619
f 2575/2575/2575 2619/2619/2619 2577/2577/2577
f 2576/2576/2576 2620/2620/2620 2618/2618/2618
f 2576/2576/2576 2578/2578/2578 2620/2620/2620
f 2577/2577/2577 2619/2619/2619 2621/2621/2621
f 2577/2577/2577 2621/2621/2621 2579/2579/2579
f 2578/2578/2578 2622/2622/2622 2620/2620/2620
f 2578/2578/2578 2580/2580/2580 2622/2622/2622
f 2581/2581/2581 2623/2623/2623 2625/2625/2625
f 2581/2581/2581 2625/2625/2625 2583/2583/2583
f 2582/2582/2582 2626/2626/2626 2624/2624/2624
f 2582/2582/2582 2584/2584/2584 2626/2626/2626
f 2583/2583/2583 2625/2625/2625 2627/2627/2627
f 2583/2583/2583 2627/2627/2627 2585/2585/2585
f 2584/2584/2584 2628/2628/2628 2626/2626/2626
f 2584/2584/2584 2586/2586/2586 2628/2628/2628
f 2585/2585/2585 2627/2627/2627 2629/2629/2629
f 2585/2585/2585 2629/2629/2629 2587/2587/2587
f 2586/2586/2586 2630/2630/2630 2628/2628/2628
f 2586/2586/2586 2588/2588/2588 2630/2630/2630
f 2587/2587/2587 2629/2629/2629 2631/2631/2631
f 2587/2587/2587 2631/2631/2631 2589/2589/2589
f 2588/2588/2588 2632/2632/2632 2630/2630/2630
f 2588/2588/2588 2590/2590/2590 2632/2632/2632
f 2589/2589/2589 2631/2631/2631 2633/2633/2633
f 2589/2589/2589 2633/2633/2633 2591/2591/2591
f 2590/2590/2590 2634/2634/2634 2632/2632/2632
f 2590/2590/2590 2592/2592/2592 2634/2634/2634
f 2591/2591/2591 2633/2633/2633 2635/2635/2635
f 2591/2591/2591 2635/2635/2635 2593/2593/2593
f 2592/2592/2592 2636/2636/2636 2634/2634/2634
f 2592/2592/2592 2594/2594/2594 2636/2636/2636
f 2593/2593/2593 2635/2635/2635 2637/2637/2637
f 2593/2593/2593 2637/2637/2637 2595/2595/2595
f 2594/2594/2594 2638/2638/2638 2636/2636/2636
f 2594/2594/2594 2596/2596/2596 2638/2638/2638
f 2595/2595/2595 2637/2637/2637 2639/2639/2639
f 2595/2595/2595 2639/2639/2639 2597/2597/2597
f 2596/2596/2596 2640/2640/2640 2638/2638/2638
f 2596/2596/2596 2598/2598/2598 2640/2640/2640
f 2597/2597/2597 2639/2639/2639 2641/2641/2641
f 2597/2597/2597 2641/2641/2641 2599/2599/2599
f 2598/2598/2598 2642/2642/2642 2640/2640/2640
f 2598/2598/2598 2600/2600/2600 2642/2642/2642
f 2599/2599/2599 2641/2641/2641 2643/2643/2643
f 2599/2599/2599 2643/2643/2643 2601/2601/2601
f 2600/2600/2600 2644/2644/2644 2642/2642/2642
f 2600/2600/2600 2602/2602/2602 2644/2644/2644
f 2601/2601/2601 2643/2643/2643 2645/2645/2645
f 2601/2601/2601 2645/2645/2645 2603/2603/2603
f 2602/2602/2602 2646/2646/2646 2644/2644/2644
f 2602/2602/2602 2604/2604/2604 2646/2646/2646
f 2603/2603/2603 2645/2645/2645 2647/2647/2647
f 2603/2603/2603 2647/2647/2647 2605/2605/2605
f 2604/2604/2604 2648/2648/2648 2646/2646/2646
f 2604/2604/2604 2606/2606/2606 2648/2648/2648
f 2605/2605/2605 2647/2647/2647 2649/2649/2649
f 2605/2605/2605 2649/2649/2649 2607/2607/2607
f 2606/2606/2606 2650/2650/2650 2648/2648/2648
f 2606/2606/2606 2608/2608/2608 2650/2650/2650
f 2607/2607/2607 2649/2649/2649 2651/2651/2651
f 2607/2607/2607 2651/2651/2651 2609/2609/2609
f 2608/2608/2608 2652/2652/2652 2650/2650/2650
f 2608/2608/2608 2610/2610/2610 2652/2652/2652
f 2609/2609/2609 2651/2651/2651 2653/2653/2653
f 2609/2609/2609 2653/2653/2653 2611/2611/2611
f 2610/2610/2610 2654/2654/2654 2652/2652/2652
f 2610/2610/2610 2612/2612/2612 2654/2654/2654
f 2611/2611/2611 2653/2653/2653 2655/2655/2655
f 2611/2611/2611 2655/2655/2655 2613/2613/2613
f 2612/2612/2612 2656/2656/2656 2654/2654/2654
f 2612/2612/2612 2614/2614/2614 2656/2656/2656
f 2613/2613/2613 2655/2655/2655 2657/2657/2657
f 2613/2613/2613 2657/2657/2657 2615/2615/2615
f 2614/2614/2614 2658/2658/2658 2656/2656/2656
f 2614/2614/2614 2616/2616/2616 2658/2658/2658
f 2615/2615/2615 2657/2657/2657 2659/2659/2659
f 2615/2615/2615 2659/2659/2659 2617/2617/2617
f 2616/2616/2616 2660/2660/2660 2658/2658/2658
f 2616/2616/2616 2618/2618/2618 2660/2660/2660
f 2617/2617/2617 2659/2659/2659 2661/2661/2661
f 2617/2617/2617 2661/2661/2661 2619/2619/2619
f 2618/2618/2618 2662/2662/2662 2660/2660/2660
f 2618/2618/2618 2620/2620/2620 2662/2662/2662
f 2619/2619/2619 2661/2661/2661 2663/2663/2663
f 2619/2619/2619 2663/2663/2663 2621/2621/2621
f 2620/2620/2620 2664/2664/2664 2662/2662/2662
f 2620/2620/2620 2622/2622/2622 2664/2664/2664
f 2623/2623/2623 2665/2665/2665 2667/2667/2667
f 2623/2623/2623 2667/2667/2667 2625/2625/2625
f 2624/2624/2624 2668/2668/2668 2666/2666/2666
f 2624/2624/2624 2626/2626/2626 2668/2668/2668
f 2625/2625/2625 2667/2667/2667 2669/2669/2669
f 2625/2625/2625 2669/2669/2669 2627/2627/2627
f 2626/2626/2626 2670/2670/2670 2668/2668/2668
f 2626/2626/2626 2628/2628/2628 2670/2670/2670
f 2627/2627/2627 2669/2669/2669 2671/2671/2671
f 2627/2627/2627 2671/2671/2671 2629/2629/2629
f 2628/2628/2628 2672/2672/2672 2670/2670/2670
f 2628/2628/2628 2630/2630/2630 2672/2672/2672
f 2629/2629/2629 2671/2671/2671 2673/2673/2673
f 2629/2629/2629 2673/2673/2673 2631/2631/2631
f 2630/2630/2630 2674/2674/2674 2672/2672/2672
f 2630/2630/2630 2632/2632/2632 2674/2674/2674
f 2631/2631/2631 2673/2673/2673 2675/2675/2675
f 2631/2631/2631 2675/2675/2675 2633/2633/2633
f 2632/2632/2632 2676/2676/2676 2674/2674/2674
f 2632/2632/2632 2634/2634/2634 2676/2676/2676
f 2633/2633/2633 2675/2675/2675 2677/2677/2677
f 2633/2633/2633 2677/2677/2677 2635/2635/2635
f 2634/2634/2634 2678/2678/2678 2676/2676/2676
f 2634/2634/2634 2636/2636/2636 2678/2678/2678
f 2635/2635/2635 2677/2677/2677 2679/2679/2679
f 2635/2635/2635 2679/2679/2679 2637/2637/2637
f 2636/2636/2636 2680/2680/2680 2678/2678/2678
f 2636/2636/2636 2638/2638/2638 2680/2680/2680
f 2637/2637/2637 2679/2679/2679 2681/2681/2681
f 2637/2637/2637 2681/2681/2681 2639/2639/2639
f 2638/2638/2638 2682/2682/2682 2680/2680/2680
f 2638/2638/2638 2640/2640/2640 2682/2682/2682
f 2639/2639/2639 2681/2681/2681 2683/2683/2683
f 2639/2639/2639 2683/2683/2683 2641/2641/2641
f 2640/2640/2640 2684/2684/2684 2682/2682/2682
f 2640/2640/2640 2642/2642/2642 2684/2684/2684
f 2641/2641/2641 2683/2683/2683 2685/2685/2685
f 2641/2641/2641 2685/2685/2685 2643/2643/2643
f 2642/2642/2642 2686/2686/2686 2684/2684/2684
f 2642/2642/2642 2644/2644/2644 2686/2686/2686
f 2643/2643/2643 2685/2685/2685 2687/2687/2687
f 2643/2643/2643 2687/2687/2687 2645/2645/2645
f 2644/2644/2644 2688/2688/2688 2686/2686/2686
f 2644/2644/2644 2646/2646/2646 2688/2688/2688
f 2645/2645/2645 2687/2687/2687 2689/2689/2689
f 2645/2645/2645 2689/2689/2689 2647/2647/2647
f 2646/2646/2646 2690/2690/2690 2688/2688/2688
f 2646/2646/2646 2648/2648/2648 2690/2690/2690
f 2647/2647/2647 2689/2689/2689 2691/2691/2691
f 2647/2647/2647 2691/2691/2691 2649/2649/2649
f 2648/2648/2648 2692/2692/2692 2690/2690/2690
f 2648/2648/2648 2650/2650/2650 2692/2692/2692
f 2649/2649/2649 2691/2691/2691 2693/2693/2693
f 2649/2649/2649 2693/2693/2693 2651/2651/2651
f 2650/2650/2650 2694/2694/2694 2692/2692/2692
f 2650/2650/2650 2652/2652/2652 2694/2694/2694
f 2651/2651/2651 2693/2693/2693 2695/2695/2695
f 2651/2651/2651 2695/2695/2695 2653/2653/2653
f 2652/2652/2652 2696/2696/2696 2694/2694/2694
f 2652/2652/2652 2654/2654/2654 2696/2696/2696
f 2653/2653/2653 2695/2695/2695 2697/2697/2697
f 2653/2653/2653 2697/2697/2697 2655/2655/2655
f 2654/2654/2654 2698/2698/2698 2696/2696/2696
f 2654/2654/2654 2656/2656/2656 2698/2698/2698
f 2655/2655/2655 2697/2697/2697 2699/2699/2699
f 2655/2655/2655 2699/2699/2699 2657/2657/2657
f 2656/2656/2656 2700/2700/2700 2698/2698/2698
f 2656/2656/2656 2658/2658/2658 2700/2700/2700
f 2657/2657/2657 2699/2699/2699 2701/2701/2701
f 2657/2657/2657 2701/2701/2701 2659/2659/2659
f 2658/2658/2658 2702/2702/2702 2700/2700/2700
f 2658/2658/2658 2660/2660/2660 2702/2702/2702
f 2659/2659/2659 2701/2701/2701 2703/2703/2703
f 2659/2659/2659 2703/2703/2703 2661/2661/2661
f 2660/2660/2660 2704/2704/2704 2702/2702/2702
f 2660/2660/2660 2662/2662/2662 2704/2704/2704
f 2661/2661/2661 2703/2703/2703 2705/2705/2705
f 2661/2661/2661 2705/2705/2705 2663/2663/2663
f 2662/2662/2662 2706/2706/2706 2704/2704/2704
f 2662/2662/2662 2664/2664/2664 2706/2706/2706
f 2665/2665/2665 2707/2707/2707 2709/2709/2709
f 2665/2665/2665 2709/2709/2709 2667/2667/2667
f 2666/2666/2666 2710/2710/2710 2708/2708/2708
f 2666/2666/2666 2668/2668/2668 2710/2710/2710
f 2667/2667/2667 2709/2709/2709 2711/2711/2711
f 2667/2667/2667 2711/2711/2711 2669/2669/2669
f 2668/2668/2668 2712/2712/2712 2710/2710/2710
f 2668/2668/2668 2670/2670/2670 2712/2712/2712
f 2669/2669/2669 2711/2711/2711 2713/2713/2713
f 2669/2669/2669 2713/2713/2713 2671/2671/2671
f 2670/2670/2670 2714/2714/2714 2712/2712/2712
f 2670/2670/2670 2672/2672/2672 2714/2714/2714
f 2671/2671/2671 2713/2713/2713 2715/2715/2715
f 2671/2671/2671 2715/2715/2715 2673/2673/2673
f 2672/2672/2672 2716/2716/2716 2714/2714/2714
f 2672/2672/2672 2674/2674/2674 2716/2716/2716
f 2673/2673/2673 2715/2715/2715 2717/2717/2717
f 2673/2673/2673 2717/2717/2717 2675/2675/2675
f 2674/2674/2674 2718/2718/2718 2716/2716/2716
f 2674/2674/2674 2676/2676/2676 2718/2718/2718
f 2675/2675/2675 2717/2717/2717 2719/2719/2719
f 2675/2675/2675 2719/2719/2719 2677/2677/2677
f 2676/2676/2676 2720/2720/2720 2718/2718/2718
f 2676/2676/2676 2678/2678/2678 2720/2720/2720
f 2677/2677/2677 2719/2719/2719 2721/2721/2721
f 2677/2677/2677 2721/2721/2721 2679/2679/2679
f 2678/2678/2678 2722/2722/2722 2720/2720/2720
f 2678/2678/2678 2680/2680/2680 2722/2722/2722
f 2679/2679/2679 2721/2721/2721 2723/2723/2723
f 2679/2679/2679 2723/2723/2723 2681/2681/2681
f 2680/2680/2680 2724/2724/2724 2722/2722/2722
f 2680/2680/2680 2682/2682/2682 2724/2724/2724
f 2681/2681/2681 2723/2723/2723 2725/2725/2725
f 2681/2681/2681 2725/2725/2725 2683/2683/2683
f 2682/2682/2682 2726/2726/2726 2724/2724/2724
f 2682/2682/2682 2684/2684/2684 2726/2726/2726
f 2683/2683/2683 2725/2725/2725 2727/2727/2727
f 2683/2683/2683 2727/2727/2727 2685/2685/2685
f 2684/2684/2684 2728/2728/2728 2726/2726/2726
f 2684/2684/2684 2686/2686/2686 2728/2728/2728
f 2685/2685/2685 2727/2727/2727 2729/2729/2729
f 2685/2685/2685 2729/2729/2729 2687/2687/2687
f 2686/2686/2686 2730/2730/2730 2728/2728/2728
f 2686/2686/2686 2688/2688/2688 2730/2730/2730
f 2687/2687/2687 2729/2729/2729 2731/2731/2731
f 2687/2687/2687 2731/2731/2731 2689/2689/2689
f 2688/2688/2688 2732/2732/2732 2730/2730/2730
f 2688/2688/2688 2690/2690/2690 2732/2732/2732
f 2689/2689/2689 2731/2731/2731 2733/2733/2733
f 2689/2689/2689 2733/2733/2733 2691/2691/2691
f 2690/2690/2690 2734/2734/2734 2732/2732/2732
f 2690/2690/2690 2692/2692/2692 2734/2734/2734
f 2691/2691/2691 2733/2733/2733 2735/2735/2735
f 2691/2691/2691 2735/2735/2735 2693/2693/2693
f 2692/2692/2692 2736/2736/2736 2734/2734/2734
f 2692/2692/2692 2694/2694/2694 2736/2736/2736
f 2693/2693/2693 2735/2735/2735 2737/2737/2737
f 2693/2693/2693 2737/2737/2737 2695/2695/2695
f 2694/2694/2694 2738/2738/2738 2736/2736/2736
f 2694/2694/2694 2696/2696/2696 2738/2738/2738
f 2695/2695/2695 2737/2737/2737 2739/2739/2739
f 2695/2695/2695 2739/2739/2739 2697/2697/2697
f 2696/2696/2696 2740/2740/2740 2738/2738/2738
f 2696/2696/2696 2698/2698/2698 2740/2740/2740
f 2697/2697/2697 2739/2739/2739 2741/2741/2741
f 2697/2697/2697 2741/2741/2741 2699/2699/2699
f 2698/2698/2698 2742/2742/2742 2740/2740/2740
f 2698/2698/2698 2700/2700/2700 2742/2742/2742
f 2699/2699/2699 2741/2741/2741 2743/2743/2743
f 2699/2699/2699 2743/2743/2743 2701/2701/2701
f 2700/2700/2700 2744/2744/2744 2742/2742/2742
f 2700/2700/2700 2702/2702/2702 2744/2744/2744
f 2701/2701/2701 2743/2743/2743 2745/2745/2745
f 2701/2701/2701 2745/2745/2745 2703/2703/2703
f 2702/2702/2702 2746/2746/2746 2744/2744/2744
f 2702/2702/2702 2704/2704/2704 2746/2746/2746
f 2703/2703/2703 2745/2745/2745 2747/2747/2747
f 2703/2703/2703 2747/2747/2747 2705/2705/2705
f 2704/2704/2704 2748/2748/2748 2746/2746/2746
f 2704/2704/2704 2706/2706/2706 2748/2748/2748
f 2707/2707/2707 2749/2749/2749 2751/2751/2751
f 2707/2707/2707 2751/2751/2751 2709/2709/2709
f 2708/2708/2708 2752/2752/2752 2750/2750/2750
f 2708/2708/2708 2710/2710/2710 2752/2752/2752
f 2709/2709/2709 2751/2751/2751 2753/2753/2753
f 2709/2709/2709 2753/2753/2753 2711/2711/2711
f 2710/2710/2710 2754/2754/2754 2752/2752/2752
f 2710/2710/2710 2712/2712/2712 2754/2754/2754
f 2711/2711/2711 2753/2753/2753 2755/2755/2755
f 2711/2711/2711 2755/2755/2755 2713/2713/2713
f 2712/2712/2712 2756/2756/2756 2754/2754/2754
f 2712/2712/2712 2714/2714/2714 2756/2756/2756
f 2713/2713/2713 2755/2755/2755 2757/2757/2757
f 2713/2713/2713 2757/2757/2757 2715/2715/2715
f 2714/2714/2714 2758/2758/2758 2756/2756/2756
f 2714/2714/2714 2716/2716/2716 2758/2758/2758
f 2715/2715/2715 2757/2757/2757 2759/2759/2759
f 2715/2715/2715 2759/2759/2759 2717/2717/2717
f 2716/2716/2716 2760/2760/2760 2758/2758/2758
f 2716/2716/2716 2718/2718/2718 2760/2760/2760
f 2717/2717/2717 2759/2759/2759 2761/2761/2761
f 2717/2717/2717 2761/2761/2761 2719/2719/2719
f 2718/2718/2718 2762/2762/2762 2760/2760/2760
f 2718/2718/2718 2720/2720/2720 2762/2762/2762
f 2719/2719/2719 2761/2761/2761 2763/2763/2763
f 2719/2719/2719 2763/2763/2763 2721/2721/2721
f 2720/2720/2720 2764/2764/2764 2762/2762/2762
f 2720/2720/2720 2722/2722/2722 2764/2764/2764
f 2721/2721/2721 2763/2763/2763 2765/2765/2765
f 2721/2721/2721 2765/2765/2765 2723/2723/2723
f 2722/2722/2722 2766/2766/2766 2764/2764/2764
f 2722/2722/2722 2724/2724/2724 2766/2766/2766
f 2723/2723/2723 2765/2765/2765 2767/2767/2767
f 2723/2723/2723 2767/2767/2767 2725/2725/2725
f 2724/2724/2724 2768/2768/2768 2766/2766/2766
f 2724/2724/2724 2726/2726/2726 2768/2768/2768
f 2725/2725/2725 2767/2767/2767 2769/2769/2769
f 2725/2725/2725 2769/2769/2769 2727/2727/2727
f 2726/2726/2726 2770/2770/2770 2768/2768/2768
f 2726/2726/2726 2728/2728/2728 2770/2770/2770
f 2727/2727/2727 2769/2769/2769 2771/2771/2771
f 2727/2727/2727 2771/2771/2771 2729/2729/2729
f 2728/2728/2728 2772/2772/2772 2770/2770/2770
f 2728/2728/2728 2730/2730/2730 2772/2772/2772
f 2729/2729/2729 2771/2771/2771 2773/2773/2773
f 2729/2729/2729 2773/2773/2773 2731/2731/2731
f 2730/2730/2730 2774/2774/2774 2772/2772/2772
f 2730/2730/2730 2732/2732/2732 2774/2774/2774
f 2731/2731/2731 2773/2773/2773 2775/2775/2775
f 2731/2731/2731 2775/2775/2775 2733/2733/2733
f 2732/2732/2732 2776/2776/2776 2774/2774/2774
f 2732/2732/2732 2734/2734/2734 2776/2776/2776
f 2733/2733/2733 2775/2775/2775 2777/2777/2777
f 2733/2733/2733 2777/2777/2777 2735/2735/2735
f 2734/2734/2734 2778/2778/2778 2776/2776/2776
f 2734/2734/2734 2736/2736/2736 2778/2778/2778
f 2735/2735/2735 2777/2777/2777 2779/2779/2779
f 2735/2735/2735 2779/2779/2779 2737/2737/2737
f 2736/2736/2736 2780/2780/2780 2778/2778/2778
f 2736/2736/2736 2738/2738/2738 2780/2780/2780
f 2737/2737/2737 2779/2779/2779 2781/2781/2781
f 2737/2737/2737 2781/2781/2781 2739/2739/2739
f 2738/2738/2738 2782/2782/2782 2780/2780/2780
f 2738/2738/2738 2740/2740/2740 2782/2782/2782
f 2739/2739/2739 2781/2781/2781 2783/2783/2783
f 2739/2739/2739 2783/2783/2783 2741/2741/2741
f 2740/2740/2740 2784/2784/2784 2782/2782/2782
f 2740/2740/2740 2742/2742/2742 2784/2784/2784
f 2741/2741/2741 2783/2783/2783 2785/2785/2785
f 2741/2741/2741 2785/2785/2785 2743/2743/2743
f 2742/2742/2742 2786/2786/2786 2784/2784/2784
f 2742/2742/2742 2744/2744/2744 2786/2786/2786
f 2743/2743/2743 2785/2785/2785 2787/2787/2787
f 2743/2743/2743 2787/2787/2787 2745/2745/2745
f 2744/2744/2744 2788/2788/2788 2786/2786/2786
f 2744/2744/2744 2746/2746/2746 2788/2788/2788
f 2745/2745/2745 2787/2787/2787 2789/2789/2789
f 2745/2745/2745 2789/2789/2789 2747/2747/2747
f 2746/2746/2746 2790/2790/2790 2788/2788/2788
f 2746/2746/2746 2748/2748/2748 2790/2790/2790
f 2749/2749/2749 2791/2791/2791 2793/2793/2793
f 2749/2749/2749 2793/2793/2793 2751/2751/2751
f 2750/2750/2750 2794/2794/2794 2792/2792/2792
f 2750/2750/2750 2752/2752/2752 2794/2794/2794
f 2751/2751/2751 2793/2793/2793 2795/2795/2795
f 2751/2751/2751 2795/2795/2795 2753/2753/2753
f 2752/2752/2752 2796/2796/2796 2794/2794/2794
f 2752/2752/2752 2754/2754/2754 2796/2796/2796
f 2753/2753/2753 2795/2795/2795 2797/2797/2797
f 2753/2753/2753 2797/2797/2797 2755/2755/2755
f 2754/2754/2754 2798/2798/2798 2796/2796/2796
f 2754/2754/2754 2756/2756/2756 2798/2798/2798
f 2755/2755/2755 2797/2797/2797 2799/2799/2799
f 2755/2755/2755 2799/2799/2799 2757/2757/2757
f 2756/2756/2756 2800/2800/2800 2798/2798/2798
f 2756/2756/2756 2758/2758/2758 2800/2800/2800
f 2757/2757/2757 2799/2799/2799 2801/2801/2801
f 2757/2757/2757 2801/2801/2801 2759/2759/2759
f 2758/2758/2758 2802/2802/2802 2800/2800/2800
f 2758/2758/2758 2760/2760/2760 2802/2802/2802
f 2759/2759/2759 2801/2801/2801 2803/2803/2803
f 2759/2759/2759 2803/2803/2803 2761/2761/2761
f 2760/2760/2760 2804/2804/2804 2802/2802/2802
f 2760/2760/2760 2762/2762/2762 2804/2804/2804
f 2761/2761/2761 2803/2803/2803 2805/2805/2805
f 2761/2761/2761 2805/2805/2805 2763/2763/2763
f 2762/2762/2762 2806/2806/2806 2804/2804/2804
f 2762/2762/2762 2764/2764/2764 2806/2806/2806
f 2763/2763/2763 2805/2805/2805 2807/2807/2807
f 2763/2763/2763 2807/2807/2807 2765/2765/2765
f 2764/2764/2764 2808/2808/2808 2806/2806/2806
f 2764/2764/2764 2766/2766/2766 2808/2808/2808
f 2765/2765/2765 2807/2807/2807 2809/2809/2809
f 2765/2765/2765 2809/2809/2809 2767/2767/2767
f 2766/2766/2766 2810/2810/2810 2808/2808/2808
f 2766/2766/2766 2768/2768/2768 2810/2810/2810
f 2767/2767/2767 2809/2809/2809 2811/2811/2811
f 2767/2767/2767 2811/2811/2811 2769/2769/2769
f 2768/2768/2768 2812/2812/2812 2810/2810/2810
f 2768/2768/2768 2770/2770/2770 2812/2812/2812
f 2769/2769/2769 2811/2811/2811 2813/2813/2813
f 2769/2769/2769 2813/2813/2813 2771/2771/2771
f 2770/2770/2770 2814/2814/2814 2812/2812/2812
f 2770/2770/2770 2772/2772/2772 2814/2814/2814
f 2771/2771/2771 2813/2813/2813 2815/2815/2815
f 2771/2771/2771 2815/2815/2815 2773/2773/2773
f 2772/2772/2772 2816/2816/2816 2814/2814/2814
f 2772/2772/2772 2774/2774/2774 2816/2816/2816
f 2773/2773/2773 2815/2815/2815 2817/2817/2817
f 2773/2773/2773 2817/2817/2817 2775/2775/2775
f 2774/2774/2774 2818/2818/2818 2816/2816/2816
f 2774/2774/2774 2776/2776/2776 2818/2818/2818
f 2775/2775/2775 2817/2817/2817 2819/2819/2819
f 2775/2775/2775 2819/2819/2819 2777/2777/2777
f 2776/2776/2776 2820/2820/2820 2818/2818/2818
f 2776/2776/2776 2778/2778/2778 2820/2820/2820
f 2777/2777/2777 2819/2819/2819 2821/2821/2821
f 2777/2777/2777 2821/2821/2821 2779/2779/2779
f 2778/2778/2778 2822/2822/2822 2820/2820/2820
f 2778/2778/2778 2780/2780/2780 2822/2822/2822
f 2779/2779/2779 2821/2821/2821 2823/2823/2823
f 2779/2779/2779 2823/2823/2823 2781/2781/2781
f 2780/2780/2780 2824/2824/2824 2822/2822/2822
f 2780/2780/2780 2782/2782/2782 2824/2824/2824
f 2781/2781/2781 2823/2823/2823 2825/2825/2825
f 2781/2781/2781 2825/2825/2825 2783/2783/2783
f 2782/2782/2782 2826/2826/2826 2824/2824/2824
f 2782/2782/2782 2784/2784/2784 2826/2826/2826
f 2783/2783/2783 2825/2825/2825 2827/2827/2827
f 2783/2783/2783 2827/2827/2827 2785/2785/2785
f 2784/2784/2784 2828/2828/2828 2826/2826/2826
f 2784/2784/2784 2786/2786/2786 2828/2828/2828
f 2785/2785/2785 2827/2827/2827 2829/2829/2829
f 2785/2785/2785 2829/2829/2829 2787/2787/2787
f 2786/2786/2786 2830/2830/2830 2828/2828/2828
f 2786/2786/2786 2788/2788/2788 2830/2830/2830
f 2787/2787/2787 2829/2829/2829 2831/2831/2831
f 2787/2787/2787 2831/2831/2831 2789/2789/2789
f 2788/2788/2788 2832/2832/2832 2830/2830/2830
f 2788/2788/2788 2790/2790/2790 2832/2832/2832
f 2791/2791/2791 2833/2833/2833 2835/2835/2835
f 2791/2791/2791 2835/2835/2835 2793/2793/2793
f 2792/2792/2792 2836/2836/2836 2834/2834/2834
f 2792/2792/2792 2794/2794/2794 2836/2836/2836
f 2793/2793/2793 2835/2835/2835 2837/2837/2837
f 2793/2793/2793 2837/2837/2837 2795/2795/2795
f 2794/2794/2794 2838/2838/2838 2836/2836/2836
f 2794/2794/2794 2796/2796/2796 2838/2838/2838
f 2795/2795/2795 2837/2837/2837 2839/2839/2839
f 2795/2795/2795 2839/2839/2839 2797/2797/2797
f 2796/2796/2796 2840/2840/2840 2838/2838/2838
f 2796/2796/2796 2798/2798/2798 2840/2840/2840
f 2797/2797/2797 2839/2839/2839 2841/2841/2841
f 2797/2797/2797 2841/2841/2841 2799/2799/2799
f 2798/2798/2798 2842/2842/2842 2840/2840/2840
f 2798/2798/2798 2800/2800/2800 2842/2842/2842
f 2799/2799/2799 2841/2841/2841 2843/2843/2843
f 2799/2799/2799 2843/2843/2843 2801/2801/2801
f 2800/2800/2800 2844/2844/2844 2842/2842/2842
f 2800/2800/2800 2802/2802/2802 2844/2844/2844
f 2801/2801/2801 2843/2843/2843 2845/2845/2845
f 2801/2801/2801 2845/2845/2845 2803/2803/2803
f 2802/2802/2802 2846/2846/2846 2844/2844/2844
f 2802/2802/2802 2804/2804/2804 2846/2846/2846
f 2803/2803/2803 2845/2845/2845 2847/2847/2847
f 2803/2803/2803 2847/2847/2847 2805/2805/2805
f 2804/2804/2804 2848/2848/2848 2846/2846/2846
f 2804/2804/2804 2806/2806/2806 2848/2848/2848
f 2805/2805/2805 2847/2847/2847 2849/2849/2849
f 2805/2805/2805 2849/2849/2849 2807/2807/2807
f 2806/2806/2806 2850/2850/2850 2848/2848/2848
f 2806/2806/2806 2808/2808/2808 2850/2850/2850
f 2807/2807/2807 2849/2849/2849 2851/2851/2851
f 2807/2807/2807 2851/2851/2851 2809/2809/2809
f 2808/2808/2808 2852/2852/2852 2850/2850/2850
f 2808/2808/2808 2810/2810/2810 2852/2852/2852
f 2809/2809/2809 2851/2851/2851 2853/2853/2853
f 2809/2809/2809 2853/2853/2853 2811/2811/2811
f 2810/2810/2810 2854/2854/2854 2852/2852/2852
f 2810/2810/2810 2812/2812/2812 2854/2854/2854
f 2811/2811/2811 2853/2853/2853 2855/2855/2855
f 2811/2811/2811 2855/2855/2855 2813/2813/2813
f 2812/2812/2812 2856/2856/2856 2854/2854/2854
f 2812/2812/2812 2814/2814/2814 2856/2856/2856
f 2813/2813/2813 2855/2855/2855 2857/2857/2857
f 2813/2813/2813 2857/2857/2857 2815/2815/2815
f 2814/2814/2814 2858/2858/2858 2856/2856/2856
f 2814/2814/2814 2816/2816/2816 2858/2858/2858
f 2815/2815/2815 2857/2857/2857 2859/2859/2859
f 2815/2815/2815 2859/2859/2859 2817/2817/2817
f 2816/2816/2816 2860/2860/2860 2858/2858/2858
f 2816/2816/2816 2818/2818/2818 2860/2860/2860
f 2817/2817/2817 2859/2859/2859 2861/2861/2861
f 2817/2817/2817 2861/2861/2861 2819/2819/2819
f 2818/2818/2818 2862/2862/2862 2860/2860/2860
f 2818/2818/2818 2820/2820/2820 2862/2862/2862
f 2819/2819/2819 2861/2861/2861 2863/2863/2863
f 2819/2819/2819 2863/2863/2863 2821/2821/2821
f 2820/2820/2820 2864/2864/2864 2862/2862/2862
f 2820/2820/2820 2822/2822/2822 2864/2864/2864
f 2821/2821/2821 2863/2863/2863 2865/2865/2865
f 2821/2821/2821 2865/2865/2865 2823/2823/2823
f 2822/2822/2822 2866/2866/2866 2864/2864/2864
f 2822/2822/2822 2824/2824/2824 2866/2866/2866
f 2823/2823/2823 2865/2865/2865 2867/2867/2867
f 2823/2823/2823 2867/2867/2867 2825/2825/2825
f 2824/2824/2824 2868/2868/2868 2866/2866/2866
f 2824/2824/2824 2826/2826/2826 2868/2868/2868
f 2825/2825/2825 2867/2867/2867 2869/2869/2869
f 2825/2825/2825 2869/2869/2869 2827/2827/2827
f 2826/2826/2826 2870/2870/2870 2868/2868/2868
f 2826/2826/2826 2828/2828/2828 2870/2870/2870
f 2827/2827/2827 2869/2869/2869 2871/2871/2871
f 2827/2827/2827 2871/2871/2871 2829/2829/2829
f 2828/2828/2828 2872/2872/2872 2870/2870/2870
f 2828/2828/2828 2830/2830/2830 2872/2872/2872
f 2829/2829/2829 2871/2871/2871 2873/2873/2873
f 2829/2829/2829 2873/2873/2873 2831/2831/2831
f 2830/2830/2830 2874/2874/2874 2872/2872/2872
f 2830/2830/2830 2832/2832/2832 2874/2874/2874
f 2833/2833/2833 2875/2875/2875 2877/2877/2877
f 2833/2833/2833 2877/2877/2877 2835/2835/2835
f 2834/2834/2834 2878/2878/2878 2876/2876/2876
f 2834/2834/2834 2836/2836/2836 2878/2878/2878
f 2835/2835/2835 2877/2877/2877 2879/2879/2879
f 2835/2835/2835 2879/2879/2879 2837/2837/2837
f 2836/2836/2836 2880/2880/2880 2878/2878/2878
f 2836/2836/2836 2838/2838/2838 2880/2880/2880
f 2837/2837/2837 2879/2879/2879 2881/2881/2881
f 2837/2837/2837 2881/2881/2881 2839/2839/2839
f 2838/2838/2838 2882/2882/2882 2880/2880/2880
f 2838/2838/2838 2840/2840/2840 2882/2882/2882
f 2839/2839/2839 2881/2881/2881 2883/2883/2883
f 2839/2839/2839 2883/2883/2883 2841/2841/2841
f 2840/2840/2840 2884/2884/2884 2882/2882/2882
f 2840/2840/2840 2842/2842/2842 2884/2884/2884
f 2841/2841/2841 2883/2883/2883 2885/2885/2885
f 2841/2841/2841 2885/2885/2885 2843/2843/2843
f 2842/2842/2842 2886/2886/2886 2884/2884/2884
f 2842/2842/2842 2844/2844/2844 2886/2886/2886
f 2843/2843/2843 2885/2885/2885 2887/2887/2887
f 2843/2843/2843 2887/2887/2887 2845/2845/2845
f 2844/2844/2844 2888/2888/2888 2886/2886/2886
f 2844/2844/2844 2846/2846/2846 2888/2888/2888
f 2845/2845/2845 2887/2887/2887 2889/2889/2889
f 2845/2845/2845 2889/2889/2889 2847/2847/2847
f 2846/2846/2846 2890/2890/2890 2888/2888/2888
f 2846/2846/2846 2848/2848/2848 2890/2890/2890
f 2847/2847/2847 2889/2889/2889 2891/2891/2891
f 2847/2847/2847 2891/2891/2891 2849/2849/2849
f 2848/2848/2848 2892/2892/2892 2890/2890/2890
f 2848/2848/2848 2850/2850/2850 2892/2892/2892
f 2849/2849/2849 2891/2891/2891 2893/2893/2893
f 2849/2849/2849 2893/2893/2893 2851/2851/2851
f 2850/2850/2850 2894/2894/2894 2892/2892/2892
f 2850/2850/2850 2852/2852/2852 2894/2894/2894
f 2851/2851/2851 2893/2893/2893 2895/2895/2895
f 2851/2851/2851 2895/2895/2895 2853/2853/2853
f 2852/2852/2852 2896/2896/2896 2894/2894/2894
f 2852/2852/2852 2854/2854/2854 2896/2896/2896
f 2853/2853/2853 2895/2895/2895 2897/2897/2897
f 2853/2853/2853 2897/2897/2897 2855/2855/2855
f 2854/2854/2854 2898/2898/2898 2896/2896/2896
f 2854/2854/2854 2856/2856/2856 2898/2898/2898
f 2855/2855/2855 2897/2897/2897 2899/2899/2899
f 2855/2855/2855 2899/2899/2899 2857/2857/2857
f 2856/2856/2856 2900/2900/2900 2898/2898/2898
f 2856/2856/2856 2858/2858/2858 2900/2900/2900
f 2857/2857/2857 2899/2899/2899 2901/2901/2901
f 2857/2857/2857 2901/2901/2901 2859/2859/2859
f 2858/2858/2858 2902/2902/2902 2900/2900/2900
f 2858/2858/2858 2860/2860/2860 2902/2902/2902
f 2859/2859/2859 2901/2901/2901 2903/2903/2903
f 2859/2859/2859 2903/2903/2903 2861/2861/2861
f 2860/2860/2860 2904/2904/2904 2902/2902/2902
f 2860/2860/2860 2862/2862/2862 2904/2904/2904
f 2861/2861/2861 2903/2903/2903 2905/2905/2905
f 2861/2861/2861 2905/2905/2905 2863/2863/2863
f 2862/2862/2862 2906/2906/2906 2904/2904/2904
f 2862/2862/2862 2864/2864/2864 2906/2906/2906
f 2863/2863/2863 2905/2905/2905 2907/2907/2907
f 2863/2863/2863 2907/2907/2907 2865/2865/2865
f 2864/2864/2864 2908/2908/2908 2906/2906/2906
f 2864/2864/2864 2866/2866/2866 2908/2908/2908
f 2865/2865/2865 2907/2907/2907 2909/2909/2909
f 2865/2865/2865 2909/2909/2909 2867/2867/2867
f 2866/2866/2866 2910/2910/2910 2908/2908/2908
f 2866/2866/2866 2868/2868/2868 2910/2910/2910
f 2867/2867/2867 2909/2909/2909 2911/2911/2911
f 2867/2867/2867 2911/2911/2911 2869/2869/2869
f 2868/2868/2868 2912/2912/2912 2910/2910/2910
f 2868/2868/2868 2870/2870/2870 2912/2912/2912
f 2869/2869/2869 2911/2911/2911 2913/2913/2913
f 2869/2869/2869 2913/2913/2913 2871/2871/2871
f 2870/2870/2870 2914/2914/2914 2912/2912/2912
f 2870/2870/2870 2872/2872/2872 2914/2914/2914
f 2871/2871/2871 2913/2913/2913 2915/2915/2915
f 2871/2871/2871 2915/2915/2915 2873/2873/2873
f 2872/2872/2872 2916/2916/2916 2914/2914/2914
f 2872/2872/2872 2874/2874/2874 2916/2916/2916
f 2875/2875/2875 2917/2917/2917 2919/2919/2919
f 2875/2875/2875 2919/2919/2919 2877/2877/2877
f 2876/2876/2876 2920/2920/2920 2918/2918/2918
f 2876/2876/2876 2878/2878/2878 2920/2920/2920
f 2877/2877/2877 2919/2919/2919 2921/2921/2921
f 2877/2877/2877 2921/2921/2921 2879/2879/2879
f 2878/2878/2878 2922/2922/2922 2920/2920/2920
f 2878/2878/2878 2880/2880/2880 2922/2922/2922
f 2879/2879/2879 2921/2921/2921 2923/2923/2923
f 2879/2879/2879 2923/2923/2923 2881/2881/2881
f 2880/2880/2880 2924/2924/2924 2922/2922/2922
f 2880/2880/2880 2882/2882/2882 2924/2924/2924
f 2881/2881/2881 2923/2923/2923 2925/2925/2925
f 2881/2881/2881 2925/2925/2925 2883/2883/2883
f 2882/2882/2882 2926/2926/2926 2924/2924/2924
f 2882/2882/2882 2884/2884/2884 2926/2926/2926
f 2883/2883/2883 2925/2925/2925 2927/2927/2927
f 2883/2883/2883 2927/2927/2927 2885/2885/2885
f 2884/2884/2884 2928/2928/2928 2926/2926/2926
f 2884/2884/2884 2886/2886/2886 2928/2928/2928
f 2885/2885/2885 2927/2927/2927 2929/2929/2929
f 2885/2885/2885 2929/2929/2929 2887/2887/2887
f 2886/2886/2886 2930/2930/2930 2928/2928/2928
f 2886/2886/2886 2888/2888/2888 2930/2930/2930
f 2887/2887/2887 2929/2929/2929 2931/2931/2931
f 2887/2887/2887 2931/2931/2931 2889/2889/2889
f 2888/2888/2888 2932/2932/2932 2930/2930/2930
f 2888/2888/2888 2890/2890/2890 2932/2932/2932
f 2889/2889/2889 2931/2931/2931 2933/2933/2933
f 2889/2889/2889 2933/2933/2933 2891/2891/2891
f 2890/2890/2890 2934/2934/2934 2932/2932/2932
f 2890/2890/2890 2892/2892/2892 2934/2934/2934
f 2891/2891/2891 2933/2933/2933 2935/2935/2935
f 2891/2891/2891 2935/2935/2935 2893/2893/2893
f 2892/2892/2892 2936/2936/2936 2934/2934/2934
f 2892/2892/2892 2894/2894/2894 2936/2936/2936
f 2893/2893/2893 2935/2935/2935 2937/2937/2937
f 2893/2893/2893 2937/2937/2937 2895/2895/2895
f 2894/2894/2894 2938/2938/2938 2936/2936/2936
f 2894/2894/2894 2896/2896/2896 2938/2938/2938
f 2895/2895/2895 2937/2937/2937 2939/2939/2939
f 2895/2895/2895 2939/2939/2939 2897/2897/2897
f 2896/2896/2896 2940/2940/2940 2938/2938/2938
f 2896/2896/2896 2898/2898/2898 2940/2940/2940
f 2897/2897/2897 2939/2939/2939 2941/2941/2941
f 2897/2897/2897 2941/2941/2941 2899/2899/2899
f 2898/2898/2898 2942/2942/2942 2940/2940/2940
f 2898/2898/2898 2900/2900/2900 2942/2942/2942
f 2899/2899/2899 2941/2941/2941 2943/2943/2943
f 2899/2899/2899 2943/2943/2943 2901/2901/2901
f 2900/2900/2900 2944/2944/2944 2942/2942/2942
f 2900/2900/2900 2902/2902/2902 2944/2944/2944
f 2901/2901/2901 2943/2943/2943 2945/2945/2945
f 2901/2901/2901 2945/2945/2945 2903/2903/2903
f 2902/2902/2902 2946/2946/2946 2944/2944/2944
f 2902/2902/2902 2904/2904/2904 2946/2946/2946
f 2903/2903/2903 2945/2945/2945 2947/2947/2947
f 2903/2903/2903 2947/2947/2947 2905/2905/2905
f 2904/2904/2904 2948/2948/2948 2946/2946/2946
f 2904/2904/2904 2906/2906/2906 2948/2948/2948
f 2905/2905/2905 2947/2947/2947 2949/2949/2949
f 2905/2905/2905 2949/2949/2949 2907/2907/2907
f 2906/2906/2906 2950/2950/2950 2948/2948/2948
f 2906/2906/2906 2908/2908/2908 2950/2950/2950
f 2907/2907/2907 2949/2949/2949 2951/2951/2951
f 2907/2907/2907 2951/2951/2951 2909/2909/2909
f 2908/2908/2908 2952/2952/2952 2950/2950/2950
f 2908/2908/2908 2910/2910/2910 2952/2952/2952
f 2909/2909/2909 2951/2951/2951 2953/2953/2953
f 2909/2909/2909 2953/2953/2953 2911/2911/2911
f 2910/2910/2910 2954/2954/2954 2952/2952/2952
f 2910/2910/2910 2912/2912/2912 2954/2954/2954
f 2911/2911/2911 2953/2953/2953 2955/2955/2955
f 2911/2911/2911 2955/2955/2955 2913/2913/2913
f 2912/2912/2912 2956/2956/2956 2954/2954/2954
f 2912/2912/2912 2914/2914/2914 2956/2956/2956
f 2913/2913/2913 2955/2955/2955 2957/2957/2957
f 2913/2913/2913 2957/2957/2957 2915/2915/2915
f 2914/2914/2914 2958/2958/2958 2956/2956/2956
f 2914/2914/2914 2916/2916/2916 2958/2958/2958
f 2917/2917/2917 2959/2959/2959 2961/2961/2961
f 2917/2917/2917 2961/2961/2961 2919/2919/2919
f 2918/2918/2918 2962/2962/2962 2960/2960/2960
f 2918/2918/2918 2920/2920/2920 2962/2962/2962
f 2919/2919/2919 2961/2961/2961 2963/2963/2963
f 2919/2919/2919 2963/2963/2963 2921/2921/2921
f 2920/2920/2920 2964/2964/2964 2962/2962/2962
f 2920/2920/2920 2922/2922/2922 2964/2964/2964
f 2921/2921/2921 2963/2963/2963 2965/2965/2965
f 2921/2921/2921 2965/2965/2965 2923/2923/2923
f 2922/2922/2922 2966/2966/2966 2964/2964/2964
f 2922/2922/2922 2924/2924/2924 2966/2966/2966
f 2923/2923/2923 2965/2965/2965 2967/2967/2967
f 2923/2923/2923 2967/2967/2967 2925/2925/2925
f 2924/2924/2924 2968/2968/2968 2966/2966/2966
f 2924/2924/2924 2926/2926/2926 2968/2968/2968
f 2925/2925/2925 2967/2967/2967 2969/2969/2969
f 2925/2925/2925 2969/2969/2969 2927/2927/2927
f 2926/2926/2926 2970/2970/2970 2968/2968/2968
f 2926/2926/2926 2928/2928/2928 2970/2970/2970
f 2927/2927/2927 2969/2969/2969 2971/2971/2971
f 2927/2927/2927 2971/2971/2971 2929/2929/2929
f 2928/2928/2928 2972/2972/2972 2970/2970/2970
f 2928/2928/2928 2930/2930/2930 2972/2972/2972
f 2929/2929/2929 2971/2971/2971 2973/2973/2973
f 2929/2929/2929 2973/2973/2973 2931/2931/2931
f 2930/2930/2930 2974/2974/2974 2972/2972/2972
f 2930/2930/2930 2932/2932/2932 2974/2974/2974
f 2931/2931/2931 2973/2973/2973 2975/2975/2975
f 2931/2931/2931 2975/2975/2975 2933/2933/2933
f 2932/2932/2932 2976/2976/2976 2974/2974/2974
f 2932/2932/2932 2934/2934/2934 2976/2976/2976
f 2933/2933/2933 2975/2975/2975 2977/2977/2977
f 2933/2933/2933 2977/2977/2977 2935/2935/2935
f 2934/2934/2934 2978/2978/2978 2976/2976/2976
f 2934/2934/2934 2936/2936/2936 2978/2978/2978
f 2935/2935/2935 2977/2977/2977 2979/2979/2979
f 2935/2935/2935 2979/2979/2979 2937/2937/2937
f 2936/2936/2936 2980/2980/2980 2978/2978/2978
f 2936/2936/2936 2938/2938/2938 2980/2980/2980
f 2937/2937/2937 2979/2979/2979 2981/2981/2981
f 2937/2937/2937 2981/2981/2981 2939/2939/2939
f 2938/2938/2938 2982/2982/2982 2980/2980/2980
f 2938/2938/2938 2940/2940/2940 2982/2982/2982
f 2939/2939/2939 2981/2981/2981 2983/2983/2983
f 2939/2939/2939 2983/2983/2983 2941/2941/2941
f 2940/2940/2940 2984/2984/2984 2982/2982/2982
f 2940/2940/2940 2942/2942/2942 2984/2984/2984
f 2941/2941/2941 2983/2983/2983 2985/2985/2985
f 2941/2941/2941 2985/2985/2985 2943/2943/2943
f 2942/2942/2942 2986/2986/2986 2984/2984/2984
f 2942/2942/2942 2944/2944/2944 2986/2986/2986
f 2943/2943/2943 2985/2985/2985 2987/2987/2987
f 2943/2943/2943 2987/2987/2987 2945/2945/2945
f 2944/2944/2944 2988/2988/2988 2986/2986/2986
f 2944/2944/2944 2946/2946/2946 2988/2988/2988
f 2945/2945/2945 2987/2987/2987 2989/2989/2989
f 2945/2945/2945 2989/2989/2989 2947/2947/2947
f 2946/2946/2946 2990/2990/2990 2988/2988/2988
f 2946/2946/2946 2948/2948/2948 2990/2990/2990
f 2947/2947/2947 2989/2989/2989 2991/2991/2991
f 2947/2947/2947 2991/2991/2991 2949/2949/2949
f 2948/2948/2948 2992/2992/2992 2990/2990/2990
f 2948/2948/2948 2950/2950/2950 2992/2992/2992
f 2949/2949/2949 2991/2991/2991 2993/2993/2993
f 2949/2949/2949 2993/2993/2993 2951/2951/2951
f 2950/2950/2950 2994/2994/2994 2992/2992/2992
f 2950/2950/2950 2952/2952/2952 2994/2994/2994
f 2951/2951/2951 2993/2993/2993 2995/2995/2995
f 2951/2951/2951 2995/2995/2995 2953/2953/2953
f 2952/2952/2952 2996/2996/2996 2994/2994/2994
f 2952/2952/2952 2954/2954/2954 2996/2996/2996
f 2953/2953/2953 2995/2995/2995 2997/2997/2997
f 2953/2953/2953 2997/2997/2997 2955/2955/2955
f 2954/2954/2954 2998/2998/2998 2996/2996/2996
f 2954/2954/2954 2956/2956/2956 2998/2998/2998
f 2955/2955/2955 2997/2997/2997 2999/2999/2999
f 2955/2955/2955 2999/2999/2999 2957/2957/2957
f 2956/2956/2956 3000/3000/3000 2998/2998/2998
f 2956/2956/2956 2958/2958/2958 3000/3000/3000
f 2959/2959/2959 3001/3001/3001 3002/3002/3002
f 2959/2959/2959 3002/3002/3002 2999/2999/2999
f 3003/3003/3003 3020/3020/3020 3021/3021/3021
f 3003/3003/3003 3021/3021/3021 3004/3004/3004
f 3004/3004/3004 3021/3021/3021 3022/3022/3022
f 3004/3004/3004 3022/3022/3022 3005/3005/3005
f 3005/3005/3005 3022/3022/3022 3023/3023/3023
f 3005/3005/3005 3023/3023/3023 3006/3006/3006
f 3006/3006/3006 3023/3023/3023 3024/3024/3024
f 3006/3006/3006 3024/3024/3024 3007/3007/3007
f 3007/3007/3007 3024/3024/3024 3025/3025/3025
f 3007/3007/3007 3025/3025/3025 3008/3008/3008
f 3008/3008/3008 3025/3025/3025 3026/3026/3026
f 3008/3008/3008 3026/3026/3026 3009/3009/3009
f 3009/3009/3009 3026/3026/3026 3027/3027/3027
f 3009/3009/3009 3027/3027/3027 3010/3010/3010
f 3010/3010/3010 3027/3027/3027 3028/3028/3028
f 3010/3010/3010 3028/3028/3028 3011/3011/3011
f 3011/3011/3011 3028/3028/3028 3029/3029/3029
f 3011/3011/3011 3029/3029/3029 3012/3012/3012
f 3012/3012/3012 3029/3029/3029 3030/3030/3030
f 3012/3012/3012 3030/3030/3030 3013/3013/3013
f 3013/3013/3013 3030/3030/3030 3031/3031/3031
f 3013/3013/3013 3031/3031/3031 3014/3014/3014
f 3014/3014/3014 3031/3031/3031 3032/3032/3032
f 3014/3014/3014 3032/3032/3032 3015/3015/3015
f 3015/3015/3015 3032/3032/3032 3033/3033/3033
f 3015/3015/3015 3033/3033/3033 3016/3016/3016
f 3016/3016/3016 3033/3033/3033 3034/3034/3034
f 3016/3016/3016 3034/3034/3034 3017/3017/3017
f 3017/3017/3017 3034/3034/3034 3035/3035/3035
f 3017/3017/3017 3035/3035/3035 3018/3018/3018
f 3018/3018/3018 3035/3035/3035 3036/3036/3036
f 3018/3018/3018 3036/3036/3036 3019/3019/3019
f 3020/3020/3020 3037/3037/3037 3038/3038/3038
f 3020/3020/3020 3038/3038/3038 3021/3021/3021
f 3021/3021/3021 3038/3038/3038 3039/3039/3039
f 3021/3021/3021 3039/3039/3039 3022/3022/3022
f 3022/3022/3022 3039/3039/3039 3040/3040/3040
f 3022/3022/3022 3040/3040/3040 3023/3023/3023
f 3023/3023/3023 3040/3040/3040 3041/3041/3041
f 3023/3023/3023 3041/3041/3041 3024/3024/3024
f 3024/3024/3024 3041/3041/3041 3042/3042/3042
f 3024/3024/3024 3042/3042/3042 3025/3025/3025
f 3025/3025/3025 3042/3042/3042 3043/3043/3043
f 3025/3025/3025 3043/3043/3043 3026/3026/3026
f 3026/3026/3026 3043/3043/3043 3044/3044/3044
f 3026/3026/3026 3044/3044/3044 3027/3027/3027
f 3027/3027/3027 3044/3044/3044 3045/3045/3045
f 3027/3027/3027 3045/3045/3045 3028/3028/3028
f 3028/3028/3028 3045/3045/3045 3046/3046/3046
f 3028/3028/3028 3046/3046/3046 3029/3029/3029
f 3029/3029/3029 3046/3046/3046 3047/3047/3047
f 3029/3029/3029 3047/3047/3047 3030/3030/3030
f 3030/3030/3030 3047/3047/3047 3048/3048/3048
f 3030/3030/3030 3048/3048/3048 3031/3031/3031
f 3031/3031/3031 3048/3048/3048 3049/3049/3049
f 3031/3031/3031 3049/3049/3049 3032/3032/3032
f 3032/3032/3032 3049/3049/3049 3050/3050/3050
f 3032/3032/3032 3050/3050/3050 3033/3033/3033
f 3033/3033/3033 3050/3050/3050 3051/3051/3051
f 3033/3033/3033 3051/3051/3051 3034/3034/3034
f 3034/3034/3034 3051/3051/3051 3052/3052/3052
f 3034/3034/3034 3052/3052/3052 3035/3035/3035
f 3035/3035/3035 3052/3052/3052 3053/3053/3053
f 3035/3035/3035 3053/3053/3053 3036/3036/3036
f 3037/3037/3037 3054/3054/3054 3055/3055/3055
f 3037/3037/3037 3055/3055/3055 3038/3038/3038
f 3038/3038/3038 3055/3055/3055 3056/3056/3056
f 3038/3038/3038 3056/3056/3056 3039/3039/3039
f 3039/3039/3039 3056/3056/3056 3057/3057/3057
f 3039/3039/3039 3057/3057/3057 3040/3040/3040
f 3040/3040/3040 3057/3057/3057 3058/3058/3058
f 3040/3040/3040 3058/3058/3058 3041/3041/3041
f 3041/3041/3041 3058/3058/3058 3059/3059/3059
f 3041/3041/3041 3059/3059/3059 3042/3042/3042
f 3042/3042/3042 3059/3059/3059 3060/3060/3060
f 3042/3042/3042 3060/3060/3060 3043/3043/3043
f 3043/3043/3043 3060/3060/3060 3061/3061/3061
f 3043/3043/3043 3061/3061/3061 3044/3044/3044
f 3044/3044/3044 3061/3061/3061 3062/3062/3062
f 3044/3044/3044 3062/3062/3062 3045/3045/3045
f 3045/3045/3045 3062/3062/3062 3063/3063/3063
f 3045/3045/3045 3063/3063/3063 3046/3046/3046
f 3046/3046/3046 3063/3063/3063 3064/3064/3064
f 3046/3046/3046 3064/3064/3064 3047/3047/3047
f 3047/3047/3047 3064/3064/3064 3065/3065/3065
f 3047/3047/3047 3065/3065/3065 3048/3048/3048
f 3048/3048/3048 3065/3065/3065 3066/3066/3066
f 3048/3048/3048 3066/3066/3066 3049/3049/3049
f 3049/3049/3049 3066/3066/3066 3067/3067/3067
f 3049/3049/3049 3067/3067/3067 3050/3050/3050
f 3050/3050/3050 3067/3067/3067 3068/3068/3068
f 3050/3050/3050 3068/3068/3068 3051/3051/3051
f 3051/3051/3051 3068/3068/3068 3069/3069/3069
f 3051/3051/3051 3069/3069/3069 3052/3052/3052
f 3052/3052/3052 3069/3069/3069 3070/3070/3070
f 3052/3052/3052 3070/3070/3070 3053/3053/3053
f 3054/3054/3054 3071/3071/3071 3072/3072/3072
f 3054/3054/3054 3072/3072/3072 3055/3055/3055
f 3055/3055/3055 3072/3072/3072 3073/3073/3073
f 3055/3055/3055 3073/3073/3073 3056/3056/3056
f 3056/3056/3056 3073/3073/3073 3074/3074/3074
f 3056/3056/3056 3074/3074/3074 3057/3057/3057
f 3057/3057/3057 3074/3074/3074 3075/3075/3075
f 3057/3057/3057 3075/3075/3075 3058/3058/3058
f 3058/3058/3058 3075/3075/3075 3076/3076/3076
f 3058/3058/3058 3076/3076/3076 3059/3059/3059
f 3059/3059/3059 3076/3076/3076 3077/3077/3077
f 3059/3059/3059 3077/3077/3077 3060/3060/3060
f 3060/3060/3060 3077/3077/3077 3078/3078/3078
f 3060/3060/3060 3078/3078/3078 3061/3061/3061
f 3061/3061/3061 3078/3078/3078 3079/3079/3079
f 3061/3061/3061 3079/3079/3079 3062/3062/3062
f 3062/3062/3062 3079/3079/3079 3080/3080/3080
f 3062/3062/3062 3080/3080/3080 3063/3063/3063
f 3063/3063/3063 3080/3080/3080 3081/3081/3081
f 3063/3063/3063 3081/3081/3081 3064/3064/3064
f 3064/3064/3064 3081/3081/3081 3082/3082/3082
f 3064/3064/3064 3082/3082/3082 3065/3065/3065
f 3065/3065/3065 3082/3082/3082 3083/3083/3083
f 3065/3065/3065 3083/3083/3083 3066/3066/3066
f 3066/3066/3066 3083/3083/3083 3084/3084/3084
f 3066/3066/3066 3084/3084/3084 3067/3067/3067
f 3067/3067/3067 3084/3084/3084 3085/3085/3085
f 3067/3067/3067 3085/3085/3085 3068/3068/3068
f 3068/3068/3068 3085/3085/3085 3086/3086/3086
f 3068/3068/3068 3086/3086/3086 3069/3069/3069
f 3069/3069/3069 3086/3086/3086 3087/3087/3087
f 3069/3069/3069 3087/3087/3087 3070/3070/3070
f 3071/3071/3071 3088/3088/3088 3089/3089/3089
f 3071/3071/3071 3089/3089/3089 3072/3072/3072
f 3072/3072/3072 3089/3089/3089 3090/3090/3090
f 3072/3072/3072 3090/3090/3090 3073/3073/3073
f 3073/3073/3073 3090/3090/3090 3091/3091/3091
f 3073/3073/3073 3091/3091/3091 3074/3074/3074
f 3074/3074/3074 3091/3091/3091 3092/3092/3092
f 3074/3074/3074 3092/3092/3092 3075/3075/3075
f 3075/3075/3075 3092/3092/3092 3093/3093/3093
f 3075/3075/3075 3093/3093/3093 3076/3076/3076
f 3076/3076/3076 3093/3093/3093 3094/3094/3094
f 3076/3076/3076 3094/3094/3094 3077/3077/3077
f 3077/3077/3077 3094/3094/3094 3095/3095/3095
f 3077/3077/3077 3095/3095/3095 3078/3078/3078
f 3078/3078/3078 3095/3095/3095 3096/3096/3096
f 3078/3078/3078 3096/3096/3096 3079/3079/3079
f 3079/3079/3079 3096/3096/3096 3097/3097/3097
f 3079/3079/3079 3097/3097/3097 3080/3080/3080
f 3080/3080/3080 3097/3097/3097 3098/3098/3098
f 3080/3080/3080 3098/3098/3098 3081/3081/3081
f 3081/3081/3081 3098/3098/3098 3099/3099/3099
f 3081/3081/3081 3099/3099/3099 3082/3082/3082
f 3082/3082/3082 3099/3099/3099 3100/3100/3100
f 3082/3082/3082 3100/3100/3100 3083/3083/3083
f 3083/3083/3083 3100/3100/3100 3101/3101/3101
f 3083/3083/3083 3101/3101/3101 3084/3084/3084
f 3084/3084/3084 3101/3101/3101 3102/3102/3102
f 3084/3084/3084 3102/3102/3102 3085/3085/3085
f 3085/3085/3085 3102/3102/3102 3103/3103/3103
f 3085/3085/3085 3103/3103/3103 3086/3086/3086
f 3086/3086/3086 3103/3103/3103 3104/3104/3104
f 3086/3086/3086 3104/3104/3104 3087/3087/3087
f 3088/3088/3088 3105/3105/3105 3106/3106/3106
f 3088/3088/3088 3106/3106/3106 3089/3089/3089
f 3089/3089/3089 3106/3106/3106 3107/3107/3107
f 3089/3089/3089 3107/3107/3107 3090/3090/3090
f 3090/3090/3090 3107/3107/3107 3108/3108/3108
f 3090/3090/3090 3108/3108/3108 3091/3091/3091
f 3091/3091/3091 3108/3108/3108 3109/3109/3109
f 3091/3091/3091 3109/3109/3109 3092/3092/3092
f 3092/3092/3092 3109/3109/3109 3110/3110/3110
f 3092/3092/3092 3110/3110/3110 3093/3093/3093
f 3093/3093/3093 3110/3110/3110 3111/3111/3111
f 3093/3093/3093 3111/3111/3111 3094/3094/3094
f 3094/3094/3094 3111/3111/3111 3112/3112/3112
f 3094/3094/3094 3112/3112/3112 3095/3095/3095
f 3095/3095/3095 3112/3112/3112 3113/3113/3113
f 3095/3095/3095 3113/3113/3113 3096/3096/3096
f 3096/3096/3096 3113/3113/3113 3114/3114/3114
f 3096/3096/3096 3114/3114/3114 3097/3097/3097
f 3097/3097/3097 3114/3114/3114 3115/3115/3115
f 3097/3097/3097 3115/3115/3115 3098/3098/3098
f 3098/3098/3098 3115/3115/3115 3116/3116/3116
f 3098/3098/3098 3116/3116/3116 3099/3099/3099
f 3099/3099/3099 3116/3116/3116 3117/3117/3117
f 3099/3099/3099 3117/3117/3117 3100/3100/3100
f 3100/3100/3100 3117/3117/3117 3118/3118/3118
f 3100/3100/3100 3118/3118/3118 3101/3101/3101
f 3101/3101/3101 3118/3118/3118 3119/3119/3119
f 3101/3101/3101 3119/3119/3119 3102/3102/3102
f 3102/3102/3102 3119/3119/3119 3120/3120/3120
f 3102/3102/3102 3120/3120/3120 3103/3103/3103
f 3103/3103/3103 3120/3120/3120 3121/3121/3121
f 3103/3103/3103 3121/3121/3121 3104/3104/3104
f 3105/3105/3105 3122/3122/3122 3123/3123/3123
f 3105/3105/3105 3123/3123/3123 3106/3106/3106
f 3106/3106/3106 3123/3123/3123 3124/3124/3124
f 3106/3106/3106 3124/3124/3124 3107/3107/3107
f 3107/3107/3107 3124/3124/3124 3125/3125/3125
f 3107/3107/3107 3125/3125/3125 3108/3108/3108
f 3108/3108/3108 3125/3125/3125 3126/3126/3126
f 3108/3108/3108 3126/3126/3126 3109/3109/3109
f 3109/3109/3109 3126/3126/3126 3127/3127/3127
f 3109/3109/3109 3127/3127/3127 3110/3110/3110
f 3110/3110/3110 3127/3127/3127 3128/3128/3128
f 3110/3110/3110 3128/3128/3128 3111/3111/3111
f 3111/3111/3111 3128/3128/3128 3129/3129/3129
f 3111/3111/3111 3129/3129/3129 3112/3112/3112
f 3112/3112/3112 3129/3129/3129 3130/3130/3130
f 3112/3112/3112 3130/3130/3130 3113/3113/3113
f 3113/3113/3113 3130/3130/3130 3131/3131/3131
f 3113/3113/3113 3131/3131/3131 3114/3114/3114
f 3114/3114/3114 3131/3131/3131 3132/3132/3132
f 3114/3114/3114 3132/3132/3132 3115/3115/3115
f 3115/3115/3115 3132/3132/3132 3133/3133/3133
f 3115/3115/3115 3133/3133/3133 3116/3116/3116
f 3116/3116/3116 3133/3133/3133 3134/3134/3134
f 3116/3116/3116 3134/3134/3134 3117/3117/3117
f 3117/3117/3117 3134/3134/3134 3135/3135/3135
f 3117/3117/3117 3135/3135/3135 3118/3118/3118
f 3118/3118/3118 3135/3135/3135 3136/3136/3136
f 3118/3118/3118 3136/3136/3136 3119/3119/3119
f 3119/3119/3119 3136/3136/3136 3137/3137/3137
f 3119/3119/3119 3137/3137/3137 3120/3120/3120
f 3120/3120/3120 3137/3137/3137 3138/3138/3138
f 3120/3120/3120 3138/3138/3138 3121/3121/3121
f 3122/3122/3122 3139/3139/3139 3140/3140/3140
f 3122/3122/3122 3140/3140/3140 3123/3123/3123
f 3123/3123/3123 3140/3140/3140 3141/3141/3141
f 3123/3123/3123 3141/3141/3141 3124/3124/3124
f 3124/3124/3124 3141/3141/3141 3142/3142/3142
f 3124/3124/3124 3142/3142/3142 3125/3125/3125
f 3125/3125/3125 3142/3142/3142 3143/3143/3143
f 3125/3125/3125 3143/3143/3143 3126/3126/3126
f 3126/3126/3126 3143/3143/3143 3144/3144/3144
f 3126/3126/3126 3144/3144/3144 3127/3127/3127
f 3127/3127/3127 3144/3144/3144 3145/3145/3145
f 3127/3127/3127 3145/3145/3145 3128/3128/3128
f 3128/3128/3128 3145/3145/3145 3146/3146/3146
f 3128/3128/3128 3146/3146/3146 3129/3129/3129
f 3129/3129/3129 3146/3146/3146 3147/3147/3147
f 3129/3129/3129 3147/3147/3147 3130/3130/3130
f 3130/3130/3130 3147/3147/3147 3148/3148/3148
f 3130/3130/3130 3148/3148/3148 3131/3131/3131
f 3131/3131/3131 3148/3148/3148 3149/3149/3149
f 3131/3131/3131 3149/3149/3149 3132/3132/3132
f 3132/3132/3132 3149/3149/3149 3150/3150/3150
f 3132/3132/3132 3150/3150/3150 3133/3133/3133
f 3133/3133/3133 3150/3150/3150 3151/3151/3151
f 3133/3133/3133 3151/3151/3151 3134/3134/3134
f 3134/3134/3134 3151/3151/3151 3152/3152/3152
f 3134/3134/3134 3152/3152/3152 3135/3135/3135
f 3135/3135/3135 3152/3152/3152 3153/3153/3153
f 3135/3135/3135 3153/3153/3153 3136/3136/3136
f 3136/3136/3136 3153/3153/3153 3154/3154/3154
f 3136/3136/3136 3154/3154/3154 3137/3137/3137
f 3137/3137/3137 3154/3154/3154 3155/3155/3155
f 3137/3137/3137 3155/3155/3155 3138/3138/3138
f 3139/3139/3139 3156/3156/3156 3157/3157/3157
f 3139/3139/3139 3157/3157/3157 3140/3140/3140
f 3140/3140/3140 3157/3157/3157 3158/3158/3158
f 3140/3140/3140 3158/3158/3158 3141/3141/3141
f 3141/3141/3141 3158/3158/3158 3159/3159/3159
f 3141/3141/3141 3159/3159/3159 3142/3142/3142
f 3142/3142/3142 3159/3159/3159 3160/3160/3160
f 3142/3142/3142 3160/3160/3160 3143/3143/3143
f 3143/3143/3143 3160/3160/3160 3161/3161/3161
f 3143/3143/3143 3161/3161/3161 3144/3144/3144
f 3144/3144/3144 3161/3161/3161 3162/3162/3162
f 3144/3144/3144 3162/3162/3162 3145/3145/3145
f 3145/3145/3145 3162/3162/3162 3163/3163/3163
f 3145/3145/3145 3163/3163/3163 3146/3146/3146
f 3146/3146/3146 3163/3163/3163 3164/3164/3164
f 3146/3146/3146 3164/3164/3164 3147/3147/3147
f 3147/3147/3147 3164/3164/3164 3165/3165/3165
f 3147/3147/3147 3165/3165/3165 3148/3148/3148
f 3148/3148/3148 3165/3165/3165 3166/3166/3166
f 3148/3148/3148 3166/3166/3166 3149/3149/3149
f 3149/3149/3149 3166/3166/3166 3167/3167/3167
f 3149/3149/3149 3167/3167/3167 3150/3150/3150
f 3150/3150/3150 3167/3167/3167 3168/3168/3168
f 3150/3150/3150 3168/3168/3168 3151/3151/3151
f 3151/3151/3151 3168/3168/3168 3169/3169/3169
f 3151/3151/3151 3169/3169/3169 3152/3152/3152
f 3152/3152/3152 3169/3169/3169 3170/3170/3170
f 3152/3152/3152 3170/3170/3170 3153/3153/3153
f 3153/3153/3153 3170/3170/3170 3171/3171/3171
f 3153/3153/3153 3171/3171/3171 3154/3154/3154
f 3154/3154/3154 3171/3171/3171 3172/3172/3172
f 3154/3154/3154 3172/3172/3172 3155/3155/3155
f 3156/3156/3156 3173/3173/3173 3174/3174/3174
f 3156/3156/3156 3174/3174/3174 3157/3157/3157
f 3157/3157/3157 3174/3174/3174 3175/3175/3175
f 3157/3157/3157 3175/3175/3175 3158/3158/3158
f 3158/3158/3158 3175/3175/3175 3176/3176/3176
f 3158/3158/3158 3176/3176/3176 3159/3159/3159
f 3159/3159/3159 3176/3176/3176 3177/3177/3177
f 3159/3159/3159 3177/3177/3177 3160/3160/3160
f 3160/3160/3160 3177/3177/3177 3178/3178/3178
f 3160/3160/3160 3178/3178/3178 3161/3161/3161
f 3161/3161/3161 3178/3178/3178 3179/3179/3179
f 3161/3161/3161 3179/3179/3179 3162/3162/3162
f 3162/3162/3162 3179/3179/3179 3180/3180/3180
f 3162/3162/3162 3180/3180/3180 3163/3163/3163
f 3163/3163/3163 3180/3180/3180 3181/3181/3181
f 3163/3163/3163 3181/3181/3181 3164/3164/3164
f 3164/3164/3164 3181/3181/3181 3182/3182/3182
f 3164/3164/3164 3182/3182/3182 3165/3165/3165
f 3165/3165/3165 3182/3182/3182 3183/3183/3183
f 3165/3165/3165 3183/3183/3183 3166/3166/3166
f 3166/3166/3166 3183/3183/3183 3184/3184/3184
f 3166/3166/3166 3184/3184/3184 3167/3167/3167
f 3167/3167/3167 3184/3184/3184 3185/3185/3185
f 3167/3167/3167 3185/3185/3185 3168/3168/3168
f 3168/3168/3168 3185/3185/3185 3186/3186/3186
f 3168/3168/3168 3186/3186/3186 3169/3169/3169
f 3169/3169/3169 3186/3186/3186 3187/3187/3187
f 3169/3169/3169 3187/3187/3187 3170/3170/3170
f 3170/3170/3170 3187/3187/3187 3188/3188/3188
f 3170/3170/3170 3188/3188/3188 3171/3171/3171
f 3171/3171/3171 3188/3188/3188 3189/3189/3189
f 3171/3171/3171 3189/3189/3189 3172/3172/3172
f 3173/3173/3173 3190/3190/3190 3191/3191/3191
f 3173/3173/3173 3191/3191/3191 3174/3174/3174
f 3174/3174/3174 3191/3191/3191 3192/3192/3192
f 3174/3174/3174 3192/3192/3192 3175/3175/3175
f 3175/3175/3175 3192/3192/3192 3193/3193/3193
f 3175/3175/3175 3193/3193/3193 3176/3176/3176
f 3176/3176/3176 3193/3193/3193 3194/3194/3194
f 3176/3176/3176 3194/3194/3194 3177/3177/3177
f 3177/3177/3177 3194/3194/3194 3195/3195/3195
f 3177/3177/3177 3195/3195/3195 3178/3178/3178
f 3178/3178/3178 3195/3195/3195 3196/3196/3196
f 3178/3178/3178 3196/3196/3196 3179/3179/3179
f 3179/3179/3179 3196/3196/3196 3197/3197/3197
f 3179/3179/3179 3197/3197/3197 3180/3180/3180
f 3180/3180/3180 3197/3197/3197 3198/3198/3198
f 3180/3180/3180 3198/3198/3198 3181/3181/3181
f 3181/3181/3181 3198/3198/3198 3199/3199/3199
f 3181/3181/3181 3199/3199/3199 3182/3182/3182
f 3182/3182/3182 3199/3199/3199 3200/3200/3200
f 3182/3182/3182 3200/3200/3200 3183/3183/3183
f 3183/3183/3183 3200/3200/3200 3201/3201/3201
f 3183/3183/3183 3201/3201/3201 3184/3184/3184
f 3184/3184/3184 3201/3201/3201 3202/3202/3202
f 3184/3184/3184 3202/3202/3202 3185/3185/3185
f 3185/3185/3185 3202/3202/3202 3203/3203/3203
f 3185/3185/3185 3203/3203/3203 3186/3186/3186
f 3186/3186/3186 3203/3203/3203 3204/3204/3204
f 3186/3186/3186 3204/3204/3204 3187/3187/3187
f 3187/3187/3187 3204/3204/3204 3205/3205/3205
f 3187/3187/3187 3205/3205/3205 3188/3188/3188
f 3188/3188/3188 3205/3205/3205 3206/3206/3206
f 3188/3188/3188 3206/3206/3206 3189/3189/3189
f 3190/3190/3190 3207/3207/3207 3208/3208/3208
f 3190/3190/3190 3208/3208/3208 3191/3191/3191
f 3191/3191/3191 3208/3208/3208 3209/3209/3209
f 3191/3191/3191 3209/3209/3209 3192/3192/3192
f 3192/3192/3192 3209/3209/3209 3210/3210/3210
f 3192/3192/3192 3210/3210/3210 3193/3193/3193
f 3193/3193/3193 3210/3210/3210 3211/3211/3211
f 3193/3193/3193 3211/3211/3211 3194/3194/3194
f 3194/3194/3194 3211/3211/3211 3212/3212/3212
f 3194/3194/3194 3212/3212/3212 3195/3195/3195
f 3195/3195/3195 3212/3212/3212 3213/3213/3213
f 3195/3195/3195 3213/3213/3213 3196/3196/3196
f 3196/3196/3196 3213/3213/3213 3214/3214/3214
f 3196/3196/3196 3214/3214/3214 3197/3197/3197
f 3197/3197/3197 3214/3214/3214 3215/3215/3215
f 3197/3197/3197 3215/3215/3215 3198/3198/3198
f 3198/3198/3198 3215/3215/3215 3216/3216/3216
f 3198/3198/3198 3216/3216/3216 3199/3199/3199
f 3199/3199/3199 3216/3216/3216 3217/3217/3217
f 3199/3199/3199 3217/3217/3217 3200/3200/3200
f 3200/3200/3200 3217/3217/3217 3218/3218/3218
f 3200/3200/3200 3218/3218/3218 3201/3201/3201
f 3201/3201/3201 3218/3218/3218 3219/3219/3219
f 3201/3201/3201 3219/3219/3219 3202/3202/3202
f 3202/3202/3202 3219/3219/3219 3220/3220/3220
f 3202/3202/3202 3220/3220/3220 3203/3203/3203
f 3203/3203/3203 3220/3220/3220 3221/3221/3221
f 3203/3203/3203 3221/3221/3221 3204/3204/3204
f 3204/3204/3204 3221/3221/3221 3222/3222/3222
f 3204/3204/3204 3222/3222/3222 3205/3205/3205
f 3205/3205/3205 3222/3222/3222 3223/3223/3223
f 3205/3205/3205 3223/3223/3223 3206/3206/3206
f 3207/3207/3207 3224/3224/3224 3225/3225/3225
f 3207/3207/3207 3225/3225/3225 3208/3208/3208
f 3208/3208/3208 3225/3225/3225 3226/3226/3226
f 3208/3208/3208 3226/3226/3226 3209/3209/3209
f 3209/3209/3209 3226/3226/3226 3227/3227/3227
f 3209/3209/3209 3227/3227/3227 3210/3210/3210
f 3210/3210/3210 3227/3227/3227 3228/3228/3228
f 3210/3210/3210 3228/3228/3228 3211/3211/3211
f 3211/3211/3211 3228/3228/3228 3229/3229/3229
f 3211/3211/3211 3229/3229/3229 3212/3212/3212
f 3212/3212/3212 3229/3229/3229 3230/3230/3230
f 3212/3212/3212 3230/3230/3230 3213/3213/3213
f 3213/3213/3213 3230/3230/3230 3231/3231/3231
f 3213/3213/3213 3231/3231/3231 3214/3214/3214
f 3214/3214/3214 3231/3231/3231 3232/3232/3232
f 3214/3214/3214 3232/3232/3232 3215/3215/3215
f 3215/3215/3215 3232/3232/3232 3233/3233/3233
f 3215/3215/3215 3233/3233/3233 3216/3216/3216
f 3216/3216/3216 3233/3233/3233 3234/3234/3234
f 3216/3216/3216 3234/3234/3234 3217/3217/3217
f 3217/3217/3217 3234/3234/3234 3235/3235/3235
f 3217/3217/3217 3235/3235/3235 3218/3218/3218
f 3218/3218/3218 3235/3235/3235 3236/3236/3236
f 3218/3218/3218 3236/3236/3236 3219/3219/3219
f 3219/3219/3219 3236/3236/3236 3237/3237/3237
f 3219/3219/3219 3237/3237/3237 3220/3220/3220
f 3220/3220/3220 3237/3237/3237 3238/3238/3238
f 3220/3220/3220 3238/3238/3238 3221/3221/3221
f 3221/3221/3221 3238/3238/3238 3239/3239/3239
f 3221/3221/3221 3239/3239/3239 3222/3222/3222
f 3222/3222/3222 3239/3239/3239 3240/3240/3240
f 3222/3222/3222 3240/3240/3240 3223/3223/3223
f 3224/3224/3224 3241/3241/3241 3242/3242/3242
f 3224/3224/3224 3242/3242/3242 3225/3225/3225
f 3225/3225/3225 3242/3242/3242 3243/3243/3243
f 3225/3225/3225 3243/3243/3243 3226/3226/3226
f 3226/3226/3226 3243/3243/3243 3244/3244/3244
f 3226/3226/3226 3244/3244/3244 3227/3227/3227
f 3227/3227/3227 3244/3244/3244 3245/3245/3245
f 3227/3227/3227 3245/3245/3245 3228/3228/3228
f 3228/3228/3228 3245/3245/3245 3246/3246/3246
f 3228/3228/3228 3246/3246/3246 3229/3229/3229
f 3229/3229/3229 3246/3246/3246 3247/3247/3247
f 3229/3229/3229 3247/3247/3247 3230/3230/3230
f 3230/3230/3230 3247/3247/3247 3248/3248/3248
f 3230/3230/3230 3248/3248/3248 3231/3231/3231
f 3231/3231/3231 3248/3248/3248 3249/3249/3249
f 3231/3231/3231 3249/3249/3249 3232/3232/3232
f 3232/3232/3232 3249/3249/3249 3250/3250/3250
f 3232/3232/3232 3250/3250/3250 3233/3233/3233
f 3233/3233/3233 3250/3250/3250 3251/3251/3251
f 3233/3233/3233 3251/3251/3251 3234/3234/3234
f 3234/3234/3234 3251/3251/3251 3252/3252/3252
f 3234/3234/3234 3252/3252/3252 3235/3235/3235
f 3235/3235/3235 3252/3252/3252 3253/3253/3253
f 3235/3235/3235 3253/3253/3253 3236/3236/3236
f 3236/3236/3236 3253/3253/3253 3254/3254/3254
f 3236/3236/3236 3254/3254/3254 3237/3237/3237
f 3237/3237/3237 3254/3254/3254 3255/3255/3255
f 3237/3237/3237 3255/3255/3255 3238/3238/3238
f 3238/3238/3238 3255/3255/3255 3256/3256/3256
f 3238/3238/3238 3256/3256/3256 3239/3239/3239
f 3239/3239/3239 3256/3256/3256 3257/3257/3257
f 3239/3239/3239 3257/3257/3257 3240/3240/3240
f 3258/3258/3258 3283/3283/3283 3282/3282/3282
f 3258/3258/3258 3259/3259/3259 3283/3283/3283
f 3259/3259/3259 3284/3284/3284 3283/3283/3283
f 3259/3259/3259 3260/3260/3260 3284/3284/3284
f 3260/3260/3260 3285/3285/3285 3284/3284/3284
f 3260/3260/3260 3261/3261/3261 3285/3285/3285
f 3261/3261/3261 3286/3286/3286 3285/3285/3285
f 3261/3261/3261 3262/3262/3262 3286/3286/3286
f 3262/3262/3262 3287/3287/3287 3286/3286/3286
f 3262/3262/3262 3263/3263/3263 3287/3287/3287
f 3263/3263/3263 3288/3288/3288 3287/3287/3287
f 3263/3263/3263 3264/3264/3264 3288/3288/3288
f 3264/3264/3264 3289/3289/3289 3288/3288/3288
f 3264/3264/3264 3265/3265/3265 3289/3289/3289
f 3265/3265/3265 3290/3290/3290 3289/3289/3289
f 3265/3265/3265 3266/3266/3266 3290/3290/3290
f 3266/3266/3266 3291/3291/3291 3290/3290/3290
f 3266/3266/3266 3267/3267/3267 3291/3291/3291
f 3267/3267/3267 3292/3292/3292 3291/3291/3291
f 3267/3267/3267 3268/3268/3268 3292/3292/3292
f 3268/3268/3268 3293/3293/3293 3292/3292/3292
f 3268/3268/3268 3269/3269/3269 3293/3293/3293
f 3269/3269/3269 3294/3294/3294 3293/3293/3293
f 3269/3269/3269 3270/3270/3270 3294/3294/3294
f 3270/3270/3270 3295/3295/3295 3294/3294/3294
f 3270/3270/3270 3271/3271/3271 3295/3295/3295
f 3271/3271/3271 3296/3296/3296 3295/3295/3295
f 3271/3271/3271 3272/3272/3272 3296/3296/3296
f 3272/3272/3272 3297/3297/3297 3296/3296/3296
f 3272/3272/3272 3273/3273/3273 3297/3297/3297
f 3273/3273/3273 3298/3298/3298 3297/3297/3297
f 3273/3273/3273 3274/3274/3274 3298/3298/3298
f 3274/3274/3274 3299/3299/3299 3298/3298/3298
f 3274/3274/3274 3275/3275/3275 3299/3299/3299
f 3275/3275/3275 3300/3300/3300 3299/3299/3299
f 3275/3275/3275 3276/3276/3276 3300/3300/3300
f 3276/3276/3276 3301/3301/3301 3300/3300/3300
f 3276/3276/3276 3277/3277/3277 3301/3301/3301
f 3277/3277/3277 3302/3302/3302 3301/3301/3301
f 3277/3277/3277 3278/3278/3278 3302/3302/3302
f 3278/3278/3278 3303/3303/3303 3302/3302/3302
f 3278/3278/3278 3279/3279/3279 3303/3303/3303
f 3279/3279/3279 3304/3304/3304 3303/3303/3303
f 3279/3279/3279 3280/3280/3280 3304/3304/3304
f 3280/3280/3280 3305/3305/3305 3304/3304/3304
f 3280/3280/3280 3281/3281/3281 3305/3305/3305
f 3281/3281/3281 3282/3282/3282 3305/3305/3305
f 3281/3281/3281 3258/3258/3258 3282/3282/3282
f 3282/3282/3282 3307/3307/3307 3306/3306/3306
f 3282/3282/3282 3283/3283/3283 3307/3307/3307
f 3283/3283/3283 3308/3308/3308 3307/3307/3307
f 3283/3283/3283 3284/3284/3284 3308/3308/3308
f 3284/3284/3284 3309/3309/3309 3308/3308/3308
f 3284/3284/3284 3285/3285/3285 3309/3309/3309
f 3285/3285/3285 3310/3310/3310 3309/3309/3309
f 3285/3285/3285 3286/3286/3286 3310/3310/3310
f 3286/3286/3286 3311/3311/3311 3310/3310/3310
f 3286/3286/3286 3287/3287/3287 3311/3311/3311
f 3287/3287/3287 3312/3312/3312 3311/3311/3311
f 3287/3287/3287 3288/3288/3288 3312/3312/3312
f 3288/3288/3288 3313/3313/3313 3312/3312/3312
f 3288/3288/3288 3289/3289/3289 3313/3313/3313
f 3289/3289/3289 3314/3314/3314 3313/3313/3313
f 3289/3289/3289 3290/3290/3290 3314/3314/3314
f 3290/3290/3290 3315/3315/3315 3314/3314/3314
f 3290/3290/3290 3291/3291/3291 3315/3315/3315
f 3291/3291/3291 3316/3316/3316 3315/3315/3315
f 3291/3291/3291 3292/3292/3292 3316/3316/3316
f 3292/3292/3292 3317/3317/3317 3316/3316/3316
f 3292/3292/3292 3293/3293/3293 3317/3317/3317
f 3293/3293/3293 3318/3318/3318 3317/3317/3317
f 3293/3293/3293 3294/3294/3294 3318/3318/3318
f 3294/3294/3294 3319/3319/3319 3318/3318/3318
f 3294/3294/3294 3295/3295/3295 3319/3319/3319
f 3295/3295/3295 3320/3320/3320 3319/3319/3319
f 3295/3295/3295 3296/3296/3296 3320/3320/3320
f 3296/3296/3296 3321/3321/3321 3320/3320/3320
f 3296/3296/3296 3297/3297/3297 3321/3321/3321
f 3297/3297/3297 3322/3322/3322 3321/3321/3321
f 3297/3297/3297 3298/3298/3298 3322/3322/3322
f 3298/3298/3298 3323/3323/3323 3322/3322/3322
f 3298/3298/3298 3299/3299/3299 3323/3323/3323
f 3299/3299/3299 3324/3324/3324 3323/3323/3323
f 3299/3299/3299 3300/3300/3300 3324/3324/3324
f 3300/3300/3300 3325/3325/3325 3324/3324/3324
f 3300/3300/3300 3301/3301/3301 3325/3325/3325
f 3301/3301/3301 3326/3326/3326 3325/3325/3325
f 3301/3301/3301 3302/3302/3302 3326/3326/3326
f 3302/3302/3302 3327/3327/3327 3326/3326/3326
f 3302/3302/3302 3303/3303/3303 3327/3327/3327
f 3303/3303/3303 3328/3328/3328 3327/3327/3327
f 3303/3303/3303 3304/3304/3304 3328/3328/3328
f 3304/3304/3304 3329/3329/3329 3328/3328/3328
f 3304/3304/3304 3305/3305/3305 3329/3329/3329
f 3305/3305/3305 3306/3306/3306 3329/3329/3329
f 3305/3305/3305 3282/3282/3282 3306/3306/3306
f 3306/3306/3306 3331/3331/3331 3330/3330/3330
f 3306/3306/3306 3307/3307/3307 3331/3331/3331
f 3307/3307/3307 3332/3332/3332 3331/3331/3331
f 3307/3307/3307 3308/3308/3308 3332/3332/3332
f 3308/3308/3308 3333/3333/3333 3332/3332/3332
f 3308/3308/3308 3309/3309/3309 3333/3333/3333
f 3309/3309/3309 3334/3334/3334 3333/3333/3333
f 3309/3309/3309 3310/3310/3310 3334/3334/3334
f 3310/3310/3310 3335/3335/3335 3334/3334/3334
f 3310/3310/3310 3311/3311/3311 3335/3335/3335
f 3311/3311/3311 3336/3336/3336 3335/3335/3335
f 3311/3311/3311 3312/3312/3312 3336/3336/3336
f 3312/3312/3312 3337/3337/3337 3336/3336/3336
f 3312/3312/3312 3313/3313/3313 3337/3337/3337
f 3313/3313/3313 3338/3338/3338 3337/3337/3337
f 3313/3313/3313 3314/3314/3314 3338/3338/3338
f 3314/3314/3314 3339/3339/3339 3338/3338/3338
f 3314/3314/3314 3315/3315/3315 3339/3339/3339
f 3315/3315/3315 3340/3340/3340 3339/3339/3339
f 3315/3315/3315 3316/3316/3316 3340/3340/3340
f 3316/3316/3316 3341/3341/3341 3340/3340/3340
f 3316/3316/3316 3317/3317/3317 3341/3341/3341
f 3317/3317/3317 3342/3342/3342 3341/3341/3341
f 3317/3317/3317 3318/3318/3318 3342/3342/3342
f 3318/3318/3318 3343/3343/3343 3342/3342/3342
f 3318/3318/3318 3319/3319/3319 3343/3343/3343
f 3319/3319/3319 3344/3344/3344 3343/3343/3343
f 3319/3319/3319 3320/3320/3320 3344/3344/3344
f 3320/3320/3320 3345/3345/3345 3344/3344/3344
f 3320/3320/3320 3321/3321/3321 3345/3345/3345
f 3321/3321/3321 3346/3346/3346 3345/3345/3345
f 3321/3321/3321 3322/3322/3322 3346/3346/3346
f 3322/3322/3322 3347/3347/3347 3346/3346/3346
f 3322/3322/3322 3323/3323/3323 3347/3347/3347
f 3323/3323/3323 3348/3348/3348 3347/3347/3347
f 3323/3323/3323 3324/3324/3324 3348/3348/3348
f 3324/3324/3324 3349/3349/3349 3348/3348/3348
f 3324/3324/3324 3325/3325/3325 3349/3349/3349
f 3325/3325/3325 3350/3350/3350 3349/3349/3349
f 3325/3325/3325 3326/3326/3326 3350/3350/3350
f 3326/3326/3326 3351/3351/3351 3350/3350/3350
f 3326/3326/3326 3327/3327/3327 3351/3351/3351
f 3327/3327/3327 3352/3352/3352 3351/3351/3351
f 3327/3327/3327 3328/3328/3328 3352/3352/3352
f 3328/3328/3328 3353/3353/3353 3352/3352/3352
f 3328/3328/3328 3329/3329/3329 3353/3353/3353
f 3329/3329/3329 3330/3330/3330 3353/3353/3353
f 3329/3329/3329 3306/3306/3306 3330/3330/3330
f 3330/3330/3330 3355/3355/3355 3354/3354/3354
f 3330/3330/3330 3331/3331/3331 3355/3355/3355
f 3331/3331/3331 3356/3356/3356 3355/3355/3355
f 3331/3331/3331 3332/3332/3332 3356/3356/3356
f 3332/3332/3332 3357/3357/3357 3356/3356/3356
f 3332/3332/3332 3333/3333/3333 3357/3357/3357
f 3333/3333/3333 3358/3358/3358 3357/3357/3357
f 3333/3333/3333 3334/3334/3334 3358/3358/3358
f 3334/3334/3334 3359/3359/3359 3358/3358/3358
f 3334/3334/3334 3335/3335/3335 3359/3359/3359
f 3335/3335/3335 3360/3360/3360 3359/3359/3359
f 3335/3335/3335 3336/3336/3336 3360/3360/3360
f 3336/3336/3336 3361/3361/3361 3360/3360/3360
f 3336/3336/3336 3337/3337/3337 3361/3361/3361
f 3337/3337/3337 3362/3362/3362 3361/3361/3361
f 3337/3337/3337 3338/3338/3338 3362/3362/3362
f 3338/3338/3338 3363/3363/3363 3362/3362/3362
f 3338/3338/3338 3339/3339/3339 3363/3363/3363
f 3339/3339/3339 3364/3364/3364 3363/3363/3363
f 3339/3339/3339 3340/3340/3340 3364/3364/3364
f 3340/3340/3340 3365/3365/3365 3364/3364/3364
f 3340/3340/3340 3341/3341/3341 3365/3365/3365
f 3341/3341/3341 3366/3366/3366 3365/3365/3365
f 3341/3341/3341 3342/3342/3342 3366/3366/3366
f 3342/3342/3342 3367/3367/3367 3366/3366/3366
f 3342/3342/3342 3343/3343/3343 3367/3367/3367
f 3343/3343/3343 3368/3368/3368 3367/3367/3367
f 3343/3343/3343 3344/3344/3344 3368/3368/3368
f 3344/3344/3344 3369/3369/3369 3368/3368/3368
f 3344/3344/3344 3345/3345/3345 3369/3369/3369
f 3345/3345/3345 3370/3370/3370 3369/3369/3369
f 3345/3345/3345 3346/3346/3346 3370/3370/3370
f 3346/3346/3346 3371/3371/3371 3370/3370/3370
f 3346/3346/3346 3347/3347/3347 3371/3371/3371
f 3347/3347/3347 3372/3372/3372 3371/3371/3371
f 3347/3347/3347 3348/3348/3348 3372/3372/3372
f 3348/3348/3348 3373/3373/3373 3372/3372/3372
f 3348/3348/3348 3349/3349/3349 3373/3373/3373
f 3349/3349/3349 3374/3374/3374 3373/3373/3373
f 3349/3349/3349 3350/3350/3350 3374/3374/3374
f 3350/3350/3350 3375/3375/3375 3374/3374/3374
f 3350/3350/3350 3351/3351/3351 3375/3375/3375
f 3351/3351/3351 3376/3376/3376 3375/3375/3375
f 3351/3351/3351 3352/3352/3352 3376/3376/3376
f 3352/3352/3352 3377/3377/3377 3376/3376/3376
f 3352/3352/3352 3353/3353/3353 3377/3377/3377
f 3353/3353/3353 3354/3354/3354 3377/3377/3377
f 3353/3353/3353 3330/3330/3330 3354/3354/3354
f 3354/3354/3354 3379/3379/3379 3378/3378/3378
f 3354/3354/3354 3355/3355/3355 3379/3379/3379
f 3355/3355/3355 3380/3380/3380 3379/3379/3379
f 3355/3355/3355 3356/3356/3356 3380/3380/3380
f 3356/3356/3356 3381/3381/3381 3380/3380/3380
f 3356/3356/3356 3357/3357/3357 3381/3381/3381
f 3357/3357/3357 3382/3382/3382 3381/3381/3381
f 3357/3357/3357 3358/3358/3358 3382/3382/3382
f 3358/3358/3358 3383/3383/3383 3382/3382/3382
f 3358/3358/3358 3359/3359/3359 3383/3383/3383
f 3359/3359/3359 3384/3384/3384 3383/3383/3383
f 3359/3359/3359 3360/3360/3360 3384/3384/3384
f 3360/3360/3360 3385/3385/3385 3384/3384/3384
f 3360/3360/3360 3361/3361/3361 3385/3385/3385
f 3361/3361/3361 3386/3386/3386 3385/3385/3385
f 3361/3361/3361 3362/3362/3362 3386/3386/3386
f 3362/3362/3362 3387/3387/3387 3386/3386/3386
f 3362/3362/3362 3363/3363/3363 3387/3387/3387
f 3363/3363/3363 3388/3388/3388 3387/3387/3387
f 3363/3363/3363 3364/3364/3364 3388/3388/3388
f 3364/3364/3364 3389/3389/3389 3388/3388/3388
f 3364/3364/3364 3365/3365/3365 3389/3389/3389
f 3365/3365/3365 3390/3390/3390 3389/3389/3389
f 3365/3365/3365 3366/3366/3366 3390/3390/3390
f 3366/3366/3366 3391/3391/3391 3390/3390/3390
f 3366/3366/3366 3367/3367/3367 3391/3391/3391
f 3367/3367/3367 3392/3392/3392 3391/3391/3391
f 3367/3367/3367 3368/3368/3368 3392/3392/3392
f 3368/3368/3368 3393/3393/3393 3392/3392/3392
f 3368/3368/3368 3369/3369/3369 3393/3393/3393
f 3369/3369/3369 3394/3394/3394 3393/3393/3393
f 3369/3369/3369 3370/3370/3370 3394/3394/3394
f 3370/3370/3370 3395/3395/3395 3394/3394/3394
f 3370/3370/3370 3371/3371/3371 3395/3395/3395
f 3371/3371/3371 3396/3396/3396 3395/3395/3395
f 3371/3371/3371 3372/3372/3372 3396/3396/3396
f 3372/3372/3372 3397/3397/3397 3396/3396/3396
f 3372/3372/3372 3373/3373/3373 3397/3397/3397
f 3373/3373/3373 3398/3398/3398 3397/3397/3397
f 3373/3373/3373 3374/3374/3374 3398/3398/3398
f 3374/3374/3374 3399/3399/3399 3398/3398/3398
f 3374/3374/3374 3375/3375/3375 3399/3399/3399
f 3375/3375/3375 3400/3400/3400 3399/3399/3399
f 3375/3375/3375 3376/3376/3376 3400/3400/3400
f 3376/3376/3376 3401/3401/3401 3400/3400/3400
f 3376/3376/3376 3377/3377/3377 3401/3401/3401
f 3377/3377/3377 3378/3378/3378 3401/3401/3401
f 3377/3377/3377 3354/3354/3354 3378/3378/3378
f 3378/3378/3378 3403/3403/3403 3402/3402/3402
f 3378/3378/3378 3379/3379/3379 3403/3403/3403
f 3379/3379/3379 3404/3404/3404 3403/3403/3403
f 3379/3379/3379 3380/3380/3380 3404/3404/3404
f 3380/3380/3380 3405/3405/3405 3404/3404/3404
f 3380/3380/3380 3381/3381/3381 3405/3405/3405
f 3381/3381/3381 3406/3406/3406 3405/3405/3405
f 3381/3381/3381 3382/3382/3382 3406/3406/3406
f 3382/3382/3382 3407/3407/3407 3406/3406/3406
f 3382/3382/3382 3383/3383/3383 3407/3407/3407
f 3383/3383/3383 3408/3408/3408 3407/3407/3407
f 3383/3383/3383 3384/3384/3384 3408/3408/3408
f 3384/3384/3384 3409/3409/3409 3408/3408/3408
f 3384/3384/3384 3385/3385/3385 3409/3409/3409
f 3385/3385/3385 3410/3410/3410 3409/3409/3409
f 3385/3385/3385 3386/3386/3386 3410/3410/3410
f 3386/3386/3386 3411/3411/3411 3410/3410/3410
f 3386/3386/3386 3387/3387/3387 3411/3411/3411
f 3387/3387/3387 3412/3412/3412 3411/3411/3411
f 3387/3387/3387 3388/3388/3388 3412/3412/3412
f 3388/3388/3388 3413/3413/3413 3412/3412/3412
f 3388/3388/3388 3389/3389/3389 3413/3413/3413
f 3389/3389/3389 3414/3414/3414 3413/3413/3413
f 3389/3389/3389 3390/3390/3390 3414/3414/3414
f 3390/3390/3390 3415/3415/3415 3414/3414/3414
f 3390/3390/3390 3391/3391/3391 3415/3415/3415
f 3391/3391/3391 3416/3416/3416 3415/3415/3415
f 3391/3391/3391 3392/3392/3392 3416/3416/3416
f 3392/3392/3392 3417/3417/3417 3416/3416/3416
f 3392/3392/3392 3393/3393/3393 3417/3417/3417
f 3393/3393/3393 3418/3418/3418 3417/3417/3417
f 3393/3393/3393 3394/3394/3394 3418/3418/3418
f 3394/3394/3394 3419/3419/3419 3418/3418/3418
f 3394/3394/3394 3395/3395/3395 3419/3419/3419
f 3395/3395/3395 3420/3420/3420 3419/3419/3419
f 3395/3395/3395 3396/3396/3396 3420/3420/3420
f 3396/3396/3396 3421/3421/3421 3420/3420/3420
f 3396/3396/3396 3397/3397/3397 3421/3421/3421
f 3397/3397/3397 3422/3422/3422 3421/3421/3421
f 3397/3397/3397 3398/3398/3398 3422/3422/3422
f 3398/3398/3398 3423/3423/3423 3422/3422/3422
f 3398/3398/3398 3399/3399/3399 3423/3423/3423
f 3399/3399/3399 3424/3424/3424 3423/3423/3423
f 3399/3399/3399 3400/3400/3400 3424/3424/3424
f 3400/3400/3400 3425/3425/3425 3424/3424/3424
f 3400/3400/3400 3401/3401/3401 3425/3425/3425
f 3401/3401/3401 3402/3402/3402 3425/3425/3425
f 3401/3401/3401 3378/3378/3378 3402/3402/3402
f 3402/3402/3402 3427/3427/3427 3426/3426/3426
f 3402/3402/3402 3403/3403/3403 3427/3427/3427
f 3403/3403/3403 3428/3428/3428 3427/3427/3427
f 3403/3403/3403 3404/3404/3404 3428/3428/3428
f 3404/3404/3404 3429/3429/3429 3428/3428/3428
f 3404/3404/3404 3405/3405/3405 3429/3429/3429
f 3405/3405/3405 3430/3430/3430 3429/3429/3429
f 3405/3405/3405 3406/3406/3406 3430/3430/3430
f 3406/3406/3406 3431/3431/3431 3430/3430/3430
f 3406/3406/3406 3407/3407/3407 3431/3431/3431
f 3407/3407/3407 3432/3432/3432 3431/3431/3431
f 3407/3407/3407 3408/3408/3408 3432/3432/3432
f 3408/3408/3408 3433/3433/3433 3432/3432/3432
f 3408/3408/3408 3409/3409/3409 3433/3433/3433
f 3409/3409/3409 3434/3434/3434 3433/3433/3433
f 3409/3409/3409 3410/3410/3410 3434/3434/3434
f 3410/3410/3410 3435/3435/3435 3434/3434/3434
f 3410/3410/3410 3411/3411/3411 3435/3435/3435
f 3411/3411/3411 3436/3436/3436 3435/3435/3435
f 3411/3411/3411 3412/3412/3412 3436/3436/3436
f 3412/3412/3412 3437/3437/3437 3436/3436/3436
f 3412/3412/3412 3413/3413/3413 3437/3437/3437
f 3413/3413/3413 3438/3438/3438 3437/3437/3437
f 3413/3413/3413 3414/3414/3414 3438/3438/3438
f 3414/3414/3414 3439/3439/3439 3438/3438/3438
f 3414/3414/3414 3415/3415/3415 3439/3439/3439
f 3415/3415/3415 3440/3440/3440 3439/3439/3439
f 3415/3415/3415 3416/3416/3416 3440/3440/3440
f 3416/3416/3416 3441/3441/3441 3440/3440/3440
f 3416/3416/3416 3417/3417/3417 3441/3441/3441
f 3417/3417/3417 3442/3442/3442 3441/3441/3441
f 3417/3417/3417 3418/3418/3418 3442/3442/3442
f 3418/3418/3418 3443/3443/3443 3442/3442/3442
f 3418/3418/3418 3419/3419/3419 3443/3443/3443
f 3419/3419/3419 3444/3444/3444 3443/3443/3443
f 3419/3419/3419 3420/3420/3420 3444/3444/3444
f 3420/3420/3420 3445/3445/3445 3444/3444/3444
f 3420/3420/3420 3421/3421/3421 3445/3445/3445
f 3421/3421/3421 3446/3446/3446 3445/3445/3445
f 3421/3421/3421 3422/3422/3422 3446/3446/3446
f 3422/3422/3422 3447/3447/3447 3446/3446/3446
f 3422/3422/3422 3423/3423/3423 3447/3447/3447
f 3423/3423/3423 3448/3448/3448 3447/3447/3447
f 3423/3423/3423 3424/3424/3424 3448/3448/3448
f 3424/3424/3424 3449/3449/3449 3448/3448/3448
f 3424/3424/3424 3425/3425/3425 3449/3449/3449
f 3425/3425/3425 3426/3426/3426 3449/3449/3449
f 3425/3425/3425 3402/3402/3402 3426/3426/3426
f 3426/3426/3426 3451/3451/3451 3450/3450/3450
f 3426/3426/3426 3427/3427/3427 3451/3451/3451
f 3427/3427/3427 3452/3452/3452 3451/3451/3451
f 3427/3427/3427 3428/3428/3428 3452/3452/3452
f 3428/3428/3428 3453/3453/3453 3452/3452/3452
f 3428/3428/3428 3429/3429/3429 3453/3453/3453
f 3429/3429/3429 3454/3454/3454 3453/3453/3453
f 3429/3429/3429 3430/3430/3430 3454/3454/3454
f 3430/3430/3430 3455/3455/3455 3454/3454/3454
f 3430/3430/3430 3431/3431/3431 3455/3455/3455
f 3431/3431/3431 3456/3456/3456 3455/3455/3455
f 3431/3431/3431 3432/3432/3432 3456/3456/3456
f 3432/3432/3432 3457/3457/3457 3456/3456/3456
f 3432/3432/3432 3433/3433/3433 3457/3457/3457
f 3433/3433/3433 3458/3458/3458 3457/3457/3457
f 3433/3433/3433 3434/3434/3434 3458/3458/3458
f 3434/3434/3434 3459/3459/3459 3458/3458/3458
f 3434/3434/3434 3435/3435/3435 3459/3459/3459
f 3435/3435/3435 3460/3460/3460 3459/3459/3459
f 3435/3435/3435 3436/3436/3436 3460/3460/3460
f 3436/3436/3436 3461/3461/3461 3460/3460/3460
f 3436/3436/3436 3437/3437/3437 3461/3461/3461
f 3437/3437/3437 3462/3462/3462 3461/3461/3461
f 3437/3437/3437 3438/3438/3438 3462/3462/3462
f 3438/3438/3438 3463/3463/3463 3462/3462/3462
f 3438/3438/3438 3439/3439/3439 3463/3463/3463
f 3439/3439/3439 3464/3464/3464 3463/3463/3463
f 3439/3439/3439 3440/3440/3440 3464/3464/3464
f 3440/3440/3440 3465/3465/3465 3464/3464/3464
f 3440/3440/3440 3441/3441/3441 3465/3465/3465
f 3441/3441/3441 3466/3466/3466 3465/3465/3465
f 3441/3441/3441 3442/3442/3442 3466/3466/3466
f 3442/3442/3442 3467/3467/3467 3466/3466/3466
f 3442/3442/3442 3443/3443/3443 3467/3467/3467
f 3443/3443/3443 3468/3468/3468 3467/3467/3467
f 3443/3443/3443 3444/3444/3444 3468/3468/3468
f 3444/3444/3444 3469/3469/3469 3468/3468/3468
f 3444/3444/3444 3445/3445/3445 3469/3469/3469
f 3445/3445/3445 3470/3470/3470 3469/3469/3469
f 3445/3445/3445 3446/3446/3446 3470/3470/3470
f 3446/3446/3446 3471/3471/3471 3470/3470/3470
f 3446/3446/3446 3447/3447/3447 3471/3471/3471
f 3447/3447/3447 3472/3472/3472 3471/3471/3471
f 3447/3447/3447 3448/3448/3448 3472/3472/3472
f 3448/3448/3448 3473/3473/3473 3472/3472/3472
f 3448/3448/3448 3449/3449/3449 3473/3473/3473
f 3449/3449/3449 3450/3450/3450 3473/3473/3473
f 3449/3449/3449 3426/3426/3426 3450/3450/3450
f 3450/3450/3450 3475/3475/3475 3474/3474/3474
f 3450/3450/3450 3451/3451/3451 3475/3475/3475
f 3451/3451/3451 3476/3476/3476 3475/3475/3475
f 3451/3451/3451 3452/3452/3452 3476/3476/3476
f 3452/3452/3452 3477/3477/3477 3476/3476/3476
f 3452/3452/3452 3453/3453/3453 3477/3477/3477
f 3453/3453/3453 3478/3478/3478 3477/3477/3477
f 3453/3453/3453 3454/3454/3454 3478/3478/3478
f 3454/3454/3454 3479/3479/3479 3478/3478/3478
f 3454/3454/3454 3455/3455/3455 3479/3479/3479
f 3455/3455/3455 3480/3480/3480 3479/3479/3479
f 3455/3455/3455 3456/3456/3456 3480/3480/3480
f 3456/3456/3456 3481/3481/3481 3480/3480/3480
f 3456/3456/3456 3457/3457/3457 3481/3481/3481
f 3457/3457/3457 3482/3482/3482 3481/3481/3481
f 3457/3457/3457 3458/3458/3458 3482/3482/3482
f 3458/3458/3458 3483/3483/3483 3482/3482/3482
f 3458/3458/3458 3459/3459/3459 3483/3483/3483
f 3459/3459/3459 3484/3484/3484 3483/3483/3483
f 3459/3459/3459 3460/3460/3460 3484/3484/3484
f 3460/3460/3460 3485/3485/3485 3484/3484/3484
f 3460/3460/3460 3461/3461/3461 3485/3485/3485
f 3461/3461/3461 3486/3486/3486 3485/3485/3485
f 3461/3461/3461 3462/3462/3462 3486/3486/3486
f 3462/3462/3462 3487/3487/3487 3486/3486/3486
f 3462/3462/3462 3463/3463/3463 3487/3487/3487
f 3463/3463/3463 3488/3488/3488 3487/3487/3487
f 3463/3463/3463 3464/3464/3464 3488/3488/3488
f 3464/3464/3464 3489/3489/3489 3488/3488/3488
f 3464/3464/3464 3465/3465/3465 3489/3489/3489
f 3465/3465/3465 3490/3490/3490 3489/3489/3489
f 3465/3465/3465 3466/3466/3466 3490/3490/3490
f 3466/3466/3466 3491/3491/3491 3490/3490/3490
f 3466/3466/3466 3467/3467/3467 3491/3491/3491
f 3467/3467/3467 3492/3492/3492 3491/3491/3491
f 3467/3467/3467 3468/3468/3468 3492/3492/3492
f 3468/3468/3468 3493/3493/3493 3492/3492/3492
f 3468/3468/3468 3469/3469/3469 3493/3493/3493
f 3469/3469/3469 3494/3494/3494 3493/3493/3493
f 3469/3469/3469 3470/3470/3470 3494/3494/3494
f 3470/3470/3470 3495/3495/3495 3494/3494/3494
f 3470/3470/3470 3471/3471/3471 3495/3495/3495
f 3471/3471/3471 3496/3496/3496 3495/3495/3495
f 3471/3471/3471 3472/3472/3472 3496/3496/3496
f 3472/3472/3472 3497/3497/3497 3496/3496/3496
f 3472/3472/3472 3473/3473/3473 3497/3497/3497
f 3473/3473/3473 3474/3474/3474 3497/3497/3497
f 3473/3473/3473 3450/3450/3450 3474/3474/3474
f 3474/3474/3474 3499/3499/3499 3498/3498/3498
f 3474/3474/3474 3475/3475/3475 3499/3499/3499
f 3475/3475/3475 3500/3500/3500 3499/3499/3499
f 3475/3475/3475 3476/3476/3476 3500/3500/3500
f 3476/3476/3476 3501/3501/3501 3500/3500/3500
f 3476/3476/3476 3477/3477/3477 3501/3501/3501
f 3477/3477/3477 3502/3502/3502 3501/3501/3501
f 3477/3477/3477 3478/3478/3478 3502/3502/3502
f 3478/3478/3478 3503/3503/3503 3502/3502/3502
f 3478/3478/3478 3479/3479/3479 3503/3503/3503
f 3479/3479/3479 3504/3504/3504 3503/3503/3503
f 3479/3479/3479 3480/3480/3480 3504/3504/3504
f 3480/3480/3480 3505/3505/3505 3504/3504/3504
f 3480/3480/3480 3481/3481/3481 3505/3505/3505
f 3481/3481/3481 3506/3506/3506 3505/3505/3505
f 3481/3481/3481 3482/3482/3482 3506/3506/3506
f 3482/3482/3482 3507/3507/3507 3506/3506/3506
f 3482/3482/3482 3483/3483/3483 3507/3507/3507
f 3483/3483/3483 3508/3508/3508 3507/3507/3507
f 3483/3483/3483 3484/3484/3484 3508/3508/3508
f 3484/3484/3484 3509/3509/3509 3508/3508/3508
f 3484/3484/3484 3485/3485/3485 3509/3509/3509
f 3485/3485/3485 3510/3510/3510 3509/3509/3509
f 3485/3485/3485 3486/3486/3486 3510/3510/3510
f 3486/3486/3486 3511/3511/3511 3510/3510/3510
f 3486/3486/3486 3487/3487/3487 3511/3511/3511
f 3487/3487/3487 3512/3512/3512 3511/3511/3511
f 3487/3487/3487 3488/3488/3488 3512/3512/3512
f 3488/3488/3488 3513/3513/3513 3512/3512/3512
f 3488/3488/3488 3489/3489/3489 3513/3513/3513
f 3489/3489/3489 3514/3514/3514 3513/3513/3513
f 3489/3489/3489 3490/3490/3490 3514/3514/3514
f 3490/3490/3490 3515/3515/3515 3514/3514/3514
f 3490/3490/3490 3491/3491/3491 3515/3515/3515
f 3491/3491/3491 3516/3516/3516 3515/3515/3515
f 3491/3491/3491 3492/3492/3492 3516/3516/3516
f 3492/3492/3492 3517/3517/3517 3516/3516/3516
f 3492/3492/3492 3493/3493/3493 3517/3517/3517
f 3493/3493/3493 3518/3518/3518 3517/3517/3517
f 3493/3493/3493 3494/3494/3494 3518/3518/3518
f 3494/3494/3494 3519/3519/3519 3518/3518/3518
f 3494/3494/3494 3495/3495/3495 3519/3519/3519
f 3495/3495/3495 3520/3520/3520 3519/3519/3519
f 3495/3495/3495 3496/3496/3496 3520/3520/3520
f 3496/3496/3496 3521/3521/3521 3520/3520/3520
f 3496/3496/3496 3497/3497/3497 3521/3521/3521
f 3497/3497/3497 3498/3498/3498 3521/3521/3521
f 3497/3497/3497 3474/3474/3474 3498/3498/3498
f 3498/3498/3498 3523/3523/3523 3522/3522/3522
f 3498/3498/3498 3499/3499/3499 3523/3523/3523
f 3499/3499/3499 3524/3524/3524 3523/3523/3523
f 3499/3499/3499 3500/3500/3500 3524/3524/3524
f 3500/3500/3500 3525/3525/3525 3524/3524/3524
f 3500/3500/3500 3501/3501/3501 3525/3525/3525
f 3501/3501/3501 3526/3526/3526 3525/3525/3525
f 3501/3501/3501 3502/3502/3502 3526/3526/3526
f 3502/3502/3502 3527/3527/3527 3526/3526/3526
f 3502/3502/3502 3503/3503/3503 3527/3527/3527
f 3503/3503/3503 3528/3528/3528 3527/3527/3527
f 3503/3503/3503 3504/3504/3504 3528/3528/3528
f 3504/3504/3504 3529/3529/3529 3528/3528/3528
f 3504/3504/3504 3505/3505/3505 3529/3529/3529
f 3505/3505/3505 3530/3530/3530 3529/3529/3529
f 3505/3505/3505 3506/3506/3506 3530/3530/3530
f 3506/3506/3506 3531/3531/3531 3530/3530/3530
f 3506/3506/3506 3507/3507/3507 3531/3531/3531
f 3507/3507/3507 3532/3532/3532 3531/3531/3531
f 3507/3507/3507 3508/3508/3508 3532/3532/3532
f 3508/3508/3508 3533/3533/3533 3532/3532/3532
f 3508/3508/3508 3509/3509/3509 3533/3533/3533
f 3509/3509/3509 3534/3534/3534 3533/3533/3533
f 3509/3509/3509 3510/3510/3510 3534/3534/3534
f 3510/3510/3510 3535/3535/3535 3534/3534/3534
f 3510/3510/3510 3511/3511/3511 3535/3535/3535
f 3511/3511/3511 3536/3536/3536 3535/3535/3535
f 3511/3511/3511 3512/3512/3512 3536/3536/3536
f 3512/3512/3512 3537/3537/3537 3536/3536/3536
f 3512/3512/3512 3513/3513/3513 3537/3537/3537
f 3513/3513/3513 3538/3538/3538 3537/3537/3537
f 3513/3513/3513 3514/3514/3514 3538/3538/3538
f 3514/3514/3514 3539/3539/3539 3538/3538/3538
f 3514/3514/3514 3515/3515/3515 3539/3539/3539
f 3515/3515/3515 3540/3540/3540 3539/3539/3539
f 3515/3515/3515 3516/3516/3516 3540/3540/3540
f 3516/3516/3516 3541/3541/3541 3540/3540/3540
f 3516/3516/3516 3517/3517/3517 3541/3541/3541
f 3517/3517/3517 3542/3542/3542 3541/3541/3541
f 3517/3517/3517 3518/3518/3518 3542/3542/3542
f 3518/3518/3518 3543/3543/3543 3542/3542/3542
f 3518/3518/3518 3519/3519/3519 3543/3543/3543
f 3519/3519/3519 3544/3544/3544 3543/3543/3543
f 3519/3519/3519 3520/3520/3520 3544/3544/3544
f 3520/3520/3520 3545/3545/3545 3544/3544/3544
f 3520/3520/3520 3521/3521/3521 3545/3545/3545
f 3521/3521/3521 3522/3522/3522 3545/3545/3545
f 3521/3521/3521 3498/3498/3498 3522/3522/3522
f 3522/3522/3522 3547/3547/3547 3546/3546/3546
f 3522/3522/3522 3523/3523/3523 3547/3547/3547
f 3523/3523/3523 3548/3548/3548 3547/3547/3547
f 3523/3523/3523 3524/3524/3524 3548/3548/3548
f 3524/3524/3524 3549/3549/3549 3548/3548/3548
f 3524/3524/3524 3525/3525/3525 3549/3549/3549
f 3525/3525/3525 3550/3550/3550 3549/3549/3549
f 3525/3525/3525 3526/3526/3526 3550/3550/3550
f 3526/3526/3526 3551/3551/3551 3550/3550/3550
f 3526/3526/3526 3527/3527/3527 3551/3551/3551
f 3527/3527/3527 3552/3552/3552 3551/3551/3551
f 3527/3527/3527 3528/3528/3528 3552/3552/3552
f 3528/3528/3528 3553/3553/3553 3552/3552/3552
f 3528/3528/3528 3529/3529/3529 3553/3553/3553
f 3529/3529/3529 3554/3554/3554 3553/3553/3553
f 3529/3529/3529 3530/3530/3530 3554/3554/3554
f 3530/3530/3530 3555/3555/3555 3554/3554/3554
f 3530/3530/3530 3531/3531/3531 3555/3555/3555
f 3531/3531/3531 3556/3556/3556 3555/3555/3555
f 3531/3531/3531 3532/3532/3532 3556/3556/3556
f 3532/3532/3532 3557/3557/3557 3556/3556/3556
f 3532/3532/3532 3533/3533/3533 3557/3557/3557
f 3533/3533/3533 3558/3558/3558 3557/3557/3557
f 3533/3533/3533 3534/3534/3534 3558/3558/3558
f 3534/3534/3534 3559/3559/3559 3558/3558/3558
f 3534/3534/3534 3535/3535/3535 3559/3559/3559
f 3535/3535/3535 3560/3560/3560 3559/3559/3559
f 3535/3535/3535 3536/3536/3536 3560/3560/3560
f 3536/3536/3536 3561/3561/3561 3560/3560/3560
f 3536/3536/3536 3537/3537/3537 3561/3561/3561
f 3537/3537/3537 3562/3562/3562 3561/3561/3561
f 3537/3537/3537 3538/3538/3538 3562/3562/3562
f 3538/3538/3538 3563/3563/3563 3562/3562/3562
f 3538/3538/3538 3539/3539/3539 3563/3563/3563
f 3539/3539/3539 3564/3564/3564 3563/3563/3563
f 3539/3539/3539 3540/3540/3540 3564/3564/3564
f 3540/3540/3540 3565/3565/3565 3564/3564/3564
f 3540/3540/3540 3541/3541/3541 3565/3565/3565
f 3541/3541/3541 3566/3566/3566 3565/3565/3565
f 3541/3541/3541 3542/3542/3542 3566/3566/3566
f 3542/3542/3542 3567/3567/3567 3566/3566/3566
f 3542/3542/3542 3543/3543/3543 3567/3567/3567
f 3543/3543/3543 3568/3568/3568 3567/3567/3567
f 3543/3543/3543 3544/3544/3544 3568/3568/3568
f 3544/3544/3544 3569/3569/3569 3568/3568/3568
f 3544/3544/3544 3545/3545/3545 3569/3569/3569
f 3545/3545/3545 3546/3546/3546 3569/3569/3569
f 3545/3545/3545 3522/3522/3522 3546/3546/3546
f 3570/3570/3570 3258/3258/3258 3259/3259/3259
f 3570/3570/3570 3259/3259/3259 3260/3260/3260
f 3570/3570/3570 3260/3260/3260 3261/3261/3261
f 3570/3570/3570 3261/3261/3261 3262/3262/3262
f 3570/3570/3570 3262/3262/3262 3263/3263/3263
f 3570/3570/3570 3263/3263/3263 3264/3264/3264
f 3570/3570/3570 3264/3264/3264 3265/3265/3265
f 3570/3570/3570 3265/3265/3265 3266/3266/3266
f 3570/3570/3570 3266/3266/3266 3267/3267/3267
f 3570/3570/3570 3267/3267/3267 3268/3268/3268
f 3570/3570/3570 3268/3268/3268 3269/3269/3269
f 3570/3570/3570 3269/3269/3269 3270/3270/3270
f 3570/3570/3570 3270/3270/3270 3271/3271/3271
f 3570/3570/3570 3271/3271/3271 3272/3272/3272
f 3570/3570/3570 3272/3272/3272 3273/3273/3273
f 3570/3570/3570 3273/3273/3273 3274/3274/3274
f 3570/3570/3570 3274/3274/3274 3275/3275/3275
f 3570/3570/3570 3275/3275/3275 3276/3276/3276
f 3570/3570/3570 3276/3276/3276 3277/3277/3277
f 3570/3570/3570 3277/3277/3277 3278/3278/3278
f 3570/3570/3570 3278/3278/3278 3279/3279/3279
f 3570/3570/3570 3279/3279/3279 3280/3280/3280
f 3570/3570/3570 3280/3280/3280 3281/3281/3281
f 3570/3570/3570 3281/3281/3281 3258/3258/3258
f 3571/3571/3571 3596/3596/3596 3595/3595/3595
f 3571/3571/3571 3572/3572/3572 3596/3596/3596
f 3572/3572/3572 3597/3597/3597 3596/3596/3596
f 3572/3572/3572 3573/3573/3573 3597/3597/3597
f 3573/3573/3573 3598/3598/3598 3597/3597/3597
f 3573/3573/3573 3574/3574/3574 3598/3598/3598
f 3574/3574/3574 3599/3599/3599 3598/3598/3598
f 3574/3574/3574 3575/3575/3575 3599/3599/3599
f 3575/3575/3575 3600/3600/3600 3599/3599/3599
f 3575/3575/3575 3576/3576/3576 3600/3600/3600
f 3576/3576/3576 3601/3601/3601 3600/3600/3600
f 3576/3576/3576 3577/3577/3577 3601/3601/3601
f 3577/3577/3577 3602/3602/3602 3601/3601/3601
f 3577/3577/3577 3578/3578/3578 3602/3602/3602
f 3578/3578/3578 3603/3603/3603 3602/3602/3602
f 3578/3578/3578 3579/3579/3579 3603/3603/3603
f 3579/3579/3579 3604/3604/3604 3603/3603/3603
f 3579/3579/3579 3580/3580/3580 3604/3604/3604
f 3580/3580/3580 3605/3605/3605 3604/3604/3604
f 3580/3580/3580 3581/3581/3581 3605/3605/3605
f 3581/3581/3581 3606/3606/3606 3605/3605/3605
f 3581/3581/3581 3582/3582/3582 3606/3606/3606
f 3582/3582/3582 3607/3607/3607 3606/3606/3606
f 3582/3582/3582 3583/3583/3583 3607/3607/3607
f 3583/3583/3583 3608/3608/3608 3607/3607/3607
f 3583/3583/3583 3584/3584/3584 3608/3608/3608
f 3584/3584/3584 3609/3609/3609 3608/3608/3608
f 3584/3584/3584 3585/3585/3585 3609/3609/3609
f 3585/3585/3585 3610/3610/3610 3609/3609/3609
f 3585/3585/3585 3586/3586/3586 3610/3610/3610
f 3586/3586/3586 3611/3611/3611 3610/3610/3610
f 3586/3586/3586 3587/3587/3587 3611/3611/3611
f 3587/3587/3587 3612/3612/3612 3611/3611/3611
f 3587/3587/3587 3588/3588/3588 3612/3612/3612
f 3588/3588/3588 3613/3613/3613 3612/3612/3612
f 3588/3588/3588 3589/3589/3589 3613/3613/3613
f 3589/3589/3589 3614/3614/3614 3613/3613/3613
f 3589/3589/3589 3590/3590/3590 3614/3614/3614
f 3590/3590/3590 3615/3615/3615 3614/3614/3614
f 3590/3590/3590 3591/3591/3591 3615/3615/3615
f 3591/3591/3591 3616/3616/3616 3615/3615/3615
f 3591/3591/3591 3592/3592/3592 3616/3616/3616
f 3592/3592/3592 3617/3617/3617 3616/3616/3616
f 3592/3592/3592 3593/3593/3593 3617/3617/3617
f 3593/3593/3593 3618/3618/3618 3617/3617/3617
f 3593/3593/3593 3594/3594/3594 3618/3618/3618
f 3594/3594/3594 3595/3595/3595 3618/3618/3618
f 3594/3594/3594 3571/3571/3571 3595/3595/3595
f 3595/3595/3595 3620/3620/3620 3619/3619/3619
f 3595/3595/3595 3596/3596/3596 3620/3620/3620
f 3596/3596/3596 3621/3621/3621 3620/3620/3620
f 3596/3596/3596 3597/3597/3597 3621/3621/3621
f 3597/3597/3597 3622/3622/3622 3621/3621/3621
f 3597/3597/3597 3598/3598/3598 3622/3622/3622
f 3598/3598/3598 3623/3623/3623 3622/3622/3622
f 3598/3598/3598 3599/3599/3599 3623/3623/3623
f 3599/3599/3599 3624/3624/3624 3623/3623/3623
f 3599/3599/3599 3600/3600/3600 3624/3624/3624
f 3600/3600/3600 3625/3625/3625 3624/3624/3624
f 3600/3600/3600 3601/3601/3601 3625/3625/3625
f 3601/3601/3601 3626/3626/3626 3625/3625/3625
f 3601/3601/3601 3602/3602/3602 3626/3626/3626
f 3602/3602/3602 3627/3627/3627 3626/3626/3626
f 3602/3602/3602 3603/3603/3603 3627/3627/3627
f 3603/3603/3603 3628/3628/3628 3627/3627/3627
f 3603/3603/3603 3604/3604/3604 3628/3628/3628
f 3604/3604/3604 3629/3629/3629 3628/3628/3628
f 3604/3604/3604 3605/3605/3605 3629/3629/3629
f 3605/3605/3605 3630/3630/3630 3629/3629/3629
f 3605/3605/3605 3606/3606/3606 3630/3630/3630
f 3606/3606/3606 3631/3631/3631 3630/3630/3630
f 3606/3606/3606 3607/3607/3607 3631/3631/3631
f 3607/3607/3607 3632/3632/3632 3631/3631/3631
f 3607/3607/3607 3608/3608/3608 3632/3632/3632
f 3608/3608/3608 3633/3633/3633 3632/3632/3632
f 3608/3608/3608 3609/3609/3609 3633/3633/3633
f 3609/3609/3609 3634/3634/3634 3633/3633/3633
f 3609/3609/3609 3610/3610/3610 3634/3634/3634
f 3610/3610/3610 3635/3635/3635 3634/3634/3634
f 3610/3610/3610 3611/3611/3611 3635/3635/3635
f 3611/3611/3611 3636/3636/3636 3635/3635/3635
f 3611/3611/3611 3612/3612/3612 3636/3636/3636
f 3612/3612/3612 3637/3637/3637 3636/3636/3636
f 3612/3612/3612 3613/3613/3613 3637/3637/3637
f 3613/3613/3613 3638/3638/3638 3637/3637/3637
f 3613/3613/3613 3614/3614/3614 3638/3638/3638
f 3614/3614/3614 3639/3639/3639 3638/3638/3638
f 3614/3614/3614 3615/3615/3615 3639/3639/3639
f 3615/3615/3615 3640/3640/3640 3639/3639/3639
f 3615/3615/3615 3616/3616/3616 3640/3640/3640
f 3616/3616/3616 3641/3641/3641 3640/3640/3640
f 3616/3616/3616 3617/3617/3617 3641/3641/3641
f 3617/3617/3617 3642/3642/3642 3641/3641/3641
f 3617/3617/3617 3618/3618/3618 3642/3642/3642
f 3618/3618/3618 3619/3619/3619 3642/3642/3642
f 3618/3618/3618 3595/3595/3595 3619/3619/3619
f 3619/3619/3619 3644/3644/3644 3643/3643/3643
f 3619/3619/3619 3620/3620/3620 3644/3644/3644
f 3620/3620/3620 3645/3645/3645 3644/3644/3644
f 3620/3620/3620 3621/3621/3621 3645/3645/3645
f 3621/3621/3621 3646/3646/3646 3645/3645/3645
f 3621/3621/3621 3622/3622/3622 3646/3646/3646
f 3622/3622/3622 3647/3647/3647 3646/3646/3646
f 3622/3622/3622 3623/3623/3623 3647/3647/3647
f 3623/3623/3623 3648/3648/3648 3647/3647/3647
f 3623/3623/3623 3624/3624/3624 3648/3648/3648
f 3624/3624/3624 3649/3649/3649 3648/3648/3648
f 3624/3624/3624 3625/3625/3625 3649/3649/3649
f 3625/3625/3625 3650/3650/3650 3649/3649/3649
f 3625/3625/3625 3626/3626/3626 3650/3650/3650
f 3626/3626/3626 3651/3651/3651 3650/3650/3650
f 3626/3626/3626 3627/3627/3627 3651/3651/3651
f 3627/3627/3627 3652/3652/3652 3651/3651/3651
f 3627/3627/3627 3628/3628/3628 3652/3652/3652
f 3628/3628/3628 3653/3653/3653 3652/3652/3652
f 3628/3628/3628 3629/3629/3629 3653/3653/3653
f 3629/3629/3629 3654/3654/3654 3653/3653/3653
f 3629/3629/3629 3630/3630/3630 3654/3654/3654
f 3630/3630/3630 3655/3655/3655 3654/3654/3654
f 3630/3630/3630 3631/3631/3631 3655/3655/3655
f 3631/3631/3631 3656/3656/3656 3655/3655/3655
f 3631/3631/3631 3632/3632/3632 3656/3656/3656
f 3632/3632/3632 3657/3657/3657 3656/3656/3656
f 3632/3632/3632 3633/3633/3633 3657/3657/3657
f 3633/3633/3633 3658/3658/3658 3657/3657/3657
f 3633/3633/3633 3634/3634/3634 3658/3658/3658
f 3634/3634/3634 3659/3659/3659 3658/3658/3658
f 3634/3634/3634 3635/3635/3635 3659/3659/3659
f 3635/3635/3635 3660/3660/3660 3659/3659/3659
f 3635/3635/3635 3636/3636/3636 3660/3660/3660
f 3636/3636/3636 3661/3661/3661 3660/3660/3660
f 3636/3636/3636 3637/3637/3637 3661/3661/3661
f 3637/3637/3637 3662/3662/3662 3661/3661/3661
f 3637/3637/3637 3638/3638/3638 3662/3662/3662
f 3638/3638/3638 3663/3663/3663 3662/3662/3662
f 3638/3638/3638 3639/3639/3639 3663/3663/3663
f 3639/3639/3639 3664/3664/3664 3663/3663/3663
f 3639/3639/3639 3640/3640/3640 3664/3664/3664
f 3640/3640/3640 3665/3665/3665 3664/3664/3664
f 3640/3640/3640 3641/3641/3641 3665/3665/3665
f 3641/3641/3641 3666/3666/3666 3665/3665/3665
f 3641/3641/3641 3642/3642/3642 3666/3666/3666
f 3642/3642/3642 3643/3643/3643 3666/3666/3666
f 3642/3642/3642 3619/3619/3619 3643/3643/3643
f 3643/3643/3643 3668/3668/3668 3667/3667/3667
f 3643/3643/3643 3644/3644/3644 3668/3668/3668
f 3644/3644/3644 3669/3669/3669 3668/3668/3668
f 3644/3644/3644 3645/3645/3645 3669/3669/3669
f 3645/3645/3645 3670/3670/3670 3669/3669/3669
f 3645/3645/3645 3646/3646/3646 3670/3670/3670
f 3646/3646/3646 3671/3671/3671 3670/3670/3670
f 3646/3646/3646 3647/3647/3647 3671/3671/3671
f 3647/3647/3647 3672/3672/3672 3671/3671/3671
f 3647/3647/3647 3648/3648/3648 3672/3672/3672
f 3648/3648/3648 3673/3673/3673 3672/3672/3672
f 3648/3648/3648 3649/3649/3649 3673/3673/3673
f 3649/3649/3649 3674/3674/3674 3673/3673/3673
f 3649/3649/3649 3650/3650/3650 3674/3674/3674
f 3650/3650/3650 3675/3675/3675 3674/3674/3674
f 3650/3650/3650 3651/3651/3651 3675/3675/3675
f 3651/3651/3651 3676/3676/3676 3675/3675/3675
f 3651/3651/3651 3652/3652/3652 3676/3676/3676
f 3652/3652/3652 3677/3677/3677 3676/3676/3676
f 3652/3652/3652 3653/3653/3653 3677/3677/3677
f 3653/3653/3653 3678/3678/3678 3677/3677/3677
f 3653/3653/3653 3654/3654/3654 3678/3678/3678
f 3654/3654/3654 3679/3679/3679 3678/3678/3678
f 3654/3654/3654 3655/3655/3655 3679/3679/3679
f 3655/3655/3655 3680/3680/3680 3679/3679/3679
f 3655/3655/3655 3656/3656/3656 3680/3680/3680
f 3656/3656/3656 3681/3681/3681 3680/3680/3680
f 3656/3656/3656 3657/3657/3657 3681/3681/3681
f 3657/3657/3657 3682/3682/3682 3681/3681/3681
f 3657/3657/3657 3658/3658/3658 3682/3682/3682
f 3658/3658/3658 3683/3683/3683 3682/3682/3682
f 3658/3658/3658 3659/3659/3659 3683/3683/3683
f 3659/3659/3659 3684/3684/3684 3683/3683/3683
f 3659/3659/3659 3660/3660/3660 3684/3684/3684
f 3660/3660/3660 3685/3685/3685 3684/3684/3684
f 3660/3660/3660 3661/3661/3661 3685/3685/3685
f 3661/3661/3661 3686/3686/3686 3685/3685/3685
f 3661/3661/3661 3662/3662/3662 3686/3686/3686
f 3662/3662/3662 3687/3687/3687 3686/3686/3686
f 3662/3662/3662 3663/3663/3663 3687/3687/3687
f 3663/3663/3663 3688/3688/3688 3687/3687/3687
f 3663/3663/3663 3664/3664/3664 3688/3688/3688
f 3664/3664/3664 3689/3689/3689 3688/3688/3688
f 3664/3664/3664 3665/3665/3665 3689/3689/3689
f 3665/3665/3665 3690/3690/3690 3689/3689/3689
f 3665/3665/3665 3666/3666/3666 3690/3690/3690
f 3666/3666/3666 3667/3667/3667 3690/3690/3690
f 3666/3666/3666 3643/3643/3643 3667/3667/3667
f 3667/3667/3667 3692/3692/3692 3691/3691/3691
f 3667/3667/3667 3668/3668/3668 3692/3692/3692
f 3668/3668/3668 3693/3693/3693 3692/3692/3692
f 3668/3668/3668 3669/3669/3669 3693/3693/3693
f 3669/3669/3669 3694/3694/3694 3693/3693/3693
f 3669/3669/3669 3670/3670/3670 3694/3694/3694
f 3670/3670/3670 3695/3695/3695 3694/3694/3694
f 3670/3670/3670 3671/3671/3671 3695/3695/3695
f 3671/3671/3671 3696/3696/3696 3695/3695/3695
f 3671/3671/3671 3672/3672/3672 3696/3696/3696
f 3672/3672/3672 3697/3697/3697 3696/3696/3696
f 3672/3672/3672 3673/3673/3673 3697/3697/3697
f 3673/3673/3673 3698/3698/3698 3697/3697/3697
f 3673/3673/3673 3674/3674/3674 3698/3698/3698
f 3674/3674/3674 3699/3699/3699 3698/3698/3698
f 3674/3674/3674 3675/3675/3675 3699/3699/3699
f 3675/3675/3675 3700/3700/3700 3699/3699/3699
f 3675/3675/3675 3676/3676/3676 3700/3700/3700
f 3676/3676/3676 3701/3701/3701 3700/3700/3700
f 3676/3676/3676 3677/3677/3677 3701/3701/3701
f 3677/3677/3677 3702/3702/3702 3701/3701/3701
f 3677/3677/3677 3678/3678/3678 3702/3702/3702
f 3678/3678/3678 3703/3703/3703 3702/3702/3702
f 3678/3678/3678 3679/3679/3679 3703/3703/3703
f 3679/3679/3679 3704/3704/3704 3703/3703/3703
f 3679/3679/3679 3680/3680/3680 3704/3704/3704
f 3680/3680/3680 3705/3705/3705 3704/3704/3704
f 3680/3680/3680 3681/3681/3681 3705/3705/3705
f 3681/3681/3681 3706/3706/3706 3705/3705/3705
f 3681/3681/3681 3682/3682/3682 3706/3706/3706
f 3682/3682/3682 3707/3707/3707 3706/3706/3706
f 3682/3682/3682 3683/3683/3683 3707/3707/3707
f 3683/3683/3683 3708/3708/3708 3707/3707/3707
f 3683/3683/3683 3684/3684/3684 3708/3708/3708
f 3684/3684/3684 3709/3709/3709 3708/3708/3708
f 3684/3684/3684 3685/3685/3685 3709/3709/3709
f 3685/3685/3685 3710/3710/3710 3709/3709/3709
f 3685/3685/3685 3686/3686/3686 3710/3710/3710
f 3686/3686/3686 3711/3711/3711 3710/3710/3710
f 3686/3686/3686 3687/3687/3687 3711/3711/3711
f 3687/3687/3687 3712/3712/3712 3711/3711/3711
f 3687/3687/3687 3688/3688/3688 3712/3712/3712
f 3688/3688/3688 3713/3713/3713 3712/3712/3712
f 3688/3688/3688 3689/3689/3689 3713/3713/3713
f 3689/3689/3689 3714/3714/3714 3713/3713/3713
f 3689/3689/3689 3690/3690/3690 3714/3714/3714
f 3690/3690/3690 3691/3691/3691 3714/3714/3714
f 3690/3690/3690 3667/3667/3667 3691/3691/3691
f 3691/3691/3691 3716/3716/3716 3715/3715/3715
f 3691/3691/3691 3692/3692/3692 3716/3716/3716
f 3692/3692/3692 3717/3717/3717 3716/3716/3716
f 3692/3692/3692 3693/3693/3693 3717/3717/3717
f 3693/3693/3693 3718/3718/3718 3717/3717/3717
f 3693/3693/3693 3694/3694/3694 3718/3718/3718
f 3694/3694/3694 3719/3719/3719 3718/3718/3718
f 3694/3694/3694 3695/3695/3695 3719/3719/3719
f 3695/3695/3695 3720/3720/3720 3719/3719/3719
f 3695/3695/3695 3696/3696/3696 3720/3720/3720
f 3696/3696/3696 3721/3721/3721 3720/3720/3720
f 3696/3696/3696 3697/3697/3697 3721/3721/3721
f 3697/3697/3697 3722/3722/3722 3721/3721/3721
f 3697/3697/3697 3698/3698/3698 3722/3722/3722
f 3698/3698/3698 3723/3723/3723 3722/3722/3722
f 3698/3698/3698 3699/3699/3699 3723/3723/3723
f 3699/3699/3699 3724/3724/3724 3723/3723/3723
f 3699/3699/3699 3700/3700/3700 3724/3724/3724
f 3700/3700/3700 3725/3725/3725 3724/3724/3724
f 3700/3700/3700 3701/3701/3701 3725/3725/3725
f 3701/3701/3701 3726/3726/3726 3725/3725/3725
f 3701/3701/3701 3702/3702/3702 3726/3726/3726
f 3702/3702/3702 3727/3727/3727 3726/3726/3726
f 3702/3702/3702 3703/3703/3703 3727/3727/3727
f 3703/3703/3703 3728/3728/3728 3727/3727/3727
f 3703/3703/3703 3704/3704/3704 3728/3728/3728
f 3704/3704/3704 3729/3729/3729 3728/3728/3728
f 3704/3704/3704 3705/3705/3705 3729/3729/3729
f 3705/3705/3705 3730/3730/3730 3729/3729/3729
f 3705/3705/3705 3706/3706/3706 3730/3730/3730
f 3706/3706/3706 3731/3731/3731 3730/3730/3730
f 3706/3706/3706 3707/3707/3707 3731/3731/3731
f 3707/3707/3707 3732/3732/3732 3731/3731/3731
f 3707/3707/3707 3708/3708/3708 3732/3732/3732
f 3708/3708/3708 3733/3733/3733 3732/3732/3732
f 3708/3708/3708 3709/3709/3709 3733/3733/3733
f 3709/3709/3709 3734/3734/3734 3733/3733/3733
f 3709/3709/3709 3710/3710/3710 3734/3734/3734
f 3710/3710/3710 3735/3735/3735 3734/3734/3734
f 3710/3710/3710 3711/3711/3711 3735/3735/3735
f 3711/3711/3711 3736/3736/3736 3735/3735/3735
f 3711/3711/3711 3712/3712/3712 3736/3736/3736
f 3712/3712/3712 3737/3737/3737 3736/3736/3736
f 3712/3712/3712 3713/3713/3713 3737/3737/3737
f 3713/3713/3713 3738/3738/3738 3737/3737/3737
f 3713/3713/3713 3714/3714/3714 3738/3738/3738
f 3714/3714/3714 3715/3715/3715 3738/3738/3738
f 3714/3714/3714 3691/3691/3691 3715/3715/3715
f 3715/3715/3715 3740/3740/3740 3739/3739/3739
f 3715/3715/3715 3716/3716/3716 3740/3740/3740
f 3716/3716/3716 3741/3741/3741 3740/3740/3740
f 3716/3716/3716 3717/3717/3717 3741/3741/3741
f 3717/3717/3717 3742/3742/3742 3741/3741/3741
f 3717/3717/3717 3718/3718/3718 3742/3742/3742
f 3718/3718/3718 3743/3743/3743 3742/3742/3742
f 3718/3718/3718 3719/3719/3719 3743/3743/3743
f 3719/3719/3719 3744/3744/3744 3743/3743/3743
f 3719/3719/3719 3720/3720/3720 3744/3744/3744
f 3720/3720/3720 3745/3745/3745 3744/3744/3744
f 3720/3720/3720 3721/3721/3721 3745/3745/3745
f 3721/3721/3721 3746/3746/3746 3745/3745/3745
f 3721/3721/3721 3722/3722/3722 3746/3746/3746
f 3722/3722/3722 3747/3747/3747 3746/3746/3746
f 3722/3722/3722 3723/3723/3723 3747/3747/3747
f 3723/3723/3723 3748/3748/3748 3747/3747/3747
f 3723/3723/3723 3724/3724/3724 3748/3748/3748
f 3724/3724/3724 3749/3749/3749 3748/3748/3748
f 3724/3724/3724 3725/3725/3725 3749/3749/3749
f 3725/3725/3725 3750/3750/3750 3749/3749/3749
f 3725/3725/3725 3726/3726/3726 3750/3750/3750
f 3726/3726/3726 3751/3751/3751 3750/3750/3750
f 3726/3726/3726 3727/3727/3727 3751/3751/3751
f 3727/3727/3727 3752/3752/3752 3751/3751/3751
f 3727/3727/3727 3728/3728/3728 3752/3752/3752
f 3728/3728/3728 3753/3753/3753 3752/3752/3752
f 3728/3728/3728 3729/3729/3729 3753/3753/3753
f 3729/3729/3729 3754/3754/3754 3753/3753/3753
f 3729/3729/3729 3730/3730/3730 3754/3754/3754
f 3730/3730/3730 3755/3755/3755 3754/3754/3754
f 3730/3730/3730 3731/3731/3731 3755/3755/3755
f 3731/3731/3731 3756/3756/3756 3755/3755/3755
f 3731/3731/3731 3732/3732/3732 3756/3756/3756
f 3732/3732/3732 3757/3757/3757 3756/3756/3756
f 3732/3732/3732 3733/3733/3733 3757/3757/3757
f 3733/3733/3733 3758/3758/3758 3757/3757/3757
f 3733/3733/3733 3734/3734/3734 3758/3758/3758
f 3734/3734/3734 3759/3759/3759 3758/3758/3758
f 3734/3734/3734 3735/3735/3735 3759/3759/3759
f 3735/3735/3735 3760/3760/3760 3759/3759/3759
f 3735/3735/3735 3736/3736/3736 3760/3760/3760
f 3736/3736/3736 3761/3761/3761 3760/3760/3760
f 3736/3736/3736 3737/3737/3737 3761/3761/3761
f 3737/3737/3737 3762/3762/3762 3761/3761/3761
f 3737/3737/3737 3738/3738/3738 3762/3762/3762
f 3738/3738/3738 3739/3739/3739 3762/3762/3762
f 3738/3738/3738 3715/3715/3715 3739/3739/3739
f 3739/3739/3739 3764/3764/3764 3763/3763/3763
f 3739/3739/3739 3740/3740/3740 3764/3764/3764
f 3740/3740/3740 3765/3765/3765 3764/3764/3764
f 3740/3740/3740 3741/3741/3741 3765/3765/3765
f 3741/3741/3741 3766/3766/3766 3765/3765/3765
f 3741/3741/3741 3742/3742/3742 3766/3766/3766
f 3742/3742/3742 3767/3767/3767 3766/3766/3766
f 3742/3742/3742 3743/3743/3743 3767/3767/3767
f 3743/3743/3743 3768/3768/3768 3767/3767/3767
f 3743/3743/3743 3744/3744/3744 3768/3768/3768
f 3744/3744/3744 3769/3769/3769 3768/3768/3768
f 3744/3744/3744 3745/3745/3745 3769/3769/3769
f 3745/3745/3745 3770/3770/3770 3769/3769/3769
f 3745/3745/3745 3746/3746/3746 3770/3770/3770
f 3746/3746/3746 3771/3771/3771 3770/3770/3770
f 3746/3746/3746 3747/3747/3747 3771/3771/3771
f 3747/3747/3747 3772/3772/3772 3771/3771/3771
f 3747/3747/3747 3748/3748/3748 3772/3772/3772
f 3748/3748/3748 3773/3773/3773 3772/3772/3772
f 3748/3748/3748 3749/3749/3749 3773/3773/3773
f 3749/3749/3749 3774/3774/3774 3773/3773/3773
f 3749/3749/3749 3750/3750/3750 3774/3774/3774
f 3750/3750/3750 3775/3775/3775 3774/3774/3774
f 3750/3750/3750 3751/3751/3751 3775/3775/3775
f 3751/3751/3751 3776/3776/3776 3775/3775/3775
f 3751/3751/3751 3752/3752/3752 3776/3776/3776
f 3752/3752/3752 3777/3777/3777 3776/3776/3776
f 3752/3752/3752 3753/3753/3753 3777/3777/3777
f 3753/3753/3753 3778/3778/3778 3777/3777/3777
f 3753/3753/3753 3754/3754/3754 3778/3778/3778
f 3754/3754/3754 3779/3779/3779 3778/3778/3778
f 3754/3754/3754 3755/3755/3755 3779/3779/3779
f 3755/3755/3755 3780/3780/3780 3779/3779/3779
f 3755/3755/3755 3756/3756/3756 3780/3780/3780
f 3756/3756/3756 3781/3781/3781 3780/3780/3780
f 3756/3756/3756 3757/3757/3757 3781/3781/3781
f 3757/3757/3757 3782/3782/3782 3781/3781/3781
f 3757/3757/3757 3758/3758/3758 3782/3782/3782
f 3758/3758/3758 3783/3783/3783 3782/3782/3782
f 3758/3758/3758 3759/3759/3759 3783/3783/3783
f 3759/3759/3759 3784/3784/3784 3783/3783/3783
f 3759/3759/3759 3760/3760/3760 3784/3784/3784
f 3760/3760/3760 3785/3785/3785 3784/3784/3784
f 3760/3760/3760 3761/3761/3761 3785/3785/3785
f 3761/3761/3761 3786/3786/3786 3785/3785/3785
f 3761/3761/3761 3762/3762/3762 3786/3786/3786
f 3762/3762/3762 3763/3763/3763 3786/3786/3786
f 3762/3762/3762 3739/3739/3739 3763/3763/3763
f 3763/3763/3763 3788/3788/3788 3787/3787/3787
f 3763/3763/3763 3764/3764/3764 3788/3788/3788
f 3764/3764/3764 3789/3789/3789 3788/3788/3788
f 3764/3764/3764 3765/3765/3765 3789/3789/3789
f 3765/3765/3765 3790/3790/3790 3789/3789/3789
f 3765/3765/3765 3766/3766/3766 3790/3790/3790
f 3766/3766/3766 3791/3791/3791 3790/3790/3790
f 3766/3766/3766 3767/3767/3767 3791/3791/3791
f 3767/3767/3767 3792/3792/3792 3791/3791/3791
f 3767/3767/3767 3768/3768/3768 3792/3792/3792
f 3768/3768/3768 3793/3793/3793 3792/3792/3792
f 3768/3768/3768 3769/3769/3769 3793/3793/3793
f 3769/3769/3769 3794/3794/3794 3793/3793/3793
f 3769/3769/3769 3770/3770/3770 3794/3794/3794
f 3770/3770/3770 3795/3795/3795 3794/3794/3794
f 3770/3770/3770 3771/3771/3771 3795/3795/3795
f 3771/3771/3771 3796/3796/3796 3795/3795/3795
f 3771/3771/3771 3772/3772/3772 3796/3796/3796
f 3772/3772/3772 3797/3797/3797 3796/3796/3796
f 3772/3772/3772 3773/3773/3773 3797/3797/3797
f 3773/3773/3773 3798/3798/3798 3797/3797/3797
f 3773/3773/3773 3774/3774/3774 3798/3798/3798
f 3774/3774/3774 3799/3799/3799 3798/3798/3798
f 3774/3774/3774 3775/3775/3775 3799/3799/3799
f 3775/3775/3775 3800/3800/3800 3799/3799/3799
f 3775/3775/3775 3776/3776/3776 3800/3800/3800
f 3776/3776/3776 3801/3801/3801 3800/3800/3800
f 3776/3776/3776 3777/3777/3777 3801/3801/3801
f 3777/3777/3777 3802/3802/3802 3801/3801/3801
f 3777/3777/3777 3778/3778/3778 3802/3802/3802
f 3778/3778/3778 3803/3803/3803 3802/3802/3802
f 3778/3778/3778 3779/3779/3779 3803/3803/3803
f 3779/3779/3779 3804/3804/3804 3803/3803/3803
f 3779/3779/3779 3780/3780/3780 3804/3804/3804
f 3780/3780/3780 3805/3805/3805 3804/3804/3804
f 3780/3780/3780 3781/3781/3781 3805/3805/3805
f 3781/3781/3781 3806/3806/3806 3805/3805/3805
f 3781/3781/3781 3782/3782/3782 3806/3806/3806
f 3782/3782/3782 3807/3807/3807 3806/3806/3806
f 3782/3782/3782 3783/3783/3783 3807/3807/3807
f 3783/3783/3783 3808/3808/3808 3807/3807/3807
f 3783/3783/3783 3784/3784/3784 3808/3808/3808
f 3784/3784/3784 3809/3809/3809 3808/3808/3808
f 3784/3784/3784 3785/3785/3785 3809/3809/3809
f 3785/3785/3785 3810/3810/3810 3809/3809/3809
f 3785/3785/3785 3786/3786/3786 3810/3810/3810
f 3786/3786/3786 3787/3787/3787 3810/3810/3810
f 3786/3786/3786 3763/3763/3763 3787/3787/3787
f 3787/3787/3787 3812/3812/3812 3811/3811/3811
f 3787/3787/3787 3788/3788/3788 3812/3812/3812
f 3788/3788/3788 3813/3813/3813 3812/3812/3812
f 3788/3788/3788 3789/3789/3789 3813/3813/3813
f 3789/3789/3789 3814/3814/3814 3813/3813/3813
f 3789/3789/3789 3790/3790/3790 3814/3814/3814
f 3790/3790/3790 3815/3815/3815 3814/3814/3814
f 3790/3790/3790 3791/3791/3791 3815/3815/3815
f 3791/3791/3791 3816/3816/3816 3815/3815/3815
f 3791/3791/3791 3792/3792/3792 3816/3816/3816
f 3792/3792/3792 3817/3817/3817 3816/3816/3816
f 3792/3792/3792 3793/3793/3793 3817/3817/3817
f 3793/3793/3793 3818/3818/3818 3817/3817/3817
f 3793/3793/3793 3794/3794/3794 3818/3818/3818
f 3794/3794/3794 3819/3819/3819 3818/3818/3818
f 3794/3794/3794 3795/3795/3795 3819/3819/3819
f 3795/3795/3795 3820/3820/3820 3819/3819/3819
f 3795/3795/3795 3796/3796/3796 3820/3820/3820
f 3796/3796/3796 3821/3821/3821 3820/3820/3820
f 3796/3796/3796 3797/3797/3797 3821/3821/3821
f 3797/3797/3797 3822/3822/3822 3821/3821/3821
f 3797/3797/3797 3798/3798/3798 3822/3822/3822
f 3798/3798/3798 3823/3823/3823 3822/3822/3822
f 3798/3798/3798 3799/3799/3799 3823/3823/3823
f 3799/3799/3799 3824/3824/3824 3823/3823/3823
f 3799/3799/3799 3800/3800/3800 3824/3824/3824
f 3800/3800/3800 3825/3825/3825 3824/3824/3824
f 3800/3800/3800 3801/3801/3801 3825/3825/3825
f 3801/3801/3801 3826/3826/3826 3825/3825/3825
f 3801/3801/3801 3802/3802/3802 3826/3826/3826
f 3802/3802/3802 3827/3827/3827 3826/3826/3826
f 3802/3802/3802 3803/3803/3803 3827/3827/3827
f 3803/3803/3803 3828/3828/3828 3827/3827/3827
f 3803/3803/3803 3804/3804/3804 3828/3828/3828
f 3804/3804/3804 3829/3829/3829 3828/3828/3828
f 3804/3804/3804 3805/3805/3805 3829/3829/3829
f 3805/3805/3805 3830/3830/3830 3829/3829/3829
f 3805/3805/3805 3806/3806/3806 3830/3830/3830
f 3806/3806/3806 3831/3831/3831 3830/3830/3830
f 3806/3806/3806 3807/3807/3807 3831/3831/3831
f 3807/3807/3807 3832/3832/3832 3831/3831/3831
f 3807/3807/3807 3808/3808/3808 3832/3832/3832
f 3808/3808/3808 3833/3833/3833 3832/3832/3832
f 3808/3808/3808 3809/3809/3809 3833/3833/3833
f 3809/3809/3809 3834/3834/3834 3833/3833/3833
f 3809/3809/3809 3810/3810/3810 3834/3834/3834
f 3810/3810/3810 3811/3811/3811 3834/3834/3834
f 3810/3810/3810 3787/3787/3787 3811/3811/3811
f 3811/3811/3811 3836/3836/3836 3835/3835/3835
f 3811/3811/3811 3812/3812/3812 3836/3836/3836
f 3812/3812/3812 3837/3837/3837 3836/3836/3836
f 3812/3812/3812 3813/3813/3813 3837/3837/3837
f 3813/3813/3813 3838/3838/3838 3837/3837/3837
f 3813/3813/3813 3814/3814/3814 3838/3838/3838
f 3814/3814/3814 3839/3839/3839 3838/3838/3838
f 3814/3814/3814 3815/3815/3815 3839/3839/3839
f 3815/3815/3815 3840/3840/3840 3839/3839/3839
f 3815/3815/3815 3816/3816/3816 3840/3840/3840
f 3816/3816/3816 3841/3841/3841 3840/3840/3840
f 3816/3816/3816 3817/3817/3817 3841/3841/3841
f 3817/3817/3817 3842/3842/3842 3841/3841/3841
f 3817/3817/3817 3818/3818/3818 3842/3842/3842
f 3818/3818/3818 3843/3843/3843 3842/3842/3842
f 3818/3818/3818 3819/3819/3819 3843/3843/3843
f 3819/3819/3819 3844/3844/3844 3843/3843/3843
f 3819/3819/3819 3820/3820/3820 3844/3844/3844
f 3820/3820/3820 3845/3845/3845 3844/3844/3844
f 3820/3820/3820 3821/3821/3821 3845/3845/3845
f 3821/3821/3821 3846/3846/3846 3845/3845/3845
f 3821/3821/3821 3822/3822/3822 3846/3846/3846
f 3822/3822/3822 3847/3847/3847 3846/3846/3846
f 3822/3822/3822 3823/3823/3823 3847/3847/3847
f 3823/3823/3823 3848/3848/3848 3847/3847/3847
f 3823/3823/3823 3824/3824/3824 3848/3848/3848
f 3824/3824/3824 3849/3849/3849 3848/3848/3848
f 3824/3824/3824 3825/3825/3825 3849/3849/3849
f 3825/3825/3825 3850/3850/3850 3849/3849/3849
f 3825/3825/3825 3826/3826/3826 3850/3850/3850
f 3826/3826/3826 3851/3851/3851 3850/3850/3850
f 3826/3826/3826 3827/3827/3827 3851/3851/3851
f 3827/3827/3827 3852/3852/3852 3851/3851/3851
f 3827/3827/3827 3828/3828/3828 3852/3852/3852
f 3828/3828/3828 3853/3853/3853 3852/3852/3852
f 3828/3828/3828 3829/3829/3829 3853/3853/3853
f 3829/3829/3829 3854/3854/3854 3853/3853/3853
f 3829/3829/3829 3830/3830/3830 3854/3854/3854
f 3830/3830/3830 3855/3855/3855 3854/3854/3854
f 3830/3830/3830 3831/3831/3831 3855/3855/3855
f 3831/3831/3831 3856/3856/3856 3855/3855/3855
f 3831/3831/3831 3832/3832/3832 3856/3856/3856
f 3832/3832/3832 3857/3857/3857 3856/3856/3856
f 3832/3832/3832 3833/3833/3833 3857/3857/3857
f 3833/3833/3833 3858/3858/3858 3857/3857/3857
f 3833/3833/3833 3834/3834/3834 3858/3858/3858
f 3834/3834/3834 3835/3835/3835 3858/3858/3858
f 3834/3834/3834 3811/3811/3811 3835/3835/3835
f 3835/3835/3835 3860/3860/3860 3859/3859/3859
f 3835/3835/3835 3836/3836/3836 3860/3860/3860
f 3836/3836/3836 3861/3861/3861 3860/3860/3860
f 3836/3836/3836 3837/3837/3837 3861/3861/3861
f 3837/3837/3837 3862/3862/3862 3861/3861/3861
f 3837/3837/3837 3838/3838/3838 3862/3862/3862
f 3838/3838/3838 3863/3863/3863 3862/3862/3862
f 3838/3838/3838 3839/3839/3839 3863/3863/3863
f 3839/3839/3839 3864/3864/3864 3863/3863/3863
f 3839/3839/3839 3840/3840/3840 3864/3864/3864
f 3840/3840/3840 3865/3865/3865 3864/3864/3864
f 3840/3840/3840 3841/3841/3841 3865/3865/3865
f 3841/3841/3841 3866/3866/3866 3865/3865/3865
f 3841/3841/3841 3842/3842/3842 3866/3866/3866
f 3842/3842/3842 3867/3867/3867 3866/3866/3866
f 3842/3842/3842 3843/3843/3843 3867/3867/3867
f 3843/3843/3843 3868/3868/3868 3867/3867/3867
f 3843/3843/3843 3844/3844/3844 3868/3868/3868
f 3844/3844/3844 3869/3869/3869 3868/3868/3868
f 3844/3844/3844 3845/3845/3845 3869/3869/3869
f 3845/3845/3845 3870/3870/3870 3869/3869/3869
f 3845/3845/3845 3846/3846/3846 3870/3870/3870
f 3846/3846/3846 3871/3871/3871 3870/3870/3870
f 3846/3846/3846 3847/3847/3847 3871/3871/3871
f 3847/3847/3847 3872/3872/3872 3871/3871/3871
f 3847/3847/3847 3848/3848/3848 3872/3872/3872
f 3848/3848/3848 3873/3873/3873 3872/3872/3872
f 3848/3848/3848 3849/3849/3849 3873/3873/3873
f 3849/3849/3849 3874/3874/3874 3873/3873/3873
f 3849/3849/3849 3850/3850/3850 3874/3874/3874
f 3850/3850/3850 3875/3875/3875 3874/3874/3874
f 3850/3850/3850 3851/3851/3851 3875/3875/3875
f 3851/3851/3851 3876/3876/3876 3875/3875/3875
f 3851/3851/3851 3852/3852/3852 3876/3876/3876
f 3852/3852/3852 3877/3877/3877 3876/3876/3876
f 3852/3852/3852 3853/3853/3853 3877/3877/3877
f 3853/3853/3853 3878/3878/3878 3877/3877/3877
f 3853/3853/3853 3854/3854/3854 3878/3878/3878
f 3854/3854/3854 3879/3879/3879 3878/3878/3878
f 3854/3854/3854 3855/3855/3855 3879/3879/3879
f 3855/3855/3855 3880/3880/3880 3879/3879/3879
f 3855/3855/3855 3856/3856/3856 3880/3880/3880
f 3856/3856/3856 3881/3881/3881 3880/3880/3880
f 3856/3856/3856 3857/3857/3857 3881/3881/3881
f 3857/3857/3857 3882/3882/3882 3881/3881/3881
f 3857/3857/3857 3858/3858/3858 3882/3882/3882
f 3858/3858/3858 3859/3859/3859 3882/3882/3882
f 3858/3858/3858 3835/3835/3835 3859/3859/3859
f 3883/3883/3883 3571/3571/3571 3572/3572/3572
f 3883/3883/3883 3572/3572/3572 3573/3573/3573
f 3883/3883/3883 3573/3573/3573 3574/3574/3574
f 3883/3883/3883 3574/3574/3574 3575/3575/3575
f 3883/3883/3883 3575/3575/3575 3576/3576/3576
f 3883/3883/3883 3576/3576/3576 3577/3577/3577
f 3883/3883/3883 3577/3577/3577 3578/3578/3578
f 3883/3883/3883 3578/3578/3578 3579/3579/3579
f 3883/3883/3883 3579/3579/3579 3580/3580/3580
f 3883/3883/3883 3580/3580/3580 3581/3581/3581
f 3883/3883/3883 3581/3581/3581 3582/3582/3582
f 3883/3883/3883 3582/3582/3582 3583/3583/3583
f 3883/3883/3883 3583/3583/3583 3584/3584/3584
f 3883/3883/3883 3584/3584/3584 3585/3585/3585
f 3883/3883/3883 3585/3585/3585 3586/3586/3586
f 3883/3883/3883 3586/3586/3586 3587/3587/3587
f 3883/3883/3883 3587/3587/3587 3588/3588/3588
f 3883/3883/3883 3588/3588/3588 3589/3589/3589
f 3883/3883/3883 3589/3589/3589 3590/3590/3590
f 3883/3883/3883 3590/3590/3590 3591/3591/3591
f 3883/3883/3883 3591/3591/3591 3592/3592/3592
f 3883/3883/3883 3592/3592/3592 3593/3593/3593
f 3883/3883/3883 3593/3593/3593 3594/3594/3594
f 3883/3883/3883 3594/3594/3594 3571/3571/3571
