# Solar Horizon Hyper-Realistic 3D Asset: SpaceStationV2
# Vertices: 4449, Faces: 8632

v 2.100000 0.000000 -7.000000
v 2.068096 0.364661 -7.000000
v 1.973355 0.718242 -7.000000
v 1.818653 1.050000 -7.000000
v 1.608693 1.349854 -7.000000
v 1.349854 1.608693 -7.000000
v 1.050000 1.818653 -7.000000
v 0.718242 1.973355 -7.000000
v 0.364661 2.068096 -7.000000
v 0.000000 2.100000 -7.000000
v -0.364661 2.068096 -7.000000
v -0.718242 1.973355 -7.000000
v -1.050000 1.818653 -7.000000
v -1.349854 1.608693 -7.000000
v -1.608693 1.349854 -7.000000
v -1.818653 1.050000 -7.000000
v -1.973355 0.718242 -7.000000
v -2.068096 0.364661 -7.000000
v -2.100000 0.000000 -7.000000
v -2.068096 -0.364661 -7.000000
v -1.973355 -0.718242 -7.000000
v -1.818653 -1.050000 -7.000000
v -1.608693 -1.349854 -7.000000
v -1.349854 -1.608693 -7.000000
v -1.050000 -1.818653 -7.000000
v -0.718242 -1.973355 -7.000000
v -0.364661 -2.068096 -7.000000
v -0.000000 -2.100000 -7.000000
v 0.364661 -2.068096 -7.000000
v 0.718242 -1.973355 -7.000000
v 1.050000 -1.818653 -7.000000
v 1.349854 -1.608693 -7.000000
v 1.608693 -1.349854 -7.000000
v 1.818653 -1.050000 -7.000000
v 1.973355 -0.718242 -7.000000
v 2.068096 -0.364661 -7.000000
v 2.100000 0.000000 -5.250000
v 2.068096 0.364661 -5.250000
v 1.973355 0.718242 -5.250000
v 1.818653 1.050000 -5.250000
v 1.608693 1.349854 -5.250000
v 1.349854 1.608693 -5.250000
v 1.050000 1.818653 -5.250000
v 0.718242 1.973355 -5.250000
v 0.364661 2.068096 -5.250000
v 0.000000 2.100000 -5.250000
v -0.364661 2.068096 -5.250000
v -0.718242 1.973355 -5.250000
v -1.050000 1.818653 -5.250000
v -1.349854 1.608693 -5.250000
v -1.608693 1.349854 -5.250000
v -1.818653 1.050000 -5.250000
v -1.973355 0.718242 -5.250000
v -2.068096 0.364661 -5.250000
v -2.100000 0.000000 -5.250000
v -2.068096 -0.364661 -5.250000
v -1.973355 -0.718242 -5.250000
v -1.818653 -1.050000 -5.250000
v -1.608693 -1.349854 -5.250000
v -1.349854 -1.608693 -5.250000
v -1.050000 -1.818653 -5.250000
v -0.718242 -1.973355 -5.250000
v -0.364661 -2.068096 -5.250000
v -0.000000 -2.100000 -5.250000
v 0.364661 -2.068096 -5.250000
v 0.718242 -1.973355 -5.250000
v 1.050000 -1.818653 -5.250000
v 1.349854 -1.608693 -5.250000
v 1.608693 -1.349854 -5.250000
v 1.818653 -1.050000 -5.250000
v 1.973355 -0.718242 -5.250000
v 2.068096 -0.364661 -5.250000
v 2.100000 0.000000 -3.500000
v 2.068096 0.364661 -3.500000
v 1.973355 0.718242 -3.500000
v 1.818653 1.050000 -3.500000
v 1.608693 1.349854 -3.500000
v 1.349854 1.608693 -3.500000
v 1.050000 1.818653 -3.500000
v 0.718242 1.973355 -3.500000
v 0.364661 2.068096 -3.500000
v 0.000000 2.100000 -3.500000
v -0.364661 2.068096 -3.500000
v -0.718242 1.973355 -3.500000
v -1.050000 1.818653 -3.500000
v -1.349854 1.608693 -3.500000
v -1.608693 1.349854 -3.500000
v -1.818653 1.050000 -3.500000
v -1.973355 0.718242 -3.500000
v -2.068096 0.364661 -3.500000
v -2.100000 0.000000 -3.500000
v -2.068096 -0.364661 -3.500000
v -1.973355 -0.718242 -3.500000
v -1.818653 -1.050000 -3.500000
v -1.608693 -1.349854 -3.500000
v -1.349854 -1.608693 -3.500000
v -1.050000 -1.818653 -3.500000
v -0.718242 -1.973355 -3.500000
v -0.364661 -2.068096 -3.500000
v -0.000000 -2.100000 -3.500000
v 0.364661 -2.068096 -3.500000
v 0.718242 -1.973355 -3.500000
v 1.050000 -1.818653 -3.500000
v 1.349854 -1.608693 -3.500000
v 1.608693 -1.349854 -3.500000
v 1.818653 -1.050000 -3.500000
v 1.973355 -0.718242 -3.500000
v 2.068096 -0.364661 -3.500000
v 2.100000 0.000000 -1.750000
v 2.068096 0.364661 -1.750000
v 1.973355 0.718242 -1.750000
v 1.818653 1.050000 -1.750000
v 1.608693 1.349854 -1.750000
v 1.349854 1.608693 -1.750000
v 1.050000 1.818653 -1.750000
v 0.718242 1.973355 -1.750000
v 0.364661 2.068096 -1.750000
v 0.000000 2.100000 -1.750000
v -0.364661 2.068096 -1.750000
v -0.718242 1.973355 -1.750000
v -1.050000 1.818653 -1.750000
v -1.349854 1.608693 -1.750000
v -1.608693 1.349854 -1.750000
v -1.818653 1.050000 -1.750000
v -1.973355 0.718242 -1.750000
v -2.068096 0.364661 -1.750000
v -2.100000 0.000000 -1.750000
v -2.068096 -0.364661 -1.750000
v -1.973355 -0.718242 -1.750000
v -1.818653 -1.050000 -1.750000
v -1.608693 -1.349854 -1.750000
v -1.349854 -1.608693 -1.750000
v -1.050000 -1.818653 -1.750000
v -0.718242 -1.973355 -1.750000
v -0.364661 -2.068096 -1.750000
v -0.000000 -2.100000 -1.750000
v 0.364661 -2.068096 -1.750000
v 0.718242 -1.973355 -1.750000
v 1.050000 -1.818653 -1.750000
v 1.349854 -1.608693 -1.750000
v 1.608693 -1.349854 -1.750000
v 1.818653 -1.050000 -1.750000
v 1.973355 -0.718242 -1.750000
v 2.068096 -0.364661 -1.750000
v 2.100000 0.000000 0.000000
v 2.068096 0.364661 0.000000
v 1.973355 0.718242 0.000000
v 1.818653 1.050000 0.000000
v 1.608693 1.349854 0.000000
v 1.349854 1.608693 0.000000
v 1.050000 1.818653 0.000000
v 0.718242 1.973355 0.000000
v 0.364661 2.068096 0.000000
v 0.000000 2.100000 0.000000
v -0.364661 2.068096 0.000000
v -0.718242 1.973355 0.000000
v -1.050000 1.818653 0.000000
v -1.349854 1.608693 0.000000
v -1.608693 1.349854 0.000000
v -1.818653 1.050000 0.000000
v -1.973355 0.718242 0.000000
v -2.068096 0.364661 0.000000
v -2.100000 0.000000 0.000000
v -2.068096 -0.364661 0.000000
v -1.973355 -0.718242 0.000000
v -1.818653 -1.050000 0.000000
v -1.608693 -1.349854 0.000000
v -1.349854 -1.608693 0.000000
v -1.050000 -1.818653 0.000000
v -0.718242 -1.973355 0.000000
v -0.364661 -2.068096 0.000000
v -0.000000 -2.100000 0.000000
v 0.364661 -2.068096 0.000000
v 0.718242 -1.973355 0.000000
v 1.050000 -1.818653 0.000000
v 1.349854 -1.608693 0.000000
v 1.608693 -1.349854 0.000000
v 1.818653 -1.050000 0.000000
v 1.973355 -0.718242 0.000000
v 2.068096 -0.364661 0.000000
v 2.100000 0.000000 1.750000
v 2.068096 0.364661 1.750000
v 1.973355 0.718242 1.750000
v 1.818653 1.050000 1.750000
v 1.608693 1.349854 1.750000
v 1.349854 1.608693 1.750000
v 1.050000 1.818653 1.750000
v 0.718242 1.973355 1.750000
v 0.364661 2.068096 1.750000
v 0.000000 2.100000 1.750000
v -0.364661 2.068096 1.750000
v -0.718242 1.973355 1.750000
v -1.050000 1.818653 1.750000
v -1.349854 1.608693 1.750000
v -1.608693 1.349854 1.750000
v -1.818653 1.050000 1.750000
v -1.973355 0.718242 1.750000
v -2.068096 0.364661 1.750000
v -2.100000 0.000000 1.750000
v -2.068096 -0.364661 1.750000
v -1.973355 -0.718242 1.750000
v -1.818653 -1.050000 1.750000
v -1.608693 -1.349854 1.750000
v -1.349854 -1.608693 1.750000
v -1.050000 -1.818653 1.750000
v -0.718242 -1.973355 1.750000
v -0.364661 -2.068096 1.750000
v -0.000000 -2.100000 1.750000
v 0.364661 -2.068096 1.750000
v 0.718242 -1.973355 1.750000
v 1.050000 -1.818653 1.750000
v 1.349854 -1.608693 1.750000
v 1.608693 -1.349854 1.750000
v 1.818653 -1.050000 1.750000
v 1.973355 -0.718242 1.750000
v 2.068096 -0.364661 1.750000
v 2.100000 0.000000 3.500000
v 2.068096 0.364661 3.500000
v 1.973355 0.718242 3.500000
v 1.818653 1.050000 3.500000
v 1.608693 1.349854 3.500000
v 1.349854 1.608693 3.500000
v 1.050000 1.818653 3.500000
v 0.718242 1.973355 3.500000
v 0.364661 2.068096 3.500000
v 0.000000 2.100000 3.500000
v -0.364661 2.068096 3.500000
v -0.718242 1.973355 3.500000
v -1.050000 1.818653 3.500000
v -1.349854 1.608693 3.500000
v -1.608693 1.349854 3.500000
v -1.818653 1.050000 3.500000
v -1.973355 0.718242 3.500000
v -2.068096 0.364661 3.500000
v -2.100000 0.000000 3.500000
v -2.068096 -0.364661 3.500000
v -1.973355 -0.718242 3.500000
v -1.818653 -1.050000 3.500000
v -1.608693 -1.349854 3.500000
v -1.349854 -1.608693 3.500000
v -1.050000 -1.818653 3.500000
v -0.718242 -1.973355 3.500000
v -0.364661 -2.068096 3.500000
v -0.000000 -2.100000 3.500000
v 0.364661 -2.068096 3.500000
v 0.718242 -1.973355 3.500000
v 1.050000 -1.818653 3.500000
v 1.349854 -1.608693 3.500000
v 1.608693 -1.349854 3.500000
v 1.818653 -1.050000 3.500000
v 1.973355 -0.718242 3.500000
v 2.068096 -0.364661 3.500000
v 2.100000 0.000000 5.250000
v 2.068096 0.364661 5.250000
v 1.973355 0.718242 5.250000
v 1.818653 1.050000 5.250000
v 1.608693 1.349854 5.250000
v 1.349854 1.608693 5.250000
v 1.050000 1.818653 5.250000
v 0.718242 1.973355 5.250000
v 0.364661 2.068096 5.250000
v 0.000000 2.100000 5.250000
v -0.364661 2.068096 5.250000
v -0.718242 1.973355 5.250000
v -1.050000 1.818653 5.250000
v -1.349854 1.608693 5.250000
v -1.608693 1.349854 5.250000
v -1.818653 1.050000 5.250000
v -1.973355 0.718242 5.250000
v -2.068096 0.364661 5.250000
v -2.100000 0.000000 5.250000
v -2.068096 -0.364661 5.250000
v -1.973355 -0.718242 5.250000
v -1.818653 -1.050000 5.250000
v -1.608693 -1.349854 5.250000
v -1.349854 -1.608693 5.250000
v -1.050000 -1.818653 5.250000
v -0.718242 -1.973355 5.250000
v -0.364661 -2.068096 5.250000
v -0.000000 -2.100000 5.250000
v 0.364661 -2.068096 5.250000
v 0.718242 -1.973355 5.250000
v 1.050000 -1.818653 5.250000
v 1.349854 -1.608693 5.250000
v 1.608693 -1.349854 5.250000
v 1.818653 -1.050000 5.250000
v 1.973355 -0.718242 5.250000
v 2.068096 -0.364661 5.250000
v 2.100000 0.000000 7.000000
v 2.068096 0.364661 7.000000
v 1.973355 0.718242 7.000000
v 1.818653 1.050000 7.000000
v 1.608693 1.349854 7.000000
v 1.349854 1.608693 7.000000
v 1.050000 1.818653 7.000000
v 0.718242 1.973355 7.000000
v 0.364661 2.068096 7.000000
v 0.000000 2.100000 7.000000
v -0.364661 2.068096 7.000000
v -0.718242 1.973355 7.000000
v -1.050000 1.818653 7.000000
v -1.349854 1.608693 7.000000
v -1.608693 1.349854 7.000000
v -1.818653 1.050000 7.000000
v -1.973355 0.718242 7.000000
v -2.068096 0.364661 7.000000
v -2.100000 0.000000 7.000000
v -2.068096 -0.364661 7.000000
v -1.973355 -0.718242 7.000000
v -1.818653 -1.050000 7.000000
v -1.608693 -1.349854 7.000000
v -1.349854 -1.608693 7.000000
v -1.050000 -1.818653 7.000000
v -0.718242 -1.973355 7.000000
v -0.364661 -2.068096 7.000000
v -0.000000 -2.100000 7.000000
v 0.364661 -2.068096 7.000000
v 0.718242 -1.973355 7.000000
v 1.050000 -1.818653 7.000000
v 1.349854 -1.608693 7.000000
v 1.608693 -1.349854 7.000000
v 1.818653 -1.050000 7.000000
v 1.973355 -0.718242 7.000000
v 2.068096 -0.364661 7.000000
v 0.000000 0.000000 -7.000000
v 0.000000 0.000000 7.000000
v -4.750000 1.900000 -2.500000
v -4.750000 1.863492 -2.129328
v -4.750000 1.755371 -1.772901
v -4.750000 1.579792 -1.444417
v -4.750000 1.343503 -1.156497
v -4.750000 1.055583 -0.920208
v -4.750000 0.727099 -0.744629
v -4.750000 0.370672 -0.636508
v -4.750000 0.000000 -0.600000
v -4.750000 -0.370672 -0.636508
v -4.750000 -0.727099 -0.744629
v -4.750000 -1.055583 -0.920208
v -4.750000 -1.343503 -1.156497
v -4.750000 -1.579792 -1.444417
v -4.750000 -1.755371 -1.772901
v -4.750000 -1.863492 -2.129328
v -4.750000 -1.900000 -2.500000
v -4.750000 -1.863492 -2.870672
v -4.750000 -1.755371 -3.227099
v -4.750000 -1.579792 -3.555583
v -4.750000 -1.343503 -3.843503
v -4.750000 -1.055583 -4.079792
v -4.750000 -0.727099 -4.255371
v -4.750000 -0.370672 -4.363492
v -4.750000 -0.000000 -4.400000
v -4.750000 0.370672 -4.363492
v -4.750000 0.727099 -4.255371
v -4.750000 1.055583 -4.079792
v -4.750000 1.343503 -3.843503
v -4.750000 1.579792 -3.555583
v -4.750000 1.755371 -3.227099
v -4.750000 1.863492 -2.870672
v -3.166667 1.900000 -2.500000
v -3.166667 1.863492 -2.129328
v -3.166667 1.755371 -1.772901
v -3.166667 1.579792 -1.444417
v -3.166667 1.343503 -1.156497
v -3.166667 1.055583 -0.920208
v -3.166667 0.727099 -0.744629
v -3.166667 0.370672 -0.636508
v -3.166667 0.000000 -0.600000
v -3.166667 -0.370672 -0.636508
v -3.166667 -0.727099 -0.744629
v -3.166667 -1.055583 -0.920208
v -3.166667 -1.343503 -1.156497
v -3.166667 -1.579792 -1.444417
v -3.166667 -1.755371 -1.772901
v -3.166667 -1.863492 -2.129328
v -3.166667 -1.900000 -2.500000
v -3.166667 -1.863492 -2.870672
v -3.166667 -1.755371 -3.227099
v -3.166667 -1.579792 -3.555583
v -3.166667 -1.343503 -3.843503
v -3.166667 -1.055583 -4.079792
v -3.166667 -0.727099 -4.255371
v -3.166667 -0.370672 -4.363492
v -3.166667 -0.000000 -4.400000
v -3.166667 0.370672 -4.363492
v -3.166667 0.727099 -4.255371
v -3.166667 1.055583 -4.079792
v -3.166667 1.343503 -3.843503
v -3.166667 1.579792 -3.555583
v -3.166667 1.755371 -3.227099
v -3.166667 1.863492 -2.870672
v -1.583333 1.900000 -2.500000
v -1.583333 1.863492 -2.129328
v -1.583333 1.755371 -1.772901
v -1.583333 1.579792 -1.444417
v -1.583333 1.343503 -1.156497
v -1.583333 1.055583 -0.920208
v -1.583333 0.727099 -0.744629
v -1.583333 0.370672 -0.636508
v -1.583333 0.000000 -0.600000
v -1.583333 -0.370672 -0.636508
v -1.583333 -0.727099 -0.744629
v -1.583333 -1.055583 -0.920208
v -1.583333 -1.343503 -1.156497
v -1.583333 -1.579792 -1.444417
v -1.583333 -1.755371 -1.772901
v -1.583333 -1.863492 -2.129328
v -1.583333 -1.900000 -2.500000
v -1.583333 -1.863492 -2.870672
v -1.583333 -1.755371 -3.227099
v -1.583333 -1.579792 -3.555583
v -1.583333 -1.343503 -3.843503
v -1.583333 -1.055583 -4.079792
v -1.583333 -0.727099 -4.255371
v -1.583333 -0.370672 -4.363492
v -1.583333 -0.000000 -4.400000
v -1.583333 0.370672 -4.363492
v -1.583333 0.727099 -4.255371
v -1.583333 1.055583 -4.079792
v -1.583333 1.343503 -3.843503
v -1.583333 1.579792 -3.555583
v -1.583333 1.755371 -3.227099
v -1.583333 1.863492 -2.870672
v 0.000000 1.900000 -2.500000
v 0.000000 1.863492 -2.129328
v 0.000000 1.755371 -1.772901
v 0.000000 1.579792 -1.444417
v 0.000000 1.343503 -1.156497
v 0.000000 1.055583 -0.920208
v 0.000000 0.727099 -0.744629
v 0.000000 0.370672 -0.636508
v 0.000000 0.000000 -0.600000
v 0.000000 -0.370672 -0.636508
v 0.000000 -0.727099 -0.744629
v 0.000000 -1.055583 -0.920208
v 0.000000 -1.343503 -1.156497
v 0.000000 -1.579792 -1.444417
v 0.000000 -1.755371 -1.772901
v 0.000000 -1.863492 -2.129328
v 0.000000 -1.900000 -2.500000
v 0.000000 -1.863492 -2.870672
v 0.000000 -1.755371 -3.227099
v 0.000000 -1.579792 -3.555583
v 0.000000 -1.343503 -3.843503
v 0.000000 -1.055583 -4.079792
v 0.000000 -0.727099 -4.255371
v 0.000000 -0.370672 -4.363492
v 0.000000 -0.000000 -4.400000
v 0.000000 0.370672 -4.363492
v 0.000000 0.727099 -4.255371
v 0.000000 1.055583 -4.079792
v 0.000000 1.343503 -3.843503
v 0.000000 1.579792 -3.555583
v 0.000000 1.755371 -3.227099
v 0.000000 1.863492 -2.870672
v 1.583333 1.900000 -2.500000
v 1.583333 1.863492 -2.129328
v 1.583333 1.755371 -1.772901
v 1.583333 1.579792 -1.444417
v 1.583333 1.343503 -1.156497
v 1.583333 1.055583 -0.920208
v 1.583333 0.727099 -0.744629
v 1.583333 0.370672 -0.636508
v 1.583333 0.000000 -0.600000
v 1.583333 -0.370672 -0.636508
v 1.583333 -0.727099 -0.744629
v 1.583333 -1.055583 -0.920208
v 1.583333 -1.343503 -1.156497
v 1.583333 -1.579792 -1.444417
v 1.583333 -1.755371 -1.772901
v 1.583333 -1.863492 -2.129328
v 1.583333 -1.900000 -2.500000
v 1.583333 -1.863492 -2.870672
v 1.583333 -1.755371 -3.227099
v 1.583333 -1.579792 -3.555583
v 1.583333 -1.343503 -3.843503
v 1.583333 -1.055583 -4.079792
v 1.583333 -0.727099 -4.255371
v 1.583333 -0.370672 -4.363492
v 1.583333 -0.000000 -4.400000
v 1.583333 0.370672 -4.363492
v 1.583333 0.727099 -4.255371
v 1.583333 1.055583 -4.079792
v 1.583333 1.343503 -3.843503
v 1.583333 1.579792 -3.555583
v 1.583333 1.755371 -3.227099
v 1.583333 1.863492 -2.870672
v 3.166667 1.900000 -2.500000
v 3.166667 1.863492 -2.129328
v 3.166667 1.755371 -1.772901
v 3.166667 1.579792 -1.444417
v 3.166667 1.343503 -1.156497
v 3.166667 1.055583 -0.920208
v 3.166667 0.727099 -0.744629
v 3.166667 0.370672 -0.636508
v 3.166667 0.000000 -0.600000
v 3.166667 -0.370672 -0.636508
v 3.166667 -0.727099 -0.744629
v 3.166667 -1.055583 -0.920208
v 3.166667 -1.343503 -1.156497
v 3.166667 -1.579792 -1.444417
v 3.166667 -1.755371 -1.772901
v 3.166667 -1.863492 -2.129328
v 3.166667 -1.900000 -2.500000
v 3.166667 -1.863492 -2.870672
v 3.166667 -1.755371 -3.227099
v 3.166667 -1.579792 -3.555583
v 3.166667 -1.343503 -3.843503
v 3.166667 -1.055583 -4.079792
v 3.166667 -0.727099 -4.255371
v 3.166667 -0.370672 -4.363492
v 3.166667 -0.000000 -4.400000
v 3.166667 0.370672 -4.363492
v 3.166667 0.727099 -4.255371
v 3.166667 1.055583 -4.079792
v 3.166667 1.343503 -3.843503
v 3.166667 1.579792 -3.555583
v 3.166667 1.755371 -3.227099
v 3.166667 1.863492 -2.870672
v 4.750000 1.900000 -2.500000
v 4.750000 1.863492 -2.129328
v 4.750000 1.755371 -1.772901
v 4.750000 1.579792 -1.444417
v 4.750000 1.343503 -1.156497
v 4.750000 1.055583 -0.920208
v 4.750000 0.727099 -0.744629
v 4.750000 0.370672 -0.636508
v 4.750000 0.000000 -0.600000
v 4.750000 -0.370672 -0.636508
v 4.750000 -0.727099 -0.744629
v 4.750000 -1.055583 -0.920208
v 4.750000 -1.343503 -1.156497
v 4.750000 -1.579792 -1.444417
v 4.750000 -1.755371 -1.772901
v 4.750000 -1.863492 -2.129328
v 4.750000 -1.900000 -2.500000
v 4.750000 -1.863492 -2.870672
v 4.750000 -1.755371 -3.227099
v 4.750000 -1.579792 -3.555583
v 4.750000 -1.343503 -3.843503
v 4.750000 -1.055583 -4.079792
v 4.750000 -0.727099 -4.255371
v 4.750000 -0.370672 -4.363492
v 4.750000 -0.000000 -4.400000
v 4.750000 0.370672 -4.363492
v 4.750000 0.727099 -4.255371
v 4.750000 1.055583 -4.079792
v 4.750000 1.343503 -3.843503
v 4.750000 1.579792 -3.555583
v 4.750000 1.755371 -3.227099
v 4.750000 1.863492 -2.870672
v -4.750000 0.000000 -2.500000
v 4.750000 0.000000 -2.500000
v 1.800000 -5.000000 3.200000
v 1.765414 -5.000000 3.551163
v 1.662983 -5.000000 3.888830
v 1.496645 -5.000000 4.200026
v 1.272792 -5.000000 4.472792
v 1.000026 -5.000000 4.696645
v 0.688830 -5.000000 4.862983
v 0.351163 -5.000000 4.965414
v 0.000000 -5.000000 5.000000
v -0.351163 -5.000000 4.965414
v -0.688830 -5.000000 4.862983
v -1.000026 -5.000000 4.696645
v -1.272792 -5.000000 4.472792
v -1.496645 -5.000000 4.200026
v -1.662983 -5.000000 3.888830
v -1.765414 -5.000000 3.551163
v -1.800000 -5.000000 3.200000
v -1.765414 -5.000000 2.848837
v -1.662983 -5.000000 2.511170
v -1.496645 -5.000000 2.199974
v -1.272792 -5.000000 1.927208
v -1.000026 -5.000000 1.703355
v -0.688830 -5.000000 1.537017
v -0.351163 -5.000000 1.434586
v -0.000000 -5.000000 1.400000
v 0.351163 -5.000000 1.434586
v 0.688830 -5.000000 1.537017
v 1.000026 -5.000000 1.703355
v 1.272792 -5.000000 1.927208
v 1.496645 -5.000000 2.199974
v 1.662983 -5.000000 2.511170
v 1.765414 -5.000000 2.848837
v 1.800000 -3.333333 3.200000
v 1.765414 -3.333333 3.551163
v 1.662983 -3.333333 3.888830
v 1.496645 -3.333333 4.200026
v 1.272792 -3.333333 4.472792
v 1.000026 -3.333333 4.696645
v 0.688830 -3.333333 4.862983
v 0.351163 -3.333333 4.965414
v 0.000000 -3.333333 5.000000
v -0.351163 -3.333333 4.965414
v -0.688830 -3.333333 4.862983
v -1.000026 -3.333333 4.696645
v -1.272792 -3.333333 4.472792
v -1.496645 -3.333333 4.200026
v -1.662983 -3.333333 3.888830
v -1.765414 -3.333333 3.551163
v -1.800000 -3.333333 3.200000
v -1.765414 -3.333333 2.848837
v -1.662983 -3.333333 2.511170
v -1.496645 -3.333333 2.199974
v -1.272792 -3.333333 1.927208
v -1.000026 -3.333333 1.703355
v -0.688830 -3.333333 1.537017
v -0.351163 -3.333333 1.434586
v -0.000000 -3.333333 1.400000
v 0.351163 -3.333333 1.434586
v 0.688830 -3.333333 1.537017
v 1.000026 -3.333333 1.703355
v 1.272792 -3.333333 1.927208
v 1.496645 -3.333333 2.199974
v 1.662983 -3.333333 2.511170
v 1.765414 -3.333333 2.848837
v 1.800000 -1.666667 3.200000
v 1.765414 -1.666667 3.551163
v 1.662983 -1.666667 3.888830
v 1.496645 -1.666667 4.200026
v 1.272792 -1.666667 4.472792
v 1.000026 -1.666667 4.696645
v 0.688830 -1.666667 4.862983
v 0.351163 -1.666667 4.965414
v 0.000000 -1.666667 5.000000
v -0.351163 -1.666667 4.965414
v -0.688830 -1.666667 4.862983
v -1.000026 -1.666667 4.696645
v -1.272792 -1.666667 4.472792
v -1.496645 -1.666667 4.200026
v -1.662983 -1.666667 3.888830
v -1.765414 -1.666667 3.551163
v -1.800000 -1.666667 3.200000
v -1.765414 -1.666667 2.848837
v -1.662983 -1.666667 2.511170
v -1.496645 -1.666667 2.199974
v -1.272792 -1.666667 1.927208
v -1.000026 -1.666667 1.703355
v -0.688830 -1.666667 1.537017
v -0.351163 -1.666667 1.434586
v -0.000000 -1.666667 1.400000
v 0.351163 -1.666667 1.434586
v 0.688830 -1.666667 1.537017
v 1.000026 -1.666667 1.703355
v 1.272792 -1.666667 1.927208
v 1.496645 -1.666667 2.199974
v 1.662983 -1.666667 2.511170
v 1.765414 -1.666667 2.848837
v 1.800000 0.000000 3.200000
v 1.765414 0.000000 3.551163
v 1.662983 0.000000 3.888830
v 1.496645 0.000000 4.200026
v 1.272792 0.000000 4.472792
v 1.000026 0.000000 4.696645
v 0.688830 0.000000 4.862983
v 0.351163 0.000000 4.965414
v 0.000000 0.000000 5.000000
v -0.351163 0.000000 4.965414
v -0.688830 0.000000 4.862983
v -1.000026 0.000000 4.696645
v -1.272792 0.000000 4.472792
v -1.496645 0.000000 4.200026
v -1.662983 0.000000 3.888830
v -1.765414 0.000000 3.551163
v -1.800000 0.000000 3.200000
v -1.765414 0.000000 2.848837
v -1.662983 0.000000 2.511170
v -1.496645 0.000000 2.199974
v -1.272792 0.000000 1.927208
v -1.000026 0.000000 1.703355
v -0.688830 0.000000 1.537017
v -0.351163 0.000000 1.434586
v -0.000000 0.000000 1.400000
v 0.351163 0.000000 1.434586
v 0.688830 0.000000 1.537017
v 1.000026 0.000000 1.703355
v 1.272792 0.000000 1.927208
v 1.496645 0.000000 2.199974
v 1.662983 0.000000 2.511170
v 1.765414 0.000000 2.848837
v 1.800000 1.666667 3.200000
v 1.765414 1.666667 3.551163
v 1.662983 1.666667 3.888830
v 1.496645 1.666667 4.200026
v 1.272792 1.666667 4.472792
v 1.000026 1.666667 4.696645
v 0.688830 1.666667 4.862983
v 0.351163 1.666667 4.965414
v 0.000000 1.666667 5.000000
v -0.351163 1.666667 4.965414
v -0.688830 1.666667 4.862983
v -1.000026 1.666667 4.696645
v -1.272792 1.666667 4.472792
v -1.496645 1.666667 4.200026
v -1.662983 1.666667 3.888830
v -1.765414 1.666667 3.551163
v -1.800000 1.666667 3.200000
v -1.765414 1.666667 2.848837
v -1.662983 1.666667 2.511170
v -1.496645 1.666667 2.199974
v -1.272792 1.666667 1.927208
v -1.000026 1.666667 1.703355
v -0.688830 1.666667 1.537017
v -0.351163 1.666667 1.434586
v -0.000000 1.666667 1.400000
v 0.351163 1.666667 1.434586
v 0.688830 1.666667 1.537017
v 1.000026 1.666667 1.703355
v 1.272792 1.666667 1.927208
v 1.496645 1.666667 2.199974
v 1.662983 1.666667 2.511170
v 1.765414 1.666667 2.848837
v 1.800000 3.333333 3.200000
v 1.765414 3.333333 3.551163
v 1.662983 3.333333 3.888830
v 1.496645 3.333333 4.200026
v 1.272792 3.333333 4.472792
v 1.000026 3.333333 4.696645
v 0.688830 3.333333 4.862983
v 0.351163 3.333333 4.965414
v 0.000000 3.333333 5.000000
v -0.351163 3.333333 4.965414
v -0.688830 3.333333 4.862983
v -1.000026 3.333333 4.696645
v -1.272792 3.333333 4.472792
v -1.496645 3.333333 4.200026
v -1.662983 3.333333 3.888830
v -1.765414 3.333333 3.551163
v -1.800000 3.333333 3.200000
v -1.765414 3.333333 2.848837
v -1.662983 3.333333 2.511170
v -1.496645 3.333333 2.199974
v -1.272792 3.333333 1.927208
v -1.000026 3.333333 1.703355
v -0.688830 3.333333 1.537017
v -0.351163 3.333333 1.434586
v -0.000000 3.333333 1.400000
v 0.351163 3.333333 1.434586
v 0.688830 3.333333 1.537017
v 1.000026 3.333333 1.703355
v 1.272792 3.333333 1.927208
v 1.496645 3.333333 2.199974
v 1.662983 3.333333 2.511170
v 1.765414 3.333333 2.848837
v 1.800000 5.000000 3.200000
v 1.765414 5.000000 3.551163
v 1.662983 5.000000 3.888830
v 1.496645 5.000000 4.200026
v 1.272792 5.000000 4.472792
v 1.000026 5.000000 4.696645
v 0.688830 5.000000 4.862983
v 0.351163 5.000000 4.965414
v 0.000000 5.000000 5.000000
v -0.351163 5.000000 4.965414
v -0.688830 5.000000 4.862983
v -1.000026 5.000000 4.696645
v -1.272792 5.000000 4.472792
v -1.496645 5.000000 4.200026
v -1.662983 5.000000 3.888830
v -1.765414 5.000000 3.551163
v -1.800000 5.000000 3.200000
v -1.765414 5.000000 2.848837
v -1.662983 5.000000 2.511170
v -1.496645 5.000000 2.199974
v -1.272792 5.000000 1.927208
v -1.000026 5.000000 1.703355
v -0.688830 5.000000 1.537017
v -0.351163 5.000000 1.434586
v -0.000000 5.000000 1.400000
v 0.351163 5.000000 1.434586
v 0.688830 5.000000 1.537017
v 1.000026 5.000000 1.703355
v 1.272792 5.000000 1.927208
v 1.496645 5.000000 2.199974
v 1.662983 5.000000 2.511170
v 1.765414 5.000000 2.848837
v 0.000000 -5.000000 3.200000
v 0.000000 5.000000 3.200000
v 2.320000 0.000000 -5.000000
v 2.303923 0.000000 -4.940000
v 2.260000 0.000000 -4.896077
v 2.200000 0.000000 -4.880000
v 2.140000 0.000000 -4.896077
v 2.096077 0.000000 -4.940000
v 2.080000 0.000000 -5.000000
v 2.096077 0.000000 -5.060000
v 2.140000 0.000000 -5.103923
v 2.200000 0.000000 -5.120000
v 2.260000 0.000000 -5.103923
v 2.303923 0.000000 -5.060000
v 2.284754 0.402864 -5.000000
v 2.268921 0.400072 -4.940000
v 2.225666 0.392445 -4.896077
v 2.166577 0.382026 -4.880000
v 2.107489 0.371607 -4.896077
v 2.064233 0.363980 -4.940000
v 2.048400 0.361188 -5.000000
v 2.064233 0.363980 -5.060000
v 2.107489 0.371607 -5.103923
v 2.166577 0.382026 -5.120000
v 2.225666 0.392445 -5.103923
v 2.268921 0.400072 -5.060000
v 2.180087 0.793487 -5.000000
v 2.164979 0.787988 -4.940000
v 2.123705 0.772966 -4.896077
v 2.067324 0.752444 -4.880000
v 2.010942 0.731923 -4.896077
v 1.969668 0.716901 -4.940000
v 1.954561 0.711402 -5.000000
v 1.969668 0.716901 -5.060000
v 2.010942 0.731923 -5.103923
v 2.067324 0.752444 -5.120000
v 2.123705 0.772966 -5.103923
v 2.164979 0.787988 -5.060000
v 2.009179 1.160000 -5.000000
v 1.995256 1.151962 -4.940000
v 1.957217 1.130000 -4.896077
v 1.905256 1.100000 -4.880000
v 1.853294 1.070000 -4.896077
v 1.815256 1.048038 -4.940000
v 1.801333 1.040000 -5.000000
v 1.815256 1.048038 -5.060000
v 1.853294 1.070000 -5.103923
v 1.905256 1.100000 -5.120000
v 1.957217 1.130000 -5.103923
v 1.995256 1.151962 -5.060000
v 1.777223 1.491267 -5.000000
v 1.764907 1.480933 -4.940000
v 1.731260 1.452700 -4.896077
v 1.685298 1.414133 -4.880000
v 1.639335 1.375565 -4.896077
v 1.605688 1.347332 -4.940000
v 1.593372 1.336998 -5.000000
v 1.605688 1.347332 -5.060000
v 1.639335 1.375565 -5.103923
v 1.685298 1.414133 -5.120000
v 1.731260 1.452700 -5.103923
v 1.764907 1.480933 -5.060000
v 1.491267 1.777223 -5.000000
v 1.480933 1.764907 -4.940000
v 1.452700 1.731260 -4.896077
v 1.414133 1.685298 -4.880000
v 1.375565 1.639335 -4.896077
v 1.347332 1.605688 -4.940000
v 1.336998 1.593372 -5.000000
v 1.347332 1.605688 -5.060000
v 1.375565 1.639335 -5.103923
v 1.414133 1.685298 -5.120000
v 1.452700 1.731260 -5.103923
v 1.480933 1.764907 -5.060000
v 1.160000 2.009179 -5.000000
v 1.151962 1.995256 -4.940000
v 1.130000 1.957217 -4.896077
v 1.100000 1.905256 -4.880000
v 1.070000 1.853294 -4.896077
v 1.048038 1.815256 -4.940000
v 1.040000 1.801333 -5.000000
v 1.048038 1.815256 -5.060000
v 1.070000 1.853294 -5.103923
v 1.100000 1.905256 -5.120000
v 1.130000 1.957217 -5.103923
v 1.151962 1.995256 -5.060000
v 0.793487 2.180087 -5.000000
v 0.787988 2.164979 -4.940000
v 0.772966 2.123705 -4.896077
v 0.752444 2.067324 -4.880000
v 0.731923 2.010942 -4.896077
v 0.716901 1.969668 -4.940000
v 0.711402 1.954561 -5.000000
v 0.716901 1.969668 -5.060000
v 0.731923 2.010942 -5.103923
v 0.752444 2.067324 -5.120000
v 0.772966 2.123705 -5.103923
v 0.787988 2.164979 -5.060000
v 0.402864 2.284754 -5.000000
v 0.400072 2.268921 -4.940000
v 0.392445 2.225666 -4.896077
v 0.382026 2.166577 -4.880000
v 0.371607 2.107489 -4.896077
v 0.363980 2.064233 -4.940000
v 0.361188 2.048400 -5.000000
v 0.363980 2.064233 -5.060000
v 0.371607 2.107489 -5.103923
v 0.382026 2.166577 -5.120000
v 0.392445 2.225666 -5.103923
v 0.400072 2.268921 -5.060000
v 0.000000 2.320000 -5.000000
v 0.000000 2.303923 -4.940000
v 0.000000 2.260000 -4.896077
v 0.000000 2.200000 -4.880000
v 0.000000 2.140000 -4.896077
v 0.000000 2.096077 -4.940000
v 0.000000 2.080000 -5.000000
v 0.000000 2.096077 -5.060000
v 0.000000 2.140000 -5.103923
v 0.000000 2.200000 -5.120000
v 0.000000 2.260000 -5.103923
v 0.000000 2.303923 -5.060000
v -0.402864 2.284754 -5.000000
v -0.400072 2.268921 -4.940000
v -0.392445 2.225666 -4.896077
v -0.382026 2.166577 -4.880000
v -0.371607 2.107489 -4.896077
v -0.363980 2.064233 -4.940000
v -0.361188 2.048400 -5.000000
v -0.363980 2.064233 -5.060000
v -0.371607 2.107489 -5.103923
v -0.382026 2.166577 -5.120000
v -0.392445 2.225666 -5.103923
v -0.400072 2.268921 -5.060000
v -0.793487 2.180087 -5.000000
v -0.787988 2.164979 -4.940000
v -0.772966 2.123705 -4.896077
v -0.752444 2.067324 -4.880000
v -0.731923 2.010942 -4.896077
v -0.716901 1.969668 -4.940000
v -0.711402 1.954561 -5.000000
v -0.716901 1.969668 -5.060000
v -0.731923 2.010942 -5.103923
v -0.752444 2.067324 -5.120000
v -0.772966 2.123705 -5.103923
v -0.787988 2.164979 -5.060000
v -1.160000 2.009179 -5.000000
v -1.151962 1.995256 -4.940000
v -1.130000 1.957217 -4.896077
v -1.100000 1.905256 -4.880000
v -1.070000 1.853294 -4.896077
v -1.048038 1.815256 -4.940000
v -1.040000 1.801333 -5.000000
v -1.048038 1.815256 -5.060000
v -1.070000 1.853294 -5.103923
v -1.100000 1.905256 -5.120000
v -1.130000 1.957217 -5.103923
v -1.151962 1.995256 -5.060000
v -1.491267 1.777223 -5.000000
v -1.480933 1.764907 -4.940000
v -1.452700 1.731260 -4.896077
v -1.414133 1.685298 -4.880000
v -1.375565 1.639335 -4.896077
v -1.347332 1.605688 -4.940000
v -1.336998 1.593372 -5.000000
v -1.347332 1.605688 -5.060000
v -1.375565 1.639335 -5.103923
v -1.414133 1.685298 -5.120000
v -1.452700 1.731260 -5.103923
v -1.480933 1.764907 -5.060000
v -1.777223 1.491267 -5.000000
v -1.764907 1.480933 -4.940000
v -1.731260 1.452700 -4.896077
v -1.685298 1.414133 -4.880000
v -1.639335 1.375565 -4.896077
v -1.605688 1.347332 -4.940000
v -1.593372 1.336998 -5.000000
v -1.605688 1.347332 -5.060000
v -1.639335 1.375565 -5.103923
v -1.685298 1.414133 -5.120000
v -1.731260 1.452700 -5.103923
v -1.764907 1.480933 -5.060000
v -2.009179 1.160000 -5.000000
v -1.995256 1.151962 -4.940000
v -1.957217 1.130000 -4.896077
v -1.905256 1.100000 -4.880000
v -1.853294 1.070000 -4.896077
v -1.815256 1.048038 -4.940000
v -1.801333 1.040000 -5.000000
v -1.815256 1.048038 -5.060000
v -1.853294 1.070000 -5.103923
v -1.905256 1.100000 -5.120000
v -1.957217 1.130000 -5.103923
v -1.995256 1.151962 -5.060000
v -2.180087 0.793487 -5.000000
v -2.164979 0.787988 -4.940000
v -2.123705 0.772966 -4.896077
v -2.067324 0.752444 -4.880000
v -2.010942 0.731923 -4.896077
v -1.969668 0.716901 -4.940000
v -1.954561 0.711402 -5.000000
v -1.969668 0.716901 -5.060000
v -2.010942 0.731923 -5.103923
v -2.067324 0.752444 -5.120000
v -2.123705 0.772966 -5.103923
v -2.164979 0.787988 -5.060000
v -2.284754 0.402864 -5.000000
v -2.268921 0.400072 -4.940000
v -2.225666 0.392445 -4.896077
v -2.166577 0.382026 -4.880000
v -2.107489 0.371607 -4.896077
v -2.064233 0.363980 -4.940000
v -2.048400 0.361188 -5.000000
v -2.064233 0.363980 -5.060000
v -2.107489 0.371607 -5.103923
v -2.166577 0.382026 -5.120000
v -2.225666 0.392445 -5.103923
v -2.268921 0.400072 -5.060000
v -2.320000 0.000000 -5.000000
v -2.303923 0.000000 -4.940000
v -2.260000 0.000000 -4.896077
v -2.200000 0.000000 -4.880000
v -2.140000 0.000000 -4.896077
v -2.096077 0.000000 -4.940000
v -2.080000 0.000000 -5.000000
v -2.096077 0.000000 -5.060000
v -2.140000 0.000000 -5.103923
v -2.200000 0.000000 -5.120000
v -2.260000 0.000000 -5.103923
v -2.303923 0.000000 -5.060000
v -2.284754 -0.402864 -5.000000
v -2.268921 -0.400072 -4.940000
v -2.225666 -0.392445 -4.896077
v -2.166577 -0.382026 -4.880000
v -2.107489 -0.371607 -4.896077
v -2.064233 -0.363980 -4.940000
v -2.048400 -0.361188 -5.000000
v -2.064233 -0.363980 -5.060000
v -2.107489 -0.371607 -5.103923
v -2.166577 -0.382026 -5.120000
v -2.225666 -0.392445 -5.103923
v -2.268921 -0.400072 -5.060000
v -2.180087 -0.793487 -5.000000
v -2.164979 -0.787988 -4.940000
v -2.123705 -0.772966 -4.896077
v -2.067324 -0.752444 -4.880000
v -2.010942 -0.731923 -4.896077
v -1.969668 -0.716901 -4.940000
v -1.954561 -0.711402 -5.000000
v -1.969668 -0.716901 -5.060000
v -2.010942 -0.731923 -5.103923
v -2.067324 -0.752444 -5.120000
v -2.123705 -0.772966 -5.103923
v -2.164979 -0.787988 -5.060000
v -2.009179 -1.160000 -5.000000
v -1.995256 -1.151962 -4.940000
v -1.957217 -1.130000 -4.896077
v -1.905256 -1.100000 -4.880000
v -1.853294 -1.070000 -4.896077
v -1.815256 -1.048038 -4.940000
v -1.801333 -1.040000 -5.000000
v -1.815256 -1.048038 -5.060000
v -1.853294 -1.070000 -5.103923
v -1.905256 -1.100000 -5.120000
v -1.957217 -1.130000 -5.103923
v -1.995256 -1.151962 -5.060000
v -1.777223 -1.491267 -5.000000
v -1.764907 -1.480933 -4.940000
v -1.731260 -1.452700 -4.896077
v -1.685298 -1.414133 -4.880000
v -1.639335 -1.375565 -4.896077
v -1.605688 -1.347332 -4.940000
v -1.593372 -1.336998 -5.000000
v -1.605688 -1.347332 -5.060000
v -1.639335 -1.375565 -5.103923
v -1.685298 -1.414133 -5.120000
v -1.731260 -1.452700 -5.103923
v -1.764907 -1.480933 -5.060000
v -1.491267 -1.777223 -5.000000
v -1.480933 -1.764907 -4.940000
v -1.452700 -1.731260 -4.896077
v -1.414133 -1.685298 -4.880000
v -1.375565 -1.639335 -4.896077
v -1.347332 -1.605688 -4.940000
v -1.336998 -1.593372 -5.000000
v -1.347332 -1.605688 -5.060000
v -1.375565 -1.639335 -5.103923
v -1.414133 -1.685298 -5.120000
v -1.452700 -1.731260 -5.103923
v -1.480933 -1.764907 -5.060000
v -1.160000 -2.009179 -5.000000
v -1.151962 -1.995256 -4.940000
v -1.130000 -1.957217 -4.896077
v -1.100000 -1.905256 -4.880000
v -1.070000 -1.853294 -4.896077
v -1.048038 -1.815256 -4.940000
v -1.040000 -1.801333 -5.000000
v -1.048038 -1.815256 -5.060000
v -1.070000 -1.853294 -5.103923
v -1.100000 -1.905256 -5.120000
v -1.130000 -1.957217 -5.103923
v -1.151962 -1.995256 -5.060000
v -0.793487 -2.180087 -5.000000
v -0.787988 -2.164979 -4.940000
v -0.772966 -2.123705 -4.896077
v -0.752444 -2.067324 -4.880000
v -0.731923 -2.010942 -4.896077
v -0.716901 -1.969668 -4.940000
v -0.711402 -1.954561 -5.000000
v -0.716901 -1.969668 -5.060000
v -0.731923 -2.010942 -5.103923
v -0.752444 -2.067324 -5.120000
v -0.772966 -2.123705 -5.103923
v -0.787988 -2.164979 -5.060000
v -0.402864 -2.284754 -5.000000
v -0.400072 -2.268921 -4.940000
v -0.392445 -2.225666 -4.896077
v -0.382026 -2.166577 -4.880000
v -0.371607 -2.107489 -4.896077
v -0.363980 -2.064233 -4.940000
v -0.361188 -2.048400 -5.000000
v -0.363980 -2.064233 -5.060000
v -0.371607 -2.107489 -5.103923
v -0.382026 -2.166577 -5.120000
v -0.392445 -2.225666 -5.103923
v -0.400072 -2.268921 -5.060000
v -0.000000 -2.320000 -5.000000
v -0.000000 -2.303923 -4.940000
v -0.000000 -2.260000 -4.896077
v -0.000000 -2.200000 -4.880000
v -0.000000 -2.140000 -4.896077
v -0.000000 -2.096077 -4.940000
v -0.000000 -2.080000 -5.000000
v -0.000000 -2.096077 -5.060000
v -0.000000 -2.140000 -5.103923
v -0.000000 -2.200000 -5.120000
v -0.000000 -2.260000 -5.103923
v -0.000000 -2.303923 -5.060000
v 0.402864 -2.284754 -5.000000
v 0.400072 -2.268921 -4.940000
v 0.392445 -2.225666 -4.896077
v 0.382026 -2.166577 -4.880000
v 0.371607 -2.107489 -4.896077
v 0.363980 -2.064233 -4.940000
v 0.361188 -2.048400 -5.000000
v 0.363980 -2.064233 -5.060000
v 0.371607 -2.107489 -5.103923
v 0.382026 -2.166577 -5.120000
v 0.392445 -2.225666 -5.103923
v 0.400072 -2.268921 -5.060000
v 0.793487 -2.180087 -5.000000
v 0.787988 -2.164979 -4.940000
v 0.772966 -2.123705 -4.896077
v 0.752444 -2.067324 -4.880000
v 0.731923 -2.010942 -4.896077
v 0.716901 -1.969668 -4.940000
v 0.711402 -1.954561 -5.000000
v 0.716901 -1.969668 -5.060000
v 0.731923 -2.010942 -5.103923
v 0.752444 -2.067324 -5.120000
v 0.772966 -2.123705 -5.103923
v 0.787988 -2.164979 -5.060000
v 1.160000 -2.009179 -5.000000
v 1.151962 -1.995256 -4.940000
v 1.130000 -1.957217 -4.896077
v 1.100000 -1.905256 -4.880000
v 1.070000 -1.853294 -4.896077
v 1.048038 -1.815256 -4.940000
v 1.040000 -1.801333 -5.000000
v 1.048038 -1.815256 -5.060000
v 1.070000 -1.853294 -5.103923
v 1.100000 -1.905256 -5.120000
v 1.130000 -1.957217 -5.103923
v 1.151962 -1.995256 -5.060000
v 1.491267 -1.777223 -5.000000
v 1.480933 -1.764907 -4.940000
v 1.452700 -1.731260 -4.896077
v 1.414133 -1.685298 -4.880000
v 1.375565 -1.639335 -4.896077
v 1.347332 -1.605688 -4.940000
v 1.336998 -1.593372 -5.000000
v 1.347332 -1.605688 -5.060000
v 1.375565 -1.639335 -5.103923
v 1.414133 -1.685298 -5.120000
v 1.452700 -1.731260 -5.103923
v 1.480933 -1.764907 -5.060000
v 1.777223 -1.491267 -5.000000
v 1.764907 -1.480933 -4.940000
v 1.731260 -1.452700 -4.896077
v 1.685298 -1.414133 -4.880000
v 1.639335 -1.375565 -4.896077
v 1.605688 -1.347332 -4.940000
v 1.593372 -1.336998 -5.000000
v 1.605688 -1.347332 -5.060000
v 1.639335 -1.375565 -5.103923
v 1.685298 -1.414133 -5.120000
v 1.731260 -1.452700 -5.103923
v 1.764907 -1.480933 -5.060000
v 2.009179 -1.160000 -5.000000
v 1.995256 -1.151962 -4.940000
v 1.957217 -1.130000 -4.896077
v 1.905256 -1.100000 -4.880000
v 1.853294 -1.070000 -4.896077
v 1.815256 -1.048038 -4.940000
v 1.801333 -1.040000 -5.000000
v 1.815256 -1.048038 -5.060000
v 1.853294 -1.070000 -5.103923
v 1.905256 -1.100000 -5.120000
v 1.957217 -1.130000 -5.103923
v 1.995256 -1.151962 -5.060000
v 2.180087 -0.793487 -5.000000
v 2.164979 -0.787988 -4.940000
v 2.123705 -0.772966 -4.896077
v 2.067324 -0.752444 -4.880000
v 2.010942 -0.731923 -4.896077
v 1.969668 -0.716901 -4.940000
v 1.954561 -0.711402 -5.000000
v 1.969668 -0.716901 -5.060000
v 2.010942 -0.731923 -5.103923
v 2.067324 -0.752444 -5.120000
v 2.123705 -0.772966 -5.103923
v 2.164979 -0.787988 -5.060000
v 2.284754 -0.402864 -5.000000
v 2.268921 -0.400072 -4.940000
v 2.225666 -0.392445 -4.896077
v 2.166577 -0.382026 -4.880000
v 2.107489 -0.371607 -4.896077
v 2.064233 -0.363980 -4.940000
v 2.048400 -0.361188 -5.000000
v 2.064233 -0.363980 -5.060000
v 2.107489 -0.371607 -5.103923
v 2.166577 -0.382026 -5.120000
v 2.225666 -0.392445 -5.103923
v 2.268921 -0.400072 -5.060000
v 2.320000 0.000000 -2.500000
v 2.303923 0.000000 -2.440000
v 2.260000 0.000000 -2.396077
v 2.200000 0.000000 -2.380000
v 2.140000 0.000000 -2.396077
v 2.096077 0.000000 -2.440000
v 2.080000 0.000000 -2.500000
v 2.096077 0.000000 -2.560000
v 2.140000 0.000000 -2.603923
v 2.200000 0.000000 -2.620000
v 2.260000 0.000000 -2.603923
v 2.303923 0.000000 -2.560000
v 2.284754 0.402864 -2.500000
v 2.268921 0.400072 -2.440000
v 2.225666 0.392445 -2.396077
v 2.166577 0.382026 -2.380000
v 2.107489 0.371607 -2.396077
v 2.064233 0.363980 -2.440000
v 2.048400 0.361188 -2.500000
v 2.064233 0.363980 -2.560000
v 2.107489 0.371607 -2.603923
v 2.166577 0.382026 -2.620000
v 2.225666 0.392445 -2.603923
v 2.268921 0.400072 -2.560000
v 2.180087 0.793487 -2.500000
v 2.164979 0.787988 -2.440000
v 2.123705 0.772966 -2.396077
v 2.067324 0.752444 -2.380000
v 2.010942 0.731923 -2.396077
v 1.969668 0.716901 -2.440000
v 1.954561 0.711402 -2.500000
v 1.969668 0.716901 -2.560000
v 2.010942 0.731923 -2.603923
v 2.067324 0.752444 -2.620000
v 2.123705 0.772966 -2.603923
v 2.164979 0.787988 -2.560000
v 2.009179 1.160000 -2.500000
v 1.995256 1.151962 -2.440000
v 1.957217 1.130000 -2.396077
v 1.905256 1.100000 -2.380000
v 1.853294 1.070000 -2.396077
v 1.815256 1.048038 -2.440000
v 1.801333 1.040000 -2.500000
v 1.815256 1.048038 -2.560000
v 1.853294 1.070000 -2.603923
v 1.905256 1.100000 -2.620000
v 1.957217 1.130000 -2.603923
v 1.995256 1.151962 -2.560000
v 1.777223 1.491267 -2.500000
v 1.764907 1.480933 -2.440000
v 1.731260 1.452700 -2.396077
v 1.685298 1.414133 -2.380000
v 1.639335 1.375565 -2.396077
v 1.605688 1.347332 -2.440000
v 1.593372 1.336998 -2.500000
v 1.605688 1.347332 -2.560000
v 1.639335 1.375565 -2.603923
v 1.685298 1.414133 -2.620000
v 1.731260 1.452700 -2.603923
v 1.764907 1.480933 -2.560000
v 1.491267 1.777223 -2.500000
v 1.480933 1.764907 -2.440000
v 1.452700 1.731260 -2.396077
v 1.414133 1.685298 -2.380000
v 1.375565 1.639335 -2.396077
v 1.347332 1.605688 -2.440000
v 1.336998 1.593372 -2.500000
v 1.347332 1.605688 -2.560000
v 1.375565 1.639335 -2.603923
v 1.414133 1.685298 -2.620000
v 1.452700 1.731260 -2.603923
v 1.480933 1.764907 -2.560000
v 1.160000 2.009179 -2.500000
v 1.151962 1.995256 -2.440000
v 1.130000 1.957217 -2.396077
v 1.100000 1.905256 -2.380000
v 1.070000 1.853294 -2.396077
v 1.048038 1.815256 -2.440000
v 1.040000 1.801333 -2.500000
v 1.048038 1.815256 -2.560000
v 1.070000 1.853294 -2.603923
v 1.100000 1.905256 -2.620000
v 1.130000 1.957217 -2.603923
v 1.151962 1.995256 -2.560000
v 0.793487 2.180087 -2.500000
v 0.787988 2.164979 -2.440000
v 0.772966 2.123705 -2.396077
v 0.752444 2.067324 -2.380000
v 0.731923 2.010942 -2.396077
v 0.716901 1.969668 -2.440000
v 0.711402 1.954561 -2.500000
v 0.716901 1.969668 -2.560000
v 0.731923 2.010942 -2.603923
v 0.752444 2.067324 -2.620000
v 0.772966 2.123705 -2.603923
v 0.787988 2.164979 -2.560000
v 0.402864 2.284754 -2.500000
v 0.400072 2.268921 -2.440000
v 0.392445 2.225666 -2.396077
v 0.382026 2.166577 -2.380000
v 0.371607 2.107489 -2.396077
v 0.363980 2.064233 -2.440000
v 0.361188 2.048400 -2.500000
v 0.363980 2.064233 -2.560000
v 0.371607 2.107489 -2.603923
v 0.382026 2.166577 -2.620000
v 0.392445 2.225666 -2.603923
v 0.400072 2.268921 -2.560000
v 0.000000 2.320000 -2.500000
v 0.000000 2.303923 -2.440000
v 0.000000 2.260000 -2.396077
v 0.000000 2.200000 -2.380000
v 0.000000 2.140000 -2.396077
v 0.000000 2.096077 -2.440000
v 0.000000 2.080000 -2.500000
v 0.000000 2.096077 -2.560000
v 0.000000 2.140000 -2.603923
v 0.000000 2.200000 -2.620000
v 0.000000 2.260000 -2.603923
v 0.000000 2.303923 -2.560000
v -0.402864 2.284754 -2.500000
v -0.400072 2.268921 -2.440000
v -0.392445 2.225666 -2.396077
v -0.382026 2.166577 -2.380000
v -0.371607 2.107489 -2.396077
v -0.363980 2.064233 -2.440000
v -0.361188 2.048400 -2.500000
v -0.363980 2.064233 -2.560000
v -0.371607 2.107489 -2.603923
v -0.382026 2.166577 -2.620000
v -0.392445 2.225666 -2.603923
v -0.400072 2.268921 -2.560000
v -0.793487 2.180087 -2.500000
v -0.787988 2.164979 -2.440000
v -0.772966 2.123705 -2.396077
v -0.752444 2.067324 -2.380000
v -0.731923 2.010942 -2.396077
v -0.716901 1.969668 -2.440000
v -0.711402 1.954561 -2.500000
v -0.716901 1.969668 -2.560000
v -0.731923 2.010942 -2.603923
v -0.752444 2.067324 -2.620000
v -0.772966 2.123705 -2.603923
v -0.787988 2.164979 -2.560000
v -1.160000 2.009179 -2.500000
v -1.151962 1.995256 -2.440000
v -1.130000 1.957217 -2.396077
v -1.100000 1.905256 -2.380000
v -1.070000 1.853294 -2.396077
v -1.048038 1.815256 -2.440000
v -1.040000 1.801333 -2.500000
v -1.048038 1.815256 -2.560000
v -1.070000 1.853294 -2.603923
v -1.100000 1.905256 -2.620000
v -1.130000 1.957217 -2.603923
v -1.151962 1.995256 -2.560000
v -1.491267 1.777223 -2.500000
v -1.480933 1.764907 -2.440000
v -1.452700 1.731260 -2.396077
v -1.414133 1.685298 -2.380000
v -1.375565 1.639335 -2.396077
v -1.347332 1.605688 -2.440000
v -1.336998 1.593372 -2.500000
v -1.347332 1.605688 -2.560000
v -1.375565 1.639335 -2.603923
v -1.414133 1.685298 -2.620000
v -1.452700 1.731260 -2.603923
v -1.480933 1.764907 -2.560000
v -1.777223 1.491267 -2.500000
v -1.764907 1.480933 -2.440000
v -1.731260 1.452700 -2.396077
v -1.685298 1.414133 -2.380000
v -1.639335 1.375565 -2.396077
v -1.605688 1.347332 -2.440000
v -1.593372 1.336998 -2.500000
v -1.605688 1.347332 -2.560000
v -1.639335 1.375565 -2.603923
v -1.685298 1.414133 -2.620000
v -1.731260 1.452700 -2.603923
v -1.764907 1.480933 -2.560000
v -2.009179 1.160000 -2.500000
v -1.995256 1.151962 -2.440000
v -1.957217 1.130000 -2.396077
v -1.905256 1.100000 -2.380000
v -1.853294 1.070000 -2.396077
v -1.815256 1.048038 -2.440000
v -1.801333 1.040000 -2.500000
v -1.815256 1.048038 -2.560000
v -1.853294 1.070000 -2.603923
v -1.905256 1.100000 -2.620000
v -1.957217 1.130000 -2.603923
v -1.995256 1.151962 -2.560000
v -2.180087 0.793487 -2.500000
v -2.164979 0.787988 -2.440000
v -2.123705 0.772966 -2.396077
v -2.067324 0.752444 -2.380000
v -2.010942 0.731923 -2.396077
v -1.969668 0.716901 -2.440000
v -1.954561 0.711402 -2.500000
v -1.969668 0.716901 -2.560000
v -2.010942 0.731923 -2.603923
v -2.067324 0.752444 -2.620000
v -2.123705 0.772966 -2.603923
v -2.164979 0.787988 -2.560000
v -2.284754 0.402864 -2.500000
v -2.268921 0.400072 -2.440000
v -2.225666 0.392445 -2.396077
v -2.166577 0.382026 -2.380000
v -2.107489 0.371607 -2.396077
v -2.064233 0.363980 -2.440000
v -2.048400 0.361188 -2.500000
v -2.064233 0.363980 -2.560000
v -2.107489 0.371607 -2.603923
v -2.166577 0.382026 -2.620000
v -2.225666 0.392445 -2.603923
v -2.268921 0.400072 -2.560000
v -2.320000 0.000000 -2.500000
v -2.303923 0.000000 -2.440000
v -2.260000 0.000000 -2.396077
v -2.200000 0.000000 -2.380000
v -2.140000 0.000000 -2.396077
v -2.096077 0.000000 -2.440000
v -2.080000 0.000000 -2.500000
v -2.096077 0.000000 -2.560000
v -2.140000 0.000000 -2.603923
v -2.200000 0.000000 -2.620000
v -2.260000 0.000000 -2.603923
v -2.303923 0.000000 -2.560000
v -2.284754 -0.402864 -2.500000
v -2.268921 -0.400072 -2.440000
v -2.225666 -0.392445 -2.396077
v -2.166577 -0.382026 -2.380000
v -2.107489 -0.371607 -2.396077
v -2.064233 -0.363980 -2.440000
v -2.048400 -0.361188 -2.500000
v -2.064233 -0.363980 -2.560000
v -2.107489 -0.371607 -2.603923
v -2.166577 -0.382026 -2.620000
v -2.225666 -0.392445 -2.603923
v -2.268921 -0.400072 -2.560000
v -2.180087 -0.793487 -2.500000
v -2.164979 -0.787988 -2.440000
v -2.123705 -0.772966 -2.396077
v -2.067324 -0.752444 -2.380000
v -2.010942 -0.731923 -2.396077
v -1.969668 -0.716901 -2.440000
v -1.954561 -0.711402 -2.500000
v -1.969668 -0.716901 -2.560000
v -2.010942 -0.731923 -2.603923
v -2.067324 -0.752444 -2.620000
v -2.123705 -0.772966 -2.603923
v -2.164979 -0.787988 -2.560000
v -2.009179 -1.160000 -2.500000
v -1.995256 -1.151962 -2.440000
v -1.957217 -1.130000 -2.396077
v -1.905256 -1.100000 -2.380000
v -1.853294 -1.070000 -2.396077
v -1.815256 -1.048038 -2.440000
v -1.801333 -1.040000 -2.500000
v -1.815256 -1.048038 -2.560000
v -1.853294 -1.070000 -2.603923
v -1.905256 -1.100000 -2.620000
v -1.957217 -1.130000 -2.603923
v -1.995256 -1.151962 -2.560000
v -1.777223 -1.491267 -2.500000
v -1.764907 -1.480933 -2.440000
v -1.731260 -1.452700 -2.396077
v -1.685298 -1.414133 -2.380000
v -1.639335 -1.375565 -2.396077
v -1.605688 -1.347332 -2.440000
v -1.593372 -1.336998 -2.500000
v -1.605688 -1.347332 -2.560000
v -1.639335 -1.375565 -2.603923
v -1.685298 -1.414133 -2.620000
v -1.731260 -1.452700 -2.603923
v -1.764907 -1.480933 -2.560000
v -1.491267 -1.777223 -2.500000
v -1.480933 -1.764907 -2.440000
v -1.452700 -1.731260 -2.396077
v -1.414133 -1.685298 -2.380000
v -1.375565 -1.639335 -2.396077
v -1.347332 -1.605688 -2.440000
v -1.336998 -1.593372 -2.500000
v -1.347332 -1.605688 -2.560000
v -1.375565 -1.639335 -2.603923
v -1.414133 -1.685298 -2.620000
v -1.452700 -1.731260 -2.603923
v -1.480933 -1.764907 -2.560000
v -1.160000 -2.009179 -2.500000
v -1.151962 -1.995256 -2.440000
v -1.130000 -1.957217 -2.396077
v -1.100000 -1.905256 -2.380000
v -1.070000 -1.853294 -2.396077
v -1.048038 -1.815256 -2.440000
v -1.040000 -1.801333 -2.500000
v -1.048038 -1.815256 -2.560000
v -1.070000 -1.853294 -2.603923
v -1.100000 -1.905256 -2.620000
v -1.130000 -1.957217 -2.603923
v -1.151962 -1.995256 -2.560000
v -0.793487 -2.180087 -2.500000
v -0.787988 -2.164979 -2.440000
v -0.772966 -2.123705 -2.396077
v -0.752444 -2.067324 -2.380000
v -0.731923 -2.010942 -2.396077
v -0.716901 -1.969668 -2.440000
v -0.711402 -1.954561 -2.500000
v -0.716901 -1.969668 -2.560000
v -0.731923 -2.010942 -2.603923
v -0.752444 -2.067324 -2.620000
v -0.772966 -2.123705 -2.603923
v -0.787988 -2.164979 -2.560000
v -0.402864 -2.284754 -2.500000
v -0.400072 -2.268921 -2.440000
v -0.392445 -2.225666 -2.396077
v -0.382026 -2.166577 -2.380000
v -0.371607 -2.107489 -2.396077
v -0.363980 -2.064233 -2.440000
v -0.361188 -2.048400 -2.500000
v -0.363980 -2.064233 -2.560000
v -0.371607 -2.107489 -2.603923
v -0.382026 -2.166577 -2.620000
v -0.392445 -2.225666 -2.603923
v -0.400072 -2.268921 -2.560000
v -0.000000 -2.320000 -2.500000
v -0.000000 -2.303923 -2.440000
v -0.000000 -2.260000 -2.396077
v -0.000000 -2.200000 -2.380000
v -0.000000 -2.140000 -2.396077
v -0.000000 -2.096077 -2.440000
v -0.000000 -2.080000 -2.500000
v -0.000000 -2.096077 -2.560000
v -0.000000 -2.140000 -2.603923
v -0.000000 -2.200000 -2.620000
v -0.000000 -2.260000 -2.603923
v -0.000000 -2.303923 -2.560000
v 0.402864 -2.284754 -2.500000
v 0.400072 -2.268921 -2.440000
v 0.392445 -2.225666 -2.396077
v 0.382026 -2.166577 -2.380000
v 0.371607 -2.107489 -2.396077
v 0.363980 -2.064233 -2.440000
v 0.361188 -2.048400 -2.500000
v 0.363980 -2.064233 -2.560000
v 0.371607 -2.107489 -2.603923
v 0.382026 -2.166577 -2.620000
v 0.392445 -2.225666 -2.603923
v 0.400072 -2.268921 -2.560000
v 0.793487 -2.180087 -2.500000
v 0.787988 -2.164979 -2.440000
v 0.772966 -2.123705 -2.396077
v 0.752444 -2.067324 -2.380000
v 0.731923 -2.010942 -2.396077
v 0.716901 -1.969668 -2.440000
v 0.711402 -1.954561 -2.500000
v 0.716901 -1.969668 -2.560000
v 0.731923 -2.010942 -2.603923
v 0.752444 -2.067324 -2.620000
v 0.772966 -2.123705 -2.603923
v 0.787988 -2.164979 -2.560000
v 1.160000 -2.009179 -2.500000
v 1.151962 -1.995256 -2.440000
v 1.130000 -1.957217 -2.396077
v 1.100000 -1.905256 -2.380000
v 1.070000 -1.853294 -2.396077
v 1.048038 -1.815256 -2.440000
v 1.040000 -1.801333 -2.500000
v 1.048038 -1.815256 -2.560000
v 1.070000 -1.853294 -2.603923
v 1.100000 -1.905256 -2.620000
v 1.130000 -1.957217 -2.603923
v 1.151962 -1.995256 -2.560000
v 1.491267 -1.777223 -2.500000
v 1.480933 -1.764907 -2.440000
v 1.452700 -1.731260 -2.396077
v 1.414133 -1.685298 -2.380000
v 1.375565 -1.639335 -2.396077
v 1.347332 -1.605688 -2.440000
v 1.336998 -1.593372 -2.500000
v 1.347332 -1.605688 -2.560000
v 1.375565 -1.639335 -2.603923
v 1.414133 -1.685298 -2.620000
v 1.452700 -1.731260 -2.603923
v 1.480933 -1.764907 -2.560000
v 1.777223 -1.491267 -2.500000
v 1.764907 -1.480933 -2.440000
v 1.731260 -1.452700 -2.396077
v 1.685298 -1.414133 -2.380000
v 1.639335 -1.375565 -2.396077
v 1.605688 -1.347332 -2.440000
v 1.593372 -1.336998 -2.500000
v 1.605688 -1.347332 -2.560000
v 1.639335 -1.375565 -2.603923
v 1.685298 -1.414133 -2.620000
v 1.731260 -1.452700 -2.603923
v 1.764907 -1.480933 -2.560000
v 2.009179 -1.160000 -2.500000
v 1.995256 -1.151962 -2.440000
v 1.957217 -1.130000 -2.396077
v 1.905256 -1.100000 -2.380000
v 1.853294 -1.070000 -2.396077
v 1.815256 -1.048038 -2.440000
v 1.801333 -1.040000 -2.500000
v 1.815256 -1.048038 -2.560000
v 1.853294 -1.070000 -2.603923
v 1.905256 -1.100000 -2.620000
v 1.957217 -1.130000 -2.603923
v 1.995256 -1.151962 -2.560000
v 2.180087 -0.793487 -2.500000
v 2.164979 -0.787988 -2.440000
v 2.123705 -0.772966 -2.396077
v 2.067324 -0.752444 -2.380000
v 2.010942 -0.731923 -2.396077
v 1.969668 -0.716901 -2.440000
v 1.954561 -0.711402 -2.500000
v 1.969668 -0.716901 -2.560000
v 2.010942 -0.731923 -2.603923
v 2.067324 -0.752444 -2.620000
v 2.123705 -0.772966 -2.603923
v 2.164979 -0.787988 -2.560000
v 2.284754 -0.402864 -2.500000
v 2.268921 -0.400072 -2.440000
v 2.225666 -0.392445 -2.396077
v 2.166577 -0.382026 -2.380000
v 2.107489 -0.371607 -2.396077
v 2.064233 -0.363980 -2.440000
v 2.048400 -0.361188 -2.500000
v 2.064233 -0.363980 -2.560000
v 2.107489 -0.371607 -2.603923
v 2.166577 -0.382026 -2.620000
v 2.225666 -0.392445 -2.603923
v 2.268921 -0.400072 -2.560000
v 2.320000 0.000000 0.000000
v 2.303923 0.000000 0.060000
v 2.260000 0.000000 0.103923
v 2.200000 0.000000 0.120000
v 2.140000 0.000000 0.103923
v 2.096077 0.000000 0.060000
v 2.080000 0.000000 0.000000
v 2.096077 0.000000 -0.060000
v 2.140000 0.000000 -0.103923
v 2.200000 0.000000 -0.120000
v 2.260000 0.000000 -0.103923
v 2.303923 0.000000 -0.060000
v 2.284754 0.402864 0.000000
v 2.268921 0.400072 0.060000
v 2.225666 0.392445 0.103923
v 2.166577 0.382026 0.120000
v 2.107489 0.371607 0.103923
v 2.064233 0.363980 0.060000
v 2.048400 0.361188 0.000000
v 2.064233 0.363980 -0.060000
v 2.107489 0.371607 -0.103923
v 2.166577 0.382026 -0.120000
v 2.225666 0.392445 -0.103923
v 2.268921 0.400072 -0.060000
v 2.180087 0.793487 0.000000
v 2.164979 0.787988 0.060000
v 2.123705 0.772966 0.103923
v 2.067324 0.752444 0.120000
v 2.010942 0.731923 0.103923
v 1.969668 0.716901 0.060000
v 1.954561 0.711402 0.000000
v 1.969668 0.716901 -0.060000
v 2.010942 0.731923 -0.103923
v 2.067324 0.752444 -0.120000
v 2.123705 0.772966 -0.103923
v 2.164979 0.787988 -0.060000
v 2.009179 1.160000 0.000000
v 1.995256 1.151962 0.060000
v 1.957217 1.130000 0.103923
v 1.905256 1.100000 0.120000
v 1.853294 1.070000 0.103923
v 1.815256 1.048038 0.060000
v 1.801333 1.040000 0.000000
v 1.815256 1.048038 -0.060000
v 1.853294 1.070000 -0.103923
v 1.905256 1.100000 -0.120000
v 1.957217 1.130000 -0.103923
v 1.995256 1.151962 -0.060000
v 1.777223 1.491267 0.000000
v 1.764907 1.480933 0.060000
v 1.731260 1.452700 0.103923
v 1.685298 1.414133 0.120000
v 1.639335 1.375565 0.103923
v 1.605688 1.347332 0.060000
v 1.593372 1.336998 0.000000
v 1.605688 1.347332 -0.060000
v 1.639335 1.375565 -0.103923
v 1.685298 1.414133 -0.120000
v 1.731260 1.452700 -0.103923
v 1.764907 1.480933 -0.060000
v 1.491267 1.777223 0.000000
v 1.480933 1.764907 0.060000
v 1.452700 1.731260 0.103923
v 1.414133 1.685298 0.120000
v 1.375565 1.639335 0.103923
v 1.347332 1.605688 0.060000
v 1.336998 1.593372 0.000000
v 1.347332 1.605688 -0.060000
v 1.375565 1.639335 -0.103923
v 1.414133 1.685298 -0.120000
v 1.452700 1.731260 -0.103923
v 1.480933 1.764907 -0.060000
v 1.160000 2.009179 0.000000
v 1.151962 1.995256 0.060000
v 1.130000 1.957217 0.103923
v 1.100000 1.905256 0.120000
v 1.070000 1.853294 0.103923
v 1.048038 1.815256 0.060000
v 1.040000 1.801333 0.000000
v 1.048038 1.815256 -0.060000
v 1.070000 1.853294 -0.103923
v 1.100000 1.905256 -0.120000
v 1.130000 1.957217 -0.103923
v 1.151962 1.995256 -0.060000
v 0.793487 2.180087 0.000000
v 0.787988 2.164979 0.060000
v 0.772966 2.123705 0.103923
v 0.752444 2.067324 0.120000
v 0.731923 2.010942 0.103923
v 0.716901 1.969668 0.060000
v 0.711402 1.954561 0.000000
v 0.716901 1.969668 -0.060000
v 0.731923 2.010942 -0.103923
v 0.752444 2.067324 -0.120000
v 0.772966 2.123705 -0.103923
v 0.787988 2.164979 -0.060000
v 0.402864 2.284754 0.000000
v 0.400072 2.268921 0.060000
v 0.392445 2.225666 0.103923
v 0.382026 2.166577 0.120000
v 0.371607 2.107489 0.103923
v 0.363980 2.064233 0.060000
v 0.361188 2.048400 0.000000
v 0.363980 2.064233 -0.060000
v 0.371607 2.107489 -0.103923
v 0.382026 2.166577 -0.120000
v 0.392445 2.225666 -0.103923
v 0.400072 2.268921 -0.060000
v 0.000000 2.320000 0.000000
v 0.000000 2.303923 0.060000
v 0.000000 2.260000 0.103923
v 0.000000 2.200000 0.120000
v 0.000000 2.140000 0.103923
v 0.000000 2.096077 0.060000
v 0.000000 2.080000 0.000000
v 0.000000 2.096077 -0.060000
v 0.000000 2.140000 -0.103923
v 0.000000 2.200000 -0.120000
v 0.000000 2.260000 -0.103923
v 0.000000 2.303923 -0.060000
v -0.402864 2.284754 0.000000
v -0.400072 2.268921 0.060000
v -0.392445 2.225666 0.103923
v -0.382026 2.166577 0.120000
v -0.371607 2.107489 0.103923
v -0.363980 2.064233 0.060000
v -0.361188 2.048400 0.000000
v -0.363980 2.064233 -0.060000
v -0.371607 2.107489 -0.103923
v -0.382026 2.166577 -0.120000
v -0.392445 2.225666 -0.103923
v -0.400072 2.268921 -0.060000
v -0.793487 2.180087 0.000000
v -0.787988 2.164979 0.060000
v -0.772966 2.123705 0.103923
v -0.752444 2.067324 0.120000
v -0.731923 2.010942 0.103923
v -0.716901 1.969668 0.060000
v -0.711402 1.954561 0.000000
v -0.716901 1.969668 -0.060000
v -0.731923 2.010942 -0.103923
v -0.752444 2.067324 -0.120000
v -0.772966 2.123705 -0.103923
v -0.787988 2.164979 -0.060000
v -1.160000 2.009179 0.000000
v -1.151962 1.995256 0.060000
v -1.130000 1.957217 0.103923
v -1.100000 1.905256 0.120000
v -1.070000 1.853294 0.103923
v -1.048038 1.815256 0.060000
v -1.040000 1.801333 0.000000
v -1.048038 1.815256 -0.060000
v -1.070000 1.853294 -0.103923
v -1.100000 1.905256 -0.120000
v -1.130000 1.957217 -0.103923
v -1.151962 1.995256 -0.060000
v -1.491267 1.777223 0.000000
v -1.480933 1.764907 0.060000
v -1.452700 1.731260 0.103923
v -1.414133 1.685298 0.120000
v -1.375565 1.639335 0.103923
v -1.347332 1.605688 0.060000
v -1.336998 1.593372 0.000000
v -1.347332 1.605688 -0.060000
v -1.375565 1.639335 -0.103923
v -1.414133 1.685298 -0.120000
v -1.452700 1.731260 -0.103923
v -1.480933 1.764907 -0.060000
v -1.777223 1.491267 0.000000
v -1.764907 1.480933 0.060000
v -1.731260 1.452700 0.103923
v -1.685298 1.414133 0.120000
v -1.639335 1.375565 0.103923
v -1.605688 1.347332 0.060000
v -1.593372 1.336998 0.000000
v -1.605688 1.347332 -0.060000
v -1.639335 1.375565 -0.103923
v -1.685298 1.414133 -0.120000
v -1.731260 1.452700 -0.103923
v -1.764907 1.480933 -0.060000
v -2.009179 1.160000 0.000000
v -1.995256 1.151962 0.060000
v -1.957217 1.130000 0.103923
v -1.905256 1.100000 0.120000
v -1.853294 1.070000 0.103923
v -1.815256 1.048038 0.060000
v -1.801333 1.040000 0.000000
v -1.815256 1.048038 -0.060000
v -1.853294 1.070000 -0.103923
v -1.905256 1.100000 -0.120000
v -1.957217 1.130000 -0.103923
v -1.995256 1.151962 -0.060000
v -2.180087 0.793487 0.000000
v -2.164979 0.787988 0.060000
v -2.123705 0.772966 0.103923
v -2.067324 0.752444 0.120000
v -2.010942 0.731923 0.103923
v -1.969668 0.716901 0.060000
v -1.954561 0.711402 0.000000
v -1.969668 0.716901 -0.060000
v -2.010942 0.731923 -0.103923
v -2.067324 0.752444 -0.120000
v -2.123705 0.772966 -0.103923
v -2.164979 0.787988 -0.060000
v -2.284754 0.402864 0.000000
v -2.268921 0.400072 0.060000
v -2.225666 0.392445 0.103923
v -2.166577 0.382026 0.120000
v -2.107489 0.371607 0.103923
v -2.064233 0.363980 0.060000
v -2.048400 0.361188 0.000000
v -2.064233 0.363980 -0.060000
v -2.107489 0.371607 -0.103923
v -2.166577 0.382026 -0.120000
v -2.225666 0.392445 -0.103923
v -2.268921 0.400072 -0.060000
v -2.320000 0.000000 0.000000
v -2.303923 0.000000 0.060000
v -2.260000 0.000000 0.103923
v -2.200000 0.000000 0.120000
v -2.140000 0.000000 0.103923
v -2.096077 0.000000 0.060000
v -2.080000 0.000000 0.000000
v -2.096077 0.000000 -0.060000
v -2.140000 0.000000 -0.103923
v -2.200000 0.000000 -0.120000
v -2.260000 0.000000 -0.103923
v -2.303923 0.000000 -0.060000
v -2.284754 -0.402864 0.000000
v -2.268921 -0.400072 0.060000
v -2.225666 -0.392445 0.103923
v -2.166577 -0.382026 0.120000
v -2.107489 -0.371607 0.103923
v -2.064233 -0.363980 0.060000
v -2.048400 -0.361188 0.000000
v -2.064233 -0.363980 -0.060000
v -2.107489 -0.371607 -0.103923
v -2.166577 -0.382026 -0.120000
v -2.225666 -0.392445 -0.103923
v -2.268921 -0.400072 -0.060000
v -2.180087 -0.793487 0.000000
v -2.164979 -0.787988 0.060000
v -2.123705 -0.772966 0.103923
v -2.067324 -0.752444 0.120000
v -2.010942 -0.731923 0.103923
v -1.969668 -0.716901 0.060000
v -1.954561 -0.711402 0.000000
v -1.969668 -0.716901 -0.060000
v -2.010942 -0.731923 -0.103923
v -2.067324 -0.752444 -0.120000
v -2.123705 -0.772966 -0.103923
v -2.164979 -0.787988 -0.060000
v -2.009179 -1.160000 0.000000
v -1.995256 -1.151962 0.060000
v -1.957217 -1.130000 0.103923
v -1.905256 -1.100000 0.120000
v -1.853294 -1.070000 0.103923
v -1.815256 -1.048038 0.060000
v -1.801333 -1.040000 0.000000
v -1.815256 -1.048038 -0.060000
v -1.853294 -1.070000 -0.103923
v -1.905256 -1.100000 -0.120000
v -1.957217 -1.130000 -0.103923
v -1.995256 -1.151962 -0.060000
v -1.777223 -1.491267 0.000000
v -1.764907 -1.480933 0.060000
v -1.731260 -1.452700 0.103923
v -1.685298 -1.414133 0.120000
v -1.639335 -1.375565 0.103923
v -1.605688 -1.347332 0.060000
v -1.593372 -1.336998 0.000000
v -1.605688 -1.347332 -0.060000
v -1.639335 -1.375565 -0.103923
v -1.685298 -1.414133 -0.120000
v -1.731260 -1.452700 -0.103923
v -1.764907 -1.480933 -0.060000
v -1.491267 -1.777223 0.000000
v -1.480933 -1.764907 0.060000
v -1.452700 -1.731260 0.103923
v -1.414133 -1.685298 0.120000
v -1.375565 -1.639335 0.103923
v -1.347332 -1.605688 0.060000
v -1.336998 -1.593372 0.000000
v -1.347332 -1.605688 -0.060000
v -1.375565 -1.639335 -0.103923
v -1.414133 -1.685298 -0.120000
v -1.452700 -1.731260 -0.103923
v -1.480933 -1.764907 -0.060000
v -1.160000 -2.009179 0.000000
v -1.151962 -1.995256 0.060000
v -1.130000 -1.957217 0.103923
v -1.100000 -1.905256 0.120000
v -1.070000 -1.853294 0.103923
v -1.048038 -1.815256 0.060000
v -1.040000 -1.801333 0.000000
v -1.048038 -1.815256 -0.060000
v -1.070000 -1.853294 -0.103923
v -1.100000 -1.905256 -0.120000
v -1.130000 -1.957217 -0.103923
v -1.151962 -1.995256 -0.060000
v -0.793487 -2.180087 0.000000
v -0.787988 -2.164979 0.060000
v -0.772966 -2.123705 0.103923
v -0.752444 -2.067324 0.120000
v -0.731923 -2.010942 0.103923
v -0.716901 -1.969668 0.060000
v -0.711402 -1.954561 0.000000
v -0.716901 -1.969668 -0.060000
v -0.731923 -2.010942 -0.103923
v -0.752444 -2.067324 -0.120000
v -0.772966 -2.123705 -0.103923
v -0.787988 -2.164979 -0.060000
v -0.402864 -2.284754 0.000000
v -0.400072 -2.268921 0.060000
v -0.392445 -2.225666 0.103923
v -0.382026 -2.166577 0.120000
v -0.371607 -2.107489 0.103923
v -0.363980 -2.064233 0.060000
v -0.361188 -2.048400 0.000000
v -0.363980 -2.064233 -0.060000
v -0.371607 -2.107489 -0.103923
v -0.382026 -2.166577 -0.120000
v -0.392445 -2.225666 -0.103923
v -0.400072 -2.268921 -0.060000
v -0.000000 -2.320000 0.000000
v -0.000000 -2.303923 0.060000
v -0.000000 -2.260000 0.103923
v -0.000000 -2.200000 0.120000
v -0.000000 -2.140000 0.103923
v -0.000000 -2.096077 0.060000
v -0.000000 -2.080000 0.000000
v -0.000000 -2.096077 -0.060000
v -0.000000 -2.140000 -0.103923
v -0.000000 -2.200000 -0.120000
v -0.000000 -2.260000 -0.103923
v -0.000000 -2.303923 -0.060000
v 0.402864 -2.284754 0.000000
v 0.400072 -2.268921 0.060000
v 0.392445 -2.225666 0.103923
v 0.382026 -2.166577 0.120000
v 0.371607 -2.107489 0.103923
v 0.363980 -2.064233 0.060000
v 0.361188 -2.048400 0.000000
v 0.363980 -2.064233 -0.060000
v 0.371607 -2.107489 -0.103923
v 0.382026 -2.166577 -0.120000
v 0.392445 -2.225666 -0.103923
v 0.400072 -2.268921 -0.060000
v 0.793487 -2.180087 0.000000
v 0.787988 -2.164979 0.060000
v 0.772966 -2.123705 0.103923
v 0.752444 -2.067324 0.120000
v 0.731923 -2.010942 0.103923
v 0.716901 -1.969668 0.060000
v 0.711402 -1.954561 0.000000
v 0.716901 -1.969668 -0.060000
v 0.731923 -2.010942 -0.103923
v 0.752444 -2.067324 -0.120000
v 0.772966 -2.123705 -0.103923
v 0.787988 -2.164979 -0.060000
v 1.160000 -2.009179 0.000000
v 1.151962 -1.995256 0.060000
v 1.130000 -1.957217 0.103923
v 1.100000 -1.905256 0.120000
v 1.070000 -1.853294 0.103923
v 1.048038 -1.815256 0.060000
v 1.040000 -1.801333 0.000000
v 1.048038 -1.815256 -0.060000
v 1.070000 -1.853294 -0.103923
v 1.100000 -1.905256 -0.120000
v 1.130000 -1.957217 -0.103923
v 1.151962 -1.995256 -0.060000
v 1.491267 -1.777223 0.000000
v 1.480933 -1.764907 0.060000
v 1.452700 -1.731260 0.103923
v 1.414133 -1.685298 0.120000
v 1.375565 -1.639335 0.103923
v 1.347332 -1.605688 0.060000
v 1.336998 -1.593372 0.000000
v 1.347332 -1.605688 -0.060000
v 1.375565 -1.639335 -0.103923
v 1.414133 -1.685298 -0.120000
v 1.452700 -1.731260 -0.103923
v 1.480933 -1.764907 -0.060000
v 1.777223 -1.491267 0.000000
v 1.764907 -1.480933 0.060000
v 1.731260 -1.452700 0.103923
v 1.685298 -1.414133 0.120000
v 1.639335 -1.375565 0.103923
v 1.605688 -1.347332 0.060000
v 1.593372 -1.336998 0.000000
v 1.605688 -1.347332 -0.060000
v 1.639335 -1.375565 -0.103923
v 1.685298 -1.414133 -0.120000
v 1.731260 -1.452700 -0.103923
v 1.764907 -1.480933 -0.060000
v 2.009179 -1.160000 0.000000
v 1.995256 -1.151962 0.060000
v 1.957217 -1.130000 0.103923
v 1.905256 -1.100000 0.120000
v 1.853294 -1.070000 0.103923
v 1.815256 -1.048038 0.060000
v 1.801333 -1.040000 0.000000
v 1.815256 -1.048038 -0.060000
v 1.853294 -1.070000 -0.103923
v 1.905256 -1.100000 -0.120000
v 1.957217 -1.130000 -0.103923
v 1.995256 -1.151962 -0.060000
v 2.180087 -0.793487 0.000000
v 2.164979 -0.787988 0.060000
v 2.123705 -0.772966 0.103923
v 2.067324 -0.752444 0.120000
v 2.010942 -0.731923 0.103923
v 1.969668 -0.716901 0.060000
v 1.954561 -0.711402 0.000000
v 1.969668 -0.716901 -0.060000
v 2.010942 -0.731923 -0.103923
v 2.067324 -0.752444 -0.120000
v 2.123705 -0.772966 -0.103923
v 2.164979 -0.787988 -0.060000
v 2.284754 -0.402864 0.000000
v 2.268921 -0.400072 0.060000
v 2.225666 -0.392445 0.103923
v 2.166577 -0.382026 0.120000
v 2.107489 -0.371607 0.103923
v 2.064233 -0.363980 0.060000
v 2.048400 -0.361188 0.000000
v 2.064233 -0.363980 -0.060000
v 2.107489 -0.371607 -0.103923
v 2.166577 -0.382026 -0.120000
v 2.225666 -0.392445 -0.103923
v 2.268921 -0.400072 -0.060000
v 2.320000 0.000000 2.500000
v 2.303923 0.000000 2.560000
v 2.260000 0.000000 2.603923
v 2.200000 0.000000 2.620000
v 2.140000 0.000000 2.603923
v 2.096077 0.000000 2.560000
v 2.080000 0.000000 2.500000
v 2.096077 0.000000 2.440000
v 2.140000 0.000000 2.396077
v 2.200000 0.000000 2.380000
v 2.260000 0.000000 2.396077
v 2.303923 0.000000 2.440000
v 2.284754 0.402864 2.500000
v 2.268921 0.400072 2.560000
v 2.225666 0.392445 2.603923
v 2.166577 0.382026 2.620000
v 2.107489 0.371607 2.603923
v 2.064233 0.363980 2.560000
v 2.048400 0.361188 2.500000
v 2.064233 0.363980 2.440000
v 2.107489 0.371607 2.396077
v 2.166577 0.382026 2.380000
v 2.225666 0.392445 2.396077
v 2.268921 0.400072 2.440000
v 2.180087 0.793487 2.500000
v 2.164979 0.787988 2.560000
v 2.123705 0.772966 2.603923
v 2.067324 0.752444 2.620000
v 2.010942 0.731923 2.603923
v 1.969668 0.716901 2.560000
v 1.954561 0.711402 2.500000
v 1.969668 0.716901 2.440000
v 2.010942 0.731923 2.396077
v 2.067324 0.752444 2.380000
v 2.123705 0.772966 2.396077
v 2.164979 0.787988 2.440000
v 2.009179 1.160000 2.500000
v 1.995256 1.151962 2.560000
v 1.957217 1.130000 2.603923
v 1.905256 1.100000 2.620000
v 1.853294 1.070000 2.603923
v 1.815256 1.048038 2.560000
v 1.801333 1.040000 2.500000
v 1.815256 1.048038 2.440000
v 1.853294 1.070000 2.396077
v 1.905256 1.100000 2.380000
v 1.957217 1.130000 2.396077
v 1.995256 1.151962 2.440000
v 1.777223 1.491267 2.500000
v 1.764907 1.480933 2.560000
v 1.731260 1.452700 2.603923
v 1.685298 1.414133 2.620000
v 1.639335 1.375565 2.603923
v 1.605688 1.347332 2.560000
v 1.593372 1.336998 2.500000
v 1.605688 1.347332 2.440000
v 1.639335 1.375565 2.396077
v 1.685298 1.414133 2.380000
v 1.731260 1.452700 2.396077
v 1.764907 1.480933 2.440000
v 1.491267 1.777223 2.500000
v 1.480933 1.764907 2.560000
v 1.452700 1.731260 2.603923
v 1.414133 1.685298 2.620000
v 1.375565 1.639335 2.603923
v 1.347332 1.605688 2.560000
v 1.336998 1.593372 2.500000
v 1.347332 1.605688 2.440000
v 1.375565 1.639335 2.396077
v 1.414133 1.685298 2.380000
v 1.452700 1.731260 2.396077
v 1.480933 1.764907 2.440000
v 1.160000 2.009179 2.500000
v 1.151962 1.995256 2.560000
v 1.130000 1.957217 2.603923
v 1.100000 1.905256 2.620000
v 1.070000 1.853294 2.603923
v 1.048038 1.815256 2.560000
v 1.040000 1.801333 2.500000
v 1.048038 1.815256 2.440000
v 1.070000 1.853294 2.396077
v 1.100000 1.905256 2.380000
v 1.130000 1.957217 2.396077
v 1.151962 1.995256 2.440000
v 0.793487 2.180087 2.500000
v 0.787988 2.164979 2.560000
v 0.772966 2.123705 2.603923
v 0.752444 2.067324 2.620000
v 0.731923 2.010942 2.603923
v 0.716901 1.969668 2.560000
v 0.711402 1.954561 2.500000
v 0.716901 1.969668 2.440000
v 0.731923 2.010942 2.396077
v 0.752444 2.067324 2.380000
v 0.772966 2.123705 2.396077
v 0.787988 2.164979 2.440000
v 0.402864 2.284754 2.500000
v 0.400072 2.268921 2.560000
v 0.392445 2.225666 2.603923
v 0.382026 2.166577 2.620000
v 0.371607 2.107489 2.603923
v 0.363980 2.064233 2.560000
v 0.361188 2.048400 2.500000
v 0.363980 2.064233 2.440000
v 0.371607 2.107489 2.396077
v 0.382026 2.166577 2.380000
v 0.392445 2.225666 2.396077
v 0.400072 2.268921 2.440000
v 0.000000 2.320000 2.500000
v 0.000000 2.303923 2.560000
v 0.000000 2.260000 2.603923
v 0.000000 2.200000 2.620000
v 0.000000 2.140000 2.603923
v 0.000000 2.096077 2.560000
v 0.000000 2.080000 2.500000
v 0.000000 2.096077 2.440000
v 0.000000 2.140000 2.396077
v 0.000000 2.200000 2.380000
v 0.000000 2.260000 2.396077
v 0.000000 2.303923 2.440000
v -0.402864 2.284754 2.500000
v -0.400072 2.268921 2.560000
v -0.392445 2.225666 2.603923
v -0.382026 2.166577 2.620000
v -0.371607 2.107489 2.603923
v -0.363980 2.064233 2.560000
v -0.361188 2.048400 2.500000
v -0.363980 2.064233 2.440000
v -0.371607 2.107489 2.396077
v -0.382026 2.166577 2.380000
v -0.392445 2.225666 2.396077
v -0.400072 2.268921 2.440000
v -0.793487 2.180087 2.500000
v -0.787988 2.164979 2.560000
v -0.772966 2.123705 2.603923
v -0.752444 2.067324 2.620000
v -0.731923 2.010942 2.603923
v -0.716901 1.969668 2.560000
v -0.711402 1.954561 2.500000
v -0.716901 1.969668 2.440000
v -0.731923 2.010942 2.396077
v -0.752444 2.067324 2.380000
v -0.772966 2.123705 2.396077
v -0.787988 2.164979 2.440000
v -1.160000 2.009179 2.500000
v -1.151962 1.995256 2.560000
v -1.130000 1.957217 2.603923
v -1.100000 1.905256 2.620000
v -1.070000 1.853294 2.603923
v -1.048038 1.815256 2.560000
v -1.040000 1.801333 2.500000
v -1.048038 1.815256 2.440000
v -1.070000 1.853294 2.396077
v -1.100000 1.905256 2.380000
v -1.130000 1.957217 2.396077
v -1.151962 1.995256 2.440000
v -1.491267 1.777223 2.500000
v -1.480933 1.764907 2.560000
v -1.452700 1.731260 2.603923
v -1.414133 1.685298 2.620000
v -1.375565 1.639335 2.603923
v -1.347332 1.605688 2.560000
v -1.336998 1.593372 2.500000
v -1.347332 1.605688 2.440000
v -1.375565 1.639335 2.396077
v -1.414133 1.685298 2.380000
v -1.452700 1.731260 2.396077
v -1.480933 1.764907 2.440000
v -1.777223 1.491267 2.500000
v -1.764907 1.480933 2.560000
v -1.731260 1.452700 2.603923
v -1.685298 1.414133 2.620000
v -1.639335 1.375565 2.603923
v -1.605688 1.347332 2.560000
v -1.593372 1.336998 2.500000
v -1.605688 1.347332 2.440000
v -1.639335 1.375565 2.396077
v -1.685298 1.414133 2.380000
v -1.731260 1.452700 2.396077
v -1.764907 1.480933 2.440000
v -2.009179 1.160000 2.500000
v -1.995256 1.151962 2.560000
v -1.957217 1.130000 2.603923
v -1.905256 1.100000 2.620000
v -1.853294 1.070000 2.603923
v -1.815256 1.048038 2.560000
v -1.801333 1.040000 2.500000
v -1.815256 1.048038 2.440000
v -1.853294 1.070000 2.396077
v -1.905256 1.100000 2.380000
v -1.957217 1.130000 2.396077
v -1.995256 1.151962 2.440000
v -2.180087 0.793487 2.500000
v -2.164979 0.787988 2.560000
v -2.123705 0.772966 2.603923
v -2.067324 0.752444 2.620000
v -2.010942 0.731923 2.603923
v -1.969668 0.716901 2.560000
v -1.954561 0.711402 2.500000
v -1.969668 0.716901 2.440000
v -2.010942 0.731923 2.396077
v -2.067324 0.752444 2.380000
v -2.123705 0.772966 2.396077
v -2.164979 0.787988 2.440000
v -2.284754 0.402864 2.500000
v -2.268921 0.400072 2.560000
v -2.225666 0.392445 2.603923
v -2.166577 0.382026 2.620000
v -2.107489 0.371607 2.603923
v -2.064233 0.363980 2.560000
v -2.048400 0.361188 2.500000
v -2.064233 0.363980 2.440000
v -2.107489 0.371607 2.396077
v -2.166577 0.382026 2.380000
v -2.225666 0.392445 2.396077
v -2.268921 0.400072 2.440000
v -2.320000 0.000000 2.500000
v -2.303923 0.000000 2.560000
v -2.260000 0.000000 2.603923
v -2.200000 0.000000 2.620000
v -2.140000 0.000000 2.603923
v -2.096077 0.000000 2.560000
v -2.080000 0.000000 2.500000
v -2.096077 0.000000 2.440000
v -2.140000 0.000000 2.396077
v -2.200000 0.000000 2.380000
v -2.260000 0.000000 2.396077
v -2.303923 0.000000 2.440000
v -2.284754 -0.402864 2.500000
v -2.268921 -0.400072 2.560000
v -2.225666 -0.392445 2.603923
v -2.166577 -0.382026 2.620000
v -2.107489 -0.371607 2.603923
v -2.064233 -0.363980 2.560000
v -2.048400 -0.361188 2.500000
v -2.064233 -0.363980 2.440000
v -2.107489 -0.371607 2.396077
v -2.166577 -0.382026 2.380000
v -2.225666 -0.392445 2.396077
v -2.268921 -0.400072 2.440000
v -2.180087 -0.793487 2.500000
v -2.164979 -0.787988 2.560000
v -2.123705 -0.772966 2.603923
v -2.067324 -0.752444 2.620000
v -2.010942 -0.731923 2.603923
v -1.969668 -0.716901 2.560000
v -1.954561 -0.711402 2.500000
v -1.969668 -0.716901 2.440000
v -2.010942 -0.731923 2.396077
v -2.067324 -0.752444 2.380000
v -2.123705 -0.772966 2.396077
v -2.164979 -0.787988 2.440000
v -2.009179 -1.160000 2.500000
v -1.995256 -1.151962 2.560000
v -1.957217 -1.130000 2.603923
v -1.905256 -1.100000 2.620000
v -1.853294 -1.070000 2.603923
v -1.815256 -1.048038 2.560000
v -1.801333 -1.040000 2.500000
v -1.815256 -1.048038 2.440000
v -1.853294 -1.070000 2.396077
v -1.905256 -1.100000 2.380000
v -1.957217 -1.130000 2.396077
v -1.995256 -1.151962 2.440000
v -1.777223 -1.491267 2.500000
v -1.764907 -1.480933 2.560000
v -1.731260 -1.452700 2.603923
v -1.685298 -1.414133 2.620000
v -1.639335 -1.375565 2.603923
v -1.605688 -1.347332 2.560000
v -1.593372 -1.336998 2.500000
v -1.605688 -1.347332 2.440000
v -1.639335 -1.375565 2.396077
v -1.685298 -1.414133 2.380000
v -1.731260 -1.452700 2.396077
v -1.764907 -1.480933 2.440000
v -1.491267 -1.777223 2.500000
v -1.480933 -1.764907 2.560000
v -1.452700 -1.731260 2.603923
v -1.414133 -1.685298 2.620000
v -1.375565 -1.639335 2.603923
v -1.347332 -1.605688 2.560000
v -1.336998 -1.593372 2.500000
v -1.347332 -1.605688 2.440000
v -1.375565 -1.639335 2.396077
v -1.414133 -1.685298 2.380000
v -1.452700 -1.731260 2.396077
v -1.480933 -1.764907 2.440000
v -1.160000 -2.009179 2.500000
v -1.151962 -1.995256 2.560000
v -1.130000 -1.957217 2.603923
v -1.100000 -1.905256 2.620000
v -1.070000 -1.853294 2.603923
v -1.048038 -1.815256 2.560000
v -1.040000 -1.801333 2.500000
v -1.048038 -1.815256 2.440000
v -1.070000 -1.853294 2.396077
v -1.100000 -1.905256 2.380000
v -1.130000 -1.957217 2.396077
v -1.151962 -1.995256 2.440000
v -0.793487 -2.180087 2.500000
v -0.787988 -2.164979 2.560000
v -0.772966 -2.123705 2.603923
v -0.752444 -2.067324 2.620000
v -0.731923 -2.010942 2.603923
v -0.716901 -1.969668 2.560000
v -0.711402 -1.954561 2.500000
v -0.716901 -1.969668 2.440000
v -0.731923 -2.010942 2.396077
v -0.752444 -2.067324 2.380000
v -0.772966 -2.123705 2.396077
v -0.787988 -2.164979 2.440000
v -0.402864 -2.284754 2.500000
v -0.400072 -2.268921 2.560000
v -0.392445 -2.225666 2.603923
v -0.382026 -2.166577 2.620000
v -0.371607 -2.107489 2.603923
v -0.363980 -2.064233 2.560000
v -0.361188 -2.048400 2.500000
v -0.363980 -2.064233 2.440000
v -0.371607 -2.107489 2.396077
v -0.382026 -2.166577 2.380000
v -0.392445 -2.225666 2.396077
v -0.400072 -2.268921 2.440000
v -0.000000 -2.320000 2.500000
v -0.000000 -2.303923 2.560000
v -0.000000 -2.260000 2.603923
v -0.000000 -2.200000 2.620000
v -0.000000 -2.140000 2.603923
v -0.000000 -2.096077 2.560000
v -0.000000 -2.080000 2.500000
v -0.000000 -2.096077 2.440000
v -0.000000 -2.140000 2.396077
v -0.000000 -2.200000 2.380000
v -0.000000 -2.260000 2.396077
v -0.000000 -2.303923 2.440000
v 0.402864 -2.284754 2.500000
v 0.400072 -2.268921 2.560000
v 0.392445 -2.225666 2.603923
v 0.382026 -2.166577 2.620000
v 0.371607 -2.107489 2.603923
v 0.363980 -2.064233 2.560000
v 0.361188 -2.048400 2.500000
v 0.363980 -2.064233 2.440000
v 0.371607 -2.107489 2.396077
v 0.382026 -2.166577 2.380000
v 0.392445 -2.225666 2.396077
v 0.400072 -2.268921 2.440000
v 0.793487 -2.180087 2.500000
v 0.787988 -2.164979 2.560000
v 0.772966 -2.123705 2.603923
v 0.752444 -2.067324 2.620000
v 0.731923 -2.010942 2.603923
v 0.716901 -1.969668 2.560000
v 0.711402 -1.954561 2.500000
v 0.716901 -1.969668 2.440000
v 0.731923 -2.010942 2.396077
v 0.752444 -2.067324 2.380000
v 0.772966 -2.123705 2.396077
v 0.787988 -2.164979 2.440000
v 1.160000 -2.009179 2.500000
v 1.151962 -1.995256 2.560000
v 1.130000 -1.957217 2.603923
v 1.100000 -1.905256 2.620000
v 1.070000 -1.853294 2.603923
v 1.048038 -1.815256 2.560000
v 1.040000 -1.801333 2.500000
v 1.048038 -1.815256 2.440000
v 1.070000 -1.853294 2.396077
v 1.100000 -1.905256 2.380000
v 1.130000 -1.957217 2.396077
v 1.151962 -1.995256 2.440000
v 1.491267 -1.777223 2.500000
v 1.480933 -1.764907 2.560000
v 1.452700 -1.731260 2.603923
v 1.414133 -1.685298 2.620000
v 1.375565 -1.639335 2.603923
v 1.347332 -1.605688 2.560000
v 1.336998 -1.593372 2.500000
v 1.347332 -1.605688 2.440000
v 1.375565 -1.639335 2.396077
v 1.414133 -1.685298 2.380000
v 1.452700 -1.731260 2.396077
v 1.480933 -1.764907 2.440000
v 1.777223 -1.491267 2.500000
v 1.764907 -1.480933 2.560000
v 1.731260 -1.452700 2.603923
v 1.685298 -1.414133 2.620000
v 1.639335 -1.375565 2.603923
v 1.605688 -1.347332 2.560000
v 1.593372 -1.336998 2.500000
v 1.605688 -1.347332 2.440000
v 1.639335 -1.375565 2.396077
v 1.685298 -1.414133 2.380000
v 1.731260 -1.452700 2.396077
v 1.764907 -1.480933 2.440000
v 2.009179 -1.160000 2.500000
v 1.995256 -1.151962 2.560000
v 1.957217 -1.130000 2.603923
v 1.905256 -1.100000 2.620000
v 1.853294 -1.070000 2.603923
v 1.815256 -1.048038 2.560000
v 1.801333 -1.040000 2.500000
v 1.815256 -1.048038 2.440000
v 1.853294 -1.070000 2.396077
v 1.905256 -1.100000 2.380000
v 1.957217 -1.130000 2.396077
v 1.995256 -1.151962 2.440000
v 2.180087 -0.793487 2.500000
v 2.164979 -0.787988 2.560000
v 2.123705 -0.772966 2.603923
v 2.067324 -0.752444 2.620000
v 2.010942 -0.731923 2.603923
v 1.969668 -0.716901 2.560000
v 1.954561 -0.711402 2.500000
v 1.969668 -0.716901 2.440000
v 2.010942 -0.731923 2.396077
v 2.067324 -0.752444 2.380000
v 2.123705 -0.772966 2.396077
v 2.164979 -0.787988 2.440000
v 2.284754 -0.402864 2.500000
v 2.268921 -0.400072 2.560000
v 2.225666 -0.392445 2.603923
v 2.166577 -0.382026 2.620000
v 2.107489 -0.371607 2.603923
v 2.064233 -0.363980 2.560000
v 2.048400 -0.361188 2.500000
v 2.064233 -0.363980 2.440000
v 2.107489 -0.371607 2.396077
v 2.166577 -0.382026 2.380000
v 2.225666 -0.392445 2.396077
v 2.268921 -0.400072 2.440000
v 2.320000 0.000000 5.000000
v 2.303923 0.000000 5.060000
v 2.260000 0.000000 5.103923
v 2.200000 0.000000 5.120000
v 2.140000 0.000000 5.103923
v 2.096077 0.000000 5.060000
v 2.080000 0.000000 5.000000
v 2.096077 0.000000 4.940000
v 2.140000 0.000000 4.896077
v 2.200000 0.000000 4.880000
v 2.260000 0.000000 4.896077
v 2.303923 0.000000 4.940000
v 2.284754 0.402864 5.000000
v 2.268921 0.400072 5.060000
v 2.225666 0.392445 5.103923
v 2.166577 0.382026 5.120000
v 2.107489 0.371607 5.103923
v 2.064233 0.363980 5.060000
v 2.048400 0.361188 5.000000
v 2.064233 0.363980 4.940000
v 2.107489 0.371607 4.896077
v 2.166577 0.382026 4.880000
v 2.225666 0.392445 4.896077
v 2.268921 0.400072 4.940000
v 2.180087 0.793487 5.000000
v 2.164979 0.787988 5.060000
v 2.123705 0.772966 5.103923
v 2.067324 0.752444 5.120000
v 2.010942 0.731923 5.103923
v 1.969668 0.716901 5.060000
v 1.954561 0.711402 5.000000
v 1.969668 0.716901 4.940000
v 2.010942 0.731923 4.896077
v 2.067324 0.752444 4.880000
v 2.123705 0.772966 4.896077
v 2.164979 0.787988 4.940000
v 2.009179 1.160000 5.000000
v 1.995256 1.151962 5.060000
v 1.957217 1.130000 5.103923
v 1.905256 1.100000 5.120000
v 1.853294 1.070000 5.103923
v 1.815256 1.048038 5.060000
v 1.801333 1.040000 5.000000
v 1.815256 1.048038 4.940000
v 1.853294 1.070000 4.896077
v 1.905256 1.100000 4.880000
v 1.957217 1.130000 4.896077
v 1.995256 1.151962 4.940000
v 1.777223 1.491267 5.000000
v 1.764907 1.480933 5.060000
v 1.731260 1.452700 5.103923
v 1.685298 1.414133 5.120000
v 1.639335 1.375565 5.103923
v 1.605688 1.347332 5.060000
v 1.593372 1.336998 5.000000
v 1.605688 1.347332 4.940000
v 1.639335 1.375565 4.896077
v 1.685298 1.414133 4.880000
v 1.731260 1.452700 4.896077
v 1.764907 1.480933 4.940000
v 1.491267 1.777223 5.000000
v 1.480933 1.764907 5.060000
v 1.452700 1.731260 5.103923
v 1.414133 1.685298 5.120000
v 1.375565 1.639335 5.103923
v 1.347332 1.605688 5.060000
v 1.336998 1.593372 5.000000
v 1.347332 1.605688 4.940000
v 1.375565 1.639335 4.896077
v 1.414133 1.685298 4.880000
v 1.452700 1.731260 4.896077
v 1.480933 1.764907 4.940000
v 1.160000 2.009179 5.000000
v 1.151962 1.995256 5.060000
v 1.130000 1.957217 5.103923
v 1.100000 1.905256 5.120000
v 1.070000 1.853294 5.103923
v 1.048038 1.815256 5.060000
v 1.040000 1.801333 5.000000
v 1.048038 1.815256 4.940000
v 1.070000 1.853294 4.896077
v 1.100000 1.905256 4.880000
v 1.130000 1.957217 4.896077
v 1.151962 1.995256 4.940000
v 0.793487 2.180087 5.000000
v 0.787988 2.164979 5.060000
v 0.772966 2.123705 5.103923
v 0.752444 2.067324 5.120000
v 0.731923 2.010942 5.103923
v 0.716901 1.969668 5.060000
v 0.711402 1.954561 5.000000
v 0.716901 1.969668 4.940000
v 0.731923 2.010942 4.896077
v 0.752444 2.067324 4.880000
v 0.772966 2.123705 4.896077
v 0.787988 2.164979 4.940000
v 0.402864 2.284754 5.000000
v 0.400072 2.268921 5.060000
v 0.392445 2.225666 5.103923
v 0.382026 2.166577 5.120000
v 0.371607 2.107489 5.103923
v 0.363980 2.064233 5.060000
v 0.361188 2.048400 5.000000
v 0.363980 2.064233 4.940000
v 0.371607 2.107489 4.896077
v 0.382026 2.166577 4.880000
v 0.392445 2.225666 4.896077
v 0.400072 2.268921 4.940000
v 0.000000 2.320000 5.000000
v 0.000000 2.303923 5.060000
v 0.000000 2.260000 5.103923
v 0.000000 2.200000 5.120000
v 0.000000 2.140000 5.103923
v 0.000000 2.096077 5.060000
v 0.000000 2.080000 5.000000
v 0.000000 2.096077 4.940000
v 0.000000 2.140000 4.896077
v 0.000000 2.200000 4.880000
v 0.000000 2.260000 4.896077
v 0.000000 2.303923 4.940000
v -0.402864 2.284754 5.000000
v -0.400072 2.268921 5.060000
v -0.392445 2.225666 5.103923
v -0.382026 2.166577 5.120000
v -0.371607 2.107489 5.103923
v -0.363980 2.064233 5.060000
v -0.361188 2.048400 5.000000
v -0.363980 2.064233 4.940000
v -0.371607 2.107489 4.896077
v -0.382026 2.166577 4.880000
v -0.392445 2.225666 4.896077
v -0.400072 2.268921 4.940000
v -0.793487 2.180087 5.000000
v -0.787988 2.164979 5.060000
v -0.772966 2.123705 5.103923
v -0.752444 2.067324 5.120000
v -0.731923 2.010942 5.103923
v -0.716901 1.969668 5.060000
v -0.711402 1.954561 5.000000
v -0.716901 1.969668 4.940000
v -0.731923 2.010942 4.896077
v -0.752444 2.067324 4.880000
v -0.772966 2.123705 4.896077
v -0.787988 2.164979 4.940000
v -1.160000 2.009179 5.000000
v -1.151962 1.995256 5.060000
v -1.130000 1.957217 5.103923
v -1.100000 1.905256 5.120000
v -1.070000 1.853294 5.103923
v -1.048038 1.815256 5.060000
v -1.040000 1.801333 5.000000
v -1.048038 1.815256 4.940000
v -1.070000 1.853294 4.896077
v -1.100000 1.905256 4.880000
v -1.130000 1.957217 4.896077
v -1.151962 1.995256 4.940000
v -1.491267 1.777223 5.000000
v -1.480933 1.764907 5.060000
v -1.452700 1.731260 5.103923
v -1.414133 1.685298 5.120000
v -1.375565 1.639335 5.103923
v -1.347332 1.605688 5.060000
v -1.336998 1.593372 5.000000
v -1.347332 1.605688 4.940000
v -1.375565 1.639335 4.896077
v -1.414133 1.685298 4.880000
v -1.452700 1.731260 4.896077
v -1.480933 1.764907 4.940000
v -1.777223 1.491267 5.000000
v -1.764907 1.480933 5.060000
v -1.731260 1.452700 5.103923
v -1.685298 1.414133 5.120000
v -1.639335 1.375565 5.103923
v -1.605688 1.347332 5.060000
v -1.593372 1.336998 5.000000
v -1.605688 1.347332 4.940000
v -1.639335 1.375565 4.896077
v -1.685298 1.414133 4.880000
v -1.731260 1.452700 4.896077
v -1.764907 1.480933 4.940000
v -2.009179 1.160000 5.000000
v -1.995256 1.151962 5.060000
v -1.957217 1.130000 5.103923
v -1.905256 1.100000 5.120000
v -1.853294 1.070000 5.103923
v -1.815256 1.048038 5.060000
v -1.801333 1.040000 5.000000
v -1.815256 1.048038 4.940000
v -1.853294 1.070000 4.896077
v -1.905256 1.100000 4.880000
v -1.957217 1.130000 4.896077
v -1.995256 1.151962 4.940000
v -2.180087 0.793487 5.000000
v -2.164979 0.787988 5.060000
v -2.123705 0.772966 5.103923
v -2.067324 0.752444 5.120000
v -2.010942 0.731923 5.103923
v -1.969668 0.716901 5.060000
v -1.954561 0.711402 5.000000
v -1.969668 0.716901 4.940000
v -2.010942 0.731923 4.896077
v -2.067324 0.752444 4.880000
v -2.123705 0.772966 4.896077
v -2.164979 0.787988 4.940000
v -2.284754 0.402864 5.000000
v -2.268921 0.400072 5.060000
v -2.225666 0.392445 5.103923
v -2.166577 0.382026 5.120000
v -2.107489 0.371607 5.103923
v -2.064233 0.363980 5.060000
v -2.048400 0.361188 5.000000
v -2.064233 0.363980 4.940000
v -2.107489 0.371607 4.896077
v -2.166577 0.382026 4.880000
v -2.225666 0.392445 4.896077
v -2.268921 0.400072 4.940000
v -2.320000 0.000000 5.000000
v -2.303923 0.000000 5.060000
v -2.260000 0.000000 5.103923
v -2.200000 0.000000 5.120000
v -2.140000 0.000000 5.103923
v -2.096077 0.000000 5.060000
v -2.080000 0.000000 5.000000
v -2.096077 0.000000 4.940000
v -2.140000 0.000000 4.896077
v -2.200000 0.000000 4.880000
v -2.260000 0.000000 4.896077
v -2.303923 0.000000 4.940000
v -2.284754 -0.402864 5.000000
v -2.268921 -0.400072 5.060000
v -2.225666 -0.392445 5.103923
v -2.166577 -0.382026 5.120000
v -2.107489 -0.371607 5.103923
v -2.064233 -0.363980 5.060000
v -2.048400 -0.361188 5.000000
v -2.064233 -0.363980 4.940000
v -2.107489 -0.371607 4.896077
v -2.166577 -0.382026 4.880000
v -2.225666 -0.392445 4.896077
v -2.268921 -0.400072 4.940000
v -2.180087 -0.793487 5.000000
v -2.164979 -0.787988 5.060000
v -2.123705 -0.772966 5.103923
v -2.067324 -0.752444 5.120000
v -2.010942 -0.731923 5.103923
v -1.969668 -0.716901 5.060000
v -1.954561 -0.711402 5.000000
v -1.969668 -0.716901 4.940000
v -2.010942 -0.731923 4.896077
v -2.067324 -0.752444 4.880000
v -2.123705 -0.772966 4.896077
v -2.164979 -0.787988 4.940000
v -2.009179 -1.160000 5.000000
v -1.995256 -1.151962 5.060000
v -1.957217 -1.130000 5.103923
v -1.905256 -1.100000 5.120000
v -1.853294 -1.070000 5.103923
v -1.815256 -1.048038 5.060000
v -1.801333 -1.040000 5.000000
v -1.815256 -1.048038 4.940000
v -1.853294 -1.070000 4.896077
v -1.905256 -1.100000 4.880000
v -1.957217 -1.130000 4.896077
v -1.995256 -1.151962 4.940000
v -1.777223 -1.491267 5.000000
v -1.764907 -1.480933 5.060000
v -1.731260 -1.452700 5.103923
v -1.685298 -1.414133 5.120000
v -1.639335 -1.375565 5.103923
v -1.605688 -1.347332 5.060000
v -1.593372 -1.336998 5.000000
v -1.605688 -1.347332 4.940000
v -1.639335 -1.375565 4.896077
v -1.685298 -1.414133 4.880000
v -1.731260 -1.452700 4.896077
v -1.764907 -1.480933 4.940000
v -1.491267 -1.777223 5.000000
v -1.480933 -1.764907 5.060000
v -1.452700 -1.731260 5.103923
v -1.414133 -1.685298 5.120000
v -1.375565 -1.639335 5.103923
v -1.347332 -1.605688 5.060000
v -1.336998 -1.593372 5.000000
v -1.347332 -1.605688 4.940000
v -1.375565 -1.639335 4.896077
v -1.414133 -1.685298 4.880000
v -1.452700 -1.731260 4.896077
v -1.480933 -1.764907 4.940000
v -1.160000 -2.009179 5.000000
v -1.151962 -1.995256 5.060000
v -1.130000 -1.957217 5.103923
v -1.100000 -1.905256 5.120000
v -1.070000 -1.853294 5.103923
v -1.048038 -1.815256 5.060000
v -1.040000 -1.801333 5.000000
v -1.048038 -1.815256 4.940000
v -1.070000 -1.853294 4.896077
v -1.100000 -1.905256 4.880000
v -1.130000 -1.957217 4.896077
v -1.151962 -1.995256 4.940000
v -0.793487 -2.180087 5.000000
v -0.787988 -2.164979 5.060000
v -0.772966 -2.123705 5.103923
v -0.752444 -2.067324 5.120000
v -0.731923 -2.010942 5.103923
v -0.716901 -1.969668 5.060000
v -0.711402 -1.954561 5.000000
v -0.716901 -1.969668 4.940000
v -0.731923 -2.010942 4.896077
v -0.752444 -2.067324 4.880000
v -0.772966 -2.123705 4.896077
v -0.787988 -2.164979 4.940000
v -0.402864 -2.284754 5.000000
v -0.400072 -2.268921 5.060000
v -0.392445 -2.225666 5.103923
v -0.382026 -2.166577 5.120000
v -0.371607 -2.107489 5.103923
v -0.363980 -2.064233 5.060000
v -0.361188 -2.048400 5.000000
v -0.363980 -2.064233 4.940000
v -0.371607 -2.107489 4.896077
v -0.382026 -2.166577 4.880000
v -0.392445 -2.225666 4.896077
v -0.400072 -2.268921 4.940000
v -0.000000 -2.320000 5.000000
v -0.000000 -2.303923 5.060000
v -0.000000 -2.260000 5.103923
v -0.000000 -2.200000 5.120000
v -0.000000 -2.140000 5.103923
v -0.000000 -2.096077 5.060000
v -0.000000 -2.080000 5.000000
v -0.000000 -2.096077 4.940000
v -0.000000 -2.140000 4.896077
v -0.000000 -2.200000 4.880000
v -0.000000 -2.260000 4.896077
v -0.000000 -2.303923 4.940000
v 0.402864 -2.284754 5.000000
v 0.400072 -2.268921 5.060000
v 0.392445 -2.225666 5.103923
v 0.382026 -2.166577 5.120000
v 0.371607 -2.107489 5.103923
v 0.363980 -2.064233 5.060000
v 0.361188 -2.048400 5.000000
v 0.363980 -2.064233 4.940000
v 0.371607 -2.107489 4.896077
v 0.382026 -2.166577 4.880000
v 0.392445 -2.225666 4.896077
v 0.400072 -2.268921 4.940000
v 0.793487 -2.180087 5.000000
v 0.787988 -2.164979 5.060000
v 0.772966 -2.123705 5.103923
v 0.752444 -2.067324 5.120000
v 0.731923 -2.010942 5.103923
v 0.716901 -1.969668 5.060000
v 0.711402 -1.954561 5.000000
v 0.716901 -1.969668 4.940000
v 0.731923 -2.010942 4.896077
v 0.752444 -2.067324 4.880000
v 0.772966 -2.123705 4.896077
v 0.787988 -2.164979 4.940000
v 1.160000 -2.009179 5.000000
v 1.151962 -1.995256 5.060000
v 1.130000 -1.957217 5.103923
v 1.100000 -1.905256 5.120000
v 1.070000 -1.853294 5.103923
v 1.048038 -1.815256 5.060000
v 1.040000 -1.801333 5.000000
v 1.048038 -1.815256 4.940000
v 1.070000 -1.853294 4.896077
v 1.100000 -1.905256 4.880000
v 1.130000 -1.957217 4.896077
v 1.151962 -1.995256 4.940000
v 1.491267 -1.777223 5.000000
v 1.480933 -1.764907 5.060000
v 1.452700 -1.731260 5.103923
v 1.414133 -1.685298 5.120000
v 1.375565 -1.639335 5.103923
v 1.347332 -1.605688 5.060000
v 1.336998 -1.593372 5.000000
v 1.347332 -1.605688 4.940000
v 1.375565 -1.639335 4.896077
v 1.414133 -1.685298 4.880000
v 1.452700 -1.731260 4.896077
v 1.480933 -1.764907 4.940000
v 1.777223 -1.491267 5.000000
v 1.764907 -1.480933 5.060000
v 1.731260 -1.452700 5.103923
v 1.685298 -1.414133 5.120000
v 1.639335 -1.375565 5.103923
v 1.605688 -1.347332 5.060000
v 1.593372 -1.336998 5.000000
v 1.605688 -1.347332 4.940000
v 1.639335 -1.375565 4.896077
v 1.685298 -1.414133 4.880000
v 1.731260 -1.452700 4.896077
v 1.764907 -1.480933 4.940000
v 2.009179 -1.160000 5.000000
v 1.995256 -1.151962 5.060000
v 1.957217 -1.130000 5.103923
v 1.905256 -1.100000 5.120000
v 1.853294 -1.070000 5.103923
v 1.815256 -1.048038 5.060000
v 1.801333 -1.040000 5.000000
v 1.815256 -1.048038 4.940000
v 1.853294 -1.070000 4.896077
v 1.905256 -1.100000 4.880000
v 1.957217 -1.130000 4.896077
v 1.995256 -1.151962 4.940000
v 2.180087 -0.793487 5.000000
v 2.164979 -0.787988 5.060000
v 2.123705 -0.772966 5.103923
v 2.067324 -0.752444 5.120000
v 2.010942 -0.731923 5.103923
v 1.969668 -0.716901 5.060000
v 1.954561 -0.711402 5.000000
v 1.969668 -0.716901 4.940000
v 2.010942 -0.731923 4.896077
v 2.067324 -0.752444 4.880000
v 2.123705 -0.772966 4.896077
v 2.164979 -0.787988 4.940000
v 2.284754 -0.402864 5.000000
v 2.268921 -0.400072 5.060000
v 2.225666 -0.392445 5.103923
v 2.166577 -0.382026 5.120000
v 2.107489 -0.371607 5.103923
v 2.064233 -0.363980 5.060000
v 2.048400 -0.361188 5.000000
v 2.064233 -0.363980 4.940000
v 2.107489 -0.371607 4.896077
v 2.166577 -0.382026 4.880000
v 2.225666 -0.392445 4.896077
v 2.268921 -0.400072 4.940000
v 1.400000 1.800000 -0.800000
v 1.352296 1.800000 -0.437653
v 1.212436 1.800000 -0.100000
v 0.989949 1.800000 0.189949
v 0.700000 1.800000 0.412436
v 0.362347 1.800000 0.552296
v 0.000000 1.800000 0.600000
v -0.362347 1.800000 0.552296
v -0.700000 1.800000 0.412436
v -0.989949 1.800000 0.189949
v -1.212436 1.800000 -0.100000
v -1.352296 1.800000 -0.437653
v -1.400000 1.800000 -0.800000
v -1.352296 1.800000 -1.162347
v -1.212436 1.800000 -1.500000
v -0.989949 1.800000 -1.789949
v -0.700000 1.800000 -2.012436
v -0.362347 1.800000 -2.152296
v -0.000000 1.800000 -2.200000
v 0.362347 1.800000 -2.152296
v 0.700000 1.800000 -2.012436
v 0.989949 1.800000 -1.789949
v 1.212436 1.800000 -1.500000
v 1.352296 1.800000 -1.162347
v 1.400000 2.200000 -0.800000
v 1.352296 2.200000 -0.437653
v 1.212436 2.200000 -0.100000
v 0.989949 2.200000 0.189949
v 0.700000 2.200000 0.412436
v 0.362347 2.200000 0.552296
v 0.000000 2.200000 0.600000
v -0.362347 2.200000 0.552296
v -0.700000 2.200000 0.412436
v -0.989949 2.200000 0.189949
v -1.212436 2.200000 -0.100000
v -1.352296 2.200000 -0.437653
v -1.400000 2.200000 -0.800000
v -1.352296 2.200000 -1.162347
v -1.212436 2.200000 -1.500000
v -0.989949 2.200000 -1.789949
v -0.700000 2.200000 -2.012436
v -0.362347 2.200000 -2.152296
v -0.000000 2.200000 -2.200000
v 0.362347 2.200000 -2.152296
v 0.700000 2.200000 -2.012436
v 0.989949 2.200000 -1.789949
v 1.212436 2.200000 -1.500000
v 1.352296 2.200000 -1.162347
v 1.400000 2.600000 -0.800000
v 1.352296 2.600000 -0.437653
v 1.212436 2.600000 -0.100000
v 0.989949 2.600000 0.189949
v 0.700000 2.600000 0.412436
v 0.362347 2.600000 0.552296
v 0.000000 2.600000 0.600000
v -0.362347 2.600000 0.552296
v -0.700000 2.600000 0.412436
v -0.989949 2.600000 0.189949
v -1.212436 2.600000 -0.100000
v -1.352296 2.600000 -0.437653
v -1.400000 2.600000 -0.800000
v -1.352296 2.600000 -1.162347
v -1.212436 2.600000 -1.500000
v -0.989949 2.600000 -1.789949
v -0.700000 2.600000 -2.012436
v -0.362347 2.600000 -2.152296
v -0.000000 2.600000 -2.200000
v 0.362347 2.600000 -2.152296
v 0.700000 2.600000 -2.012436
v 0.989949 2.600000 -1.789949
v 1.212436 2.600000 -1.500000
v 1.352296 2.600000 -1.162347
v 1.400000 3.000000 -0.800000
v 1.352296 3.000000 -0.437653
v 1.212436 3.000000 -0.100000
v 0.989949 3.000000 0.189949
v 0.700000 3.000000 0.412436
v 0.362347 3.000000 0.552296
v 0.000000 3.000000 0.600000
v -0.362347 3.000000 0.552296
v -0.700000 3.000000 0.412436
v -0.989949 3.000000 0.189949
v -1.212436 3.000000 -0.100000
v -1.352296 3.000000 -0.437653
v -1.400000 3.000000 -0.800000
v -1.352296 3.000000 -1.162347
v -1.212436 3.000000 -1.500000
v -0.989949 3.000000 -1.789949
v -0.700000 3.000000 -2.012436
v -0.362347 3.000000 -2.152296
v -0.000000 3.000000 -2.200000
v 0.362347 3.000000 -2.152296
v 0.700000 3.000000 -2.012436
v 0.989949 3.000000 -1.789949
v 1.212436 3.000000 -1.500000
v 1.352296 3.000000 -1.162347
v 0.000000 1.800000 -0.800000
v 0.000000 3.000000 -0.800000
v 0.975000 2.525000 -0.840000
v 1.425000 2.525000 -0.840000
v 1.425000 2.875000 -0.840000
v 0.975000 2.875000 -0.840000
v 0.975000 2.525000 -0.760000
v 1.425000 2.525000 -0.760000
v 1.425000 2.875000 -0.760000
v 0.975000 2.875000 -0.760000
v 0.623528 2.525000 0.008528
v 1.073528 2.525000 0.008528
v 1.073528 2.875000 0.008528
v 0.623528 2.875000 0.008528
v 0.623528 2.525000 0.088528
v 1.073528 2.525000 0.088528
v 1.073528 2.875000 0.088528
v 0.623528 2.875000 0.088528
v -0.225000 2.525000 0.360000
v 0.225000 2.525000 0.360000
v 0.225000 2.875000 0.360000
v -0.225000 2.875000 0.360000
v -0.225000 2.525000 0.440000
v 0.225000 2.525000 0.440000
v 0.225000 2.875000 0.440000
v -0.225000 2.875000 0.440000
v -1.073528 2.525000 0.008528
v -0.623528 2.525000 0.008528
v -0.623528 2.875000 0.008528
v -1.073528 2.875000 0.008528
v -1.073528 2.525000 0.088528
v -0.623528 2.525000 0.088528
v -0.623528 2.875000 0.088528
v -1.073528 2.875000 0.088528
v -1.425000 2.525000 -0.840000
v -0.975000 2.525000 -0.840000
v -0.975000 2.875000 -0.840000
v -1.425000 2.875000 -0.840000
v -1.425000 2.525000 -0.760000
v -0.975000 2.525000 -0.760000
v -0.975000 2.875000 -0.760000
v -1.425000 2.875000 -0.760000
v -1.073528 2.525000 -1.688528
v -0.623528 2.525000 -1.688528
v -0.623528 2.875000 -1.688528
v -1.073528 2.875000 -1.688528
v -1.073528 2.525000 -1.608528
v -0.623528 2.525000 -1.608528
v -0.623528 2.875000 -1.608528
v -1.073528 2.875000 -1.608528
v -0.225000 2.525000 -2.040000
v 0.225000 2.525000 -2.040000
v 0.225000 2.875000 -2.040000
v -0.225000 2.875000 -2.040000
v -0.225000 2.525000 -1.960000
v 0.225000 2.525000 -1.960000
v 0.225000 2.875000 -1.960000
v -0.225000 2.875000 -1.960000
v 0.623528 2.525000 -1.688528
v 1.073528 2.525000 -1.688528
v 1.073528 2.875000 -1.688528
v 0.623528 2.875000 -1.688528
v 0.623528 2.525000 -1.608528
v 1.073528 2.525000 -1.608528
v 1.073528 2.875000 -1.608528
v 0.623528 2.875000 -1.608528
v -19.000000 -3.100000 -0.700000
v 19.000000 -3.100000 -0.700000
v 19.000000 -1.700000 -0.700000
v -19.000000 -1.700000 -0.700000
v -19.000000 -3.100000 0.700000
v 19.000000 -3.100000 0.700000
v 19.000000 -1.700000 0.700000
v -19.000000 -1.700000 0.700000
v -16.920000 -3.400000 0.000000
v -16.943431 -3.400000 0.056569
v -17.000000 -3.400000 0.080000
v -17.056569 -3.400000 0.056569
v -17.080000 -3.400000 0.000000
v -17.056569 -3.400000 -0.056569
v -17.000000 -3.400000 -0.080000
v -16.943431 -3.400000 -0.056569
v -16.920000 -2.400000 0.000000
v -16.943431 -2.400000 0.056569
v -17.000000 -2.400000 0.080000
v -17.056569 -2.400000 0.056569
v -17.080000 -2.400000 0.000000
v -17.056569 -2.400000 -0.056569
v -17.000000 -2.400000 -0.080000
v -16.943431 -2.400000 -0.056569
v -16.920000 -1.400000 0.000000
v -16.943431 -1.400000 0.056569
v -17.000000 -1.400000 0.080000
v -17.056569 -1.400000 0.056569
v -17.080000 -1.400000 0.000000
v -17.056569 -1.400000 -0.056569
v -17.000000 -1.400000 -0.080000
v -16.943431 -1.400000 -0.056569
v -17.000000 -3.400000 0.000000
v -17.000000 -1.400000 0.000000
v -14.920000 -3.400000 0.000000
v -14.943431 -3.400000 0.056569
v -15.000000 -3.400000 0.080000
v -15.056569 -3.400000 0.056569
v -15.080000 -3.400000 0.000000
v -15.056569 -3.400000 -0.056569
v -15.000000 -3.400000 -0.080000
v -14.943431 -3.400000 -0.056569
v -14.920000 -2.400000 0.000000
v -14.943431 -2.400000 0.056569
v -15.000000 -2.400000 0.080000
v -15.056569 -2.400000 0.056569
v -15.080000 -2.400000 0.000000
v -15.056569 -2.400000 -0.056569
v -15.000000 -2.400000 -0.080000
v -14.943431 -2.400000 -0.056569
v -14.920000 -1.400000 0.000000
v -14.943431 -1.400000 0.056569
v -15.000000 -1.400000 0.080000
v -15.056569 -1.400000 0.056569
v -15.080000 -1.400000 0.000000
v -15.056569 -1.400000 -0.056569
v -15.000000 -1.400000 -0.080000
v -14.943431 -1.400000 -0.056569
v -15.000000 -3.400000 0.000000
v -15.000000 -1.400000 0.000000
v -12.920000 -3.400000 0.000000
v -12.943431 -3.400000 0.056569
v -13.000000 -3.400000 0.080000
v -13.056569 -3.400000 0.056569
v -13.080000 -3.400000 0.000000
v -13.056569 -3.400000 -0.056569
v -13.000000 -3.400000 -0.080000
v -12.943431 -3.400000 -0.056569
v -12.920000 -2.400000 0.000000
v -12.943431 -2.400000 0.056569
v -13.000000 -2.400000 0.080000
v -13.056569 -2.400000 0.056569
v -13.080000 -2.400000 0.000000
v -13.056569 -2.400000 -0.056569
v -13.000000 -2.400000 -0.080000
v -12.943431 -2.400000 -0.056569
v -12.920000 -1.400000 0.000000
v -12.943431 -1.400000 0.056569
v -13.000000 -1.400000 0.080000
v -13.056569 -1.400000 0.056569
v -13.080000 -1.400000 0.000000
v -13.056569 -1.400000 -0.056569
v -13.000000 -1.400000 -0.080000
v -12.943431 -1.400000 -0.056569
v -13.000000 -3.400000 0.000000
v -13.000000 -1.400000 0.000000
v -10.920000 -3.400000 0.000000
v -10.943431 -3.400000 0.056569
v -11.000000 -3.400000 0.080000
v -11.056569 -3.400000 0.056569
v -11.080000 -3.400000 0.000000
v -11.056569 -3.400000 -0.056569
v -11.000000 -3.400000 -0.080000
v -10.943431 -3.400000 -0.056569
v -10.920000 -2.400000 0.000000
v -10.943431 -2.400000 0.056569
v -11.000000 -2.400000 0.080000
v -11.056569 -2.400000 0.056569
v -11.080000 -2.400000 0.000000
v -11.056569 -2.400000 -0.056569
v -11.000000 -2.400000 -0.080000
v -10.943431 -2.400000 -0.056569
v -10.920000 -1.400000 0.000000
v -10.943431 -1.400000 0.056569
v -11.000000 -1.400000 0.080000
v -11.056569 -1.400000 0.056569
v -11.080000 -1.400000 0.000000
v -11.056569 -1.400000 -0.056569
v -11.000000 -1.400000 -0.080000
v -10.943431 -1.400000 -0.056569
v -11.000000 -3.400000 0.000000
v -11.000000 -1.400000 0.000000
v -8.920000 -3.400000 0.000000
v -8.943431 -3.400000 0.056569
v -9.000000 -3.400000 0.080000
v -9.056569 -3.400000 0.056569
v -9.080000 -3.400000 0.000000
v -9.056569 -3.400000 -0.056569
v -9.000000 -3.400000 -0.080000
v -8.943431 -3.400000 -0.056569
v -8.920000 -2.400000 0.000000
v -8.943431 -2.400000 0.056569
v -9.000000 -2.400000 0.080000
v -9.056569 -2.400000 0.056569
v -9.080000 -2.400000 0.000000
v -9.056569 -2.400000 -0.056569
v -9.000000 -2.400000 -0.080000
v -8.943431 -2.400000 -0.056569
v -8.920000 -1.400000 0.000000
v -8.943431 -1.400000 0.056569
v -9.000000 -1.400000 0.080000
v -9.056569 -1.400000 0.056569
v -9.080000 -1.400000 0.000000
v -9.056569 -1.400000 -0.056569
v -9.000000 -1.400000 -0.080000
v -8.943431 -1.400000 -0.056569
v -9.000000 -3.400000 0.000000
v -9.000000 -1.400000 0.000000
v -6.920000 -3.400000 0.000000
v -6.943431 -3.400000 0.056569
v -7.000000 -3.400000 0.080000
v -7.056569 -3.400000 0.056569
v -7.080000 -3.400000 0.000000
v -7.056569 -3.400000 -0.056569
v -7.000000 -3.400000 -0.080000
v -6.943431 -3.400000 -0.056569
v -6.920000 -2.400000 0.000000
v -6.943431 -2.400000 0.056569
v -7.000000 -2.400000 0.080000
v -7.056569 -2.400000 0.056569
v -7.080000 -2.400000 0.000000
v -7.056569 -2.400000 -0.056569
v -7.000000 -2.400000 -0.080000
v -6.943431 -2.400000 -0.056569
v -6.920000 -1.400000 0.000000
v -6.943431 -1.400000 0.056569
v -7.000000 -1.400000 0.080000
v -7.056569 -1.400000 0.056569
v -7.080000 -1.400000 0.000000
v -7.056569 -1.400000 -0.056569
v -7.000000 -1.400000 -0.080000
v -6.943431 -1.400000 -0.056569
v -7.000000 -3.400000 0.000000
v -7.000000 -1.400000 0.000000
v -4.920000 -3.400000 0.000000
v -4.943431 -3.400000 0.056569
v -5.000000 -3.400000 0.080000
v -5.056569 -3.400000 0.056569
v -5.080000 -3.400000 0.000000
v -5.056569 -3.400000 -0.056569
v -5.000000 -3.400000 -0.080000
v -4.943431 -3.400000 -0.056569
v -4.920000 -2.400000 0.000000
v -4.943431 -2.400000 0.056569
v -5.000000 -2.400000 0.080000
v -5.056569 -2.400000 0.056569
v -5.080000 -2.400000 0.000000
v -5.056569 -2.400000 -0.056569
v -5.000000 -2.400000 -0.080000
v -4.943431 -2.400000 -0.056569
v -4.920000 -1.400000 0.000000
v -4.943431 -1.400000 0.056569
v -5.000000 -1.400000 0.080000
v -5.056569 -1.400000 0.056569
v -5.080000 -1.400000 0.000000
v -5.056569 -1.400000 -0.056569
v -5.000000 -1.400000 -0.080000
v -4.943431 -1.400000 -0.056569
v -5.000000 -3.400000 0.000000
v -5.000000 -1.400000 0.000000
v -2.920000 -3.400000 0.000000
v -2.943431 -3.400000 0.056569
v -3.000000 -3.400000 0.080000
v -3.056569 -3.400000 0.056569
v -3.080000 -3.400000 0.000000
v -3.056569 -3.400000 -0.056569
v -3.000000 -3.400000 -0.080000
v -2.943431 -3.400000 -0.056569
v -2.920000 -2.400000 0.000000
v -2.943431 -2.400000 0.056569
v -3.000000 -2.400000 0.080000
v -3.056569 -2.400000 0.056569
v -3.080000 -2.400000 0.000000
v -3.056569 -2.400000 -0.056569
v -3.000000 -2.400000 -0.080000
v -2.943431 -2.400000 -0.056569
v -2.920000 -1.400000 0.000000
v -2.943431 -1.400000 0.056569
v -3.000000 -1.400000 0.080000
v -3.056569 -1.400000 0.056569
v -3.080000 -1.400000 0.000000
v -3.056569 -1.400000 -0.056569
v -3.000000 -1.400000 -0.080000
v -2.943431 -1.400000 -0.056569
v -3.000000 -3.400000 0.000000
v -3.000000 -1.400000 0.000000
v -0.920000 -3.400000 0.000000
v -0.943431 -3.400000 0.056569
v -1.000000 -3.400000 0.080000
v -1.056569 -3.400000 0.056569
v -1.080000 -3.400000 0.000000
v -1.056569 -3.400000 -0.056569
v -1.000000 -3.400000 -0.080000
v -0.943431 -3.400000 -0.056569
v -0.920000 -2.400000 0.000000
v -0.943431 -2.400000 0.056569
v -1.000000 -2.400000 0.080000
v -1.056569 -2.400000 0.056569
v -1.080000 -2.400000 0.000000
v -1.056569 -2.400000 -0.056569
v -1.000000 -2.400000 -0.080000
v -0.943431 -2.400000 -0.056569
v -0.920000 -1.400000 0.000000
v -0.943431 -1.400000 0.056569
v -1.000000 -1.400000 0.080000
v -1.056569 -1.400000 0.056569
v -1.080000 -1.400000 0.000000
v -1.056569 -1.400000 -0.056569
v -1.000000 -1.400000 -0.080000
v -0.943431 -1.400000 -0.056569
v -1.000000 -3.400000 0.000000
v -1.000000 -1.400000 0.000000
v 1.080000 -3.400000 0.000000
v 1.056569 -3.400000 0.056569
v 1.000000 -3.400000 0.080000
v 0.943431 -3.400000 0.056569
v 0.920000 -3.400000 0.000000
v 0.943431 -3.400000 -0.056569
v 1.000000 -3.400000 -0.080000
v 1.056569 -3.400000 -0.056569
v 1.080000 -2.400000 0.000000
v 1.056569 -2.400000 0.056569
v 1.000000 -2.400000 0.080000
v 0.943431 -2.400000 0.056569
v 0.920000 -2.400000 0.000000
v 0.943431 -2.400000 -0.056569
v 1.000000 -2.400000 -0.080000
v 1.056569 -2.400000 -0.056569
v 1.080000 -1.400000 0.000000
v 1.056569 -1.400000 0.056569
v 1.000000 -1.400000 0.080000
v 0.943431 -1.400000 0.056569
v 0.920000 -1.400000 0.000000
v 0.943431 -1.400000 -0.056569
v 1.000000 -1.400000 -0.080000
v 1.056569 -1.400000 -0.056569
v 1.000000 -3.400000 0.000000
v 1.000000 -1.400000 0.000000
v 3.080000 -3.400000 0.000000
v 3.056569 -3.400000 0.056569
v 3.000000 -3.400000 0.080000
v 2.943431 -3.400000 0.056569
v 2.920000 -3.400000 0.000000
v 2.943431 -3.400000 -0.056569
v 3.000000 -3.400000 -0.080000
v 3.056569 -3.400000 -0.056569
v 3.080000 -2.400000 0.000000
v 3.056569 -2.400000 0.056569
v 3.000000 -2.400000 0.080000
v 2.943431 -2.400000 0.056569
v 2.920000 -2.400000 0.000000
v 2.943431 -2.400000 -0.056569
v 3.000000 -2.400000 -0.080000
v 3.056569 -2.400000 -0.056569
v 3.080000 -1.400000 0.000000
v 3.056569 -1.400000 0.056569
v 3.000000 -1.400000 0.080000
v 2.943431 -1.400000 0.056569
v 2.920000 -1.400000 0.000000
v 2.943431 -1.400000 -0.056569
v 3.000000 -1.400000 -0.080000
v 3.056569 -1.400000 -0.056569
v 3.000000 -3.400000 0.000000
v 3.000000 -1.400000 0.000000
v 5.080000 -3.400000 0.000000
v 5.056569 -3.400000 0.056569
v 5.000000 -3.400000 0.080000
v 4.943431 -3.400000 0.056569
v 4.920000 -3.400000 0.000000
v 4.943431 -3.400000 -0.056569
v 5.000000 -3.400000 -0.080000
v 5.056569 -3.400000 -0.056569
v 5.080000 -2.400000 0.000000
v 5.056569 -2.400000 0.056569
v 5.000000 -2.400000 0.080000
v 4.943431 -2.400000 0.056569
v 4.920000 -2.400000 0.000000
v 4.943431 -2.400000 -0.056569
v 5.000000 -2.400000 -0.080000
v 5.056569 -2.400000 -0.056569
v 5.080000 -1.400000 0.000000
v 5.056569 -1.400000 0.056569
v 5.000000 -1.400000 0.080000
v 4.943431 -1.400000 0.056569
v 4.920000 -1.400000 0.000000
v 4.943431 -1.400000 -0.056569
v 5.000000 -1.400000 -0.080000
v 5.056569 -1.400000 -0.056569
v 5.000000 -3.400000 0.000000
v 5.000000 -1.400000 0.000000
v 7.080000 -3.400000 0.000000
v 7.056569 -3.400000 0.056569
v 7.000000 -3.400000 0.080000
v 6.943431 -3.400000 0.056569
v 6.920000 -3.400000 0.000000
v 6.943431 -3.400000 -0.056569
v 7.000000 -3.400000 -0.080000
v 7.056569 -3.400000 -0.056569
v 7.080000 -2.400000 0.000000
v 7.056569 -2.400000 0.056569
v 7.000000 -2.400000 0.080000
v 6.943431 -2.400000 0.056569
v 6.920000 -2.400000 0.000000
v 6.943431 -2.400000 -0.056569
v 7.000000 -2.400000 -0.080000
v 7.056569 -2.400000 -0.056569
v 7.080000 -1.400000 0.000000
v 7.056569 -1.400000 0.056569
v 7.000000 -1.400000 0.080000
v 6.943431 -1.400000 0.056569
v 6.920000 -1.400000 0.000000
v 6.943431 -1.400000 -0.056569
v 7.000000 -1.400000 -0.080000
v 7.056569 -1.400000 -0.056569
v 7.000000 -3.400000 0.000000
v 7.000000 -1.400000 0.000000
v 9.080000 -3.400000 0.000000
v 9.056569 -3.400000 0.056569
v 9.000000 -3.400000 0.080000
v 8.943431 -3.400000 0.056569
v 8.920000 -3.400000 0.000000
v 8.943431 -3.400000 -0.056569
v 9.000000 -3.400000 -0.080000
v 9.056569 -3.400000 -0.056569
v 9.080000 -2.400000 0.000000
v 9.056569 -2.400000 0.056569
v 9.000000 -2.400000 0.080000
v 8.943431 -2.400000 0.056569
v 8.920000 -2.400000 0.000000
v 8.943431 -2.400000 -0.056569
v 9.000000 -2.400000 -0.080000
v 9.056569 -2.400000 -0.056569
v 9.080000 -1.400000 0.000000
v 9.056569 -1.400000 0.056569
v 9.000000 -1.400000 0.080000
v 8.943431 -1.400000 0.056569
v 8.920000 -1.400000 0.000000
v 8.943431 -1.400000 -0.056569
v 9.000000 -1.400000 -0.080000
v 9.056569 -1.400000 -0.056569
v 9.000000 -3.400000 0.000000
v 9.000000 -1.400000 0.000000
v 11.080000 -3.400000 0.000000
v 11.056569 -3.400000 0.056569
v 11.000000 -3.400000 0.080000
v 10.943431 -3.400000 0.056569
v 10.920000 -3.400000 0.000000
v 10.943431 -3.400000 -0.056569
v 11.000000 -3.400000 -0.080000
v 11.056569 -3.400000 -0.056569
v 11.080000 -2.400000 0.000000
v 11.056569 -2.400000 0.056569
v 11.000000 -2.400000 0.080000
v 10.943431 -2.400000 0.056569
v 10.920000 -2.400000 0.000000
v 10.943431 -2.400000 -0.056569
v 11.000000 -2.400000 -0.080000
v 11.056569 -2.400000 -0.056569
v 11.080000 -1.400000 0.000000
v 11.056569 -1.400000 0.056569
v 11.000000 -1.400000 0.080000
v 10.943431 -1.400000 0.056569
v 10.920000 -1.400000 0.000000
v 10.943431 -1.400000 -0.056569
v 11.000000 -1.400000 -0.080000
v 11.056569 -1.400000 -0.056569
v 11.000000 -3.400000 0.000000
v 11.000000 -1.400000 0.000000
v 13.080000 -3.400000 0.000000
v 13.056569 -3.400000 0.056569
v 13.000000 -3.400000 0.080000
v 12.943431 -3.400000 0.056569
v 12.920000 -3.400000 0.000000
v 12.943431 -3.400000 -0.056569
v 13.000000 -3.400000 -0.080000
v 13.056569 -3.400000 -0.056569
v 13.080000 -2.400000 0.000000
v 13.056569 -2.400000 0.056569
v 13.000000 -2.400000 0.080000
v 12.943431 -2.400000 0.056569
v 12.920000 -2.400000 0.000000
v 12.943431 -2.400000 -0.056569
v 13.000000 -2.400000 -0.080000
v 13.056569 -2.400000 -0.056569
v 13.080000 -1.400000 0.000000
v 13.056569 -1.400000 0.056569
v 13.000000 -1.400000 0.080000
v 12.943431 -1.400000 0.056569
v 12.920000 -1.400000 0.000000
v 12.943431 -1.400000 -0.056569
v 13.000000 -1.400000 -0.080000
v 13.056569 -1.400000 -0.056569
v 13.000000 -3.400000 0.000000
v 13.000000 -1.400000 0.000000
v 15.080000 -3.400000 0.000000
v 15.056569 -3.400000 0.056569
v 15.000000 -3.400000 0.080000
v 14.943431 -3.400000 0.056569
v 14.920000 -3.400000 0.000000
v 14.943431 -3.400000 -0.056569
v 15.000000 -3.400000 -0.080000
v 15.056569 -3.400000 -0.056569
v 15.080000 -2.400000 0.000000
v 15.056569 -2.400000 0.056569
v 15.000000 -2.400000 0.080000
v 14.943431 -2.400000 0.056569
v 14.920000 -2.400000 0.000000
v 14.943431 -2.400000 -0.056569
v 15.000000 -2.400000 -0.080000
v 15.056569 -2.400000 -0.056569
v 15.080000 -1.400000 0.000000
v 15.056569 -1.400000 0.056569
v 15.000000 -1.400000 0.080000
v 14.943431 -1.400000 0.056569
v 14.920000 -1.400000 0.000000
v 14.943431 -1.400000 -0.056569
v 15.000000 -1.400000 -0.080000
v 15.056569 -1.400000 -0.056569
v 15.000000 -3.400000 0.000000
v 15.000000 -1.400000 0.000000
v 17.080000 -3.400000 0.000000
v 17.056569 -3.400000 0.056569
v 17.000000 -3.400000 0.080000
v 16.943431 -3.400000 0.056569
v 16.920000 -3.400000 0.000000
v 16.943431 -3.400000 -0.056569
v 17.000000 -3.400000 -0.080000
v 17.056569 -3.400000 -0.056569
v 17.080000 -2.400000 0.000000
v 17.056569 -2.400000 0.056569
v 17.000000 -2.400000 0.080000
v 16.943431 -2.400000 0.056569
v 16.920000 -2.400000 0.000000
v 16.943431 -2.400000 -0.056569
v 17.000000 -2.400000 -0.080000
v 17.056569 -2.400000 -0.056569
v 17.080000 -1.400000 0.000000
v 17.056569 -1.400000 0.056569
v 17.000000 -1.400000 0.080000
v 16.943431 -1.400000 0.056569
v 16.920000 -1.400000 0.000000
v 16.943431 -1.400000 -0.056569
v 17.000000 -1.400000 -0.080000
v 17.056569 -1.400000 -0.056569
v 17.000000 -3.400000 0.000000
v 17.000000 -1.400000 0.000000
v -16.400000 -1.500000 0.000000
v -16.400000 -1.530667 0.232937
v -16.400000 -1.620577 0.450000
v -16.400000 -1.763604 0.636396
v -16.400000 -1.950000 0.779423
v -16.400000 -2.167063 0.869333
v -16.400000 -2.400000 0.900000
v -16.400000 -2.632937 0.869333
v -16.400000 -2.850000 0.779423
v -16.400000 -3.036396 0.636396
v -16.400000 -3.179423 0.450000
v -16.400000 -3.269333 0.232937
v -16.400000 -3.300000 0.000000
v -16.400000 -3.269333 -0.232937
v -16.400000 -3.179423 -0.450000
v -16.400000 -3.036396 -0.636396
v -16.400000 -2.850000 -0.779423
v -16.400000 -2.632937 -0.869333
v -16.400000 -2.400000 -0.900000
v -16.400000 -2.167063 -0.869333
v -16.400000 -1.950000 -0.779423
v -16.400000 -1.763604 -0.636396
v -16.400000 -1.620577 -0.450000
v -16.400000 -1.530667 -0.232937
v -15.800000 -1.500000 0.000000
v -15.800000 -1.530667 0.232937
v -15.800000 -1.620577 0.450000
v -15.800000 -1.763604 0.636396
v -15.800000 -1.950000 0.779423
v -15.800000 -2.167063 0.869333
v -15.800000 -2.400000 0.900000
v -15.800000 -2.632937 0.869333
v -15.800000 -2.850000 0.779423
v -15.800000 -3.036396 0.636396
v -15.800000 -3.179423 0.450000
v -15.800000 -3.269333 0.232937
v -15.800000 -3.300000 0.000000
v -15.800000 -3.269333 -0.232937
v -15.800000 -3.179423 -0.450000
v -15.800000 -3.036396 -0.636396
v -15.800000 -2.850000 -0.779423
v -15.800000 -2.632937 -0.869333
v -15.800000 -2.400000 -0.900000
v -15.800000 -2.167063 -0.869333
v -15.800000 -1.950000 -0.779423
v -15.800000 -1.763604 -0.636396
v -15.800000 -1.620577 -0.450000
v -15.800000 -1.530667 -0.232937
v -15.200000 -1.500000 0.000000
v -15.200000 -1.530667 0.232937
v -15.200000 -1.620577 0.450000
v -15.200000 -1.763604 0.636396
v -15.200000 -1.950000 0.779423
v -15.200000 -2.167063 0.869333
v -15.200000 -2.400000 0.900000
v -15.200000 -2.632937 0.869333
v -15.200000 -2.850000 0.779423
v -15.200000 -3.036396 0.636396
v -15.200000 -3.179423 0.450000
v -15.200000 -3.269333 0.232937
v -15.200000 -3.300000 0.000000
v -15.200000 -3.269333 -0.232937
v -15.200000 -3.179423 -0.450000
v -15.200000 -3.036396 -0.636396
v -15.200000 -2.850000 -0.779423
v -15.200000 -2.632937 -0.869333
v -15.200000 -2.400000 -0.900000
v -15.200000 -2.167063 -0.869333
v -15.200000 -1.950000 -0.779423
v -15.200000 -1.763604 -0.636396
v -15.200000 -1.620577 -0.450000
v -15.200000 -1.530667 -0.232937
v -14.600000 -1.500000 0.000000
v -14.600000 -1.530667 0.232937
v -14.600000 -1.620577 0.450000
v -14.600000 -1.763604 0.636396
v -14.600000 -1.950000 0.779423
v -14.600000 -2.167063 0.869333
v -14.600000 -2.400000 0.900000
v -14.600000 -2.632937 0.869333
v -14.600000 -2.850000 0.779423
v -14.600000 -3.036396 0.636396
v -14.600000 -3.179423 0.450000
v -14.600000 -3.269333 0.232937
v -14.600000 -3.300000 0.000000
v -14.600000 -3.269333 -0.232937
v -14.600000 -3.179423 -0.450000
v -14.600000 -3.036396 -0.636396
v -14.600000 -2.850000 -0.779423
v -14.600000 -2.632937 -0.869333
v -14.600000 -2.400000 -0.900000
v -14.600000 -2.167063 -0.869333
v -14.600000 -1.950000 -0.779423
v -14.600000 -1.763604 -0.636396
v -14.600000 -1.620577 -0.450000
v -14.600000 -1.530667 -0.232937
v -16.400000 -2.400000 0.000000
v -14.600000 -2.400000 0.000000
v -16.220000 -2.400000 -11.000000
v -16.241314 -2.292849 -11.000000
v -16.302010 -2.202010 -11.000000
v -16.392849 -2.141314 -11.000000
v -16.500000 -2.120000 -11.000000
v -16.607151 -2.141314 -11.000000
v -16.697990 -2.202010 -11.000000
v -16.758686 -2.292849 -11.000000
v -16.780000 -2.400000 -11.000000
v -16.758686 -2.507151 -11.000000
v -16.697990 -2.597990 -11.000000
v -16.607151 -2.658686 -11.000000
v -16.500000 -2.680000 -11.000000
v -16.392849 -2.658686 -11.000000
v -16.302010 -2.597990 -11.000000
v -16.241314 -2.507151 -11.000000
v -16.220000 -2.400000 -5.500000
v -16.241314 -2.292849 -5.500000
v -16.302010 -2.202010 -5.500000
v -16.392849 -2.141314 -5.500000
v -16.500000 -2.120000 -5.500000
v -16.607151 -2.141314 -5.500000
v -16.697990 -2.202010 -5.500000
v -16.758686 -2.292849 -5.500000
v -16.780000 -2.400000 -5.500000
v -16.758686 -2.507151 -5.500000
v -16.697990 -2.597990 -5.500000
v -16.607151 -2.658686 -5.500000
v -16.500000 -2.680000 -5.500000
v -16.392849 -2.658686 -5.500000
v -16.302010 -2.597990 -5.500000
v -16.241314 -2.507151 -5.500000
v -16.220000 -2.400000 0.000000
v -16.241314 -2.292849 0.000000
v -16.302010 -2.202010 0.000000
v -16.392849 -2.141314 0.000000
v -16.500000 -2.120000 0.000000
v -16.607151 -2.141314 0.000000
v -16.697990 -2.202010 0.000000
v -16.758686 -2.292849 0.000000
v -16.780000 -2.400000 0.000000
v -16.758686 -2.507151 0.000000
v -16.697990 -2.597990 0.000000
v -16.607151 -2.658686 0.000000
v -16.500000 -2.680000 0.000000
v -16.392849 -2.658686 0.000000
v -16.302010 -2.597990 0.000000
v -16.241314 -2.507151 0.000000
v -16.220000 -2.400000 5.500000
v -16.241314 -2.292849 5.500000
v -16.302010 -2.202010 5.500000
v -16.392849 -2.141314 5.500000
v -16.500000 -2.120000 5.500000
v -16.607151 -2.141314 5.500000
v -16.697990 -2.202010 5.500000
v -16.758686 -2.292849 5.500000
v -16.780000 -2.400000 5.500000
v -16.758686 -2.507151 5.500000
v -16.697990 -2.597990 5.500000
v -16.607151 -2.658686 5.500000
v -16.500000 -2.680000 5.500000
v -16.392849 -2.658686 5.500000
v -16.302010 -2.597990 5.500000
v -16.241314 -2.507151 5.500000
v -16.220000 -2.400000 11.000000
v -16.241314 -2.292849 11.000000
v -16.302010 -2.202010 11.000000
v -16.392849 -2.141314 11.000000
v -16.500000 -2.120000 11.000000
v -16.607151 -2.141314 11.000000
v -16.697990 -2.202010 11.000000
v -16.758686 -2.292849 11.000000
v -16.780000 -2.400000 11.000000
v -16.758686 -2.507151 11.000000
v -16.697990 -2.597990 11.000000
v -16.607151 -2.658686 11.000000
v -16.500000 -2.680000 11.000000
v -16.392849 -2.658686 11.000000
v -16.302010 -2.597990 11.000000
v -16.241314 -2.507151 11.000000
v -16.500000 -2.400000 -11.000000
v -16.500000 -2.400000 11.000000
v -19.900000 -2.460000 -11.000000
v -13.100000 -2.460000 -11.000000
v -13.100000 -2.340000 -11.000000
v -19.900000 -2.340000 -11.000000
v -19.900000 -2.460000 -0.600000
v -13.100000 -2.460000 -0.600000
v -13.100000 -2.340000 -0.600000
v -19.900000 -2.340000 -0.600000
v -18.775000 -2.510000 -11.000000
v -18.625000 -2.510000 -11.000000
v -18.625000 -2.290000 -11.000000
v -18.775000 -2.290000 -11.000000
v -18.775000 -2.510000 -0.600000
v -18.625000 -2.510000 -0.600000
v -18.625000 -2.290000 -0.600000
v -18.775000 -2.290000 -0.600000
v -16.575000 -2.510000 -11.000000
v -16.425000 -2.510000 -11.000000
v -16.425000 -2.290000 -11.000000
v -16.575000 -2.290000 -11.000000
v -16.575000 -2.510000 -0.600000
v -16.425000 -2.510000 -0.600000
v -16.425000 -2.290000 -0.600000
v -16.575000 -2.290000 -0.600000
v -14.375000 -2.510000 -11.000000
v -14.225000 -2.510000 -11.000000
v -14.225000 -2.290000 -11.000000
v -14.375000 -2.290000 -11.000000
v -14.375000 -2.510000 -0.600000
v -14.225000 -2.510000 -0.600000
v -14.225000 -2.290000 -0.600000
v -14.375000 -2.290000 -0.600000
v -19.900000 -2.460000 0.600000
v -13.100000 -2.460000 0.600000
v -13.100000 -2.340000 0.600000
v -19.900000 -2.340000 0.600000
v -19.900000 -2.460000 11.000000
v -13.100000 -2.460000 11.000000
v -13.100000 -2.340000 11.000000
v -19.900000 -2.340000 11.000000
v -18.775000 -2.510000 0.600000
v -18.625000 -2.510000 0.600000
v -18.625000 -2.290000 0.600000
v -18.775000 -2.290000 0.600000
v -18.775000 -2.510000 11.000000
v -18.625000 -2.510000 11.000000
v -18.625000 -2.290000 11.000000
v -18.775000 -2.290000 11.000000
v -16.575000 -2.510000 0.600000
v -16.425000 -2.510000 0.600000
v -16.425000 -2.290000 0.600000
v -16.575000 -2.290000 0.600000
v -16.575000 -2.510000 11.000000
v -16.425000 -2.510000 11.000000
v -16.425000 -2.290000 11.000000
v -16.575000 -2.290000 11.000000
v -14.375000 -2.510000 0.600000
v -14.225000 -2.510000 0.600000
v -14.225000 -2.290000 0.600000
v -14.375000 -2.290000 0.600000
v -14.375000 -2.510000 11.000000
v -14.225000 -2.510000 11.000000
v -14.225000 -2.290000 11.000000
v -14.375000 -2.290000 11.000000
v -9.600000 -2.900000 1.725000
v -7.400000 -2.900000 1.725000
v -7.400000 2.500000 1.725000
v -9.600000 2.500000 1.725000
v -9.600000 -2.900000 1.875000
v -7.400000 -2.900000 1.875000
v -7.400000 2.500000 1.875000
v -9.600000 2.500000 1.875000
v -9.600000 -2.900000 -1.875000
v -7.400000 -2.900000 -1.875000
v -7.400000 2.500000 -1.875000
v -9.600000 2.500000 -1.875000
v -9.600000 -2.900000 -1.725000
v -7.400000 -2.900000 -1.725000
v -7.400000 2.500000 -1.725000
v -9.600000 2.500000 -1.725000
v 14.600000 -1.500000 0.000000
v 14.600000 -1.530667 0.232937
v 14.600000 -1.620577 0.450000
v 14.600000 -1.763604 0.636396
v 14.600000 -1.950000 0.779423
v 14.600000 -2.167063 0.869333
v 14.600000 -2.400000 0.900000
v 14.600000 -2.632937 0.869333
v 14.600000 -2.850000 0.779423
v 14.600000 -3.036396 0.636396
v 14.600000 -3.179423 0.450000
v 14.600000 -3.269333 0.232937
v 14.600000 -3.300000 0.000000
v 14.600000 -3.269333 -0.232937
v 14.600000 -3.179423 -0.450000
v 14.600000 -3.036396 -0.636396
v 14.600000 -2.850000 -0.779423
v 14.600000 -2.632937 -0.869333
v 14.600000 -2.400000 -0.900000
v 14.600000 -2.167063 -0.869333
v 14.600000 -1.950000 -0.779423
v 14.600000 -1.763604 -0.636396
v 14.600000 -1.620577 -0.450000
v 14.600000 -1.530667 -0.232937
v 15.200000 -1.500000 0.000000
v 15.200000 -1.530667 0.232937
v 15.200000 -1.620577 0.450000
v 15.200000 -1.763604 0.636396
v 15.200000 -1.950000 0.779423
v 15.200000 -2.167063 0.869333
v 15.200000 -2.400000 0.900000
v 15.200000 -2.632937 0.869333
v 15.200000 -2.850000 0.779423
v 15.200000 -3.036396 0.636396
v 15.200000 -3.179423 0.450000
v 15.200000 -3.269333 0.232937
v 15.200000 -3.300000 0.000000
v 15.200000 -3.269333 -0.232937
v 15.200000 -3.179423 -0.450000
v 15.200000 -3.036396 -0.636396
v 15.200000 -2.850000 -0.779423
v 15.200000 -2.632937 -0.869333
v 15.200000 -2.400000 -0.900000
v 15.200000 -2.167063 -0.869333
v 15.200000 -1.950000 -0.779423
v 15.200000 -1.763604 -0.636396
v 15.200000 -1.620577 -0.450000
v 15.200000 -1.530667 -0.232937
v 15.800000 -1.500000 0.000000
v 15.800000 -1.530667 0.232937
v 15.800000 -1.620577 0.450000
v 15.800000 -1.763604 0.636396
v 15.800000 -1.950000 0.779423
v 15.800000 -2.167063 0.869333
v 15.800000 -2.400000 0.900000
v 15.800000 -2.632937 0.869333
v 15.800000 -2.850000 0.779423
v 15.800000 -3.036396 0.636396
v 15.800000 -3.179423 0.450000
v 15.800000 -3.269333 0.232937
v 15.800000 -3.300000 0.000000
v 15.800000 -3.269333 -0.232937
v 15.800000 -3.179423 -0.450000
v 15.800000 -3.036396 -0.636396
v 15.800000 -2.850000 -0.779423
v 15.800000 -2.632937 -0.869333
v 15.800000 -2.400000 -0.900000
v 15.800000 -2.167063 -0.869333
v 15.800000 -1.950000 -0.779423
v 15.800000 -1.763604 -0.636396
v 15.800000 -1.620577 -0.450000
v 15.800000 -1.530667 -0.232937
v 16.400000 -1.500000 0.000000
v 16.400000 -1.530667 0.232937
v 16.400000 -1.620577 0.450000
v 16.400000 -1.763604 0.636396
v 16.400000 -1.950000 0.779423
v 16.400000 -2.167063 0.869333
v 16.400000 -2.400000 0.900000
v 16.400000 -2.632937 0.869333
v 16.400000 -2.850000 0.779423
v 16.400000 -3.036396 0.636396
v 16.400000 -3.179423 0.450000
v 16.400000 -3.269333 0.232937
v 16.400000 -3.300000 0.000000
v 16.400000 -3.269333 -0.232937
v 16.400000 -3.179423 -0.450000
v 16.400000 -3.036396 -0.636396
v 16.400000 -2.850000 -0.779423
v 16.400000 -2.632937 -0.869333
v 16.400000 -2.400000 -0.900000
v 16.400000 -2.167063 -0.869333
v 16.400000 -1.950000 -0.779423
v 16.400000 -1.763604 -0.636396
v 16.400000 -1.620577 -0.450000
v 16.400000 -1.530667 -0.232937
v 14.600000 -2.400000 0.000000
v 16.400000 -2.400000 0.000000
v 16.780000 -2.400000 -11.000000
v 16.758686 -2.292849 -11.000000
v 16.697990 -2.202010 -11.000000
v 16.607151 -2.141314 -11.000000
v 16.500000 -2.120000 -11.000000
v 16.392849 -2.141314 -11.000000
v 16.302010 -2.202010 -11.000000
v 16.241314 -2.292849 -11.000000
v 16.220000 -2.400000 -11.000000
v 16.241314 -2.507151 -11.000000
v 16.302010 -2.597990 -11.000000
v 16.392849 -2.658686 -11.000000
v 16.500000 -2.680000 -11.000000
v 16.607151 -2.658686 -11.000000
v 16.697990 -2.597990 -11.000000
v 16.758686 -2.507151 -11.000000
v 16.780000 -2.400000 -5.500000
v 16.758686 -2.292849 -5.500000
v 16.697990 -2.202010 -5.500000
v 16.607151 -2.141314 -5.500000
v 16.500000 -2.120000 -5.500000
v 16.392849 -2.141314 -5.500000
v 16.302010 -2.202010 -5.500000
v 16.241314 -2.292849 -5.500000
v 16.220000 -2.400000 -5.500000
v 16.241314 -2.507151 -5.500000
v 16.302010 -2.597990 -5.500000
v 16.392849 -2.658686 -5.500000
v 16.500000 -2.680000 -5.500000
v 16.607151 -2.658686 -5.500000
v 16.697990 -2.597990 -5.500000
v 16.758686 -2.507151 -5.500000
v 16.780000 -2.400000 0.000000
v 16.758686 -2.292849 0.000000
v 16.697990 -2.202010 0.000000
v 16.607151 -2.141314 0.000000
v 16.500000 -2.120000 0.000000
v 16.392849 -2.141314 0.000000
v 16.302010 -2.202010 0.000000
v 16.241314 -2.292849 0.000000
v 16.220000 -2.400000 0.000000
v 16.241314 -2.507151 0.000000
v 16.302010 -2.597990 0.000000
v 16.392849 -2.658686 0.000000
v 16.500000 -2.680000 0.000000
v 16.607151 -2.658686 0.000000
v 16.697990 -2.597990 0.000000
v 16.758686 -2.507151 0.000000
v 16.780000 -2.400000 5.500000
v 16.758686 -2.292849 5.500000
v 16.697990 -2.202010 5.500000
v 16.607151 -2.141314 5.500000
v 16.500000 -2.120000 5.500000
v 16.392849 -2.141314 5.500000
v 16.302010 -2.202010 5.500000
v 16.241314 -2.292849 5.500000
v 16.220000 -2.400000 5.500000
v 16.241314 -2.507151 5.500000
v 16.302010 -2.597990 5.500000
v 16.392849 -2.658686 5.500000
v 16.500000 -2.680000 5.500000
v 16.607151 -2.658686 5.500000
v 16.697990 -2.597990 5.500000
v 16.758686 -2.507151 5.500000
v 16.780000 -2.400000 11.000000
v 16.758686 -2.292849 11.000000
v 16.697990 -2.202010 11.000000
v 16.607151 -2.141314 11.000000
v 16.500000 -2.120000 11.000000
v 16.392849 -2.141314 11.000000
v 16.302010 -2.202010 11.000000
v 16.241314 -2.292849 11.000000
v 16.220000 -2.400000 11.000000
v 16.241314 -2.507151 11.000000
v 16.302010 -2.597990 11.000000
v 16.392849 -2.658686 11.000000
v 16.500000 -2.680000 11.000000
v 16.607151 -2.658686 11.000000
v 16.697990 -2.597990 11.000000
v 16.758686 -2.507151 11.000000
v 16.500000 -2.400000 -11.000000
v 16.500000 -2.400000 11.000000
v 13.100000 -2.460000 -11.000000
v 19.900000 -2.460000 -11.000000
v 19.900000 -2.340000 -11.000000
v 13.100000 -2.340000 -11.000000
v 13.100000 -2.460000 -0.600000
v 19.900000 -2.460000 -0.600000
v 19.900000 -2.340000 -0.600000
v 13.100000 -2.340000 -0.600000
v 14.225000 -2.510000 -11.000000
v 14.375000 -2.510000 -11.000000
v 14.375000 -2.290000 -11.000000
v 14.225000 -2.290000 -11.000000
v 14.225000 -2.510000 -0.600000
v 14.375000 -2.510000 -0.600000
v 14.375000 -2.290000 -0.600000
v 14.225000 -2.290000 -0.600000
v 16.425000 -2.510000 -11.000000
v 16.575000 -2.510000 -11.000000
v 16.575000 -2.290000 -11.000000
v 16.425000 -2.290000 -11.000000
v 16.425000 -2.510000 -0.600000
v 16.575000 -2.510000 -0.600000
v 16.575000 -2.290000 -0.600000
v 16.425000 -2.290000 -0.600000
v 18.625000 -2.510000 -11.000000
v 18.775000 -2.510000 -11.000000
v 18.775000 -2.290000 -11.000000
v 18.625000 -2.290000 -11.000000
v 18.625000 -2.510000 -0.600000
v 18.775000 -2.510000 -0.600000
v 18.775000 -2.290000 -0.600000
v 18.625000 -2.290000 -0.600000
v 13.100000 -2.460000 0.600000
v 19.900000 -2.460000 0.600000
v 19.900000 -2.340000 0.600000
v 13.100000 -2.340000 0.600000
v 13.100000 -2.460000 11.000000
v 19.900000 -2.460000 11.000000
v 19.900000 -2.340000 11.000000
v 13.100000 -2.340000 11.000000
v 14.225000 -2.510000 0.600000
v 14.375000 -2.510000 0.600000
v 14.375000 -2.290000 0.600000
v 14.225000 -2.290000 0.600000
v 14.225000 -2.510000 11.000000
v 14.375000 -2.510000 11.000000
v 14.375000 -2.290000 11.000000
v 14.225000 -2.290000 11.000000
v 16.425000 -2.510000 0.600000
v 16.575000 -2.510000 0.600000
v 16.575000 -2.290000 0.600000
v 16.425000 -2.290000 0.600000
v 16.425000 -2.510000 11.000000
v 16.575000 -2.510000 11.000000
v 16.575000 -2.290000 11.000000
v 16.425000 -2.290000 11.000000
v 18.625000 -2.510000 0.600000
v 18.775000 -2.510000 0.600000
v 18.775000 -2.290000 0.600000
v 18.625000 -2.290000 0.600000
v 18.625000 -2.510000 11.000000
v 18.775000 -2.510000 11.000000
v 18.775000 -2.290000 11.000000
v 18.625000 -2.290000 11.000000
v 7.400000 -2.900000 1.725000
v 9.600000 -2.900000 1.725000
v 9.600000 2.500000 1.725000
v 7.400000 2.500000 1.725000
v 7.400000 -2.900000 1.875000
v 9.600000 -2.900000 1.875000
v 9.600000 2.500000 1.875000
v 7.400000 2.500000 1.875000
v 7.400000 -2.900000 -1.875000
v 9.600000 -2.900000 -1.875000
v 9.600000 2.500000 -1.875000
v 7.400000 2.500000 -1.875000
v 7.400000 -2.900000 -1.725000
v 9.600000 -2.900000 -1.725000
v 9.600000 2.500000 -1.725000
v 7.400000 2.500000 -1.725000
v 1.050000 0.000000 6.700000
v 1.014222 0.271760 6.700000
v 0.909327 0.525000 6.700000
v 0.742462 0.742462 6.700000
v 0.525000 0.909327 6.700000
v 0.271760 1.014222 6.700000
v 0.000000 1.050000 6.700000
v -0.271760 1.014222 6.700000
v -0.525000 0.909327 6.700000
v -0.742462 0.742462 6.700000
v -0.909327 0.525000 6.700000
v -1.014222 0.271760 6.700000
v -1.050000 0.000000 6.700000
v -1.014222 -0.271760 6.700000
v -0.909327 -0.525000 6.700000
v -0.742462 -0.742462 6.700000
v -0.525000 -0.909327 6.700000
v -0.271760 -1.014222 6.700000
v -0.000000 -1.050000 6.700000
v 0.271760 -1.014222 6.700000
v 0.525000 -0.909327 6.700000
v 0.742462 -0.742462 6.700000
v 0.909327 -0.525000 6.700000
v 1.014222 -0.271760 6.700000
v 1.050000 0.000000 7.433333
v 1.014222 0.271760 7.433333
v 0.909327 0.525000 7.433333
v 0.742462 0.742462 7.433333
v 0.525000 0.909327 7.433333
v 0.271760 1.014222 7.433333
v 0.000000 1.050000 7.433333
v -0.271760 1.014222 7.433333
v -0.525000 0.909327 7.433333
v -0.742462 0.742462 7.433333
v -0.909327 0.525000 7.433333
v -1.014222 0.271760 7.433333
v -1.050000 0.000000 7.433333
v -1.014222 -0.271760 7.433333
v -0.909327 -0.525000 7.433333
v -0.742462 -0.742462 7.433333
v -0.525000 -0.909327 7.433333
v -0.271760 -1.014222 7.433333
v -0.000000 -1.050000 7.433333
v 0.271760 -1.014222 7.433333
v 0.525000 -0.909327 7.433333
v 0.742462 -0.742462 7.433333
v 0.909327 -0.525000 7.433333
v 1.014222 -0.271760 7.433333
v 1.050000 0.000000 8.166667
v 1.014222 0.271760 8.166667
v 0.909327 0.525000 8.166667
v 0.742462 0.742462 8.166667
v 0.525000 0.909327 8.166667
v 0.271760 1.014222 8.166667
v 0.000000 1.050000 8.166667
v -0.271760 1.014222 8.166667
v -0.525000 0.909327 8.166667
v -0.742462 0.742462 8.166667
v -0.909327 0.525000 8.166667
v -1.014222 0.271760 8.166667
v -1.050000 0.000000 8.166667
v -1.014222 -0.271760 8.166667
v -0.909327 -0.525000 8.166667
v -0.742462 -0.742462 8.166667
v -0.525000 -0.909327 8.166667
v -0.271760 -1.014222 8.166667
v -0.000000 -1.050000 8.166667
v 0.271760 -1.014222 8.166667
v 0.525000 -0.909327 8.166667
v 0.742462 -0.742462 8.166667
v 0.909327 -0.525000 8.166667
v 1.014222 -0.271760 8.166667
v 1.050000 0.000000 8.900000
v 1.014222 0.271760 8.900000
v 0.909327 0.525000 8.900000
v 0.742462 0.742462 8.900000
v 0.525000 0.909327 8.900000
v 0.271760 1.014222 8.900000
v 0.000000 1.050000 8.900000
v -0.271760 1.014222 8.900000
v -0.525000 0.909327 8.900000
v -0.742462 0.742462 8.900000
v -0.909327 0.525000 8.900000
v -1.014222 0.271760 8.900000
v -1.050000 0.000000 8.900000
v -1.014222 -0.271760 8.900000
v -0.909327 -0.525000 8.900000
v -0.742462 -0.742462 8.900000
v -0.525000 -0.909327 8.900000
v -0.271760 -1.014222 8.900000
v -0.000000 -1.050000 8.900000
v 0.271760 -1.014222 8.900000
v 0.525000 -0.909327 8.900000
v 0.742462 -0.742462 8.900000
v 0.909327 -0.525000 8.900000
v 1.014222 -0.271760 8.900000
v 0.000000 0.000000 6.700000
v 0.000000 0.000000 8.900000
v 0.975000 -0.075000 8.500000
v 1.225000 -0.075000 8.500000
v 1.225000 0.075000 8.500000
v 0.975000 0.075000 8.500000
v 0.975000 -0.075000 9.100000
v 1.225000 -0.075000 9.100000
v 1.225000 0.075000 9.100000
v 0.975000 0.075000 9.100000
v -0.675000 0.877628 8.500000
v -0.425000 0.877628 8.500000
v -0.425000 1.027628 8.500000
v -0.675000 1.027628 8.500000
v -0.675000 0.877628 9.100000
v -0.425000 0.877628 9.100000
v -0.425000 1.027628 9.100000
v -0.675000 1.027628 9.100000
v -0.675000 -1.027628 8.500000
v -0.425000 -1.027628 8.500000
v -0.425000 -0.877628 8.500000
v -0.675000 -0.877628 8.500000
v -0.675000 -1.027628 9.100000
v -0.425000 -1.027628 9.100000
v -0.425000 -0.877628 9.100000
v -0.675000 -0.877628 9.100000
v 3.320000 1.450000 -3.000000
v 3.303923 1.450000 -2.940000
v 3.260000 1.450000 -2.896077
v 3.200000 1.450000 -2.880000
v 3.140000 1.450000 -2.896077
v 3.096077 1.450000 -2.940000
v 3.080000 1.450000 -3.000000
v 3.096077 1.450000 -3.060000
v 3.140000 1.450000 -3.103923
v 3.200000 1.450000 -3.120000
v 3.260000 1.450000 -3.103923
v 3.303923 1.450000 -3.060000
v 3.320000 3.200000 -3.000000
v 3.303923 3.200000 -2.940000
v 3.260000 3.200000 -2.896077
v 3.200000 3.200000 -2.880000
v 3.140000 3.200000 -2.896077
v 3.096077 3.200000 -2.940000
v 3.080000 3.200000 -3.000000
v 3.096077 3.200000 -3.060000
v 3.140000 3.200000 -3.103923
v 3.200000 3.200000 -3.120000
v 3.260000 3.200000 -3.103923
v 3.303923 3.200000 -3.060000
v 3.320000 4.950000 -3.000000
v 3.303923 4.950000 -2.940000
v 3.260000 4.950000 -2.896077
v 3.200000 4.950000 -2.880000
v 3.140000 4.950000 -2.896077
v 3.096077 4.950000 -2.940000
v 3.080000 4.950000 -3.000000
v 3.096077 4.950000 -3.060000
v 3.140000 4.950000 -3.103923
v 3.200000 4.950000 -3.120000
v 3.260000 4.950000 -3.103923
v 3.303923 4.950000 -3.060000
v 3.200000 1.450000 -3.000000
v 3.200000 4.950000 -3.000000
v 3.200000 5.000000 -3.000000
v 3.400000 5.000000 -3.006250
v 3.393185 5.051764 -3.006250
v 3.373205 5.100000 -3.006250
v 3.341421 5.141421 -3.006250
v 3.300000 5.173205 -3.006250
v 3.251764 5.193185 -3.006250
v 3.200000 5.200000 -3.006250
v 3.148236 5.193185 -3.006250
v 3.100000 5.173205 -3.006250
v 3.058579 5.141421 -3.006250
v 3.026795 5.100000 -3.006250
v 3.006815 5.051764 -3.006250
v 3.000000 5.000000 -3.006250
v 3.006815 4.948236 -3.006250
v 3.026795 4.900000 -3.006250
v 3.058579 4.858579 -3.006250
v 3.100000 4.826795 -3.006250
v 3.148236 4.806815 -3.006250
v 3.200000 4.800000 -3.006250
v 3.251764 4.806815 -3.006250
v 3.300000 4.826795 -3.006250
v 3.341421 4.858579 -3.006250
v 3.373205 4.900000 -3.006250
v 3.393185 4.948236 -3.006250
v 3.600000 5.000000 -3.025000
v 3.586370 5.103528 -3.025000
v 3.546410 5.200000 -3.025000
v 3.482843 5.282843 -3.025000
v 3.400000 5.346410 -3.025000
v 3.303528 5.386370 -3.025000
v 3.200000 5.400000 -3.025000
v 3.096472 5.386370 -3.025000
v 3.000000 5.346410 -3.025000
v 2.917157 5.282843 -3.025000
v 2.853590 5.200000 -3.025000
v 2.813630 5.103528 -3.025000
v 2.800000 5.000000 -3.025000
v 2.813630 4.896472 -3.025000
v 2.853590 4.800000 -3.025000
v 2.917157 4.717157 -3.025000
v 3.000000 4.653590 -3.025000
v 3.096472 4.613630 -3.025000
v 3.200000 4.600000 -3.025000
v 3.303528 4.613630 -3.025000
v 3.400000 4.653590 -3.025000
v 3.482843 4.717157 -3.025000
v 3.546410 4.800000 -3.025000
v 3.586370 4.896472 -3.025000
v 3.800000 5.000000 -3.056250
v 3.779555 5.155291 -3.056250
v 3.719615 5.300000 -3.056250
v 3.624264 5.424264 -3.056250
v 3.500000 5.519615 -3.056250
v 3.355291 5.579555 -3.056250
v 3.200000 5.600000 -3.056250
v 3.044709 5.579555 -3.056250
v 2.900000 5.519615 -3.056250
v 2.775736 5.424264 -3.056250
v 2.680385 5.300000 -3.056250
v 2.620445 5.155291 -3.056250
v 2.600000 5.000000 -3.056250
v 2.620445 4.844709 -3.056250
v 2.680385 4.700000 -3.056250
v 2.775736 4.575736 -3.056250
v 2.900000 4.480385 -3.056250
v 3.044709 4.420445 -3.056250
v 3.200000 4.400000 -3.056250
v 3.355291 4.420445 -3.056250
v 3.500000 4.480385 -3.056250
v 3.624264 4.575736 -3.056250
v 3.719615 4.700000 -3.056250
v 3.779555 4.844709 -3.056250
v 4.000000 5.000000 -3.100000
v 3.972741 5.207055 -3.100000
v 3.892820 5.400000 -3.100000
v 3.765685 5.565685 -3.100000
v 3.600000 5.692820 -3.100000
v 3.407055 5.772741 -3.100000
v 3.200000 5.800000 -3.100000
v 2.992945 5.772741 -3.100000
v 2.800000 5.692820 -3.100000
v 2.634315 5.565685 -3.100000
v 2.507180 5.400000 -3.100000
v 2.427259 5.207055 -3.100000
v 2.400000 5.000000 -3.100000
v 2.427259 4.792945 -3.100000
v 2.507180 4.600000 -3.100000
v 2.634315 4.434315 -3.100000
v 2.800000 4.307180 -3.100000
v 2.992945 4.227259 -3.100000
v 3.200000 4.200000 -3.100000
v 3.407055 4.227259 -3.100000
v 3.600000 4.307180 -3.100000
v 3.765685 4.434315 -3.100000
v 3.892820 4.600000 -3.100000
v 3.972741 4.792945 -3.100000
v 4.200000 5.000000 -3.156250
v 4.165926 5.258819 -3.156250
v 4.066025 5.500000 -3.156250
v 3.907107 5.707107 -3.156250
v 3.700000 5.866025 -3.156250
v 3.458819 5.965926 -3.156250
v 3.200000 6.000000 -3.156250
v 2.941181 5.965926 -3.156250
v 2.700000 5.866025 -3.156250
v 2.492893 5.707107 -3.156250
v 2.333975 5.500000 -3.156250
v 2.234074 5.258819 -3.156250
v 2.200000 5.000000 -3.156250
v 2.234074 4.741181 -3.156250
v 2.333975 4.500000 -3.156250
v 2.492893 4.292893 -3.156250
v 2.700000 4.133975 -3.156250
v 2.941181 4.034074 -3.156250
v 3.200000 4.000000 -3.156250
v 3.458819 4.034074 -3.156250
v 3.700000 4.133975 -3.156250
v 3.907107 4.292893 -3.156250
v 4.066025 4.500000 -3.156250
v 4.165926 4.741181 -3.156250
v 4.400000 5.000000 -3.225000
v 4.359111 5.310583 -3.225000
v 4.239230 5.600000 -3.225000
v 4.048528 5.848528 -3.225000
v 3.800000 6.039230 -3.225000
v 3.510583 6.159111 -3.225000
v 3.200000 6.200000 -3.225000
v 2.889417 6.159111 -3.225000
v 2.600000 6.039230 -3.225000
v 2.351472 5.848528 -3.225000
v 2.160770 5.600000 -3.225000
v 2.040889 5.310583 -3.225000
v 2.000000 5.000000 -3.225000
v 2.040889 4.689417 -3.225000
v 2.160770 4.400000 -3.225000
v 2.351472 4.151472 -3.225000
v 2.600000 3.960770 -3.225000
v 2.889417 3.840889 -3.225000
v 3.200000 3.800000 -3.225000
v 3.510583 3.840889 -3.225000
v 3.800000 3.960770 -3.225000
v 4.048528 4.151472 -3.225000
v 4.239230 4.400000 -3.225000
v 4.359111 4.689417 -3.225000
v 4.600000 5.000000 -3.306250
v 4.552296 5.362347 -3.306250
v 4.412436 5.700000 -3.306250
v 4.189949 5.989949 -3.306250
v 3.900000 6.212436 -3.306250
v 3.562347 6.352296 -3.306250
v 3.200000 6.400000 -3.306250
v 2.837653 6.352296 -3.306250
v 2.500000 6.212436 -3.306250
v 2.210051 5.989949 -3.306250
v 1.987564 5.700000 -3.306250
v 1.847704 5.362347 -3.306250
v 1.800000 5.000000 -3.306250
v 1.847704 4.637653 -3.306250
v 1.987564 4.300000 -3.306250
v 2.210051 4.010051 -3.306250
v 2.500000 3.787564 -3.306250
v 2.837653 3.647704 -3.306250
v 3.200000 3.600000 -3.306250
v 3.562347 3.647704 -3.306250
v 3.900000 3.787564 -3.306250
v 4.189949 4.010051 -3.306250
v 4.412436 4.300000 -3.306250
v 4.552296 4.637653 -3.306250
v 4.800000 5.000000 -3.400000
v 4.745481 5.414110 -3.400000
v 4.585641 5.800000 -3.400000
v 4.331371 6.131371 -3.400000
v 4.000000 6.385641 -3.400000
v 3.614110 6.545481 -3.400000
v 3.200000 6.600000 -3.400000
v 2.785890 6.545481 -3.400000
v 2.400000 6.385641 -3.400000
v 2.068629 6.131371 -3.400000
v 1.814359 5.800000 -3.400000
v 1.654519 5.414110 -3.400000
v 1.600000 5.000000 -3.400000
v 1.654519 4.585890 -3.400000
v 1.814359 4.200000 -3.400000
v 2.068629 3.868629 -3.400000
v 2.400000 3.614359 -3.400000
v 2.785890 3.454519 -3.400000
v 3.200000 3.400000 -3.400000
v 3.614110 3.454519 -3.400000
v 4.000000 3.614359 -3.400000
v 4.331371 3.868629 -3.400000
v 4.585641 4.200000 -3.400000
v 4.745481 4.585890 -3.400000

g SpaceStationV2
s 1
f 1 37 38
f 1 38 2
f 2 38 39
f 2 39 3
f 3 39 40
f 3 40 4
f 4 40 41
f 4 41 5
f 5 41 42
f 5 42 6
f 6 42 43
f 6 43 7
f 7 43 44
f 7 44 8
f 8 44 45
f 8 45 9
f 9 45 46
f 9 46 10
f 10 46 47
f 10 47 11
f 11 47 48
f 11 48 12
f 12 48 49
f 12 49 13
f 13 49 50
f 13 50 14
f 14 50 51
f 14 51 15
f 15 51 52
f 15 52 16
f 16 52 53
f 16 53 17
f 17 53 54
f 17 54 18
f 18 54 55
f 18 55 19
f 19 55 56
f 19 56 20
f 20 56 57
f 20 57 21
f 21 57 58
f 21 58 22
f 22 58 59
f 22 59 23
f 23 59 60
f 23 60 24
f 24 60 61
f 24 61 25
f 25 61 62
f 25 62 26
f 26 62 63
f 26 63 27
f 27 63 64
f 27 64 28
f 28 64 65
f 28 65 29
f 29 65 66
f 29 66 30
f 30 66 67
f 30 67 31
f 31 67 68
f 31 68 32
f 32 68 69
f 32 69 33
f 33 69 70
f 33 70 34
f 34 70 71
f 34 71 35
f 35 71 72
f 35 72 36
f 36 72 37
f 36 37 1
f 37 73 74
f 37 74 38
f 38 74 75
f 38 75 39
f 39 75 76
f 39 76 40
f 40 76 77
f 40 77 41
f 41 77 78
f 41 78 42
f 42 78 79
f 42 79 43
f 43 79 80
f 43 80 44
f 44 80 81
f 44 81 45
f 45 81 82
f 45 82 46
f 46 82 83
f 46 83 47
f 47 83 84
f 47 84 48
f 48 84 85
f 48 85 49
f 49 85 86
f 49 86 50
f 50 86 87
f 50 87 51
f 51 87 88
f 51 88 52
f 52 88 89
f 52 89 53
f 53 89 90
f 53 90 54
f 54 90 91
f 54 91 55
f 55 91 92
f 55 92 56
f 56 92 93
f 56 93 57
f 57 93 94
f 57 94 58
f 58 94 95
f 58 95 59
f 59 95 96
f 59 96 60
f 60 96 97
f 60 97 61
f 61 97 98
f 61 98 62
f 62 98 99
f 62 99 63
f 63 99 100
f 63 100 64
f 64 100 101
f 64 101 65
f 65 101 102
f 65 102 66
f 66 102 103
f 66 103 67
f 67 103 104
f 67 104 68
f 68 104 105
f 68 105 69
f 69 105 106
f 69 106 70
f 70 106 107
f 70 107 71
f 71 107 108
f 71 108 72
f 72 108 73
f 72 73 37
f 73 109 110
f 73 110 74
f 74 110 111
f 74 111 75
f 75 111 112
f 75 112 76
f 76 112 113
f 76 113 77
f 77 113 114
f 77 114 78
f 78 114 115
f 78 115 79
f 79 115 116
f 79 116 80
f 80 116 117
f 80 117 81
f 81 117 118
f 81 118 82
f 82 118 119
f 82 119 83
f 83 119 120
f 83 120 84
f 84 120 121
f 84 121 85
f 85 121 122
f 85 122 86
f 86 122 123
f 86 123 87
f 87 123 124
f 87 124 88
f 88 124 125
f 88 125 89
f 89 125 126
f 89 126 90
f 90 126 127
f 90 127 91
f 91 127 128
f 91 128 92
f 92 128 129
f 92 129 93
f 93 129 130
f 93 130 94
f 94 130 131
f 94 131 95
f 95 131 132
f 95 132 96
f 96 132 133
f 96 133 97
f 97 133 134
f 97 134 98
f 98 134 135
f 98 135 99
f 99 135 136
f 99 136 100
f 100 136 137
f 100 137 101
f 101 137 138
f 101 138 102
f 102 138 139
f 102 139 103
f 103 139 140
f 103 140 104
f 104 140 141
f 104 141 105
f 105 141 142
f 105 142 106
f 106 142 143
f 106 143 107
f 107 143 144
f 107 144 108
f 108 144 109
f 108 109 73
f 109 145 146
f 109 146 110
f 110 146 147
f 110 147 111
f 111 147 148
f 111 148 112
f 112 148 149
f 112 149 113
f 113 149 150
f 113 150 114
f 114 150 151
f 114 151 115
f 115 151 152
f 115 152 116
f 116 152 153
f 116 153 117
f 117 153 154
f 117 154 118
f 118 154 155
f 118 155 119
f 119 155 156
f 119 156 120
f 120 156 157
f 120 157 121
f 121 157 158
f 121 158 122
f 122 158 159
f 122 159 123
f 123 159 160
f 123 160 124
f 124 160 161
f 124 161 125
f 125 161 162
f 125 162 126
f 126 162 163
f 126 163 127
f 127 163 164
f 127 164 128
f 128 164 165
f 128 165 129
f 129 165 166
f 129 166 130
f 130 166 167
f 130 167 131
f 131 167 168
f 131 168 132
f 132 168 169
f 132 169 133
f 133 169 170
f 133 170 134
f 134 170 171
f 134 171 135
f 135 171 172
f 135 172 136
f 136 172 173
f 136 173 137
f 137 173 174
f 137 174 138
f 138 174 175
f 138 175 139
f 139 175 176
f 139 176 140
f 140 176 177
f 140 177 141
f 141 177 178
f 141 178 142
f 142 178 179
f 142 179 143
f 143 179 180
f 143 180 144
f 144 180 145
f 144 145 109
f 145 181 182
f 145 182 146
f 146 182 183
f 146 183 147
f 147 183 184
f 147 184 148
f 148 184 185
f 148 185 149
f 149 185 186
f 149 186 150
f 150 186 187
f 150 187 151
f 151 187 188
f 151 188 152
f 152 188 189
f 152 189 153
f 153 189 190
f 153 190 154
f 154 190 191
f 154 191 155
f 155 191 192
f 155 192 156
f 156 192 193
f 156 193 157
f 157 193 194
f 157 194 158
f 158 194 195
f 158 195 159
f 159 195 196
f 159 196 160
f 160 196 197
f 160 197 161
f 161 197 198
f 161 198 162
f 162 198 199
f 162 199 163
f 163 199 200
f 163 200 164
f 164 200 201
f 164 201 165
f 165 201 202
f 165 202 166
f 166 202 203
f 166 203 167
f 167 203 204
f 167 204 168
f 168 204 205
f 168 205 169
f 169 205 206
f 169 206 170
f 170 206 207
f 170 207 171
f 171 207 208
f 171 208 172
f 172 208 209
f 172 209 173
f 173 209 210
f 173 210 174
f 174 210 211
f 174 211 175
f 175 211 212
f 175 212 176
f 176 212 213
f 176 213 177
f 177 213 214
f 177 214 178
f 178 214 215
f 178 215 179
f 179 215 216
f 179 216 180
f 180 216 181
f 180 181 145
f 181 217 218
f 181 218 182
f 182 218 219
f 182 219 183
f 183 219 220
f 183 220 184
f 184 220 221
f 184 221 185
f 185 221 222
f 185 222 186
f 186 222 223
f 186 223 187
f 187 223 224
f 187 224 188
f 188 224 225
f 188 225 189
f 189 225 226
f 189 226 190
f 190 226 227
f 190 227 191
f 191 227 228
f 191 228 192
f 192 228 229
f 192 229 193
f 193 229 230
f 193 230 194
f 194 230 231
f 194 231 195
f 195 231 232
f 195 232 196
f 196 232 233
f 196 233 197
f 197 233 234
f 197 234 198
f 198 234 235
f 198 235 199
f 199 235 236
f 199 236 200
f 200 236 237
f 200 237 201
f 201 237 238
f 201 238 202
f 202 238 239
f 202 239 203
f 203 239 240
f 203 240 204
f 204 240 241
f 204 241 205
f 205 241 242
f 205 242 206
f 206 242 243
f 206 243 207
f 207 243 244
f 207 244 208
f 208 244 245
f 208 245 209
f 209 245 246
f 209 246 210
f 210 246 247
f 210 247 211
f 211 247 248
f 211 248 212
f 212 248 249
f 212 249 213
f 213 249 250
f 213 250 214
f 214 250 251
f 214 251 215
f 215 251 252
f 215 252 216
f 216 252 217
f 216 217 181
f 217 253 254
f 217 254 218
f 218 254 255
f 218 255 219
f 219 255 256
f 219 256 220
f 220 256 257
f 220 257 221
f 221 257 258
f 221 258 222
f 222 258 259
f 222 259 223
f 223 259 260
f 223 260 224
f 224 260 261
f 224 261 225
f 225 261 262
f 225 262 226
f 226 262 263
f 226 263 227
f 227 263 264
f 227 264 228
f 228 264 265
f 228 265 229
f 229 265 266
f 229 266 230
f 230 266 267
f 230 267 231
f 231 267 268
f 231 268 232
f 232 268 269
f 232 269 233
f 233 269 270
f 233 270 234
f 234 270 271
f 234 271 235
f 235 271 272
f 235 272 236
f 236 272 273
f 236 273 237
f 237 273 274
f 237 274 238
f 238 274 275
f 238 275 239
f 239 275 276
f 239 276 240
f 240 276 277
f 240 277 241
f 241 277 278
f 241 278 242
f 242 278 279
f 242 279 243
f 243 279 280
f 243 280 244
f 244 280 281
f 244 281 245
f 245 281 282
f 245 282 246
f 246 282 283
f 246 283 247
f 247 283 284
f 247 284 248
f 248 284 285
f 248 285 249
f 249 285 286
f 249 286 250
f 250 286 287
f 250 287 251
f 251 287 288
f 251 288 252
f 252 288 253
f 252 253 217
f 253 289 290
f 253 290 254
f 254 290 291
f 254 291 255
f 255 291 292
f 255 292 256
f 256 292 293
f 256 293 257
f 257 293 294
f 257 294 258
f 258 294 295
f 258 295 259
f 259 295 296
f 259 296 260
f 260 296 297
f 260 297 261
f 261 297 298
f 261 298 262
f 262 298 299
f 262 299 263
f 263 299 300
f 263 300 264
f 264 300 301
f 264 301 265
f 265 301 302
f 265 302 266
f 266 302 303
f 266 303 267
f 267 303 304
f 267 304 268
f 268 304 305
f 268 305 269
f 269 305 306
f 269 306 270
f 270 306 307
f 270 307 271
f 271 307 308
f 271 308 272
f 272 308 309
f 272 309 273
f 273 309 310
f 273 310 274
f 274 310 311
f 274 311 275
f 275 311 312
f 275 312 276
f 276 312 313
f 276 313 277
f 277 313 314
f 277 314 278
f 278 314 315
f 278 315 279
f 279 315 316
f 279 316 280
f 280 316 317
f 280 317 281
f 281 317 318
f 281 318 282
f 282 318 319
f 282 319 283
f 283 319 320
f 283 320 284
f 284 320 321
f 284 321 285
f 285 321 322
f 285 322 286
f 286 322 323
f 286 323 287
f 287 323 324
f 287 324 288
f 288 324 289
f 288 289 253
f 325 2 1
f 326 289 290
f 325 3 2
f 326 290 291
f 325 4 3
f 326 291 292
f 325 5 4
f 326 292 293
f 325 6 5
f 326 293 294
f 325 7 6
f 326 294 295
f 325 8 7
f 326 295 296
f 325 9 8
f 326 296 297
f 325 10 9
f 326 297 298
f 325 11 10
f 326 298 299
f 325 12 11
f 326 299 300
f 325 13 12
f 326 300 301
f 325 14 13
f 326 301 302
f 325 15 14
f 326 302 303
f 325 16 15
f 326 303 304
f 325 17 16
f 326 304 305
f 325 18 17
f 326 305 306
f 325 19 18
f 326 306 307
f 325 20 19
f 326 307 308
f 325 21 20
f 326 308 309
f 325 22 21
f 326 309 310
f 325 23 22
f 326 310 311
f 325 24 23
f 326 311 312
f 325 25 24
f 326 312 313
f 325 26 25
f 326 313 314
f 325 27 26
f 326 314 315
f 325 28 27
f 326 315 316
f 325 29 28
f 326 316 317
f 325 30 29
f 326 317 318
f 325 31 30
f 326 318 319
f 325 32 31
f 326 319 320
f 325 33 32
f 326 320 321
f 325 34 33
f 326 321 322
f 325 35 34
f 326 322 323
f 325 36 35
f 326 323 324
f 325 1 36
f 326 324 289
f 327 359 360
f 327 360 328
f 328 360 361
f 328 361 329
f 329 361 362
f 329 362 330
f 330 362 363
f 330 363 331
f 331 363 364
f 331 364 332
f 332 364 365
f 332 365 333
f 333 365 366
f 333 366 334
f 334 366 367
f 334 367 335
f 335 367 368
f 335 368 336
f 336 368 369
f 336 369 337
f 337 369 370
f 337 370 338
f 338 370 371
f 338 371 339
f 339 371 372
f 339 372 340
f 340 372 373
f 340 373 341
f 341 373 374
f 341 374 342
f 342 374 375
f 342 375 343
f 343 375 376
f 343 376 344
f 344 376 377
f 344 377 345
f 345 377 378
f 345 378 346
f 346 378 379
f 346 379 347
f 347 379 380
f 347 380 348
f 348 380 381
f 348 381 349
f 349 381 382
f 349 382 350
f 350 382 383
f 350 383 351
f 351 383 384
f 351 384 352
f 352 384 385
f 352 385 353
f 353 385 386
f 353 386 354
f 354 386 387
f 354 387 355
f 355 387 388
f 355 388 356
f 356 388 389
f 356 389 357
f 357 389 390
f 357 390 358
f 358 390 359
f 358 359 327
f 359 391 392
f 359 392 360
f 360 392 393
f 360 393 361
f 361 393 394
f 361 394 362
f 362 394 395
f 362 395 363
f 363 395 396
f 363 396 364
f 364 396 397
f 364 397 365
f 365 397 398
f 365 398 366
f 366 398 399
f 366 399 367
f 367 399 400
f 367 400 368
f 368 400 401
f 368 401 369
f 369 401 402
f 369 402 370
f 370 402 403
f 370 403 371
f 371 403 404
f 371 404 372
f 372 404 405
f 372 405 373
f 373 405 406
f 373 406 374
f 374 406 407
f 374 407 375
f 375 407 408
f 375 408 376
f 376 408 409
f 376 409 377
f 377 409 410
f 377 410 378
f 378 410 411
f 378 411 379
f 379 411 412
f 379 412 380
f 380 412 413
f 380 413 381
f 381 413 414
f 381 414 382
f 382 414 415
f 382 415 383
f 383 415 416
f 383 416 384
f 384 416 417
f 384 417 385
f 385 417 418
f 385 418 386
f 386 418 419
f 386 419 387
f 387 419 420
f 387 420 388
f 388 420 421
f 388 421 389
f 389 421 422
f 389 422 390
f 390 422 391
f 390 391 359
f 391 423 424
f 391 424 392
f 392 424 425
f 392 425 393
f 393 425 426
f 393 426 394
f 394 426 427
f 394 427 395
f 395 427 428
f 395 428 396
f 396 428 429
f 396 429 397
f 397 429 430
f 397 430 398
f 398 430 431
f 398 431 399
f 399 431 432
f 399 432 400
f 400 432 433
f 400 433 401
f 401 433 434
f 401 434 402
f 402 434 435
f 402 435 403
f 403 435 436
f 403 436 404
f 404 436 437
f 404 437 405
f 405 437 438
f 405 438 406
f 406 438 439
f 406 439 407
f 407 439 440
f 407 440 408
f 408 440 441
f 408 441 409
f 409 441 442
f 409 442 410
f 410 442 443
f 410 443 411
f 411 443 444
f 411 444 412
f 412 444 445
f 412 445 413
f 413 445 446
f 413 446 414
f 414 446 447
f 414 447 415
f 415 447 448
f 415 448 416
f 416 448 449
f 416 449 417
f 417 449 450
f 417 450 418
f 418 450 451
f 418 451 419
f 419 451 452
f 419 452 420
f 420 452 453
f 420 453 421
f 421 453 454
f 421 454 422
f 422 454 423
f 422 423 391
f 423 455 456
f 423 456 424
f 424 456 457
f 424 457 425
f 425 457 458
f 425 458 426
f 426 458 459
f 426 459 427
f 427 459 460
f 427 460 428
f 428 460 461
f 428 461 429
f 429 461 462
f 429 462 430
f 430 462 463
f 430 463 431
f 431 463 464
f 431 464 432
f 432 464 465
f 432 465 433
f 433 465 466
f 433 466 434
f 434 466 467
f 434 467 435
f 435 467 468
f 435 468 436
f 436 468 469
f 436 469 437
f 437 469 470
f 437 470 438
f 438 470 471
f 438 471 439
f 439 471 472
f 439 472 440
f 440 472 473
f 440 473 441
f 441 473 474
f 441 474 442
f 442 474 475
f 442 475 443
f 443 475 476
f 443 476 444
f 444 476 477
f 444 477 445
f 445 477 478
f 445 478 446
f 446 478 479
f 446 479 447
f 447 479 480
f 447 480 448
f 448 480 481
f 448 481 449
f 449 481 482
f 449 482 450
f 450 482 483
f 450 483 451
f 451 483 484
f 451 484 452
f 452 484 485
f 452 485 453
f 453 485 486
f 453 486 454
f 454 486 455
f 454 455 423
f 455 487 488
f 455 488 456
f 456 488 489
f 456 489 457
f 457 489 490
f 457 490 458
f 458 490 491
f 458 491 459
f 459 491 492
f 459 492 460
f 460 492 493
f 460 493 461
f 461 493 494
f 461 494 462
f 462 494 495
f 462 495 463
f 463 495 496
f 463 496 464
f 464 496 497
f 464 497 465
f 465 497 498
f 465 498 466
f 466 498 499
f 466 499 467
f 467 499 500
f 467 500 468
f 468 500 501
f 468 501 469
f 469 501 502
f 469 502 470
f 470 502 503
f 470 503 471
f 471 503 504
f 471 504 472
f 472 504 505
f 472 505 473
f 473 505 506
f 473 506 474
f 474 506 507
f 474 507 475
f 475 507 508
f 475 508 476
f 476 508 509
f 476 509 477
f 477 509 510
f 477 510 478
f 478 510 511
f 478 511 479
f 479 511 512
f 479 512 480
f 480 512 513
f 480 513 481
f 481 513 514
f 481 514 482
f 482 514 515
f 482 515 483
f 483 515 516
f 483 516 484
f 484 516 517
f 484 517 485
f 485 517 518
f 485 518 486
f 486 518 487
f 486 487 455
f 487 519 520
f 487 520 488
f 488 520 521
f 488 521 489
f 489 521 522
f 489 522 490
f 490 522 523
f 490 523 491
f 491 523 524
f 491 524 492
f 492 524 525
f 492 525 493
f 493 525 526
f 493 526 494
f 494 526 527
f 494 527 495
f 495 527 528
f 495 528 496
f 496 528 529
f 496 529 497
f 497 529 530
f 497 530 498
f 498 530 531
f 498 531 499
f 499 531 532
f 499 532 500
f 500 532 533
f 500 533 501
f 501 533 534
f 501 534 502
f 502 534 535
f 502 535 503
f 503 535 536
f 503 536 504
f 504 536 537
f 504 537 505
f 505 537 538
f 505 538 506
f 506 538 539
f 506 539 507
f 507 539 540
f 507 540 508
f 508 540 541
f 508 541 509
f 509 541 542
f 509 542 510
f 510 542 543
f 510 543 511
f 511 543 544
f 511 544 512
f 512 544 545
f 512 545 513
f 513 545 546
f 513 546 514
f 514 546 547
f 514 547 515
f 515 547 548
f 515 548 516
f 516 548 549
f 516 549 517
f 517 549 550
f 517 550 518
f 518 550 519
f 518 519 487
f 551 328 327
f 552 519 520
f 551 329 328
f 552 520 521
f 551 330 329
f 552 521 522
f 551 331 330
f 552 522 523
f 551 332 331
f 552 523 524
f 551 333 332
f 552 524 525
f 551 334 333
f 552 525 526
f 551 335 334
f 552 526 527
f 551 336 335
f 552 527 528
f 551 337 336
f 552 528 529
f 551 338 337
f 552 529 530
f 551 339 338
f 552 530 531
f 551 340 339
f 552 531 532
f 551 341 340
f 552 532 533
f 551 342 341
f 552 533 534
f 551 343 342
f 552 534 535
f 551 344 343
f 552 535 536
f 551 345 344
f 552 536 537
f 551 346 345
f 552 537 538
f 551 347 346
f 552 538 539
f 551 348 347
f 552 539 540
f 551 349 348
f 552 540 541
f 551 350 349
f 552 541 542
f 551 351 350
f 552 542 543
f 551 352 351
f 552 543 544
f 551 353 352
f 552 544 545
f 551 354 353
f 552 545 546
f 551 355 354
f 552 546 547
f 551 356 355
f 552 547 548
f 551 357 356
f 552 548 549
f 551 358 357
f 552 549 550
f 551 327 358
f 552 550 519
f 553 585 586
f 553 586 554
f 554 586 587
f 554 587 555
f 555 587 588
f 555 588 556
f 556 588 589
f 556 589 557
f 557 589 590
f 557 590 558
f 558 590 591
f 558 591 559
f 559 591 592
f 559 592 560
f 560 592 593
f 560 593 561
f 561 593 594
f 561 594 562
f 562 594 595
f 562 595 563
f 563 595 596
f 563 596 564
f 564 596 597
f 564 597 565
f 565 597 598
f 565 598 566
f 566 598 599
f 566 599 567
f 567 599 600
f 567 600 568
f 568 600 601
f 568 601 569
f 569 601 602
f 569 602 570
f 570 602 603
f 570 603 571
f 571 603 604
f 571 604 572
f 572 604 605
f 572 605 573
f 573 605 606
f 573 606 574
f 574 606 607
f 574 607 575
f 575 607 608
f 575 608 576
f 576 608 609
f 576 609 577
f 577 609 610
f 577 610 578
f 578 610 611
f 578 611 579
f 579 611 612
f 579 612 580
f 580 612 613
f 580 613 581
f 581 613 614
f 581 614 582
f 582 614 615
f 582 615 583
f 583 615 616
f 583 616 584
f 584 616 585
f 584 585 553
f 585 617 618
f 585 618 586
f 586 618 619
f 586 619 587
f 587 619 620
f 587 620 588
f 588 620 621
f 588 621 589
f 589 621 622
f 589 622 590
f 590 622 623
f 590 623 591
f 591 623 624
f 591 624 592
f 592 624 625
f 592 625 593
f 593 625 626
f 593 626 594
f 594 626 627
f 594 627 595
f 595 627 628
f 595 628 596
f 596 628 629
f 596 629 597
f 597 629 630
f 597 630 598
f 598 630 631
f 598 631 599
f 599 631 632
f 599 632 600
f 600 632 633
f 600 633 601
f 601 633 634
f 601 634 602
f 602 634 635
f 602 635 603
f 603 635 636
f 603 636 604
f 604 636 637
f 604 637 605
f 605 637 638
f 605 638 606
f 606 638 639
f 606 639 607
f 607 639 640
f 607 640 608
f 608 640 641
f 608 641 609
f 609 641 642
f 609 642 610
f 610 642 643
f 610 643 611
f 611 643 644
f 611 644 612
f 612 644 645
f 612 645 613
f 613 645 646
f 613 646 614
f 614 646 647
f 614 647 615
f 615 647 648
f 615 648 616
f 616 648 617
f 616 617 585
f 617 649 650
f 617 650 618
f 618 650 651
f 618 651 619
f 619 651 652
f 619 652 620
f 620 652 653
f 620 653 621
f 621 653 654
f 621 654 622
f 622 654 655
f 622 655 623
f 623 655 656
f 623 656 624
f 624 656 657
f 624 657 625
f 625 657 658
f 625 658 626
f 626 658 659
f 626 659 627
f 627 659 660
f 627 660 628
f 628 660 661
f 628 661 629
f 629 661 662
f 629 662 630
f 630 662 663
f 630 663 631
f 631 663 664
f 631 664 632
f 632 664 665
f 632 665 633
f 633 665 666
f 633 666 634
f 634 666 667
f 634 667 635
f 635 667 668
f 635 668 636
f 636 668 669
f 636 669 637
f 637 669 670
f 637 670 638
f 638 670 671
f 638 671 639
f 639 671 672
f 639 672 640
f 640 672 673
f 640 673 641
f 641 673 674
f 641 674 642
f 642 674 675
f 642 675 643
f 643 675 676
f 643 676 644
f 644 676 677
f 644 677 645
f 645 677 678
f 645 678 646
f 646 678 679
f 646 679 647
f 647 679 680
f 647 680 648
f 648 680 649
f 648 649 617
f 649 681 682
f 649 682 650
f 650 682 683
f 650 683 651
f 651 683 684
f 651 684 652
f 652 684 685
f 652 685 653
f 653 685 686
f 653 686 654
f 654 686 687
f 654 687 655
f 655 687 688
f 655 688 656
f 656 688 689
f 656 689 657
f 657 689 690
f 657 690 658
f 658 690 691
f 658 691 659
f 659 691 692
f 659 692 660
f 660 692 693
f 660 693 661
f 661 693 694
f 661 694 662
f 662 694 695
f 662 695 663
f 663 695 696
f 663 696 664
f 664 696 697
f 664 697 665
f 665 697 698
f 665 698 666
f 666 698 699
f 666 699 667
f 667 699 700
f 667 700 668
f 668 700 701
f 668 701 669
f 669 701 702
f 669 702 670
f 670 702 703
f 670 703 671
f 671 703 704
f 671 704 672
f 672 704 705
f 672 705 673
f 673 705 706
f 673 706 674
f 674 706 707
f 674 707 675
f 675 707 708
f 675 708 676
f 676 708 709
f 676 709 677
f 677 709 710
f 677 710 678
f 678 710 711
f 678 711 679
f 679 711 712
f 679 712 680
f 680 712 681
f 680 681 649
f 681 713 714
f 681 714 682
f 682 714 715
f 682 715 683
f 683 715 716
f 683 716 684
f 684 716 717
f 684 717 685
f 685 717 718
f 685 718 686
f 686 718 719
f 686 719 687
f 687 719 720
f 687 720 688
f 688 720 721
f 688 721 689
f 689 721 722
f 689 722 690
f 690 722 723
f 690 723 691
f 691 723 724
f 691 724 692
f 692 724 725
f 692 725 693
f 693 725 726
f 693 726 694
f 694 726 727
f 694 727 695
f 695 727 728
f 695 728 696
f 696 728 729
f 696 729 697
f 697 729 730
f 697 730 698
f 698 730 731
f 698 731 699
f 699 731 732
f 699 732 700
f 700 732 733
f 700 733 701
f 701 733 734
f 701 734 702
f 702 734 735
f 702 735 703
f 703 735 736
f 703 736 704
f 704 736 737
f 704 737 705
f 705 737 738
f 705 738 706
f 706 738 739
f 706 739 707
f 707 739 740
f 707 740 708
f 708 740 741
f 708 741 709
f 709 741 742
f 709 742 710
f 710 742 743
f 710 743 711
f 711 743 744
f 711 744 712
f 712 744 713
f 712 713 681
f 713 745 746
f 713 746 714
f 714 746 747
f 714 747 715
f 715 747 748
f 715 748 716
f 716 748 749
f 716 749 717
f 717 749 750
f 717 750 718
f 718 750 751
f 718 751 719
f 719 751 752
f 719 752 720
f 720 752 753
f 720 753 721
f 721 753 754
f 721 754 722
f 722 754 755
f 722 755 723
f 723 755 756
f 723 756 724
f 724 756 757
f 724 757 725
f 725 757 758
f 725 758 726
f 726 758 759
f 726 759 727
f 727 759 760
f 727 760 728
f 728 760 761
f 728 761 729
f 729 761 762
f 729 762 730
f 730 762 763
f 730 763 731
f 731 763 764
f 731 764 732
f 732 764 765
f 732 765 733
f 733 765 766
f 733 766 734
f 734 766 767
f 734 767 735
f 735 767 768
f 735 768 736
f 736 768 769
f 736 769 737
f 737 769 770
f 737 770 738
f 738 770 771
f 738 771 739
f 739 771 772
f 739 772 740
f 740 772 773
f 740 773 741
f 741 773 774
f 741 774 742
f 742 774 775
f 742 775 743
f 743 775 776
f 743 776 744
f 744 776 745
f 744 745 713
f 777 554 553
f 778 745 746
f 777 555 554
f 778 746 747
f 777 556 555
f 778 747 748
f 777 557 556
f 778 748 749
f 777 558 557
f 778 749 750
f 777 559 558
f 778 750 751
f 777 560 559
f 778 751 752
f 777 561 560
f 778 752 753
f 777 562 561
f 778 753 754
f 777 563 562
f 778 754 755
f 777 564 563
f 778 755 756
f 777 565 564
f 778 756 757
f 777 566 565
f 778 757 758
f 777 567 566
f 778 758 759
f 777 568 567
f 778 759 760
f 777 569 568
f 778 760 761
f 777 570 569
f 778 761 762
f 777 571 570
f 778 762 763
f 777 572 571
f 778 763 764
f 777 573 572
f 778 764 765
f 777 574 573
f 778 765 766
f 777 575 574
f 778 766 767
f 777 576 575
f 778 767 768
f 777 577 576
f 778 768 769
f 777 578 577
f 778 769 770
f 777 579 578
f 778 770 771
f 777 580 579
f 778 771 772
f 777 581 580
f 778 772 773
f 777 582 581
f 778 773 774
f 777 583 582
f 778 774 775
f 777 584 583
f 778 775 776
f 777 553 584
f 778 776 745
f 779 791 792
f 779 792 780
f 780 792 793
f 780 793 781
f 781 793 794
f 781 794 782
f 782 794 795
f 782 795 783
f 783 795 796
f 783 796 784
f 784 796 797
f 784 797 785
f 785 797 798
f 785 798 786
f 786 798 799
f 786 799 787
f 787 799 800
f 787 800 788
f 788 800 801
f 788 801 789
f 789 801 802
f 789 802 790
f 790 802 791
f 790 791 779
f 791 803 804
f 791 804 792
f 792 804 805
f 792 805 793
f 793 805 806
f 793 806 794
f 794 806 807
f 794 807 795
f 795 807 808
f 795 808 796
f 796 808 809
f 796 809 797
f 797 809 810
f 797 810 798
f 798 810 811
f 798 811 799
f 799 811 812
f 799 812 800
f 800 812 813
f 800 813 801
f 801 813 814
f 801 814 802
f 802 814 803
f 802 803 791
f 803 815 816
f 803 816 804
f 804 816 817
f 804 817 805
f 805 817 818
f 805 818 806
f 806 818 819
f 806 819 807
f 807 819 820
f 807 820 808
f 808 820 821
f 808 821 809
f 809 821 822
f 809 822 810
f 810 822 823
f 810 823 811
f 811 823 824
f 811 824 812
f 812 824 825
f 812 825 813
f 813 825 826
f 813 826 814
f 814 826 815
f 814 815 803
f 815 827 828
f 815 828 816
f 816 828 829
f 816 829 817
f 817 829 830
f 817 830 818
f 818 830 831
f 818 831 819
f 819 831 832
f 819 832 820
f 820 832 833
f 820 833 821
f 821 833 834
f 821 834 822
f 822 834 835
f 822 835 823
f 823 835 836
f 823 836 824
f 824 836 837
f 824 837 825
f 825 837 838
f 825 838 826
f 826 838 827
f 826 827 815
f 827 839 840
f 827 840 828
f 828 840 841
f 828 841 829
f 829 841 842
f 829 842 830
f 830 842 843
f 830 843 831
f 831 843 844
f 831 844 832
f 832 844 845
f 832 845 833
f 833 845 846
f 833 846 834
f 834 846 847
f 834 847 835
f 835 847 848
f 835 848 836
f 836 848 849
f 836 849 837
f 837 849 850
f 837 850 838
f 838 850 839
f 838 839 827
f 839 851 852
f 839 852 840
f 840 852 853
f 840 853 841
f 841 853 854
f 841 854 842
f 842 854 855
f 842 855 843
f 843 855 856
f 843 856 844
f 844 856 857
f 844 857 845
f 845 857 858
f 845 858 846
f 846 858 859
f 846 859 847
f 847 859 860
f 847 860 848
f 848 860 861
f 848 861 849
f 849 861 862
f 849 862 850
f 850 862 851
f 850 851 839
f 851 863 864
f 851 864 852
f 852 864 865
f 852 865 853
f 853 865 866
f 853 866 854
f 854 866 867
f 854 867 855
f 855 867 868
f 855 868 856
f 856 868 869
f 856 869 857
f 857 869 870
f 857 870 858
f 858 870 871
f 858 871 859
f 859 871 872
f 859 872 860
f 860 872 873
f 860 873 861
f 861 873 874
f 861 874 862
f 862 874 863
f 862 863 851
f 863 875 876
f 863 876 864
f 864 876 877
f 864 877 865
f 865 877 878
f 865 878 866
f 866 878 879
f 866 879 867
f 867 879 880
f 867 880 868
f 868 880 881
f 868 881 869
f 869 881 882
f 869 882 870
f 870 882 883
f 870 883 871
f 871 883 884
f 871 884 872
f 872 884 885
f 872 885 873
f 873 885 886
f 873 886 874
f 874 886 875
f 874 875 863
f 875 887 888
f 875 888 876
f 876 888 889
f 876 889 877
f 877 889 890
f 877 890 878
f 878 890 891
f 878 891 879
f 879 891 892
f 879 892 880
f 880 892 893
f 880 893 881
f 881 893 894
f 881 894 882
f 882 894 895
f 882 895 883
f 883 895 896
f 883 896 884
f 884 896 897
f 884 897 885
f 885 897 898
f 885 898 886
f 886 898 887
f 886 887 875
f 887 899 900
f 887 900 888
f 888 900 901
f 888 901 889
f 889 901 902
f 889 902 890
f 890 902 903
f 890 903 891
f 891 903 904
f 891 904 892
f 892 904 905
f 892 905 893
f 893 905 906
f 893 906 894
f 894 906 907
f 894 907 895
f 895 907 908
f 895 908 896
f 896 908 909
f 896 909 897
f 897 909 910
f 897 910 898
f 898 910 899
f 898 899 887
f 899 911 912
f 899 912 900
f 900 912 913
f 900 913 901
f 901 913 914
f 901 914 902
f 902 914 915
f 902 915 903
f 903 915 916
f 903 916 904
f 904 916 917
f 904 917 905
f 905 917 918
f 905 918 906
f 906 918 919
f 906 919 907
f 907 919 920
f 907 920 908
f 908 920 921
f 908 921 909
f 909 921 922
f 909 922 910
f 910 922 911
f 910 911 899
f 911 923 924
f 911 924 912
f 912 924 925
f 912 925 913
f 913 925 926
f 913 926 914
f 914 926 927
f 914 927 915
f 915 927 928
f 915 928 916
f 916 928 929
f 916 929 917
f 917 929 930
f 917 930 918
f 918 930 931
f 918 931 919
f 919 931 932
f 919 932 920
f 920 932 933
f 920 933 921
f 921 933 934
f 921 934 922
f 922 934 923
f 922 923 911
f 923 935 936
f 923 936 924
f 924 936 937
f 924 937 925
f 925 937 938
f 925 938 926
f 926 938 939
f 926 939 927
f 927 939 940
f 927 940 928
f 928 940 941
f 928 941 929
f 929 941 942
f 929 942 930
f 930 942 943
f 930 943 931
f 931 943 944
f 931 944 932
f 932 944 945
f 932 945 933
f 933 945 946
f 933 946 934
f 934 946 935
f 934 935 923
f 935 947 948
f 935 948 936
f 936 948 949
f 936 949 937
f 937 949 950
f 937 950 938
f 938 950 951
f 938 951 939
f 939 951 952
f 939 952 940
f 940 952 953
f 940 953 941
f 941 953 954
f 941 954 942
f 942 954 955
f 942 955 943
f 943 955 956
f 943 956 944
f 944 956 957
f 944 957 945
f 945 957 958
f 945 958 946
f 946 958 947
f 946 947 935
f 947 959 960
f 947 960 948
f 948 960 961
f 948 961 949
f 949 961 962
f 949 962 950
f 950 962 963
f 950 963 951
f 951 963 964
f 951 964 952
f 952 964 965
f 952 965 953
f 953 965 966
f 953 966 954
f 954 966 967
f 954 967 955
f 955 967 968
f 955 968 956
f 956 968 969
f 956 969 957
f 957 969 970
f 957 970 958
f 958 970 959
f 958 959 947
f 959 971 972
f 959 972 960
f 960 972 973
f 960 973 961
f 961 973 974
f 961 974 962
f 962 974 975
f 962 975 963
f 963 975 976
f 963 976 964
f 964 976 977
f 964 977 965
f 965 977 978
f 965 978 966
f 966 978 979
f 966 979 967
f 967 979 980
f 967 980 968
f 968 980 981
f 968 981 969
f 969 981 982
f 969 982 970
f 970 982 971
f 970 971 959
f 971 983 984
f 971 984 972
f 972 984 985
f 972 985 973
f 973 985 986
f 973 986 974
f 974 986 987
f 974 987 975
f 975 987 988
f 975 988 976
f 976 988 989
f 976 989 977
f 977 989 990
f 977 990 978
f 978 990 991
f 978 991 979
f 979 991 992
f 979 992 980
f 980 992 993
f 980 993 981
f 981 993 994
f 981 994 982
f 982 994 983
f 982 983 971
f 983 995 996
f 983 996 984
f 984 996 997
f 984 997 985
f 985 997 998
f 985 998 986
f 986 998 999
f 986 999 987
f 987 999 1000
f 987 1000 988
f 988 1000 1001
f 988 1001 989
f 989 1001 1002
f 989 1002 990
f 990 1002 1003
f 990 1003 991
f 991 1003 1004
f 991 1004 992
f 992 1004 1005
f 992 1005 993
f 993 1005 1006
f 993 1006 994
f 994 1006 995
f 994 995 983
f 995 1007 1008
f 995 1008 996
f 996 1008 1009
f 996 1009 997
f 997 1009 1010
f 997 1010 998
f 998 1010 1011
f 998 1011 999
f 999 1011 1012
f 999 1012 1000
f 1000 1012 1013
f 1000 1013 1001
f 1001 1013 1014
f 1001 1014 1002
f 1002 1014 1015
f 1002 1015 1003
f 1003 1015 1016
f 1003 1016 1004
f 1004 1016 1017
f 1004 1017 1005
f 1005 1017 1018
f 1005 1018 1006
f 1006 1018 1007
f 1006 1007 995
f 1007 1019 1020
f 1007 1020 1008
f 1008 1020 1021
f 1008 1021 1009
f 1009 1021 1022
f 1009 1022 1010
f 1010 1022 1023
f 1010 1023 1011
f 1011 1023 1024
f 1011 1024 1012
f 1012 1024 1025
f 1012 1025 1013
f 1013 1025 1026
f 1013 1026 1014
f 1014 1026 1027
f 1014 1027 1015
f 1015 1027 1028
f 1015 1028 1016
f 1016 1028 1029
f 1016 1029 1017
f 1017 1029 1030
f 1017 1030 1018
f 1018 1030 1019
f 1018 1019 1007
f 1019 1031 1032
f 1019 1032 1020
f 1020 1032 1033
f 1020 1033 1021
f 1021 1033 1034
f 1021 1034 1022
f 1022 1034 1035
f 1022 1035 1023
f 1023 1035 1036
f 1023 1036 1024
f 1024 1036 1037
f 1024 1037 1025
f 1025 1037 1038
f 1025 1038 1026
f 1026 1038 1039
f 1026 1039 1027
f 1027 1039 1040
f 1027 1040 1028
f 1028 1040 1041
f 1028 1041 1029
f 1029 1041 1042
f 1029 1042 1030
f 1030 1042 1031
f 1030 1031 1019
f 1031 1043 1044
f 1031 1044 1032
f 1032 1044 1045
f 1032 1045 1033
f 1033 1045 1046
f 1033 1046 1034
f 1034 1046 1047
f 1034 1047 1035
f 1035 1047 1048
f 1035 1048 1036
f 1036 1048 1049
f 1036 1049 1037
f 1037 1049 1050
f 1037 1050 1038
f 1038 1050 1051
f 1038 1051 1039
f 1039 1051 1052
f 1039 1052 1040
f 1040 1052 1053
f 1040 1053 1041
f 1041 1053 1054
f 1041 1054 1042
f 1042 1054 1043
f 1042 1043 1031
f 1043 1055 1056
f 1043 1056 1044
f 1044 1056 1057
f 1044 1057 1045
f 1045 1057 1058
f 1045 1058 1046
f 1046 1058 1059
f 1046 1059 1047
f 1047 1059 1060
f 1047 1060 1048
f 1048 1060 1061
f 1048 1061 1049
f 1049 1061 1062
f 1049 1062 1050
f 1050 1062 1063
f 1050 1063 1051
f 1051 1063 1064
f 1051 1064 1052
f 1052 1064 1065
f 1052 1065 1053
f 1053 1065 1066
f 1053 1066 1054
f 1054 1066 1055
f 1054 1055 1043
f 1055 1067 1068
f 1055 1068 1056
f 1056 1068 1069
f 1056 1069 1057
f 1057 1069 1070
f 1057 1070 1058
f 1058 1070 1071
f 1058 1071 1059
f 1059 1071 1072
f 1059 1072 1060
f 1060 1072 1073
f 1060 1073 1061
f 1061 1073 1074
f 1061 1074 1062
f 1062 1074 1075
f 1062 1075 1063
f 1063 1075 1076
f 1063 1076 1064
f 1064 1076 1077
f 1064 1077 1065
f 1065 1077 1078
f 1065 1078 1066
f 1066 1078 1067
f 1066 1067 1055
f 1067 1079 1080
f 1067 1080 1068
f 1068 1080 1081
f 1068 1081 1069
f 1069 1081 1082
f 1069 1082 1070
f 1070 1082 1083
f 1070 1083 1071
f 1071 1083 1084
f 1071 1084 1072
f 1072 1084 1085
f 1072 1085 1073
f 1073 1085 1086
f 1073 1086 1074
f 1074 1086 1087
f 1074 1087 1075
f 1075 1087 1088
f 1075 1088 1076
f 1076 1088 1089
f 1076 1089 1077
f 1077 1089 1090
f 1077 1090 1078
f 1078 1090 1079
f 1078 1079 1067
f 1079 1091 1092
f 1079 1092 1080
f 1080 1092 1093
f 1080 1093 1081
f 1081 1093 1094
f 1081 1094 1082
f 1082 1094 1095
f 1082 1095 1083
f 1083 1095 1096
f 1083 1096 1084
f 1084 1096 1097
f 1084 1097 1085
f 1085 1097 1098
f 1085 1098 1086
f 1086 1098 1099
f 1086 1099 1087
f 1087 1099 1100
f 1087 1100 1088
f 1088 1100 1101
f 1088 1101 1089
f 1089 1101 1102
f 1089 1102 1090
f 1090 1102 1091
f 1090 1091 1079
f 1091 1103 1104
f 1091 1104 1092
f 1092 1104 1105
f 1092 1105 1093
f 1093 1105 1106
f 1093 1106 1094
f 1094 1106 1107
f 1094 1107 1095
f 1095 1107 1108
f 1095 1108 1096
f 1096 1108 1109
f 1096 1109 1097
f 1097 1109 1110
f 1097 1110 1098
f 1098 1110 1111
f 1098 1111 1099
f 1099 1111 1112
f 1099 1112 1100
f 1100 1112 1113
f 1100 1113 1101
f 1101 1113 1114
f 1101 1114 1102
f 1102 1114 1103
f 1102 1103 1091
f 1103 1115 1116
f 1103 1116 1104
f 1104 1116 1117
f 1104 1117 1105
f 1105 1117 1118
f 1105 1118 1106
f 1106 1118 1119
f 1106 1119 1107
f 1107 1119 1120
f 1107 1120 1108
f 1108 1120 1121
f 1108 1121 1109
f 1109 1121 1122
f 1109 1122 1110
f 1110 1122 1123
f 1110 1123 1111
f 1111 1123 1124
f 1111 1124 1112
f 1112 1124 1125
f 1112 1125 1113
f 1113 1125 1126
f 1113 1126 1114
f 1114 1126 1115
f 1114 1115 1103
f 1115 1127 1128
f 1115 1128 1116
f 1116 1128 1129
f 1116 1129 1117
f 1117 1129 1130
f 1117 1130 1118
f 1118 1130 1131
f 1118 1131 1119
f 1119 1131 1132
f 1119 1132 1120
f 1120 1132 1133
f 1120 1133 1121
f 1121 1133 1134
f 1121 1134 1122
f 1122 1134 1135
f 1122 1135 1123
f 1123 1135 1136
f 1123 1136 1124
f 1124 1136 1137
f 1124 1137 1125
f 1125 1137 1138
f 1125 1138 1126
f 1126 1138 1127
f 1126 1127 1115
f 1127 1139 1140
f 1127 1140 1128
f 1128 1140 1141
f 1128 1141 1129
f 1129 1141 1142
f 1129 1142 1130
f 1130 1142 1143
f 1130 1143 1131
f 1131 1143 1144
f 1131 1144 1132
f 1132 1144 1145
f 1132 1145 1133
f 1133 1145 1146
f 1133 1146 1134
f 1134 1146 1147
f 1134 1147 1135
f 1135 1147 1148
f 1135 1148 1136
f 1136 1148 1149
f 1136 1149 1137
f 1137 1149 1150
f 1137 1150 1138
f 1138 1150 1139
f 1138 1139 1127
f 1139 1151 1152
f 1139 1152 1140
f 1140 1152 1153
f 1140 1153 1141
f 1141 1153 1154
f 1141 1154 1142
f 1142 1154 1155
f 1142 1155 1143
f 1143 1155 1156
f 1143 1156 1144
f 1144 1156 1157
f 1144 1157 1145
f 1145 1157 1158
f 1145 1158 1146
f 1146 1158 1159
f 1146 1159 1147
f 1147 1159 1160
f 1147 1160 1148
f 1148 1160 1161
f 1148 1161 1149
f 1149 1161 1162
f 1149 1162 1150
f 1150 1162 1151
f 1150 1151 1139
f 1151 1163 1164
f 1151 1164 1152
f 1152 1164 1165
f 1152 1165 1153
f 1153 1165 1166
f 1153 1166 1154
f 1154 1166 1167
f 1154 1167 1155
f 1155 1167 1168
f 1155 1168 1156
f 1156 1168 1169
f 1156 1169 1157
f 1157 1169 1170
f 1157 1170 1158
f 1158 1170 1171
f 1158 1171 1159
f 1159 1171 1172
f 1159 1172 1160
f 1160 1172 1173
f 1160 1173 1161
f 1161 1173 1174
f 1161 1174 1162
f 1162 1174 1163
f 1162 1163 1151
f 1163 1175 1176
f 1163 1176 1164
f 1164 1176 1177
f 1164 1177 1165
f 1165 1177 1178
f 1165 1178 1166
f 1166 1178 1179
f 1166 1179 1167
f 1167 1179 1180
f 1167 1180 1168
f 1168 1180 1181
f 1168 1181 1169
f 1169 1181 1182
f 1169 1182 1170
f 1170 1182 1183
f 1170 1183 1171
f 1171 1183 1184
f 1171 1184 1172
f 1172 1184 1185
f 1172 1185 1173
f 1173 1185 1186
f 1173 1186 1174
f 1174 1186 1175
f 1174 1175 1163
f 1175 1187 1188
f 1175 1188 1176
f 1176 1188 1189
f 1176 1189 1177
f 1177 1189 1190
f 1177 1190 1178
f 1178 1190 1191
f 1178 1191 1179
f 1179 1191 1192
f 1179 1192 1180
f 1180 1192 1193
f 1180 1193 1181
f 1181 1193 1194
f 1181 1194 1182
f 1182 1194 1195
f 1182 1195 1183
f 1183 1195 1196
f 1183 1196 1184
f 1184 1196 1197
f 1184 1197 1185
f 1185 1197 1198
f 1185 1198 1186
f 1186 1198 1187
f 1186 1187 1175
f 1187 1199 1200
f 1187 1200 1188
f 1188 1200 1201
f 1188 1201 1189
f 1189 1201 1202
f 1189 1202 1190
f 1190 1202 1203
f 1190 1203 1191
f 1191 1203 1204
f 1191 1204 1192
f 1192 1204 1205
f 1192 1205 1193
f 1193 1205 1206
f 1193 1206 1194
f 1194 1206 1207
f 1194 1207 1195
f 1195 1207 1208
f 1195 1208 1196
f 1196 1208 1209
f 1196 1209 1197
f 1197 1209 1210
f 1197 1210 1198
f 1198 1210 1199
f 1198 1199 1187
f 1199 779 780
f 1199 780 1200
f 1200 780 781
f 1200 781 1201
f 1201 781 782
f 1201 782 1202
f 1202 782 783
f 1202 783 1203
f 1203 783 784
f 1203 784 1204
f 1204 784 785
f 1204 785 1205
f 1205 785 786
f 1205 786 1206
f 1206 786 787
f 1206 787 1207
f 1207 787 788
f 1207 788 1208
f 1208 788 789
f 1208 789 1209
f 1209 789 790
f 1209 790 1210
f 1210 790 779
f 1210 779 1199
f 1211 1223 1224
f 1211 1224 1212
f 1212 1224 1225
f 1212 1225 1213
f 1213 1225 1226
f 1213 1226 1214
f 1214 1226 1227
f 1214 1227 1215
f 1215 1227 1228
f 1215 1228 1216
f 1216 1228 1229
f 1216 1229 1217
f 1217 1229 1230
f 1217 1230 1218
f 1218 1230 1231
f 1218 1231 1219
f 1219 1231 1232
f 1219 1232 1220
f 1220 1232 1233
f 1220 1233 1221
f 1221 1233 1234
f 1221 1234 1222
f 1222 1234 1223
f 1222 1223 1211
f 1223 1235 1236
f 1223 1236 1224
f 1224 1236 1237
f 1224 1237 1225
f 1225 1237 1238
f 1225 1238 1226
f 1226 1238 1239
f 1226 1239 1227
f 1227 1239 1240
f 1227 1240 1228
f 1228 1240 1241
f 1228 1241 1229
f 1229 1241 1242
f 1229 1242 1230
f 1230 1242 1243
f 1230 1243 1231
f 1231 1243 1244
f 1231 1244 1232
f 1232 1244 1245
f 1232 1245 1233
f 1233 1245 1246
f 1233 1246 1234
f 1234 1246 1235
f 1234 1235 1223
f 1235 1247 1248
f 1235 1248 1236
f 1236 1248 1249
f 1236 1249 1237
f 1237 1249 1250
f 1237 1250 1238
f 1238 1250 1251
f 1238 1251 1239
f 1239 1251 1252
f 1239 1252 1240
f 1240 1252 1253
f 1240 1253 1241
f 1241 1253 1254
f 1241 1254 1242
f 1242 1254 1255
f 1242 1255 1243
f 1243 1255 1256
f 1243 1256 1244
f 1244 1256 1257
f 1244 1257 1245
f 1245 1257 1258
f 1245 1258 1246
f 1246 1258 1247
f 1246 1247 1235
f 1247 1259 1260
f 1247 1260 1248
f 1248 1260 1261
f 1248 1261 1249
f 1249 1261 1262
f 1249 1262 1250
f 1250 1262 1263
f 1250 1263 1251
f 1251 1263 1264
f 1251 1264 1252
f 1252 1264 1265
f 1252 1265 1253
f 1253 1265 1266
f 1253 1266 1254
f 1254 1266 1267
f 1254 1267 1255
f 1255 1267 1268
f 1255 1268 1256
f 1256 1268 1269
f 1256 1269 1257
f 1257 1269 1270
f 1257 1270 1258
f 1258 1270 1259
f 1258 1259 1247
f 1259 1271 1272
f 1259 1272 1260
f 1260 1272 1273
f 1260 1273 1261
f 1261 1273 1274
f 1261 1274 1262
f 1262 1274 1275
f 1262 1275 1263
f 1263 1275 1276
f 1263 1276 1264
f 1264 1276 1277
f 1264 1277 1265
f 1265 1277 1278
f 1265 1278 1266
f 1266 1278 1279
f 1266 1279 1267
f 1267 1279 1280
f 1267 1280 1268
f 1268 1280 1281
f 1268 1281 1269
f 1269 1281 1282
f 1269 1282 1270
f 1270 1282 1271
f 1270 1271 1259
f 1271 1283 1284
f 1271 1284 1272
f 1272 1284 1285
f 1272 1285 1273
f 1273 1285 1286
f 1273 1286 1274
f 1274 1286 1287
f 1274 1287 1275
f 1275 1287 1288
f 1275 1288 1276
f 1276 1288 1289
f 1276 1289 1277
f 1277 1289 1290
f 1277 1290 1278
f 1278 1290 1291
f 1278 1291 1279
f 1279 1291 1292
f 1279 1292 1280
f 1280 1292 1293
f 1280 1293 1281
f 1281 1293 1294
f 1281 1294 1282
f 1282 1294 1283
f 1282 1283 1271
f 1283 1295 1296
f 1283 1296 1284
f 1284 1296 1297
f 1284 1297 1285
f 1285 1297 1298
f 1285 1298 1286
f 1286 1298 1299
f 1286 1299 1287
f 1287 1299 1300
f 1287 1300 1288
f 1288 1300 1301
f 1288 1301 1289
f 1289 1301 1302
f 1289 1302 1290
f 1290 1302 1303
f 1290 1303 1291
f 1291 1303 1304
f 1291 1304 1292
f 1292 1304 1305
f 1292 1305 1293
f 1293 1305 1306
f 1293 1306 1294
f 1294 1306 1295
f 1294 1295 1283
f 1295 1307 1308
f 1295 1308 1296
f 1296 1308 1309
f 1296 1309 1297
f 1297 1309 1310
f 1297 1310 1298
f 1298 1310 1311
f 1298 1311 1299
f 1299 1311 1312
f 1299 1312 1300
f 1300 1312 1313
f 1300 1313 1301
f 1301 1313 1314
f 1301 1314 1302
f 1302 1314 1315
f 1302 1315 1303
f 1303 1315 1316
f 1303 1316 1304
f 1304 1316 1317
f 1304 1317 1305
f 1305 1317 1318
f 1305 1318 1306
f 1306 1318 1307
f 1306 1307 1295
f 1307 1319 1320
f 1307 1320 1308
f 1308 1320 1321
f 1308 1321 1309
f 1309 1321 1322
f 1309 1322 1310
f 1310 1322 1323
f 1310 1323 1311
f 1311 1323 1324
f 1311 1324 1312
f 1312 1324 1325
f 1312 1325 1313
f 1313 1325 1326
f 1313 1326 1314
f 1314 1326 1327
f 1314 1327 1315
f 1315 1327 1328
f 1315 1328 1316
f 1316 1328 1329
f 1316 1329 1317
f 1317 1329 1330
f 1317 1330 1318
f 1318 1330 1319
f 1318 1319 1307
f 1319 1331 1332
f 1319 1332 1320
f 1320 1332 1333
f 1320 1333 1321
f 1321 1333 1334
f 1321 1334 1322
f 1322 1334 1335
f 1322 1335 1323
f 1323 1335 1336
f 1323 1336 1324
f 1324 1336 1337
f 1324 1337 1325
f 1325 1337 1338
f 1325 1338 1326
f 1326 1338 1339
f 1326 1339 1327
f 1327 1339 1340
f 1327 1340 1328
f 1328 1340 1341
f 1328 1341 1329
f 1329 1341 1342
f 1329 1342 1330
f 1330 1342 1331
f 1330 1331 1319
f 1331 1343 1344
f 1331 1344 1332
f 1332 1344 1345
f 1332 1345 1333
f 1333 1345 1346
f 1333 1346 1334
f 1334 1346 1347
f 1334 1347 1335
f 1335 1347 1348
f 1335 1348 1336
f 1336 1348 1349
f 1336 1349 1337
f 1337 1349 1350
f 1337 1350 1338
f 1338 1350 1351
f 1338 1351 1339
f 1339 1351 1352
f 1339 1352 1340
f 1340 1352 1353
f 1340 1353 1341
f 1341 1353 1354
f 1341 1354 1342
f 1342 1354 1343
f 1342 1343 1331
f 1343 1355 1356
f 1343 1356 1344
f 1344 1356 1357
f 1344 1357 1345
f 1345 1357 1358
f 1345 1358 1346
f 1346 1358 1359
f 1346 1359 1347
f 1347 1359 1360
f 1347 1360 1348
f 1348 1360 1361
f 1348 1361 1349
f 1349 1361 1362
f 1349 1362 1350
f 1350 1362 1363
f 1350 1363 1351
f 1351 1363 1364
f 1351 1364 1352
f 1352 1364 1365
f 1352 1365 1353
f 1353 1365 1366
f 1353 1366 1354
f 1354 1366 1355
f 1354 1355 1343
f 1355 1367 1368
f 1355 1368 1356
f 1356 1368 1369
f 1356 1369 1357
f 1357 1369 1370
f 1357 1370 1358
f 1358 1370 1371
f 1358 1371 1359
f 1359 1371 1372
f 1359 1372 1360
f 1360 1372 1373
f 1360 1373 1361
f 1361 1373 1374
f 1361 1374 1362
f 1362 1374 1375
f 1362 1375 1363
f 1363 1375 1376
f 1363 1376 1364
f 1364 1376 1377
f 1364 1377 1365
f 1365 1377 1378
f 1365 1378 1366
f 1366 1378 1367
f 1366 1367 1355
f 1367 1379 1380
f 1367 1380 1368
f 1368 1380 1381
f 1368 1381 1369
f 1369 1381 1382
f 1369 1382 1370
f 1370 1382 1383
f 1370 1383 1371
f 1371 1383 1384
f 1371 1384 1372
f 1372 1384 1385
f 1372 1385 1373
f 1373 1385 1386
f 1373 1386 1374
f 1374 1386 1387
f 1374 1387 1375
f 1375 1387 1388
f 1375 1388 1376
f 1376 1388 1389
f 1376 1389 1377
f 1377 1389 1390
f 1377 1390 1378
f 1378 1390 1379
f 1378 1379 1367
f 1379 1391 1392
f 1379 1392 1380
f 1380 1392 1393
f 1380 1393 1381
f 1381 1393 1394
f 1381 1394 1382
f 1382 1394 1395
f 1382 1395 1383
f 1383 1395 1396
f 1383 1396 1384
f 1384 1396 1397
f 1384 1397 1385
f 1385 1397 1398
f 1385 1398 1386
f 1386 1398 1399
f 1386 1399 1387
f 1387 1399 1400
f 1387 1400 1388
f 1388 1400 1401
f 1388 1401 1389
f 1389 1401 1402
f 1389 1402 1390
f 1390 1402 1391
f 1390 1391 1379
f 1391 1403 1404
f 1391 1404 1392
f 1392 1404 1405
f 1392 1405 1393
f 1393 1405 1406
f 1393 1406 1394
f 1394 1406 1407
f 1394 1407 1395
f 1395 1407 1408
f 1395 1408 1396
f 1396 1408 1409
f 1396 1409 1397
f 1397 1409 1410
f 1397 1410 1398
f 1398 1410 1411
f 1398 1411 1399
f 1399 1411 1412
f 1399 1412 1400
f 1400 1412 1413
f 1400 1413 1401
f 1401 1413 1414
f 1401 1414 1402
f 1402 1414 1403
f 1402 1403 1391
f 1403 1415 1416
f 1403 1416 1404
f 1404 1416 1417
f 1404 1417 1405
f 1405 1417 1418
f 1405 1418 1406
f 1406 1418 1419
f 1406 1419 1407
f 1407 1419 1420
f 1407 1420 1408
f 1408 1420 1421
f 1408 1421 1409
f 1409 1421 1422
f 1409 1422 1410
f 1410 1422 1423
f 1410 1423 1411
f 1411 1423 1424
f 1411 1424 1412
f 1412 1424 1425
f 1412 1425 1413
f 1413 1425 1426
f 1413 1426 1414
f 1414 1426 1415
f 1414 1415 1403
f 1415 1427 1428
f 1415 1428 1416
f 1416 1428 1429
f 1416 1429 1417
f 1417 1429 1430
f 1417 1430 1418
f 1418 1430 1431
f 1418 1431 1419
f 1419 1431 1432
f 1419 1432 1420
f 1420 1432 1433
f 1420 1433 1421
f 1421 1433 1434
f 1421 1434 1422
f 1422 1434 1435
f 1422 1435 1423
f 1423 1435 1436
f 1423 1436 1424
f 1424 1436 1437
f 1424 1437 1425
f 1425 1437 1438
f 1425 1438 1426
f 1426 1438 1427
f 1426 1427 1415
f 1427 1439 1440
f 1427 1440 1428
f 1428 1440 1441
f 1428 1441 1429
f 1429 1441 1442
f 1429 1442 1430
f 1430 1442 1443
f 1430 1443 1431
f 1431 1443 1444
f 1431 1444 1432
f 1432 1444 1445
f 1432 1445 1433
f 1433 1445 1446
f 1433 1446 1434
f 1434 1446 1447
f 1434 1447 1435
f 1435 1447 1448
f 1435 1448 1436
f 1436 1448 1449
f 1436 1449 1437
f 1437 1449 1450
f 1437 1450 1438
f 1438 1450 1439
f 1438 1439 1427
f 1439 1451 1452
f 1439 1452 1440
f 1440 1452 1453
f 1440 1453 1441
f 1441 1453 1454
f 1441 1454 1442
f 1442 1454 1455
f 1442 1455 1443
f 1443 1455 1456
f 1443 1456 1444
f 1444 1456 1457
f 1444 1457 1445
f 1445 1457 1458
f 1445 1458 1446
f 1446 1458 1459
f 1446 1459 1447
f 1447 1459 1460
f 1447 1460 1448
f 1448 1460 1461
f 1448 1461 1449
f 1449 1461 1462
f 1449 1462 1450
f 1450 1462 1451
f 1450 1451 1439
f 1451 1463 1464
f 1451 1464 1452
f 1452 1464 1465
f 1452 1465 1453
f 1453 1465 1466
f 1453 1466 1454
f 1454 1466 1467
f 1454 1467 1455
f 1455 1467 1468
f 1455 1468 1456
f 1456 1468 1469
f 1456 1469 1457
f 1457 1469 1470
f 1457 1470 1458
f 1458 1470 1471
f 1458 1471 1459
f 1459 1471 1472
f 1459 1472 1460
f 1460 1472 1473
f 1460 1473 1461
f 1461 1473 1474
f 1461 1474 1462
f 1462 1474 1463
f 1462 1463 1451
f 1463 1475 1476
f 1463 1476 1464
f 1464 1476 1477
f 1464 1477 1465
f 1465 1477 1478
f 1465 1478 1466
f 1466 1478 1479
f 1466 1479 1467
f 1467 1479 1480
f 1467 1480 1468
f 1468 1480 1481
f 1468 1481 1469
f 1469 1481 1482
f 1469 1482 1470
f 1470 1482 1483
f 1470 1483 1471
f 1471 1483 1484
f 1471 1484 1472
f 1472 1484 1485
f 1472 1485 1473
f 1473 1485 1486
f 1473 1486 1474
f 1474 1486 1475
f 1474 1475 1463
f 1475 1487 1488
f 1475 1488 1476
f 1476 1488 1489
f 1476 1489 1477
f 1477 1489 1490
f 1477 1490 1478
f 1478 1490 1491
f 1478 1491 1479
f 1479 1491 1492
f 1479 1492 1480
f 1480 1492 1493
f 1480 1493 1481
f 1481 1493 1494
f 1481 1494 1482
f 1482 1494 1495
f 1482 1495 1483
f 1483 1495 1496
f 1483 1496 1484
f 1484 1496 1497
f 1484 1497 1485
f 1485 1497 1498
f 1485 1498 1486
f 1486 1498 1487
f 1486 1487 1475
f 1487 1499 1500
f 1487 1500 1488
f 1488 1500 1501
f 1488 1501 1489
f 1489 1501 1502
f 1489 1502 1490
f 1490 1502 1503
f 1490 1503 1491
f 1491 1503 1504
f 1491 1504 1492
f 1492 1504 1505
f 1492 1505 1493
f 1493 1505 1506
f 1493 1506 1494
f 1494 1506 1507
f 1494 1507 1495
f 1495 1507 1508
f 1495 1508 1496
f 1496 1508 1509
f 1496 1509 1497
f 1497 1509 1510
f 1497 1510 1498
f 1498 1510 1499
f 1498 1499 1487
f 1499 1511 1512
f 1499 1512 1500
f 1500 1512 1513
f 1500 1513 1501
f 1501 1513 1514
f 1501 1514 1502
f 1502 1514 1515
f 1502 1515 1503
f 1503 1515 1516
f 1503 1516 1504
f 1504 1516 1517
f 1504 1517 1505
f 1505 1517 1518
f 1505 1518 1506
f 1506 1518 1519
f 1506 1519 1507
f 1507 1519 1520
f 1507 1520 1508
f 1508 1520 1521
f 1508 1521 1509
f 1509 1521 1522
f 1509 1522 1510
f 1510 1522 1511
f 1510 1511 1499
f 1511 1523 1524
f 1511 1524 1512
f 1512 1524 1525
f 1512 1525 1513
f 1513 1525 1526
f 1513 1526 1514
f 1514 1526 1527
f 1514 1527 1515
f 1515 1527 1528
f 1515 1528 1516
f 1516 1528 1529
f 1516 1529 1517
f 1517 1529 1530
f 1517 1530 1518
f 1518 1530 1531
f 1518 1531 1519
f 1519 1531 1532
f 1519 1532 1520
f 1520 1532 1533
f 1520 1533 1521
f 1521 1533 1534
f 1521 1534 1522
f 1522 1534 1523
f 1522 1523 1511
f 1523 1535 1536
f 1523 1536 1524
f 1524 1536 1537
f 1524 1537 1525
f 1525 1537 1538
f 1525 1538 1526
f 1526 1538 1539
f 1526 1539 1527
f 1527 1539 1540
f 1527 1540 1528
f 1528 1540 1541
f 1528 1541 1529
f 1529 1541 1542
f 1529 1542 1530
f 1530 1542 1543
f 1530 1543 1531
f 1531 1543 1544
f 1531 1544 1532
f 1532 1544 1545
f 1532 1545 1533
f 1533 1545 1546
f 1533 1546 1534
f 1534 1546 1535
f 1534 1535 1523
f 1535 1547 1548
f 1535 1548 1536
f 1536 1548 1549
f 1536 1549 1537
f 1537 1549 1550
f 1537 1550 1538
f 1538 1550 1551
f 1538 1551 1539
f 1539 1551 1552
f 1539 1552 1540
f 1540 1552 1553
f 1540 1553 1541
f 1541 1553 1554
f 1541 1554 1542
f 1542 1554 1555
f 1542 1555 1543
f 1543 1555 1556
f 1543 1556 1544
f 1544 1556 1557
f 1544 1557 1545
f 1545 1557 1558
f 1545 1558 1546
f 1546 1558 1547
f 1546 1547 1535
f 1547 1559 1560
f 1547 1560 1548
f 1548 1560 1561
f 1548 1561 1549
f 1549 1561 1562
f 1549 1562 1550
f 1550 1562 1563
f 1550 1563 1551
f 1551 1563 1564
f 1551 1564 1552
f 1552 1564 1565
f 1552 1565 1553
f 1553 1565 1566
f 1553 1566 1554
f 1554 1566 1567
f 1554 1567 1555
f 1555 1567 1568
f 1555 1568 1556
f 1556 1568 1569
f 1556 1569 1557
f 1557 1569 1570
f 1557 1570 1558
f 1558 1570 1559
f 1558 1559 1547
f 1559 1571 1572
f 1559 1572 1560
f 1560 1572 1573
f 1560 1573 1561
f 1561 1573 1574
f 1561 1574 1562
f 1562 1574 1575
f 1562 1575 1563
f 1563 1575 1576
f 1563 1576 1564
f 1564 1576 1577
f 1564 1577 1565
f 1565 1577 1578
f 1565 1578 1566
f 1566 1578 1579
f 1566 1579 1567
f 1567 1579 1580
f 1567 1580 1568
f 1568 1580 1581
f 1568 1581 1569
f 1569 1581 1582
f 1569 1582 1570
f 1570 1582 1571
f 1570 1571 1559
f 1571 1583 1584
f 1571 1584 1572
f 1572 1584 1585
f 1572 1585 1573
f 1573 1585 1586
f 1573 1586 1574
f 1574 1586 1587
f 1574 1587 1575
f 1575 1587 1588
f 1575 1588 1576
f 1576 1588 1589
f 1576 1589 1577
f 1577 1589 1590
f 1577 1590 1578
f 1578 1590 1591
f 1578 1591 1579
f 1579 1591 1592
f 1579 1592 1580
f 1580 1592 1593
f 1580 1593 1581
f 1581 1593 1594
f 1581 1594 1582
f 1582 1594 1583
f 1582 1583 1571
f 1583 1595 1596
f 1583 1596 1584
f 1584 1596 1597
f 1584 1597 1585
f 1585 1597 1598
f 1585 1598 1586
f 1586 1598 1599
f 1586 1599 1587
f 1587 1599 1600
f 1587 1600 1588
f 1588 1600 1601
f 1588 1601 1589
f 1589 1601 1602
f 1589 1602 1590
f 1590 1602 1603
f 1590 1603 1591
f 1591 1603 1604
f 1591 1604 1592
f 1592 1604 1605
f 1592 1605 1593
f 1593 1605 1606
f 1593 1606 1594
f 1594 1606 1595
f 1594 1595 1583
f 1595 1607 1608
f 1595 1608 1596
f 1596 1608 1609
f 1596 1609 1597
f 1597 1609 1610
f 1597 1610 1598
f 1598 1610 1611
f 1598 1611 1599
f 1599 1611 1612
f 1599 1612 1600
f 1600 1612 1613
f 1600 1613 1601
f 1601 1613 1614
f 1601 1614 1602
f 1602 1614 1615
f 1602 1615 1603
f 1603 1615 1616
f 1603 1616 1604
f 1604 1616 1617
f 1604 1617 1605
f 1605 1617 1618
f 1605 1618 1606
f 1606 1618 1607
f 1606 1607 1595
f 1607 1619 1620
f 1607 1620 1608
f 1608 1620 1621
f 1608 1621 1609
f 1609 1621 1622
f 1609 1622 1610
f 1610 1622 1623
f 1610 1623 1611
f 1611 1623 1624
f 1611 1624 1612
f 1612 1624 1625
f 1612 1625 1613
f 1613 1625 1626
f 1613 1626 1614
f 1614 1626 1627
f 1614 1627 1615
f 1615 1627 1628
f 1615 1628 1616
f 1616 1628 1629
f 1616 1629 1617
f 1617 1629 1630
f 1617 1630 1618
f 1618 1630 1619
f 1618 1619 1607
f 1619 1631 1632
f 1619 1632 1620
f 1620 1632 1633
f 1620 1633 1621
f 1621 1633 1634
f 1621 1634 1622
f 1622 1634 1635
f 1622 1635 1623
f 1623 1635 1636
f 1623 1636 1624
f 1624 1636 1637
f 1624 1637 1625
f 1625 1637 1638
f 1625 1638 1626
f 1626 1638 1639
f 1626 1639 1627
f 1627 1639 1640
f 1627 1640 1628
f 1628 1640 1641
f 1628 1641 1629
f 1629 1641 1642
f 1629 1642 1630
f 1630 1642 1631
f 1630 1631 1619
f 1631 1211 1212
f 1631 1212 1632
f 1632 1212 1213
f 1632 1213 1633
f 1633 1213 1214
f 1633 1214 1634
f 1634 1214 1215
f 1634 1215 1635
f 1635 1215 1216
f 1635 1216 1636
f 1636 1216 1217
f 1636 1217 1637
f 1637 1217 1218
f 1637 1218 1638
f 1638 1218 1219
f 1638 1219 1639
f 1639 1219 1220
f 1639 1220 1640
f 1640 1220 1221
f 1640 1221 1641
f 1641 1221 1222
f 1641 1222 1642
f 1642 1222 1211
f 1642 1211 1631
f 1643 1655 1656
f 1643 1656 1644
f 1644 1656 1657
f 1644 1657 1645
f 1645 1657 1658
f 1645 1658 1646
f 1646 1658 1659
f 1646 1659 1647
f 1647 1659 1660
f 1647 1660 1648
f 1648 1660 1661
f 1648 1661 1649
f 1649 1661 1662
f 1649 1662 1650
f 1650 1662 1663
f 1650 1663 1651
f 1651 1663 1664
f 1651 1664 1652
f 1652 1664 1665
f 1652 1665 1653
f 1653 1665 1666
f 1653 1666 1654
f 1654 1666 1655
f 1654 1655 1643
f 1655 1667 1668
f 1655 1668 1656
f 1656 1668 1669
f 1656 1669 1657
f 1657 1669 1670
f 1657 1670 1658
f 1658 1670 1671
f 1658 1671 1659
f 1659 1671 1672
f 1659 1672 1660
f 1660 1672 1673
f 1660 1673 1661
f 1661 1673 1674
f 1661 1674 1662
f 1662 1674 1675
f 1662 1675 1663
f 1663 1675 1676
f 1663 1676 1664
f 1664 1676 1677
f 1664 1677 1665
f 1665 1677 1678
f 1665 1678 1666
f 1666 1678 1667
f 1666 1667 1655
f 1667 1679 1680
f 1667 1680 1668
f 1668 1680 1681
f 1668 1681 1669
f 1669 1681 1682
f 1669 1682 1670
f 1670 1682 1683
f 1670 1683 1671
f 1671 1683 1684
f 1671 1684 1672
f 1672 1684 1685
f 1672 1685 1673
f 1673 1685 1686
f 1673 1686 1674
f 1674 1686 1687
f 1674 1687 1675
f 1675 1687 1688
f 1675 1688 1676
f 1676 1688 1689
f 1676 1689 1677
f 1677 1689 1690
f 1677 1690 1678
f 1678 1690 1679
f 1678 1679 1667
f 1679 1691 1692
f 1679 1692 1680
f 1680 1692 1693
f 1680 1693 1681
f 1681 1693 1694
f 1681 1694 1682
f 1682 1694 1695
f 1682 1695 1683
f 1683 1695 1696
f 1683 1696 1684
f 1684 1696 1697
f 1684 1697 1685
f 1685 1697 1698
f 1685 1698 1686
f 1686 1698 1699
f 1686 1699 1687
f 1687 1699 1700
f 1687 1700 1688
f 1688 1700 1701
f 1688 1701 1689
f 1689 1701 1702
f 1689 1702 1690
f 1690 1702 1691
f 1690 1691 1679
f 1691 1703 1704
f 1691 1704 1692
f 1692 1704 1705
f 1692 1705 1693
f 1693 1705 1706
f 1693 1706 1694
f 1694 1706 1707
f 1694 1707 1695
f 1695 1707 1708
f 1695 1708 1696
f 1696 1708 1709
f 1696 1709 1697
f 1697 1709 1710
f 1697 1710 1698
f 1698 1710 1711
f 1698 1711 1699
f 1699 1711 1712
f 1699 1712 1700
f 1700 1712 1713
f 1700 1713 1701
f 1701 1713 1714
f 1701 1714 1702
f 1702 1714 1703
f 1702 1703 1691
f 1703 1715 1716
f 1703 1716 1704
f 1704 1716 1717
f 1704 1717 1705
f 1705 1717 1718
f 1705 1718 1706
f 1706 1718 1719
f 1706 1719 1707
f 1707 1719 1720
f 1707 1720 1708
f 1708 1720 1721
f 1708 1721 1709
f 1709 1721 1722
f 1709 1722 1710
f 1710 1722 1723
f 1710 1723 1711
f 1711 1723 1724
f 1711 1724 1712
f 1712 1724 1725
f 1712 1725 1713
f 1713 1725 1726
f 1713 1726 1714
f 1714 1726 1715
f 1714 1715 1703
f 1715 1727 1728
f 1715 1728 1716
f 1716 1728 1729
f 1716 1729 1717
f 1717 1729 1730
f 1717 1730 1718
f 1718 1730 1731
f 1718 1731 1719
f 1719 1731 1732
f 1719 1732 1720
f 1720 1732 1733
f 1720 1733 1721
f 1721 1733 1734
f 1721 1734 1722
f 1722 1734 1735
f 1722 1735 1723
f 1723 1735 1736
f 1723 1736 1724
f 1724 1736 1737
f 1724 1737 1725
f 1725 1737 1738
f 1725 1738 1726
f 1726 1738 1727
f 1726 1727 1715
f 1727 1739 1740
f 1727 1740 1728
f 1728 1740 1741
f 1728 1741 1729
f 1729 1741 1742
f 1729 1742 1730
f 1730 1742 1743
f 1730 1743 1731
f 1731 1743 1744
f 1731 1744 1732
f 1732 1744 1745
f 1732 1745 1733
f 1733 1745 1746
f 1733 1746 1734
f 1734 1746 1747
f 1734 1747 1735
f 1735 1747 1748
f 1735 1748 1736
f 1736 1748 1749
f 1736 1749 1737
f 1737 1749 1750
f 1737 1750 1738
f 1738 1750 1739
f 1738 1739 1727
f 1739 1751 1752
f 1739 1752 1740
f 1740 1752 1753
f 1740 1753 1741
f 1741 1753 1754
f 1741 1754 1742
f 1742 1754 1755
f 1742 1755 1743
f 1743 1755 1756
f 1743 1756 1744
f 1744 1756 1757
f 1744 1757 1745
f 1745 1757 1758
f 1745 1758 1746
f 1746 1758 1759
f 1746 1759 1747
f 1747 1759 1760
f 1747 1760 1748
f 1748 1760 1761
f 1748 1761 1749
f 1749 1761 1762
f 1749 1762 1750
f 1750 1762 1751
f 1750 1751 1739
f 1751 1763 1764
f 1751 1764 1752
f 1752 1764 1765
f 1752 1765 1753
f 1753 1765 1766
f 1753 1766 1754
f 1754 1766 1767
f 1754 1767 1755
f 1755 1767 1768
f 1755 1768 1756
f 1756 1768 1769
f 1756 1769 1757
f 1757 1769 1770
f 1757 1770 1758
f 1758 1770 1771
f 1758 1771 1759
f 1759 1771 1772
f 1759 1772 1760
f 1760 1772 1773
f 1760 1773 1761
f 1761 1773 1774
f 1761 1774 1762
f 1762 1774 1763
f 1762 1763 1751
f 1763 1775 1776
f 1763 1776 1764
f 1764 1776 1777
f 1764 1777 1765
f 1765 1777 1778
f 1765 1778 1766
f 1766 1778 1779
f 1766 1779 1767
f 1767 1779 1780
f 1767 1780 1768
f 1768 1780 1781
f 1768 1781 1769
f 1769 1781 1782
f 1769 1782 1770
f 1770 1782 1783
f 1770 1783 1771
f 1771 1783 1784
f 1771 1784 1772
f 1772 1784 1785
f 1772 1785 1773
f 1773 1785 1786
f 1773 1786 1774
f 1774 1786 1775
f 1774 1775 1763
f 1775 1787 1788
f 1775 1788 1776
f 1776 1788 1789
f 1776 1789 1777
f 1777 1789 1790
f 1777 1790 1778
f 1778 1790 1791
f 1778 1791 1779
f 1779 1791 1792
f 1779 1792 1780
f 1780 1792 1793
f 1780 1793 1781
f 1781 1793 1794
f 1781 1794 1782
f 1782 1794 1795
f 1782 1795 1783
f 1783 1795 1796
f 1783 1796 1784
f 1784 1796 1797
f 1784 1797 1785
f 1785 1797 1798
f 1785 1798 1786
f 1786 1798 1787
f 1786 1787 1775
f 1787 1799 1800
f 1787 1800 1788
f 1788 1800 1801
f 1788 1801 1789
f 1789 1801 1802
f 1789 1802 1790
f 1790 1802 1803
f 1790 1803 1791
f 1791 1803 1804
f 1791 1804 1792
f 1792 1804 1805
f 1792 1805 1793
f 1793 1805 1806
f 1793 1806 1794
f 1794 1806 1807
f 1794 1807 1795
f 1795 1807 1808
f 1795 1808 1796
f 1796 1808 1809
f 1796 1809 1797
f 1797 1809 1810
f 1797 1810 1798
f 1798 1810 1799
f 1798 1799 1787
f 1799 1811 1812
f 1799 1812 1800
f 1800 1812 1813
f 1800 1813 1801
f 1801 1813 1814
f 1801 1814 1802
f 1802 1814 1815
f 1802 1815 1803
f 1803 1815 1816
f 1803 1816 1804
f 1804 1816 1817
f 1804 1817 1805
f 1805 1817 1818
f 1805 1818 1806
f 1806 1818 1819
f 1806 1819 1807
f 1807 1819 1820
f 1807 1820 1808
f 1808 1820 1821
f 1808 1821 1809
f 1809 1821 1822
f 1809 1822 1810
f 1810 1822 1811
f 1810 1811 1799
f 1811 1823 1824
f 1811 1824 1812
f 1812 1824 1825
f 1812 1825 1813
f 1813 1825 1826
f 1813 1826 1814
f 1814 1826 1827
f 1814 1827 1815
f 1815 1827 1828
f 1815 1828 1816
f 1816 1828 1829
f 1816 1829 1817
f 1817 1829 1830
f 1817 1830 1818
f 1818 1830 1831
f 1818 1831 1819
f 1819 1831 1832
f 1819 1832 1820
f 1820 1832 1833
f 1820 1833 1821
f 1821 1833 1834
f 1821 1834 1822
f 1822 1834 1823
f 1822 1823 1811
f 1823 1835 1836
f 1823 1836 1824
f 1824 1836 1837
f 1824 1837 1825
f 1825 1837 1838
f 1825 1838 1826
f 1826 1838 1839
f 1826 1839 1827
f 1827 1839 1840
f 1827 1840 1828
f 1828 1840 1841
f 1828 1841 1829
f 1829 1841 1842
f 1829 1842 1830
f 1830 1842 1843
f 1830 1843 1831
f 1831 1843 1844
f 1831 1844 1832
f 1832 1844 1845
f 1832 1845 1833
f 1833 1845 1846
f 1833 1846 1834
f 1834 1846 1835
f 1834 1835 1823
f 1835 1847 1848
f 1835 1848 1836
f 1836 1848 1849
f 1836 1849 1837
f 1837 1849 1850
f 1837 1850 1838
f 1838 1850 1851
f 1838 1851 1839
f 1839 1851 1852
f 1839 1852 1840
f 1840 1852 1853
f 1840 1853 1841
f 1841 1853 1854
f 1841 1854 1842
f 1842 1854 1855
f 1842 1855 1843
f 1843 1855 1856
f 1843 1856 1844
f 1844 1856 1857
f 1844 1857 1845
f 1845 1857 1858
f 1845 1858 1846
f 1846 1858 1847
f 1846 1847 1835
f 1847 1859 1860
f 1847 1860 1848
f 1848 1860 1861
f 1848 1861 1849
f 1849 1861 1862
f 1849 1862 1850
f 1850 1862 1863
f 1850 1863 1851
f 1851 1863 1864
f 1851 1864 1852
f 1852 1864 1865
f 1852 1865 1853
f 1853 1865 1866
f 1853 1866 1854
f 1854 1866 1867
f 1854 1867 1855
f 1855 1867 1868
f 1855 1868 1856
f 1856 1868 1869
f 1856 1869 1857
f 1857 1869 1870
f 1857 1870 1858
f 1858 1870 1859
f 1858 1859 1847
f 1859 1871 1872
f 1859 1872 1860
f 1860 1872 1873
f 1860 1873 1861
f 1861 1873 1874
f 1861 1874 1862
f 1862 1874 1875
f 1862 1875 1863
f 1863 1875 1876
f 1863 1876 1864
f 1864 1876 1877
f 1864 1877 1865
f 1865 1877 1878
f 1865 1878 1866
f 1866 1878 1879
f 1866 1879 1867
f 1867 1879 1880
f 1867 1880 1868
f 1868 1880 1881
f 1868 1881 1869
f 1869 1881 1882
f 1869 1882 1870
f 1870 1882 1871
f 1870 1871 1859
f 1871 1883 1884
f 1871 1884 1872
f 1872 1884 1885
f 1872 1885 1873
f 1873 1885 1886
f 1873 1886 1874
f 1874 1886 1887
f 1874 1887 1875
f 1875 1887 1888
f 1875 1888 1876
f 1876 1888 1889
f 1876 1889 1877
f 1877 1889 1890
f 1877 1890 1878
f 1878 1890 1891
f 1878 1891 1879
f 1879 1891 1892
f 1879 1892 1880
f 1880 1892 1893
f 1880 1893 1881
f 1881 1893 1894
f 1881 1894 1882
f 1882 1894 1883
f 1882 1883 1871
f 1883 1895 1896
f 1883 1896 1884
f 1884 1896 1897
f 1884 1897 1885
f 1885 1897 1898
f 1885 1898 1886
f 1886 1898 1899
f 1886 1899 1887
f 1887 1899 1900
f 1887 1900 1888
f 1888 1900 1901
f 1888 1901 1889
f 1889 1901 1902
f 1889 1902 1890
f 1890 1902 1903
f 1890 1903 1891
f 1891 1903 1904
f 1891 1904 1892
f 1892 1904 1905
f 1892 1905 1893
f 1893 1905 1906
f 1893 1906 1894
f 1894 1906 1895
f 1894 1895 1883
f 1895 1907 1908
f 1895 1908 1896
f 1896 1908 1909
f 1896 1909 1897
f 1897 1909 1910
f 1897 1910 1898
f 1898 1910 1911
f 1898 1911 1899
f 1899 1911 1912
f 1899 1912 1900
f 1900 1912 1913
f 1900 1913 1901
f 1901 1913 1914
f 1901 1914 1902
f 1902 1914 1915
f 1902 1915 1903
f 1903 1915 1916
f 1903 1916 1904
f 1904 1916 1917
f 1904 1917 1905
f 1905 1917 1918
f 1905 1918 1906
f 1906 1918 1907
f 1906 1907 1895
f 1907 1919 1920
f 1907 1920 1908
f 1908 1920 1921
f 1908 1921 1909
f 1909 1921 1922
f 1909 1922 1910
f 1910 1922 1923
f 1910 1923 1911
f 1911 1923 1924
f 1911 1924 1912
f 1912 1924 1925
f 1912 1925 1913
f 1913 1925 1926
f 1913 1926 1914
f 1914 1926 1927
f 1914 1927 1915
f 1915 1927 1928
f 1915 1928 1916
f 1916 1928 1929
f 1916 1929 1917
f 1917 1929 1930
f 1917 1930 1918
f 1918 1930 1919
f 1918 1919 1907
f 1919 1931 1932
f 1919 1932 1920
f 1920 1932 1933
f 1920 1933 1921
f 1921 1933 1934
f 1921 1934 1922
f 1922 1934 1935
f 1922 1935 1923
f 1923 1935 1936
f 1923 1936 1924
f 1924 1936 1937
f 1924 1937 1925
f 1925 1937 1938
f 1925 1938 1926
f 1926 1938 1939
f 1926 1939 1927
f 1927 1939 1940
f 1927 1940 1928
f 1928 1940 1941
f 1928 1941 1929
f 1929 1941 1942
f 1929 1942 1930
f 1930 1942 1931
f 1930 1931 1919
f 1931 1943 1944
f 1931 1944 1932
f 1932 1944 1945
f 1932 1945 1933
f 1933 1945 1946
f 1933 1946 1934
f 1934 1946 1947
f 1934 1947 1935
f 1935 1947 1948
f 1935 1948 1936
f 1936 1948 1949
f 1936 1949 1937
f 1937 1949 1950
f 1937 1950 1938
f 1938 1950 1951
f 1938 1951 1939
f 1939 1951 1952
f 1939 1952 1940
f 1940 1952 1953
f 1940 1953 1941
f 1941 1953 1954
f 1941 1954 1942
f 1942 1954 1943
f 1942 1943 1931
f 1943 1955 1956
f 1943 1956 1944
f 1944 1956 1957
f 1944 1957 1945
f 1945 1957 1958
f 1945 1958 1946
f 1946 1958 1959
f 1946 1959 1947
f 1947 1959 1960
f 1947 1960 1948
f 1948 1960 1961
f 1948 1961 1949
f 1949 1961 1962
f 1949 1962 1950
f 1950 1962 1963
f 1950 1963 1951
f 1951 1963 1964
f 1951 1964 1952
f 1952 1964 1965
f 1952 1965 1953
f 1953 1965 1966
f 1953 1966 1954
f 1954 1966 1955
f 1954 1955 1943
f 1955 1967 1968
f 1955 1968 1956
f 1956 1968 1969
f 1956 1969 1957
f 1957 1969 1970
f 1957 1970 1958
f 1958 1970 1971
f 1958 1971 1959
f 1959 1971 1972
f 1959 1972 1960
f 1960 1972 1973
f 1960 1973 1961
f 1961 1973 1974
f 1961 1974 1962
f 1962 1974 1975
f 1962 1975 1963
f 1963 1975 1976
f 1963 1976 1964
f 1964 1976 1977
f 1964 1977 1965
f 1965 1977 1978
f 1965 1978 1966
f 1966 1978 1967
f 1966 1967 1955
f 1967 1979 1980
f 1967 1980 1968
f 1968 1980 1981
f 1968 1981 1969
f 1969 1981 1982
f 1969 1982 1970
f 1970 1982 1983
f 1970 1983 1971
f 1971 1983 1984
f 1971 1984 1972
f 1972 1984 1985
f 1972 1985 1973
f 1973 1985 1986
f 1973 1986 1974
f 1974 1986 1987
f 1974 1987 1975
f 1975 1987 1988
f 1975 1988 1976
f 1976 1988 1989
f 1976 1989 1977
f 1977 1989 1990
f 1977 1990 1978
f 1978 1990 1979
f 1978 1979 1967
f 1979 1991 1992
f 1979 1992 1980
f 1980 1992 1993
f 1980 1993 1981
f 1981 1993 1994
f 1981 1994 1982
f 1982 1994 1995
f 1982 1995 1983
f 1983 1995 1996
f 1983 1996 1984
f 1984 1996 1997
f 1984 1997 1985
f 1985 1997 1998
f 1985 1998 1986
f 1986 1998 1999
f 1986 1999 1987
f 1987 1999 2000
f 1987 2000 1988
f 1988 2000 2001
f 1988 2001 1989
f 1989 2001 2002
f 1989 2002 1990
f 1990 2002 1991
f 1990 1991 1979
f 1991 2003 2004
f 1991 2004 1992
f 1992 2004 2005
f 1992 2005 1993
f 1993 2005 2006
f 1993 2006 1994
f 1994 2006 2007
f 1994 2007 1995
f 1995 2007 2008
f 1995 2008 1996
f 1996 2008 2009
f 1996 2009 1997
f 1997 2009 2010
f 1997 2010 1998
f 1998 2010 2011
f 1998 2011 1999
f 1999 2011 2012
f 1999 2012 2000
f 2000 2012 2013
f 2000 2013 2001
f 2001 2013 2014
f 2001 2014 2002
f 2002 2014 2003
f 2002 2003 1991
f 2003 2015 2016
f 2003 2016 2004
f 2004 2016 2017
f 2004 2017 2005
f 2005 2017 2018
f 2005 2018 2006
f 2006 2018 2019
f 2006 2019 2007
f 2007 2019 2020
f 2007 2020 2008
f 2008 2020 2021
f 2008 2021 2009
f 2009 2021 2022
f 2009 2022 2010
f 2010 2022 2023
f 2010 2023 2011
f 2011 2023 2024
f 2011 2024 2012
f 2012 2024 2025
f 2012 2025 2013
f 2013 2025 2026
f 2013 2026 2014
f 2014 2026 2015
f 2014 2015 2003
f 2015 2027 2028
f 2015 2028 2016
f 2016 2028 2029
f 2016 2029 2017
f 2017 2029 2030
f 2017 2030 2018
f 2018 2030 2031
f 2018 2031 2019
f 2019 2031 2032
f 2019 2032 2020
f 2020 2032 2033
f 2020 2033 2021
f 2021 2033 2034
f 2021 2034 2022
f 2022 2034 2035
f 2022 2035 2023
f 2023 2035 2036
f 2023 2036 2024
f 2024 2036 2037
f 2024 2037 2025
f 2025 2037 2038
f 2025 2038 2026
f 2026 2038 2027
f 2026 2027 2015
f 2027 2039 2040
f 2027 2040 2028
f 2028 2040 2041
f 2028 2041 2029
f 2029 2041 2042
f 2029 2042 2030
f 2030 2042 2043
f 2030 2043 2031
f 2031 2043 2044
f 2031 2044 2032
f 2032 2044 2045
f 2032 2045 2033
f 2033 2045 2046
f 2033 2046 2034
f 2034 2046 2047
f 2034 2047 2035
f 2035 2047 2048
f 2035 2048 2036
f 2036 2048 2049
f 2036 2049 2037
f 2037 2049 2050
f 2037 2050 2038
f 2038 2050 2039
f 2038 2039 2027
f 2039 2051 2052
f 2039 2052 2040
f 2040 2052 2053
f 2040 2053 2041
f 2041 2053 2054
f 2041 2054 2042
f 2042 2054 2055
f 2042 2055 2043
f 2043 2055 2056
f 2043 2056 2044
f 2044 2056 2057
f 2044 2057 2045
f 2045 2057 2058
f 2045 2058 2046
f 2046 2058 2059
f 2046 2059 2047
f 2047 2059 2060
f 2047 2060 2048
f 2048 2060 2061
f 2048 2061 2049
f 2049 2061 2062
f 2049 2062 2050
f 2050 2062 2051
f 2050 2051 2039
f 2051 2063 2064
f 2051 2064 2052
f 2052 2064 2065
f 2052 2065 2053
f 2053 2065 2066
f 2053 2066 2054
f 2054 2066 2067
f 2054 2067 2055
f 2055 2067 2068
f 2055 2068 2056
f 2056 2068 2069
f 2056 2069 2057
f 2057 2069 2070
f 2057 2070 2058
f 2058 2070 2071
f 2058 2071 2059
f 2059 2071 2072
f 2059 2072 2060
f 2060 2072 2073
f 2060 2073 2061
f 2061 2073 2074
f 2061 2074 2062
f 2062 2074 2063
f 2062 2063 2051
f 2063 1643 1644
f 2063 1644 2064
f 2064 1644 1645
f 2064 1645 2065
f 2065 1645 1646
f 2065 1646 2066
f 2066 1646 1647
f 2066 1647 2067
f 2067 1647 1648
f 2067 1648 2068
f 2068 1648 1649
f 2068 1649 2069
f 2069 1649 1650
f 2069 1650 2070
f 2070 1650 1651
f 2070 1651 2071
f 2071 1651 1652
f 2071 1652 2072
f 2072 1652 1653
f 2072 1653 2073
f 2073 1653 1654
f 2073 1654 2074
f 2074 1654 1643
f 2074 1643 2063
f 2075 2087 2088
f 2075 2088 2076
f 2076 2088 2089
f 2076 2089 2077
f 2077 2089 2090
f 2077 2090 2078
f 2078 2090 2091
f 2078 2091 2079
f 2079 2091 2092
f 2079 2092 2080
f 2080 2092 2093
f 2080 2093 2081
f 2081 2093 2094
f 2081 2094 2082
f 2082 2094 2095
f 2082 2095 2083
f 2083 2095 2096
f 2083 2096 2084
f 2084 2096 2097
f 2084 2097 2085
f 2085 2097 2098
f 2085 2098 2086
f 2086 2098 2087
f 2086 2087 2075
f 2087 2099 2100
f 2087 2100 2088
f 2088 2100 2101
f 2088 2101 2089
f 2089 2101 2102
f 2089 2102 2090
f 2090 2102 2103
f 2090 2103 2091
f 2091 2103 2104
f 2091 2104 2092
f 2092 2104 2105
f 2092 2105 2093
f 2093 2105 2106
f 2093 2106 2094
f 2094 2106 2107
f 2094 2107 2095
f 2095 2107 2108
f 2095 2108 2096
f 2096 2108 2109
f 2096 2109 2097
f 2097 2109 2110
f 2097 2110 2098
f 2098 2110 2099
f 2098 2099 2087
f 2099 2111 2112
f 2099 2112 2100
f 2100 2112 2113
f 2100 2113 2101
f 2101 2113 2114
f 2101 2114 2102
f 2102 2114 2115
f 2102 2115 2103
f 2103 2115 2116
f 2103 2116 2104
f 2104 2116 2117
f 2104 2117 2105
f 2105 2117 2118
f 2105 2118 2106
f 2106 2118 2119
f 2106 2119 2107
f 2107 2119 2120
f 2107 2120 2108
f 2108 2120 2121
f 2108 2121 2109
f 2109 2121 2122
f 2109 2122 2110
f 2110 2122 2111
f 2110 2111 2099
f 2111 2123 2124
f 2111 2124 2112
f 2112 2124 2125
f 2112 2125 2113
f 2113 2125 2126
f 2113 2126 2114
f 2114 2126 2127
f 2114 2127 2115
f 2115 2127 2128
f 2115 2128 2116
f 2116 2128 2129
f 2116 2129 2117
f 2117 2129 2130
f 2117 2130 2118
f 2118 2130 2131
f 2118 2131 2119
f 2119 2131 2132
f 2119 2132 2120
f 2120 2132 2133
f 2120 2133 2121
f 2121 2133 2134
f 2121 2134 2122
f 2122 2134 2123
f 2122 2123 2111
f 2123 2135 2136
f 2123 2136 2124
f 2124 2136 2137
f 2124 2137 2125
f 2125 2137 2138
f 2125 2138 2126
f 2126 2138 2139
f 2126 2139 2127
f 2127 2139 2140
f 2127 2140 2128
f 2128 2140 2141
f 2128 2141 2129
f 2129 2141 2142
f 2129 2142 2130
f 2130 2142 2143
f 2130 2143 2131
f 2131 2143 2144
f 2131 2144 2132
f 2132 2144 2145
f 2132 2145 2133
f 2133 2145 2146
f 2133 2146 2134
f 2134 2146 2135
f 2134 2135 2123
f 2135 2147 2148
f 2135 2148 2136
f 2136 2148 2149
f 2136 2149 2137
f 2137 2149 2150
f 2137 2150 2138
f 2138 2150 2151
f 2138 2151 2139
f 2139 2151 2152
f 2139 2152 2140
f 2140 2152 2153
f 2140 2153 2141
f 2141 2153 2154
f 2141 2154 2142
f 2142 2154 2155
f 2142 2155 2143
f 2143 2155 2156
f 2143 2156 2144
f 2144 2156 2157
f 2144 2157 2145
f 2145 2157 2158
f 2145 2158 2146
f 2146 2158 2147
f 2146 2147 2135
f 2147 2159 2160
f 2147 2160 2148
f 2148 2160 2161
f 2148 2161 2149
f 2149 2161 2162
f 2149 2162 2150
f 2150 2162 2163
f 2150 2163 2151
f 2151 2163 2164
f 2151 2164 2152
f 2152 2164 2165
f 2152 2165 2153
f 2153 2165 2166
f 2153 2166 2154
f 2154 2166 2167
f 2154 2167 2155
f 2155 2167 2168
f 2155 2168 2156
f 2156 2168 2169
f 2156 2169 2157
f 2157 2169 2170
f 2157 2170 2158
f 2158 2170 2159
f 2158 2159 2147
f 2159 2171 2172
f 2159 2172 2160
f 2160 2172 2173
f 2160 2173 2161
f 2161 2173 2174
f 2161 2174 2162
f 2162 2174 2175
f 2162 2175 2163
f 2163 2175 2176
f 2163 2176 2164
f 2164 2176 2177
f 2164 2177 2165
f 2165 2177 2178
f 2165 2178 2166
f 2166 2178 2179
f 2166 2179 2167
f 2167 2179 2180
f 2167 2180 2168
f 2168 2180 2181
f 2168 2181 2169
f 2169 2181 2182
f 2169 2182 2170
f 2170 2182 2171
f 2170 2171 2159
f 2171 2183 2184
f 2171 2184 2172
f 2172 2184 2185
f 2172 2185 2173
f 2173 2185 2186
f 2173 2186 2174
f 2174 2186 2187
f 2174 2187 2175
f 2175 2187 2188
f 2175 2188 2176
f 2176 2188 2189
f 2176 2189 2177
f 2177 2189 2190
f 2177 2190 2178
f 2178 2190 2191
f 2178 2191 2179
f 2179 2191 2192
f 2179 2192 2180
f 2180 2192 2193
f 2180 2193 2181
f 2181 2193 2194
f 2181 2194 2182
f 2182 2194 2183
f 2182 2183 2171
f 2183 2195 2196
f 2183 2196 2184
f 2184 2196 2197
f 2184 2197 2185
f 2185 2197 2198
f 2185 2198 2186
f 2186 2198 2199
f 2186 2199 2187
f 2187 2199 2200
f 2187 2200 2188
f 2188 2200 2201
f 2188 2201 2189
f 2189 2201 2202
f 2189 2202 2190
f 2190 2202 2203
f 2190 2203 2191
f 2191 2203 2204
f 2191 2204 2192
f 2192 2204 2205
f 2192 2205 2193
f 2193 2205 2206
f 2193 2206 2194
f 2194 2206 2195
f 2194 2195 2183
f 2195 2207 2208
f 2195 2208 2196
f 2196 2208 2209
f 2196 2209 2197
f 2197 2209 2210
f 2197 2210 2198
f 2198 2210 2211
f 2198 2211 2199
f 2199 2211 2212
f 2199 2212 2200
f 2200 2212 2213
f 2200 2213 2201
f 2201 2213 2214
f 2201 2214 2202
f 2202 2214 2215
f 2202 2215 2203
f 2203 2215 2216
f 2203 2216 2204
f 2204 2216 2217
f 2204 2217 2205
f 2205 2217 2218
f 2205 2218 2206
f 2206 2218 2207
f 2206 2207 2195
f 2207 2219 2220
f 2207 2220 2208
f 2208 2220 2221
f 2208 2221 2209
f 2209 2221 2222
f 2209 2222 2210
f 2210 2222 2223
f 2210 2223 2211
f 2211 2223 2224
f 2211 2224 2212
f 2212 2224 2225
f 2212 2225 2213
f 2213 2225 2226
f 2213 2226 2214
f 2214 2226 2227
f 2214 2227 2215
f 2215 2227 2228
f 2215 2228 2216
f 2216 2228 2229
f 2216 2229 2217
f 2217 2229 2230
f 2217 2230 2218
f 2218 2230 2219
f 2218 2219 2207
f 2219 2231 2232
f 2219 2232 2220
f 2220 2232 2233
f 2220 2233 2221
f 2221 2233 2234
f 2221 2234 2222
f 2222 2234 2235
f 2222 2235 2223
f 2223 2235 2236
f 2223 2236 2224
f 2224 2236 2237
f 2224 2237 2225
f 2225 2237 2238
f 2225 2238 2226
f 2226 2238 2239
f 2226 2239 2227
f 2227 2239 2240
f 2227 2240 2228
f 2228 2240 2241
f 2228 2241 2229
f 2229 2241 2242
f 2229 2242 2230
f 2230 2242 2231
f 2230 2231 2219
f 2231 2243 2244
f 2231 2244 2232
f 2232 2244 2245
f 2232 2245 2233
f 2233 2245 2246
f 2233 2246 2234
f 2234 2246 2247
f 2234 2247 2235
f 2235 2247 2248
f 2235 2248 2236
f 2236 2248 2249
f 2236 2249 2237
f 2237 2249 2250
f 2237 2250 2238
f 2238 2250 2251
f 2238 2251 2239
f 2239 2251 2252
f 2239 2252 2240
f 2240 2252 2253
f 2240 2253 2241
f 2241 2253 2254
f 2241 2254 2242
f 2242 2254 2243
f 2242 2243 2231
f 2243 2255 2256
f 2243 2256 2244
f 2244 2256 2257
f 2244 2257 2245
f 2245 2257 2258
f 2245 2258 2246
f 2246 2258 2259
f 2246 2259 2247
f 2247 2259 2260
f 2247 2260 2248
f 2248 2260 2261
f 2248 2261 2249
f 2249 2261 2262
f 2249 2262 2250
f 2250 2262 2263
f 2250 2263 2251
f 2251 2263 2264
f 2251 2264 2252
f 2252 2264 2265
f 2252 2265 2253
f 2253 2265 2266
f 2253 2266 2254
f 2254 2266 2255
f 2254 2255 2243
f 2255 2267 2268
f 2255 2268 2256
f 2256 2268 2269
f 2256 2269 2257
f 2257 2269 2270
f 2257 2270 2258
f 2258 2270 2271
f 2258 2271 2259
f 2259 2271 2272
f 2259 2272 2260
f 2260 2272 2273
f 2260 2273 2261
f 2261 2273 2274
f 2261 2274 2262
f 2262 2274 2275
f 2262 2275 2263
f 2263 2275 2276
f 2263 2276 2264
f 2264 2276 2277
f 2264 2277 2265
f 2265 2277 2278
f 2265 2278 2266
f 2266 2278 2267
f 2266 2267 2255
f 2267 2279 2280
f 2267 2280 2268
f 2268 2280 2281
f 2268 2281 2269
f 2269 2281 2282
f 2269 2282 2270
f 2270 2282 2283
f 2270 2283 2271
f 2271 2283 2284
f 2271 2284 2272
f 2272 2284 2285
f 2272 2285 2273
f 2273 2285 2286
f 2273 2286 2274
f 2274 2286 2287
f 2274 2287 2275
f 2275 2287 2288
f 2275 2288 2276
f 2276 2288 2289
f 2276 2289 2277
f 2277 2289 2290
f 2277 2290 2278
f 2278 2290 2279
f 2278 2279 2267
f 2279 2291 2292
f 2279 2292 2280
f 2280 2292 2293
f 2280 2293 2281
f 2281 2293 2294
f 2281 2294 2282
f 2282 2294 2295
f 2282 2295 2283
f 2283 2295 2296
f 2283 2296 2284
f 2284 2296 2297
f 2284 2297 2285
f 2285 2297 2298
f 2285 2298 2286
f 2286 2298 2299
f 2286 2299 2287
f 2287 2299 2300
f 2287 2300 2288
f 2288 2300 2301
f 2288 2301 2289
f 2289 2301 2302
f 2289 2302 2290
f 2290 2302 2291
f 2290 2291 2279
f 2291 2303 2304
f 2291 2304 2292
f 2292 2304 2305
f 2292 2305 2293
f 2293 2305 2306
f 2293 2306 2294
f 2294 2306 2307
f 2294 2307 2295
f 2295 2307 2308
f 2295 2308 2296
f 2296 2308 2309
f 2296 2309 2297
f 2297 2309 2310
f 2297 2310 2298
f 2298 2310 2311
f 2298 2311 2299
f 2299 2311 2312
f 2299 2312 2300
f 2300 2312 2313
f 2300 2313 2301
f 2301 2313 2314
f 2301 2314 2302
f 2302 2314 2303
f 2302 2303 2291
f 2303 2315 2316
f 2303 2316 2304
f 2304 2316 2317
f 2304 2317 2305
f 2305 2317 2318
f 2305 2318 2306
f 2306 2318 2319
f 2306 2319 2307
f 2307 2319 2320
f 2307 2320 2308
f 2308 2320 2321
f 2308 2321 2309
f 2309 2321 2322
f 2309 2322 2310
f 2310 2322 2323
f 2310 2323 2311
f 2311 2323 2324
f 2311 2324 2312
f 2312 2324 2325
f 2312 2325 2313
f 2313 2325 2326
f 2313 2326 2314
f 2314 2326 2315
f 2314 2315 2303
f 2315 2327 2328
f 2315 2328 2316
f 2316 2328 2329
f 2316 2329 2317
f 2317 2329 2330
f 2317 2330 2318
f 2318 2330 2331
f 2318 2331 2319
f 2319 2331 2332
f 2319 2332 2320
f 2320 2332 2333
f 2320 2333 2321
f 2321 2333 2334
f 2321 2334 2322
f 2322 2334 2335
f 2322 2335 2323
f 2323 2335 2336
f 2323 2336 2324
f 2324 2336 2337
f 2324 2337 2325
f 2325 2337 2338
f 2325 2338 2326
f 2326 2338 2327
f 2326 2327 2315
f 2327 2339 2340
f 2327 2340 2328
f 2328 2340 2341
f 2328 2341 2329
f 2329 2341 2342
f 2329 2342 2330
f 2330 2342 2343
f 2330 2343 2331
f 2331 2343 2344
f 2331 2344 2332
f 2332 2344 2345
f 2332 2345 2333
f 2333 2345 2346
f 2333 2346 2334
f 2334 2346 2347
f 2334 2347 2335
f 2335 2347 2348
f 2335 2348 2336
f 2336 2348 2349
f 2336 2349 2337
f 2337 2349 2350
f 2337 2350 2338
f 2338 2350 2339
f 2338 2339 2327
f 2339 2351 2352
f 2339 2352 2340
f 2340 2352 2353
f 2340 2353 2341
f 2341 2353 2354
f 2341 2354 2342
f 2342 2354 2355
f 2342 2355 2343
f 2343 2355 2356
f 2343 2356 2344
f 2344 2356 2357
f 2344 2357 2345
f 2345 2357 2358
f 2345 2358 2346
f 2346 2358 2359
f 2346 2359 2347
f 2347 2359 2360
f 2347 2360 2348
f 2348 2360 2361
f 2348 2361 2349
f 2349 2361 2362
f 2349 2362 2350
f 2350 2362 2351
f 2350 2351 2339
f 2351 2363 2364
f 2351 2364 2352
f 2352 2364 2365
f 2352 2365 2353
f 2353 2365 2366
f 2353 2366 2354
f 2354 2366 2367
f 2354 2367 2355
f 2355 2367 2368
f 2355 2368 2356
f 2356 2368 2369
f 2356 2369 2357
f 2357 2369 2370
f 2357 2370 2358
f 2358 2370 2371
f 2358 2371 2359
f 2359 2371 2372
f 2359 2372 2360
f 2360 2372 2373
f 2360 2373 2361
f 2361 2373 2374
f 2361 2374 2362
f 2362 2374 2363
f 2362 2363 2351
f 2363 2375 2376
f 2363 2376 2364
f 2364 2376 2377
f 2364 2377 2365
f 2365 2377 2378
f 2365 2378 2366
f 2366 2378 2379
f 2366 2379 2367
f 2367 2379 2380
f 2367 2380 2368
f 2368 2380 2381
f 2368 2381 2369
f 2369 2381 2382
f 2369 2382 2370
f 2370 2382 2383
f 2370 2383 2371
f 2371 2383 2384
f 2371 2384 2372
f 2372 2384 2385
f 2372 2385 2373
f 2373 2385 2386
f 2373 2386 2374
f 2374 2386 2375
f 2374 2375 2363
f 2375 2387 2388
f 2375 2388 2376
f 2376 2388 2389
f 2376 2389 2377
f 2377 2389 2390
f 2377 2390 2378
f 2378 2390 2391
f 2378 2391 2379
f 2379 2391 2392
f 2379 2392 2380
f 2380 2392 2393
f 2380 2393 2381
f 2381 2393 2394
f 2381 2394 2382
f 2382 2394 2395
f 2382 2395 2383
f 2383 2395 2396
f 2383 2396 2384
f 2384 2396 2397
f 2384 2397 2385
f 2385 2397 2398
f 2385 2398 2386
f 2386 2398 2387
f 2386 2387 2375
f 2387 2399 2400
f 2387 2400 2388
f 2388 2400 2401
f 2388 2401 2389
f 2389 2401 2402
f 2389 2402 2390
f 2390 2402 2403
f 2390 2403 2391
f 2391 2403 2404
f 2391 2404 2392
f 2392 2404 2405
f 2392 2405 2393
f 2393 2405 2406
f 2393 2406 2394
f 2394 2406 2407
f 2394 2407 2395
f 2395 2407 2408
f 2395 2408 2396
f 2396 2408 2409
f 2396 2409 2397
f 2397 2409 2410
f 2397 2410 2398
f 2398 2410 2399
f 2398 2399 2387
f 2399 2411 2412
f 2399 2412 2400
f 2400 2412 2413
f 2400 2413 2401
f 2401 2413 2414
f 2401 2414 2402
f 2402 2414 2415
f 2402 2415 2403
f 2403 2415 2416
f 2403 2416 2404
f 2404 2416 2417
f 2404 2417 2405
f 2405 2417 2418
f 2405 2418 2406
f 2406 2418 2419
f 2406 2419 2407
f 2407 2419 2420
f 2407 2420 2408
f 2408 2420 2421
f 2408 2421 2409
f 2409 2421 2422
f 2409 2422 2410
f 2410 2422 2411
f 2410 2411 2399
f 2411 2423 2424
f 2411 2424 2412
f 2412 2424 2425
f 2412 2425 2413
f 2413 2425 2426
f 2413 2426 2414
f 2414 2426 2427
f 2414 2427 2415
f 2415 2427 2428
f 2415 2428 2416
f 2416 2428 2429
f 2416 2429 2417
f 2417 2429 2430
f 2417 2430 2418
f 2418 2430 2431
f 2418 2431 2419
f 2419 2431 2432
f 2419 2432 2420
f 2420 2432 2433
f 2420 2433 2421
f 2421 2433 2434
f 2421 2434 2422
f 2422 2434 2423
f 2422 2423 2411
f 2423 2435 2436
f 2423 2436 2424
f 2424 2436 2437
f 2424 2437 2425
f 2425 2437 2438
f 2425 2438 2426
f 2426 2438 2439
f 2426 2439 2427
f 2427 2439 2440
f 2427 2440 2428
f 2428 2440 2441
f 2428 2441 2429
f 2429 2441 2442
f 2429 2442 2430
f 2430 2442 2443
f 2430 2443 2431
f 2431 2443 2444
f 2431 2444 2432
f 2432 2444 2445
f 2432 2445 2433
f 2433 2445 2446
f 2433 2446 2434
f 2434 2446 2435
f 2434 2435 2423
f 2435 2447 2448
f 2435 2448 2436
f 2436 2448 2449
f 2436 2449 2437
f 2437 2449 2450
f 2437 2450 2438
f 2438 2450 2451
f 2438 2451 2439
f 2439 2451 2452
f 2439 2452 2440
f 2440 2452 2453
f 2440 2453 2441
f 2441 2453 2454
f 2441 2454 2442
f 2442 2454 2455
f 2442 2455 2443
f 2443 2455 2456
f 2443 2456 2444
f 2444 2456 2457
f 2444 2457 2445
f 2445 2457 2458
f 2445 2458 2446
f 2446 2458 2447
f 2446 2447 2435
f 2447 2459 2460
f 2447 2460 2448
f 2448 2460 2461
f 2448 2461 2449
f 2449 2461 2462
f 2449 2462 2450
f 2450 2462 2463
f 2450 2463 2451
f 2451 2463 2464
f 2451 2464 2452
f 2452 2464 2465
f 2452 2465 2453
f 2453 2465 2466
f 2453 2466 2454
f 2454 2466 2467
f 2454 2467 2455
f 2455 2467 2468
f 2455 2468 2456
f 2456 2468 2469
f 2456 2469 2457
f 2457 2469 2470
f 2457 2470 2458
f 2458 2470 2459
f 2458 2459 2447
f 2459 2471 2472
f 2459 2472 2460
f 2460 2472 2473
f 2460 2473 2461
f 2461 2473 2474
f 2461 2474 2462
f 2462 2474 2475
f 2462 2475 2463
f 2463 2475 2476
f 2463 2476 2464
f 2464 2476 2477
f 2464 2477 2465
f 2465 2477 2478
f 2465 2478 2466
f 2466 2478 2479
f 2466 2479 2467
f 2467 2479 2480
f 2467 2480 2468
f 2468 2480 2481
f 2468 2481 2469
f 2469 2481 2482
f 2469 2482 2470
f 2470 2482 2471
f 2470 2471 2459
f 2471 2483 2484
f 2471 2484 2472
f 2472 2484 2485
f 2472 2485 2473
f 2473 2485 2486
f 2473 2486 2474
f 2474 2486 2487
f 2474 2487 2475
f 2475 2487 2488
f 2475 2488 2476
f 2476 2488 2489
f 2476 2489 2477
f 2477 2489 2490
f 2477 2490 2478
f 2478 2490 2491
f 2478 2491 2479
f 2479 2491 2492
f 2479 2492 2480
f 2480 2492 2493
f 2480 2493 2481
f 2481 2493 2494
f 2481 2494 2482
f 2482 2494 2483
f 2482 2483 2471
f 2483 2495 2496
f 2483 2496 2484
f 2484 2496 2497
f 2484 2497 2485
f 2485 2497 2498
f 2485 2498 2486
f 2486 2498 2499
f 2486 2499 2487
f 2487 2499 2500
f 2487 2500 2488
f 2488 2500 2501
f 2488 2501 2489
f 2489 2501 2502
f 2489 2502 2490
f 2490 2502 2503
f 2490 2503 2491
f 2491 2503 2504
f 2491 2504 2492
f 2492 2504 2505
f 2492 2505 2493
f 2493 2505 2506
f 2493 2506 2494
f 2494 2506 2495
f 2494 2495 2483
f 2495 2075 2076
f 2495 2076 2496
f 2496 2076 2077
f 2496 2077 2497
f 2497 2077 2078
f 2497 2078 2498
f 2498 2078 2079
f 2498 2079 2499
f 2499 2079 2080
f 2499 2080 2500
f 2500 2080 2081
f 2500 2081 2501
f 2501 2081 2082
f 2501 2082 2502
f 2502 2082 2083
f 2502 2083 2503
f 2503 2083 2084
f 2503 2084 2504
f 2504 2084 2085
f 2504 2085 2505
f 2505 2085 2086
f 2505 2086 2506
f 2506 2086 2075
f 2506 2075 2495
f 2507 2519 2520
f 2507 2520 2508
f 2508 2520 2521
f 2508 2521 2509
f 2509 2521 2522
f 2509 2522 2510
f 2510 2522 2523
f 2510 2523 2511
f 2511 2523 2524
f 2511 2524 2512
f 2512 2524 2525
f 2512 2525 2513
f 2513 2525 2526
f 2513 2526 2514
f 2514 2526 2527
f 2514 2527 2515
f 2515 2527 2528
f 2515 2528 2516
f 2516 2528 2529
f 2516 2529 2517
f 2517 2529 2530
f 2517 2530 2518
f 2518 2530 2519
f 2518 2519 2507
f 2519 2531 2532
f 2519 2532 2520
f 2520 2532 2533
f 2520 2533 2521
f 2521 2533 2534
f 2521 2534 2522
f 2522 2534 2535
f 2522 2535 2523
f 2523 2535 2536
f 2523 2536 2524
f 2524 2536 2537
f 2524 2537 2525
f 2525 2537 2538
f 2525 2538 2526
f 2526 2538 2539
f 2526 2539 2527
f 2527 2539 2540
f 2527 2540 2528
f 2528 2540 2541
f 2528 2541 2529
f 2529 2541 2542
f 2529 2542 2530
f 2530 2542 2531
f 2530 2531 2519
f 2531 2543 2544
f 2531 2544 2532
f 2532 2544 2545
f 2532 2545 2533
f 2533 2545 2546
f 2533 2546 2534
f 2534 2546 2547
f 2534 2547 2535
f 2535 2547 2548
f 2535 2548 2536
f 2536 2548 2549
f 2536 2549 2537
f 2537 2549 2550
f 2537 2550 2538
f 2538 2550 2551
f 2538 2551 2539
f 2539 2551 2552
f 2539 2552 2540
f 2540 2552 2553
f 2540 2553 2541
f 2541 2553 2554
f 2541 2554 2542
f 2542 2554 2543
f 2542 2543 2531
f 2543 2555 2556
f 2543 2556 2544
f 2544 2556 2557
f 2544 2557 2545
f 2545 2557 2558
f 2545 2558 2546
f 2546 2558 2559
f 2546 2559 2547
f 2547 2559 2560
f 2547 2560 2548
f 2548 2560 2561
f 2548 2561 2549
f 2549 2561 2562
f 2549 2562 2550
f 2550 2562 2563
f 2550 2563 2551
f 2551 2563 2564
f 2551 2564 2552
f 2552 2564 2565
f 2552 2565 2553
f 2553 2565 2566
f 2553 2566 2554
f 2554 2566 2555
f 2554 2555 2543
f 2555 2567 2568
f 2555 2568 2556
f 2556 2568 2569
f 2556 2569 2557
f 2557 2569 2570
f 2557 2570 2558
f 2558 2570 2571
f 2558 2571 2559
f 2559 2571 2572
f 2559 2572 2560
f 2560 2572 2573
f 2560 2573 2561
f 2561 2573 2574
f 2561 2574 2562
f 2562 2574 2575
f 2562 2575 2563
f 2563 2575 2576
f 2563 2576 2564
f 2564 2576 2577
f 2564 2577 2565
f 2565 2577 2578
f 2565 2578 2566
f 2566 2578 2567
f 2566 2567 2555
f 2567 2579 2580
f 2567 2580 2568
f 2568 2580 2581
f 2568 2581 2569
f 2569 2581 2582
f 2569 2582 2570
f 2570 2582 2583
f 2570 2583 2571
f 2571 2583 2584
f 2571 2584 2572
f 2572 2584 2585
f 2572 2585 2573
f 2573 2585 2586
f 2573 2586 2574
f 2574 2586 2587
f 2574 2587 2575
f 2575 2587 2588
f 2575 2588 2576
f 2576 2588 2589
f 2576 2589 2577
f 2577 2589 2590
f 2577 2590 2578
f 2578 2590 2579
f 2578 2579 2567
f 2579 2591 2592
f 2579 2592 2580
f 2580 2592 2593
f 2580 2593 2581
f 2581 2593 2594
f 2581 2594 2582
f 2582 2594 2595
f 2582 2595 2583
f 2583 2595 2596
f 2583 2596 2584
f 2584 2596 2597
f 2584 2597 2585
f 2585 2597 2598
f 2585 2598 2586
f 2586 2598 2599
f 2586 2599 2587
f 2587 2599 2600
f 2587 2600 2588
f 2588 2600 2601
f 2588 2601 2589
f 2589 2601 2602
f 2589 2602 2590
f 2590 2602 2591
f 2590 2591 2579
f 2591 2603 2604
f 2591 2604 2592
f 2592 2604 2605
f 2592 2605 2593
f 2593 2605 2606
f 2593 2606 2594
f 2594 2606 2607
f 2594 2607 2595
f 2595 2607 2608
f 2595 2608 2596
f 2596 2608 2609
f 2596 2609 2597
f 2597 2609 2610
f 2597 2610 2598
f 2598 2610 2611
f 2598 2611 2599
f 2599 2611 2612
f 2599 2612 2600
f 2600 2612 2613
f 2600 2613 2601
f 2601 2613 2614
f 2601 2614 2602
f 2602 2614 2603
f 2602 2603 2591
f 2603 2615 2616
f 2603 2616 2604
f 2604 2616 2617
f 2604 2617 2605
f 2605 2617 2618
f 2605 2618 2606
f 2606 2618 2619
f 2606 2619 2607
f 2607 2619 2620
f 2607 2620 2608
f 2608 2620 2621
f 2608 2621 2609
f 2609 2621 2622
f 2609 2622 2610
f 2610 2622 2623
f 2610 2623 2611
f 2611 2623 2624
f 2611 2624 2612
f 2612 2624 2625
f 2612 2625 2613
f 2613 2625 2626
f 2613 2626 2614
f 2614 2626 2615
f 2614 2615 2603
f 2615 2627 2628
f 2615 2628 2616
f 2616 2628 2629
f 2616 2629 2617
f 2617 2629 2630
f 2617 2630 2618
f 2618 2630 2631
f 2618 2631 2619
f 2619 2631 2632
f 2619 2632 2620
f 2620 2632 2633
f 2620 2633 2621
f 2621 2633 2634
f 2621 2634 2622
f 2622 2634 2635
f 2622 2635 2623
f 2623 2635 2636
f 2623 2636 2624
f 2624 2636 2637
f 2624 2637 2625
f 2625 2637 2638
f 2625 2638 2626
f 2626 2638 2627
f 2626 2627 2615
f 2627 2639 2640
f 2627 2640 2628
f 2628 2640 2641
f 2628 2641 2629
f 2629 2641 2642
f 2629 2642 2630
f 2630 2642 2643
f 2630 2643 2631
f 2631 2643 2644
f 2631 2644 2632
f 2632 2644 2645
f 2632 2645 2633
f 2633 2645 2646
f 2633 2646 2634
f 2634 2646 2647
f 2634 2647 2635
f 2635 2647 2648
f 2635 2648 2636
f 2636 2648 2649
f 2636 2649 2637
f 2637 2649 2650
f 2637 2650 2638
f 2638 2650 2639
f 2638 2639 2627
f 2639 2651 2652
f 2639 2652 2640
f 2640 2652 2653
f 2640 2653 2641
f 2641 2653 2654
f 2641 2654 2642
f 2642 2654 2655
f 2642 2655 2643
f 2643 2655 2656
f 2643 2656 2644
f 2644 2656 2657
f 2644 2657 2645
f 2645 2657 2658
f 2645 2658 2646
f 2646 2658 2659
f 2646 2659 2647
f 2647 2659 2660
f 2647 2660 2648
f 2648 2660 2661
f 2648 2661 2649
f 2649 2661 2662
f 2649 2662 2650
f 2650 2662 2651
f 2650 2651 2639
f 2651 2663 2664
f 2651 2664 2652
f 2652 2664 2665
f 2652 2665 2653
f 2653 2665 2666
f 2653 2666 2654
f 2654 2666 2667
f 2654 2667 2655
f 2655 2667 2668
f 2655 2668 2656
f 2656 2668 2669
f 2656 2669 2657
f 2657 2669 2670
f 2657 2670 2658
f 2658 2670 2671
f 2658 2671 2659
f 2659 2671 2672
f 2659 2672 2660
f 2660 2672 2673
f 2660 2673 2661
f 2661 2673 2674
f 2661 2674 2662
f 2662 2674 2663
f 2662 2663 2651
f 2663 2675 2676
f 2663 2676 2664
f 2664 2676 2677
f 2664 2677 2665
f 2665 2677 2678
f 2665 2678 2666
f 2666 2678 2679
f 2666 2679 2667
f 2667 2679 2680
f 2667 2680 2668
f 2668 2680 2681
f 2668 2681 2669
f 2669 2681 2682
f 2669 2682 2670
f 2670 2682 2683
f 2670 2683 2671
f 2671 2683 2684
f 2671 2684 2672
f 2672 2684 2685
f 2672 2685 2673
f 2673 2685 2686
f 2673 2686 2674
f 2674 2686 2675
f 2674 2675 2663
f 2675 2687 2688
f 2675 2688 2676
f 2676 2688 2689
f 2676 2689 2677
f 2677 2689 2690
f 2677 2690 2678
f 2678 2690 2691
f 2678 2691 2679
f 2679 2691 2692
f 2679 2692 2680
f 2680 2692 2693
f 2680 2693 2681
f 2681 2693 2694
f 2681 2694 2682
f 2682 2694 2695
f 2682 2695 2683
f 2683 2695 2696
f 2683 2696 2684
f 2684 2696 2697
f 2684 2697 2685
f 2685 2697 2698
f 2685 2698 2686
f 2686 2698 2687
f 2686 2687 2675
f 2687 2699 2700
f 2687 2700 2688
f 2688 2700 2701
f 2688 2701 2689
f 2689 2701 2702
f 2689 2702 2690
f 2690 2702 2703
f 2690 2703 2691
f 2691 2703 2704
f 2691 2704 2692
f 2692 2704 2705
f 2692 2705 2693
f 2693 2705 2706
f 2693 2706 2694
f 2694 2706 2707
f 2694 2707 2695
f 2695 2707 2708
f 2695 2708 2696
f 2696 2708 2709
f 2696 2709 2697
f 2697 2709 2710
f 2697 2710 2698
f 2698 2710 2699
f 2698 2699 2687
f 2699 2711 2712
f 2699 2712 2700
f 2700 2712 2713
f 2700 2713 2701
f 2701 2713 2714
f 2701 2714 2702
f 2702 2714 2715
f 2702 2715 2703
f 2703 2715 2716
f 2703 2716 2704
f 2704 2716 2717
f 2704 2717 2705
f 2705 2717 2718
f 2705 2718 2706
f 2706 2718 2719
f 2706 2719 2707
f 2707 2719 2720
f 2707 2720 2708
f 2708 2720 2721
f 2708 2721 2709
f 2709 2721 2722
f 2709 2722 2710
f 2710 2722 2711
f 2710 2711 2699
f 2711 2723 2724
f 2711 2724 2712
f 2712 2724 2725
f 2712 2725 2713
f 2713 2725 2726
f 2713 2726 2714
f 2714 2726 2727
f 2714 2727 2715
f 2715 2727 2728
f 2715 2728 2716
f 2716 2728 2729
f 2716 2729 2717
f 2717 2729 2730
f 2717 2730 2718
f 2718 2730 2731
f 2718 2731 2719
f 2719 2731 2732
f 2719 2732 2720
f 2720 2732 2733
f 2720 2733 2721
f 2721 2733 2734
f 2721 2734 2722
f 2722 2734 2723
f 2722 2723 2711
f 2723 2735 2736
f 2723 2736 2724
f 2724 2736 2737
f 2724 2737 2725
f 2725 2737 2738
f 2725 2738 2726
f 2726 2738 2739
f 2726 2739 2727
f 2727 2739 2740
f 2727 2740 2728
f 2728 2740 2741
f 2728 2741 2729
f 2729 2741 2742
f 2729 2742 2730
f 2730 2742 2743
f 2730 2743 2731
f 2731 2743 2744
f 2731 2744 2732
f 2732 2744 2745
f 2732 2745 2733
f 2733 2745 2746
f 2733 2746 2734
f 2734 2746 2735
f 2734 2735 2723
f 2735 2747 2748
f 2735 2748 2736
f 2736 2748 2749
f 2736 2749 2737
f 2737 2749 2750
f 2737 2750 2738
f 2738 2750 2751
f 2738 2751 2739
f 2739 2751 2752
f 2739 2752 2740
f 2740 2752 2753
f 2740 2753 2741
f 2741 2753 2754
f 2741 2754 2742
f 2742 2754 2755
f 2742 2755 2743
f 2743 2755 2756
f 2743 2756 2744
f 2744 2756 2757
f 2744 2757 2745
f 2745 2757 2758
f 2745 2758 2746
f 2746 2758 2747
f 2746 2747 2735
f 2747 2759 2760
f 2747 2760 2748
f 2748 2760 2761
f 2748 2761 2749
f 2749 2761 2762
f 2749 2762 2750
f 2750 2762 2763
f 2750 2763 2751
f 2751 2763 2764
f 2751 2764 2752
f 2752 2764 2765
f 2752 2765 2753
f 2753 2765 2766
f 2753 2766 2754
f 2754 2766 2767
f 2754 2767 2755
f 2755 2767 2768
f 2755 2768 2756
f 2756 2768 2769
f 2756 2769 2757
f 2757 2769 2770
f 2757 2770 2758
f 2758 2770 2759
f 2758 2759 2747
f 2759 2771 2772
f 2759 2772 2760
f 2760 2772 2773
f 2760 2773 2761
f 2761 2773 2774
f 2761 2774 2762
f 2762 2774 2775
f 2762 2775 2763
f 2763 2775 2776
f 2763 2776 2764
f 2764 2776 2777
f 2764 2777 2765
f 2765 2777 2778
f 2765 2778 2766
f 2766 2778 2779
f 2766 2779 2767
f 2767 2779 2780
f 2767 2780 2768
f 2768 2780 2781
f 2768 2781 2769
f 2769 2781 2782
f 2769 2782 2770
f 2770 2782 2771
f 2770 2771 2759
f 2771 2783 2784
f 2771 2784 2772
f 2772 2784 2785
f 2772 2785 2773
f 2773 2785 2786
f 2773 2786 2774
f 2774 2786 2787
f 2774 2787 2775
f 2775 2787 2788
f 2775 2788 2776
f 2776 2788 2789
f 2776 2789 2777
f 2777 2789 2790
f 2777 2790 2778
f 2778 2790 2791
f 2778 2791 2779
f 2779 2791 2792
f 2779 2792 2780
f 2780 2792 2793
f 2780 2793 2781
f 2781 2793 2794
f 2781 2794 2782
f 2782 2794 2783
f 2782 2783 2771
f 2783 2795 2796
f 2783 2796 2784
f 2784 2796 2797
f 2784 2797 2785
f 2785 2797 2798
f 2785 2798 2786
f 2786 2798 2799
f 2786 2799 2787
f 2787 2799 2800
f 2787 2800 2788
f 2788 2800 2801
f 2788 2801 2789
f 2789 2801 2802
f 2789 2802 2790
f 2790 2802 2803
f 2790 2803 2791
f 2791 2803 2804
f 2791 2804 2792
f 2792 2804 2805
f 2792 2805 2793
f 2793 2805 2806
f 2793 2806 2794
f 2794 2806 2795
f 2794 2795 2783
f 2795 2807 2808
f 2795 2808 2796
f 2796 2808 2809
f 2796 2809 2797
f 2797 2809 2810
f 2797 2810 2798
f 2798 2810 2811
f 2798 2811 2799
f 2799 2811 2812
f 2799 2812 2800
f 2800 2812 2813
f 2800 2813 2801
f 2801 2813 2814
f 2801 2814 2802
f 2802 2814 2815
f 2802 2815 2803
f 2803 2815 2816
f 2803 2816 2804
f 2804 2816 2817
f 2804 2817 2805
f 2805 2817 2818
f 2805 2818 2806
f 2806 2818 2807
f 2806 2807 2795
f 2807 2819 2820
f 2807 2820 2808
f 2808 2820 2821
f 2808 2821 2809
f 2809 2821 2822
f 2809 2822 2810
f 2810 2822 2823
f 2810 2823 2811
f 2811 2823 2824
f 2811 2824 2812
f 2812 2824 2825
f 2812 2825 2813
f 2813 2825 2826
f 2813 2826 2814
f 2814 2826 2827
f 2814 2827 2815
f 2815 2827 2828
f 2815 2828 2816
f 2816 2828 2829
f 2816 2829 2817
f 2817 2829 2830
f 2817 2830 2818
f 2818 2830 2819
f 2818 2819 2807
f 2819 2831 2832
f 2819 2832 2820
f 2820 2832 2833
f 2820 2833 2821
f 2821 2833 2834
f 2821 2834 2822
f 2822 2834 2835
f 2822 2835 2823
f 2823 2835 2836
f 2823 2836 2824
f 2824 2836 2837
f 2824 2837 2825
f 2825 2837 2838
f 2825 2838 2826
f 2826 2838 2839
f 2826 2839 2827
f 2827 2839 2840
f 2827 2840 2828
f 2828 2840 2841
f 2828 2841 2829
f 2829 2841 2842
f 2829 2842 2830
f 2830 2842 2831
f 2830 2831 2819
f 2831 2843 2844
f 2831 2844 2832
f 2832 2844 2845
f 2832 2845 2833
f 2833 2845 2846
f 2833 2846 2834
f 2834 2846 2847
f 2834 2847 2835
f 2835 2847 2848
f 2835 2848 2836
f 2836 2848 2849
f 2836 2849 2837
f 2837 2849 2850
f 2837 2850 2838
f 2838 2850 2851
f 2838 2851 2839
f 2839 2851 2852
f 2839 2852 2840
f 2840 2852 2853
f 2840 2853 2841
f 2841 2853 2854
f 2841 2854 2842
f 2842 2854 2843
f 2842 2843 2831
f 2843 2855 2856
f 2843 2856 2844
f 2844 2856 2857
f 2844 2857 2845
f 2845 2857 2858
f 2845 2858 2846
f 2846 2858 2859
f 2846 2859 2847
f 2847 2859 2860
f 2847 2860 2848
f 2848 2860 2861
f 2848 2861 2849
f 2849 2861 2862
f 2849 2862 2850
f 2850 2862 2863
f 2850 2863 2851
f 2851 2863 2864
f 2851 2864 2852
f 2852 2864 2865
f 2852 2865 2853
f 2853 2865 2866
f 2853 2866 2854
f 2854 2866 2855
f 2854 2855 2843
f 2855 2867 2868
f 2855 2868 2856
f 2856 2868 2869
f 2856 2869 2857
f 2857 2869 2870
f 2857 2870 2858
f 2858 2870 2871
f 2858 2871 2859
f 2859 2871 2872
f 2859 2872 2860
f 2860 2872 2873
f 2860 2873 2861
f 2861 2873 2874
f 2861 2874 2862
f 2862 2874 2875
f 2862 2875 2863
f 2863 2875 2876
f 2863 2876 2864
f 2864 2876 2877
f 2864 2877 2865
f 2865 2877 2878
f 2865 2878 2866
f 2866 2878 2867
f 2866 2867 2855
f 2867 2879 2880
f 2867 2880 2868
f 2868 2880 2881
f 2868 2881 2869
f 2869 2881 2882
f 2869 2882 2870
f 2870 2882 2883
f 2870 2883 2871
f 2871 2883 2884
f 2871 2884 2872
f 2872 2884 2885
f 2872 2885 2873
f 2873 2885 2886
f 2873 2886 2874
f 2874 2886 2887
f 2874 2887 2875
f 2875 2887 2888
f 2875 2888 2876
f 2876 2888 2889
f 2876 2889 2877
f 2877 2889 2890
f 2877 2890 2878
f 2878 2890 2879
f 2878 2879 2867
f 2879 2891 2892
f 2879 2892 2880
f 2880 2892 2893
f 2880 2893 2881
f 2881 2893 2894
f 2881 2894 2882
f 2882 2894 2895
f 2882 2895 2883
f 2883 2895 2896
f 2883 2896 2884
f 2884 2896 2897
f 2884 2897 2885
f 2885 2897 2898
f 2885 2898 2886
f 2886 2898 2899
f 2886 2899 2887
f 2887 2899 2900
f 2887 2900 2888
f 2888 2900 2901
f 2888 2901 2889
f 2889 2901 2902
f 2889 2902 2890
f 2890 2902 2891
f 2890 2891 2879
f 2891 2903 2904
f 2891 2904 2892
f 2892 2904 2905
f 2892 2905 2893
f 2893 2905 2906
f 2893 2906 2894
f 2894 2906 2907
f 2894 2907 2895
f 2895 2907 2908
f 2895 2908 2896
f 2896 2908 2909
f 2896 2909 2897
f 2897 2909 2910
f 2897 2910 2898
f 2898 2910 2911
f 2898 2911 2899
f 2899 2911 2912
f 2899 2912 2900
f 2900 2912 2913
f 2900 2913 2901
f 2901 2913 2914
f 2901 2914 2902
f 2902 2914 2903
f 2902 2903 2891
f 2903 2915 2916
f 2903 2916 2904
f 2904 2916 2917
f 2904 2917 2905
f 2905 2917 2918
f 2905 2918 2906
f 2906 2918 2919
f 2906 2919 2907
f 2907 2919 2920
f 2907 2920 2908
f 2908 2920 2921
f 2908 2921 2909
f 2909 2921 2922
f 2909 2922 2910
f 2910 2922 2923
f 2910 2923 2911
f 2911 2923 2924
f 2911 2924 2912
f 2912 2924 2925
f 2912 2925 2913
f 2913 2925 2926
f 2913 2926 2914
f 2914 2926 2915
f 2914 2915 2903
f 2915 2927 2928
f 2915 2928 2916
f 2916 2928 2929
f 2916 2929 2917
f 2917 2929 2930
f 2917 2930 2918
f 2918 2930 2931
f 2918 2931 2919
f 2919 2931 2932
f 2919 2932 2920
f 2920 2932 2933
f 2920 2933 2921
f 2921 2933 2934
f 2921 2934 2922
f 2922 2934 2935
f 2922 2935 2923
f 2923 2935 2936
f 2923 2936 2924
f 2924 2936 2937
f 2924 2937 2925
f 2925 2937 2938
f 2925 2938 2926
f 2926 2938 2927
f 2926 2927 2915
f 2927 2507 2508
f 2927 2508 2928
f 2928 2508 2509
f 2928 2509 2929
f 2929 2509 2510
f 2929 2510 2930
f 2930 2510 2511
f 2930 2511 2931
f 2931 2511 2512
f 2931 2512 2932
f 2932 2512 2513
f 2932 2513 2933
f 2933 2513 2514
f 2933 2514 2934
f 2934 2514 2515
f 2934 2515 2935
f 2935 2515 2516
f 2935 2516 2936
f 2936 2516 2517
f 2936 2517 2937
f 2937 2517 2518
f 2937 2518 2938
f 2938 2518 2507
f 2938 2507 2927
f 2939 2963 2964
f 2939 2964 2940
f 2940 2964 2965
f 2940 2965 2941
f 2941 2965 2966
f 2941 2966 2942
f 2942 2966 2967
f 2942 2967 2943
f 2943 2967 2968
f 2943 2968 2944
f 2944 2968 2969
f 2944 2969 2945
f 2945 2969 2970
f 2945 2970 2946
f 2946 2970 2971
f 2946 2971 2947
f 2947 2971 2972
f 2947 2972 2948
f 2948 2972 2973
f 2948 2973 2949
f 2949 2973 2974
f 2949 2974 2950
f 2950 2974 2975
f 2950 2975 2951
f 2951 2975 2976
f 2951 2976 2952
f 2952 2976 2977
f 2952 2977 2953
f 2953 2977 2978
f 2953 2978 2954
f 2954 2978 2979
f 2954 2979 2955
f 2955 2979 2980
f 2955 2980 2956
f 2956 2980 2981
f 2956 2981 2957
f 2957 2981 2982
f 2957 2982 2958
f 2958 2982 2983
f 2958 2983 2959
f 2959 2983 2984
f 2959 2984 2960
f 2960 2984 2985
f 2960 2985 2961
f 2961 2985 2986
f 2961 2986 2962
f 2962 2986 2963
f 2962 2963 2939
f 2963 2987 2988
f 2963 2988 2964
f 2964 2988 2989
f 2964 2989 2965
f 2965 2989 2990
f 2965 2990 2966
f 2966 2990 2991
f 2966 2991 2967
f 2967 2991 2992
f 2967 2992 2968
f 2968 2992 2993
f 2968 2993 2969
f 2969 2993 2994
f 2969 2994 2970
f 2970 2994 2995
f 2970 2995 2971
f 2971 2995 2996
f 2971 2996 2972
f 2972 2996 2997
f 2972 2997 2973
f 2973 2997 2998
f 2973 2998 2974
f 2974 2998 2999
f 2974 2999 2975
f 2975 2999 3000
f 2975 3000 2976
f 2976 3000 3001
f 2976 3001 2977
f 2977 3001 3002
f 2977 3002 2978
f 2978 3002 3003
f 2978 3003 2979
f 2979 3003 3004
f 2979 3004 2980
f 2980 3004 3005
f 2980 3005 2981
f 2981 3005 3006
f 2981 3006 2982
f 2982 3006 3007
f 2982 3007 2983
f 2983 3007 3008
f 2983 3008 2984
f 2984 3008 3009
f 2984 3009 2985
f 2985 3009 3010
f 2985 3010 2986
f 2986 3010 2987
f 2986 2987 2963
f 2987 3011 3012
f 2987 3012 2988
f 2988 3012 3013
f 2988 3013 2989
f 2989 3013 3014
f 2989 3014 2990
f 2990 3014 3015
f 2990 3015 2991
f 2991 3015 3016
f 2991 3016 2992
f 2992 3016 3017
f 2992 3017 2993
f 2993 3017 3018
f 2993 3018 2994
f 2994 3018 3019
f 2994 3019 2995
f 2995 3019 3020
f 2995 3020 2996
f 2996 3020 3021
f 2996 3021 2997
f 2997 3021 3022
f 2997 3022 2998
f 2998 3022 3023
f 2998 3023 2999
f 2999 3023 3024
f 2999 3024 3000
f 3000 3024 3025
f 3000 3025 3001
f 3001 3025 3026
f 3001 3026 3002
f 3002 3026 3027
f 3002 3027 3003
f 3003 3027 3028
f 3003 3028 3004
f 3004 3028 3029
f 3004 3029 3005
f 3005 3029 3030
f 3005 3030 3006
f 3006 3030 3031
f 3006 3031 3007
f 3007 3031 3032
f 3007 3032 3008
f 3008 3032 3033
f 3008 3033 3009
f 3009 3033 3034
f 3009 3034 3010
f 3010 3034 3011
f 3010 3011 2987
f 3035 2940 2939
f 3036 3011 3012
f 3035 2941 2940
f 3036 3012 3013
f 3035 2942 2941
f 3036 3013 3014
f 3035 2943 2942
f 3036 3014 3015
f 3035 2944 2943
f 3036 3015 3016
f 3035 2945 2944
f 3036 3016 3017
f 3035 2946 2945
f 3036 3017 3018
f 3035 2947 2946
f 3036 3018 3019
f 3035 2948 2947
f 3036 3019 3020
f 3035 2949 2948
f 3036 3020 3021
f 3035 2950 2949
f 3036 3021 3022
f 3035 2951 2950
f 3036 3022 3023
f 3035 2952 2951
f 3036 3023 3024
f 3035 2953 2952
f 3036 3024 3025
f 3035 2954 2953
f 3036 3025 3026
f 3035 2955 2954
f 3036 3026 3027
f 3035 2956 2955
f 3036 3027 3028
f 3035 2957 2956
f 3036 3028 3029
f 3035 2958 2957
f 3036 3029 3030
f 3035 2959 2958
f 3036 3030 3031
f 3035 2960 2959
f 3036 3031 3032
f 3035 2961 2960
f 3036 3032 3033
f 3035 2962 2961
f 3036 3033 3034
f 3035 2939 2962
f 3036 3034 3011
f 3037 3039 3038
f 3037 3040 3039
f 3041 3042 3043
f 3041 3043 3044
f 3037 3041 3044
f 3037 3044 3040
f 3038 3039 3043
f 3038 3043 3042
f 3040 3044 3043
f 3040 3043 3039
f 3037 3038 3042
f 3037 3042 3041
f 3045 3047 3046
f 3045 3048 3047
f 3049 3050 3051
f 3049 3051 3052
f 3045 3049 3052
f 3045 3052 3048
f 3046 3047 3051
f 3046 3051 3050
f 3048 3052 3051
f 3048 3051 3047
f 3045 3046 3050
f 3045 3050 3049
f 3053 3055 3054
f 3053 3056 3055
f 3057 3058 3059
f 3057 3059 3060
f 3053 3057 3060
f 3053 3060 3056
f 3054 3055 3059
f 3054 3059 3058
f 3056 3060 3059
f 3056 3059 3055
f 3053 3054 3058
f 3053 3058 3057
f 3061 3063 3062
f 3061 3064 3063
f 3065 3066 3067
f 3065 3067 3068
f 3061 3065 3068
f 3061 3068 3064
f 3062 3063 3067
f 3062 3067 3066
f 3064 3068 3067
f 3064 3067 3063
f 3061 3062 3066
f 3061 3066 3065
f 3069 3071 3070
f 3069 3072 3071
f 3073 3074 3075
f 3073 3075 3076
f 3069 3073 3076
f 3069 3076 3072
f 3070 3071 3075
f 3070 3075 3074
f 3072 3076 3075
f 3072 3075 3071
f 3069 3070 3074
f 3069 3074 3073
f 3077 3079 3078
f 3077 3080 3079
f 3081 3082 3083
f 3081 3083 3084
f 3077 3081 3084
f 3077 3084 3080
f 3078 3079 3083
f 3078 3083 3082
f 3080 3084 3083
f 3080 3083 3079
f 3077 3078 3082
f 3077 3082 3081
f 3085 3087 3086
f 3085 3088 3087
f 3089 3090 3091
f 3089 3091 3092
f 3085 3089 3092
f 3085 3092 3088
f 3086 3087 3091
f 3086 3091 3090
f 3088 3092 3091
f 3088 3091 3087
f 3085 3086 3090
f 3085 3090 3089
f 3093 3095 3094
f 3093 3096 3095
f 3097 3098 3099
f 3097 3099 3100
f 3093 3097 3100
f 3093 3100 3096
f 3094 3095 3099
f 3094 3099 3098
f 3096 3100 3099
f 3096 3099 3095
f 3093 3094 3098
f 3093 3098 3097
f 3101 3103 3102
f 3101 3104 3103
f 3105 3106 3107
f 3105 3107 3108
f 3101 3105 3108
f 3101 3108 3104
f 3102 3103 3107
f 3102 3107 3106
f 3104 3108 3107
f 3104 3107 3103
f 3101 3102 3106
f 3101 3106 3105
f 3109 3117 3118
f 3109 3118 3110
f 3110 3118 3119
f 3110 3119 3111
f 3111 3119 3120
f 3111 3120 3112
f 3112 3120 3121
f 3112 3121 3113
f 3113 3121 3122
f 3113 3122 3114
f 3114 3122 3123
f 3114 3123 3115
f 3115 3123 3124
f 3115 3124 3116
f 3116 3124 3117
f 3116 3117 3109
f 3117 3125 3126
f 3117 3126 3118
f 3118 3126 3127
f 3118 3127 3119
f 3119 3127 3128
f 3119 3128 3120
f 3120 3128 3129
f 3120 3129 3121
f 3121 3129 3130
f 3121 3130 3122
f 3122 3130 3131
f 3122 3131 3123
f 3123 3131 3132
f 3123 3132 3124
f 3124 3132 3125
f 3124 3125 3117
f 3133 3110 3109
f 3134 3125 3126
f 3133 3111 3110
f 3134 3126 3127
f 3133 3112 3111
f 3134 3127 3128
f 3133 3113 3112
f 3134 3128 3129
f 3133 3114 3113
f 3134 3129 3130
f 3133 3115 3114
f 3134 3130 3131
f 3133 3116 3115
f 3134 3131 3132
f 3133 3109 3116
f 3134 3132 3125
f 3135 3143 3144
f 3135 3144 3136
f 3136 3144 3145
f 3136 3145 3137
f 3137 3145 3146
f 3137 3146 3138
f 3138 3146 3147
f 3138 3147 3139
f 3139 3147 3148
f 3139 3148 3140
f 3140 3148 3149
f 3140 3149 3141
f 3141 3149 3150
f 3141 3150 3142
f 3142 3150 3143
f 3142 3143 3135
f 3143 3151 3152
f 3143 3152 3144
f 3144 3152 3153
f 3144 3153 3145
f 3145 3153 3154
f 3145 3154 3146
f 3146 3154 3155
f 3146 3155 3147
f 3147 3155 3156
f 3147 3156 3148
f 3148 3156 3157
f 3148 3157 3149
f 3149 3157 3158
f 3149 3158 3150
f 3150 3158 3151
f 3150 3151 3143
f 3159 3136 3135
f 3160 3151 3152
f 3159 3137 3136
f 3160 3152 3153
f 3159 3138 3137
f 3160 3153 3154
f 3159 3139 3138
f 3160 3154 3155
f 3159 3140 3139
f 3160 3155 3156
f 3159 3141 3140
f 3160 3156 3157
f 3159 3142 3141
f 3160 3157 3158
f 3159 3135 3142
f 3160 3158 3151
f 3161 3169 3170
f 3161 3170 3162
f 3162 3170 3171
f 3162 3171 3163
f 3163 3171 3172
f 3163 3172 3164
f 3164 3172 3173
f 3164 3173 3165
f 3165 3173 3174
f 3165 3174 3166
f 3166 3174 3175
f 3166 3175 3167
f 3167 3175 3176
f 3167 3176 3168
f 3168 3176 3169
f 3168 3169 3161
f 3169 3177 3178
f 3169 3178 3170
f 3170 3178 3179
f 3170 3179 3171
f 3171 3179 3180
f 3171 3180 3172
f 3172 3180 3181
f 3172 3181 3173
f 3173 3181 3182
f 3173 3182 3174
f 3174 3182 3183
f 3174 3183 3175
f 3175 3183 3184
f 3175 3184 3176
f 3176 3184 3177
f 3176 3177 3169
f 3185 3162 3161
f 3186 3177 3178
f 3185 3163 3162
f 3186 3178 3179
f 3185 3164 3163
f 3186 3179 3180
f 3185 3165 3164
f 3186 3180 3181
f 3185 3166 3165
f 3186 3181 3182
f 3185 3167 3166
f 3186 3182 3183
f 3185 3168 3167
f 3186 3183 3184
f 3185 3161 3168
f 3186 3184 3177
f 3187 3195 3196
f 3187 3196 3188
f 3188 3196 3197
f 3188 3197 3189
f 3189 3197 3198
f 3189 3198 3190
f 3190 3198 3199
f 3190 3199 3191
f 3191 3199 3200
f 3191 3200 3192
f 3192 3200 3201
f 3192 3201 3193
f 3193 3201 3202
f 3193 3202 3194
f 3194 3202 3195
f 3194 3195 3187
f 3195 3203 3204
f 3195 3204 3196
f 3196 3204 3205
f 3196 3205 3197
f 3197 3205 3206
f 3197 3206 3198
f 3198 3206 3207
f 3198 3207 3199
f 3199 3207 3208
f 3199 3208 3200
f 3200 3208 3209
f 3200 3209 3201
f 3201 3209 3210
f 3201 3210 3202
f 3202 3210 3203
f 3202 3203 3195
f 3211 3188 3187
f 3212 3203 3204
f 3211 3189 3188
f 3212 3204 3205
f 3211 3190 3189
f 3212 3205 3206
f 3211 3191 3190
f 3212 3206 3207
f 3211 3192 3191
f 3212 3207 3208
f 3211 3193 3192
f 3212 3208 3209
f 3211 3194 3193
f 3212 3209 3210
f 3211 3187 3194
f 3212 3210 3203
f 3213 3221 3222
f 3213 3222 3214
f 3214 3222 3223
f 3214 3223 3215
f 3215 3223 3224
f 3215 3224 3216
f 3216 3224 3225
f 3216 3225 3217
f 3217 3225 3226
f 3217 3226 3218
f 3218 3226 3227
f 3218 3227 3219
f 3219 3227 3228
f 3219 3228 3220
f 3220 3228 3221
f 3220 3221 3213
f 3221 3229 3230
f 3221 3230 3222
f 3222 3230 3231
f 3222 3231 3223
f 3223 3231 3232
f 3223 3232 3224
f 3224 3232 3233
f 3224 3233 3225
f 3225 3233 3234
f 3225 3234 3226
f 3226 3234 3235
f 3226 3235 3227
f 3227 3235 3236
f 3227 3236 3228
f 3228 3236 3229
f 3228 3229 3221
f 3237 3214 3213
f 3238 3229 3230
f 3237 3215 3214
f 3238 3230 3231
f 3237 3216 3215
f 3238 3231 3232
f 3237 3217 3216
f 3238 3232 3233
f 3237 3218 3217
f 3238 3233 3234
f 3237 3219 3218
f 3238 3234 3235
f 3237 3220 3219
f 3238 3235 3236
f 3237 3213 3220
f 3238 3236 3229
f 3239 3247 3248
f 3239 3248 3240
f 3240 3248 3249
f 3240 3249 3241
f 3241 3249 3250
f 3241 3250 3242
f 3242 3250 3251
f 3242 3251 3243
f 3243 3251 3252
f 3243 3252 3244
f 3244 3252 3253
f 3244 3253 3245
f 3245 3253 3254
f 3245 3254 3246
f 3246 3254 3247
f 3246 3247 3239
f 3247 3255 3256
f 3247 3256 3248
f 3248 3256 3257
f 3248 3257 3249
f 3249 3257 3258
f 3249 3258 3250
f 3250 3258 3259
f 3250 3259 3251
f 3251 3259 3260
f 3251 3260 3252
f 3252 3260 3261
f 3252 3261 3253
f 3253 3261 3262
f 3253 3262 3254
f 3254 3262 3255
f 3254 3255 3247
f 3263 3240 3239
f 3264 3255 3256
f 3263 3241 3240
f 3264 3256 3257
f 3263 3242 3241
f 3264 3257 3258
f 3263 3243 3242
f 3264 3258 3259
f 3263 3244 3243
f 3264 3259 3260
f 3263 3245 3244
f 3264 3260 3261
f 3263 3246 3245
f 3264 3261 3262
f 3263 3239 3246
f 3264 3262 3255
f 3265 3273 3274
f 3265 3274 3266
f 3266 3274 3275
f 3266 3275 3267
f 3267 3275 3276
f 3267 3276 3268
f 3268 3276 3277
f 3268 3277 3269
f 3269 3277 3278
f 3269 3278 3270
f 3270 3278 3279
f 3270 3279 3271
f 3271 3279 3280
f 3271 3280 3272
f 3272 3280 3273
f 3272 3273 3265
f 3273 3281 3282
f 3273 3282 3274
f 3274 3282 3283
f 3274 3283 3275
f 3275 3283 3284
f 3275 3284 3276
f 3276 3284 3285
f 3276 3285 3277
f 3277 3285 3286
f 3277 3286 3278
f 3278 3286 3287
f 3278 3287 3279
f 3279 3287 3288
f 3279 3288 3280
f 3280 3288 3281
f 3280 3281 3273
f 3289 3266 3265
f 3290 3281 3282
f 3289 3267 3266
f 3290 3282 3283
f 3289 3268 3267
f 3290 3283 3284
f 3289 3269 3268
f 3290 3284 3285
f 3289 3270 3269
f 3290 3285 3286
f 3289 3271 3270
f 3290 3286 3287
f 3289 3272 3271
f 3290 3287 3288
f 3289 3265 3272
f 3290 3288 3281
f 3291 3299 3300
f 3291 3300 3292
f 3292 3300 3301
f 3292 3301 3293
f 3293 3301 3302
f 3293 3302 3294
f 3294 3302 3303
f 3294 3303 3295
f 3295 3303 3304
f 3295 3304 3296
f 3296 3304 3305
f 3296 3305 3297
f 3297 3305 3306
f 3297 3306 3298
f 3298 3306 3299
f 3298 3299 3291
f 3299 3307 3308
f 3299 3308 3300
f 3300 3308 3309
f 3300 3309 3301
f 3301 3309 3310
f 3301 3310 3302
f 3302 3310 3311
f 3302 3311 3303
f 3303 3311 3312
f 3303 3312 3304
f 3304 3312 3313
f 3304 3313 3305
f 3305 3313 3314
f 3305 3314 3306
f 3306 3314 3307
f 3306 3307 3299
f 3315 3292 3291
f 3316 3307 3308
f 3315 3293 3292
f 3316 3308 3309
f 3315 3294 3293
f 3316 3309 3310
f 3315 3295 3294
f 3316 3310 3311
f 3315 3296 3295
f 3316 3311 3312
f 3315 3297 3296
f 3316 3312 3313
f 3315 3298 3297
f 3316 3313 3314
f 3315 3291 3298
f 3316 3314 3307
f 3317 3325 3326
f 3317 3326 3318
f 3318 3326 3327
f 3318 3327 3319
f 3319 3327 3328
f 3319 3328 3320
f 3320 3328 3329
f 3320 3329 3321
f 3321 3329 3330
f 3321 3330 3322
f 3322 3330 3331
f 3322 3331 3323
f 3323 3331 3332
f 3323 3332 3324
f 3324 3332 3325
f 3324 3325 3317
f 3325 3333 3334
f 3325 3334 3326
f 3326 3334 3335
f 3326 3335 3327
f 3327 3335 3336
f 3327 3336 3328
f 3328 3336 3337
f 3328 3337 3329
f 3329 3337 3338
f 3329 3338 3330
f 3330 3338 3339
f 3330 3339 3331
f 3331 3339 3340
f 3331 3340 3332
f 3332 3340 3333
f 3332 3333 3325
f 3341 3318 3317
f 3342 3333 3334
f 3341 3319 3318
f 3342 3334 3335
f 3341 3320 3319
f 3342 3335 3336
f 3341 3321 3320
f 3342 3336 3337
f 3341 3322 3321
f 3342 3337 3338
f 3341 3323 3322
f 3342 3338 3339
f 3341 3324 3323
f 3342 3339 3340
f 3341 3317 3324
f 3342 3340 3333
f 3343 3351 3352
f 3343 3352 3344
f 3344 3352 3353
f 3344 3353 3345
f 3345 3353 3354
f 3345 3354 3346
f 3346 3354 3355
f 3346 3355 3347
f 3347 3355 3356
f 3347 3356 3348
f 3348 3356 3357
f 3348 3357 3349
f 3349 3357 3358
f 3349 3358 3350
f 3350 3358 3351
f 3350 3351 3343
f 3351 3359 3360
f 3351 3360 3352
f 3352 3360 3361
f 3352 3361 3353
f 3353 3361 3362
f 3353 3362 3354
f 3354 3362 3363
f 3354 3363 3355
f 3355 3363 3364
f 3355 3364 3356
f 3356 3364 3365
f 3356 3365 3357
f 3357 3365 3366
f 3357 3366 3358
f 3358 3366 3359
f 3358 3359 3351
f 3367 3344 3343
f 3368 3359 3360
f 3367 3345 3344
f 3368 3360 3361
f 3367 3346 3345
f 3368 3361 3362
f 3367 3347 3346
f 3368 3362 3363
f 3367 3348 3347
f 3368 3363 3364
f 3367 3349 3348
f 3368 3364 3365
f 3367 3350 3349
f 3368 3365 3366
f 3367 3343 3350
f 3368 3366 3359
f 3369 3377 3378
f 3369 3378 3370
f 3370 3378 3379
f 3370 3379 3371
f 3371 3379 3380
f 3371 3380 3372
f 3372 3380 3381
f 3372 3381 3373
f 3373 3381 3382
f 3373 3382 3374
f 3374 3382 3383
f 3374 3383 3375
f 3375 3383 3384
f 3375 3384 3376
f 3376 3384 3377
f 3376 3377 3369
f 3377 3385 3386
f 3377 3386 3378
f 3378 3386 3387
f 3378 3387 3379
f 3379 3387 3388
f 3379 3388 3380
f 3380 3388 3389
f 3380 3389 3381
f 3381 3389 3390
f 3381 3390 3382
f 3382 3390 3391
f 3382 3391 3383
f 3383 3391 3392
f 3383 3392 3384
f 3384 3392 3385
f 3384 3385 3377
f 3393 3370 3369
f 3394 3385 3386
f 3393 3371 3370
f 3394 3386 3387
f 3393 3372 3371
f 3394 3387 3388
f 3393 3373 3372
f 3394 3388 3389
f 3393 3374 3373
f 3394 3389 3390
f 3393 3375 3374
f 3394 3390 3391
f 3393 3376 3375
f 3394 3391 3392
f 3393 3369 3376
f 3394 3392 3385
f 3395 3403 3404
f 3395 3404 3396
f 3396 3404 3405
f 3396 3405 3397
f 3397 3405 3406
f 3397 3406 3398
f 3398 3406 3407
f 3398 3407 3399
f 3399 3407 3408
f 3399 3408 3400
f 3400 3408 3409
f 3400 3409 3401
f 3401 3409 3410
f 3401 3410 3402
f 3402 3410 3403
f 3402 3403 3395
f 3403 3411 3412
f 3403 3412 3404
f 3404 3412 3413
f 3404 3413 3405
f 3405 3413 3414
f 3405 3414 3406
f 3406 3414 3415
f 3406 3415 3407
f 3407 3415 3416
f 3407 3416 3408
f 3408 3416 3417
f 3408 3417 3409
f 3409 3417 3418
f 3409 3418 3410
f 3410 3418 3411
f 3410 3411 3403
f 3419 3396 3395
f 3420 3411 3412
f 3419 3397 3396
f 3420 3412 3413
f 3419 3398 3397
f 3420 3413 3414
f 3419 3399 3398
f 3420 3414 3415
f 3419 3400 3399
f 3420 3415 3416
f 3419 3401 3400
f 3420 3416 3417
f 3419 3402 3401
f 3420 3417 3418
f 3419 3395 3402
f 3420 3418 3411
f 3421 3429 3430
f 3421 3430 3422
f 3422 3430 3431
f 3422 3431 3423
f 3423 3431 3432
f 3423 3432 3424
f 3424 3432 3433
f 3424 3433 3425
f 3425 3433 3434
f 3425 3434 3426
f 3426 3434 3435
f 3426 3435 3427
f 3427 3435 3436
f 3427 3436 3428
f 3428 3436 3429
f 3428 3429 3421
f 3429 3437 3438
f 3429 3438 3430
f 3430 3438 3439
f 3430 3439 3431
f 3431 3439 3440
f 3431 3440 3432
f 3432 3440 3441
f 3432 3441 3433
f 3433 3441 3442
f 3433 3442 3434
f 3434 3442 3443
f 3434 3443 3435
f 3435 3443 3444
f 3435 3444 3436
f 3436 3444 3437
f 3436 3437 3429
f 3445 3422 3421
f 3446 3437 3438
f 3445 3423 3422
f 3446 3438 3439
f 3445 3424 3423
f 3446 3439 3440
f 3445 3425 3424
f 3446 3440 3441
f 3445 3426 3425
f 3446 3441 3442
f 3445 3427 3426
f 3446 3442 3443
f 3445 3428 3427
f 3446 3443 3444
f 3445 3421 3428
f 3446 3444 3437
f 3447 3455 3456
f 3447 3456 3448
f 3448 3456 3457
f 3448 3457 3449
f 3449 3457 3458
f 3449 3458 3450
f 3450 3458 3459
f 3450 3459 3451
f 3451 3459 3460
f 3451 3460 3452
f 3452 3460 3461
f 3452 3461 3453
f 3453 3461 3462
f 3453 3462 3454
f 3454 3462 3455
f 3454 3455 3447
f 3455 3463 3464
f 3455 3464 3456
f 3456 3464 3465
f 3456 3465 3457
f 3457 3465 3466
f 3457 3466 3458
f 3458 3466 3467
f 3458 3467 3459
f 3459 3467 3468
f 3459 3468 3460
f 3460 3468 3469
f 3460 3469 3461
f 3461 3469 3470
f 3461 3470 3462
f 3462 3470 3463
f 3462 3463 3455
f 3471 3448 3447
f 3472 3463 3464
f 3471 3449 3448
f 3472 3464 3465
f 3471 3450 3449
f 3472 3465 3466
f 3471 3451 3450
f 3472 3466 3467
f 3471 3452 3451
f 3472 3467 3468
f 3471 3453 3452
f 3472 3468 3469
f 3471 3454 3453
f 3472 3469 3470
f 3471 3447 3454
f 3472 3470 3463
f 3473 3481 3482
f 3473 3482 3474
f 3474 3482 3483
f 3474 3483 3475
f 3475 3483 3484
f 3475 3484 3476
f 3476 3484 3485
f 3476 3485 3477
f 3477 3485 3486
f 3477 3486 3478
f 3478 3486 3487
f 3478 3487 3479
f 3479 3487 3488
f 3479 3488 3480
f 3480 3488 3481
f 3480 3481 3473
f 3481 3489 3490
f 3481 3490 3482
f 3482 3490 3491
f 3482 3491 3483
f 3483 3491 3492
f 3483 3492 3484
f 3484 3492 3493
f 3484 3493 3485
f 3485 3493 3494
f 3485 3494 3486
f 3486 3494 3495
f 3486 3495 3487
f 3487 3495 3496
f 3487 3496 3488
f 3488 3496 3489
f 3488 3489 3481
f 3497 3474 3473
f 3498 3489 3490
f 3497 3475 3474
f 3498 3490 3491
f 3497 3476 3475
f 3498 3491 3492
f 3497 3477 3476
f 3498 3492 3493
f 3497 3478 3477
f 3498 3493 3494
f 3497 3479 3478
f 3498 3494 3495
f 3497 3480 3479
f 3498 3495 3496
f 3497 3473 3480
f 3498 3496 3489
f 3499 3507 3508
f 3499 3508 3500
f 3500 3508 3509
f 3500 3509 3501
f 3501 3509 3510
f 3501 3510 3502
f 3502 3510 3511
f 3502 3511 3503
f 3503 3511 3512
f 3503 3512 3504
f 3504 3512 3513
f 3504 3513 3505
f 3505 3513 3514
f 3505 3514 3506
f 3506 3514 3507
f 3506 3507 3499
f 3507 3515 3516
f 3507 3516 3508
f 3508 3516 3517
f 3508 3517 3509
f 3509 3517 3518
f 3509 3518 3510
f 3510 3518 3519
f 3510 3519 3511
f 3511 3519 3520
f 3511 3520 3512
f 3512 3520 3521
f 3512 3521 3513
f 3513 3521 3522
f 3513 3522 3514
f 3514 3522 3515
f 3514 3515 3507
f 3523 3500 3499
f 3524 3515 3516
f 3523 3501 3500
f 3524 3516 3517
f 3523 3502 3501
f 3524 3517 3518
f 3523 3503 3502
f 3524 3518 3519
f 3523 3504 3503
f 3524 3519 3520
f 3523 3505 3504
f 3524 3520 3521
f 3523 3506 3505
f 3524 3521 3522
f 3523 3499 3506
f 3524 3522 3515
f 3525 3533 3534
f 3525 3534 3526
f 3526 3534 3535
f 3526 3535 3527
f 3527 3535 3536
f 3527 3536 3528
f 3528 3536 3537
f 3528 3537 3529
f 3529 3537 3538
f 3529 3538 3530
f 3530 3538 3539
f 3530 3539 3531
f 3531 3539 3540
f 3531 3540 3532
f 3532 3540 3533
f 3532 3533 3525
f 3533 3541 3542
f 3533 3542 3534
f 3534 3542 3543
f 3534 3543 3535
f 3535 3543 3544
f 3535 3544 3536
f 3536 3544 3545
f 3536 3545 3537
f 3537 3545 3546
f 3537 3546 3538
f 3538 3546 3547
f 3538 3547 3539
f 3539 3547 3548
f 3539 3548 3540
f 3540 3548 3541
f 3540 3541 3533
f 3549 3526 3525
f 3550 3541 3542
f 3549 3527 3526
f 3550 3542 3543
f 3549 3528 3527
f 3550 3543 3544
f 3549 3529 3528
f 3550 3544 3545
f 3549 3530 3529
f 3550 3545 3546
f 3549 3531 3530
f 3550 3546 3547
f 3549 3532 3531
f 3550 3547 3548
f 3549 3525 3532
f 3550 3548 3541
f 3551 3559 3560
f 3551 3560 3552
f 3552 3560 3561
f 3552 3561 3553
f 3553 3561 3562
f 3553 3562 3554
f 3554 3562 3563
f 3554 3563 3555
f 3555 3563 3564
f 3555 3564 3556
f 3556 3564 3565
f 3556 3565 3557
f 3557 3565 3566
f 3557 3566 3558
f 3558 3566 3559
f 3558 3559 3551
f 3559 3567 3568
f 3559 3568 3560
f 3560 3568 3569
f 3560 3569 3561
f 3561 3569 3570
f 3561 3570 3562
f 3562 3570 3571
f 3562 3571 3563
f 3563 3571 3572
f 3563 3572 3564
f 3564 3572 3573
f 3564 3573 3565
f 3565 3573 3574
f 3565 3574 3566
f 3566 3574 3567
f 3566 3567 3559
f 3575 3552 3551
f 3576 3567 3568
f 3575 3553 3552
f 3576 3568 3569
f 3575 3554 3553
f 3576 3569 3570
f 3575 3555 3554
f 3576 3570 3571
f 3575 3556 3555
f 3576 3571 3572
f 3575 3557 3556
f 3576 3572 3573
f 3575 3558 3557
f 3576 3573 3574
f 3575 3551 3558
f 3576 3574 3567
f 3577 3601 3602
f 3577 3602 3578
f 3578 3602 3603
f 3578 3603 3579
f 3579 3603 3604
f 3579 3604 3580
f 3580 3604 3605
f 3580 3605 3581
f 3581 3605 3606
f 3581 3606 3582
f 3582 3606 3607
f 3582 3607 3583
f 3583 3607 3608
f 3583 3608 3584
f 3584 3608 3609
f 3584 3609 3585
f 3585 3609 3610
f 3585 3610 3586
f 3586 3610 3611
f 3586 3611 3587
f 3587 3611 3612
f 3587 3612 3588
f 3588 3612 3613
f 3588 3613 3589
f 3589 3613 3614
f 3589 3614 3590
f 3590 3614 3615
f 3590 3615 3591
f 3591 3615 3616
f 3591 3616 3592
f 3592 3616 3617
f 3592 3617 3593
f 3593 3617 3618
f 3593 3618 3594
f 3594 3618 3619
f 3594 3619 3595
f 3595 3619 3620
f 3595 3620 3596
f 3596 3620 3621
f 3596 3621 3597
f 3597 3621 3622
f 3597 3622 3598
f 3598 3622 3623
f 3598 3623 3599
f 3599 3623 3624
f 3599 3624 3600
f 3600 3624 3601
f 3600 3601 3577
f 3601 3625 3626
f 3601 3626 3602
f 3602 3626 3627
f 3602 3627 3603
f 3603 3627 3628
f 3603 3628 3604
f 3604 3628 3629
f 3604 3629 3605
f 3605 3629 3630
f 3605 3630 3606
f 3606 3630 3631
f 3606 3631 3607
f 3607 3631 3632
f 3607 3632 3608
f 3608 3632 3633
f 3608 3633 3609
f 3609 3633 3634
f 3609 3634 3610
f 3610 3634 3635
f 3610 3635 3611
f 3611 3635 3636
f 3611 3636 3612
f 3612 3636 3637
f 3612 3637 3613
f 3613 3637 3638
f 3613 3638 3614
f 3614 3638 3639
f 3614 3639 3615
f 3615 3639 3640
f 3615 3640 3616
f 3616 3640 3641
f 3616 3641 3617
f 3617 3641 3642
f 3617 3642 3618
f 3618 3642 3643
f 3618 3643 3619
f 3619 3643 3644
f 3619 3644 3620
f 3620 3644 3645
f 3620 3645 3621
f 3621 3645 3646
f 3621 3646 3622
f 3622 3646 3647
f 3622 3647 3623
f 3623 3647 3648
f 3623 3648 3624
f 3624 3648 3625
f 3624 3625 3601
f 3625 3649 3650
f 3625 3650 3626
f 3626 3650 3651
f 3626 3651 3627
f 3627 3651 3652
f 3627 3652 3628
f 3628 3652 3653
f 3628 3653 3629
f 3629 3653 3654
f 3629 3654 3630
f 3630 3654 3655
f 3630 3655 3631
f 3631 3655 3656
f 3631 3656 3632
f 3632 3656 3657
f 3632 3657 3633
f 3633 3657 3658
f 3633 3658 3634
f 3634 3658 3659
f 3634 3659 3635
f 3635 3659 3660
f 3635 3660 3636
f 3636 3660 3661
f 3636 3661 3637
f 3637 3661 3662
f 3637 3662 3638
f 3638 3662 3663
f 3638 3663 3639
f 3639 3663 3664
f 3639 3664 3640
f 3640 3664 3665
f 3640 3665 3641
f 3641 3665 3666
f 3641 3666 3642
f 3642 3666 3667
f 3642 3667 3643
f 3643 3667 3668
f 3643 3668 3644
f 3644 3668 3669
f 3644 3669 3645
f 3645 3669 3670
f 3645 3670 3646
f 3646 3670 3671
f 3646 3671 3647
f 3647 3671 3672
f 3647 3672 3648
f 3648 3672 3649
f 3648 3649 3625
f 3673 3578 3577
f 3674 3649 3650
f 3673 3579 3578
f 3674 3650 3651
f 3673 3580 3579
f 3674 3651 3652
f 3673 3581 3580
f 3674 3652 3653
f 3673 3582 3581
f 3674 3653 3654
f 3673 3583 3582
f 3674 3654 3655
f 3673 3584 3583
f 3674 3655 3656
f 3673 3585 3584
f 3674 3656 3657
f 3673 3586 3585
f 3674 3657 3658
f 3673 3587 3586
f 3674 3658 3659
f 3673 3588 3587
f 3674 3659 3660
f 3673 3589 3588
f 3674 3660 3661
f 3673 3590 3589
f 3674 3661 3662
f 3673 3591 3590
f 3674 3662 3663
f 3673 3592 3591
f 3674 3663 3664
f 3673 3593 3592
f 3674 3664 3665
f 3673 3594 3593
f 3674 3665 3666
f 3673 3595 3594
f 3674 3666 3667
f 3673 3596 3595
f 3674 3667 3668
f 3673 3597 3596
f 3674 3668 3669
f 3673 3598 3597
f 3674 3669 3670
f 3673 3599 3598
f 3674 3670 3671
f 3673 3600 3599
f 3674 3671 3672
f 3673 3577 3600
f 3674 3672 3649
f 3675 3691 3692
f 3675 3692 3676
f 3676 3692 3693
f 3676 3693 3677
f 3677 3693 3694
f 3677 3694 3678
f 3678 3694 3695
f 3678 3695 3679
f 3679 3695 3696
f 3679 3696 3680
f 3680 3696 3697
f 3680 3697 3681
f 3681 3697 3698
f 3681 3698 3682
f 3682 3698 3699
f 3682 3699 3683
f 3683 3699 3700
f 3683 3700 3684
f 3684 3700 3701
f 3684 3701 3685
f 3685 3701 3702
f 3685 3702 3686
f 3686 3702 3703
f 3686 3703 3687
f 3687 3703 3704
f 3687 3704 3688
f 3688 3704 3705
f 3688 3705 3689
f 3689 3705 3706
f 3689 3706 3690
f 3690 3706 3691
f 3690 3691 3675
f 3691 3707 3708
f 3691 3708 3692
f 3692 3708 3709
f 3692 3709 3693
f 3693 3709 3710
f 3693 3710 3694
f 3694 3710 3711
f 3694 3711 3695
f 3695 3711 3712
f 3695 3712 3696
f 3696 3712 3713
f 3696 3713 3697
f 3697 3713 3714
f 3697 3714 3698
f 3698 3714 3715
f 3698 3715 3699
f 3699 3715 3716
f 3699 3716 3700
f 3700 3716 3717
f 3700 3717 3701
f 3701 3717 3718
f 3701 3718 3702
f 3702 3718 3719
f 3702 3719 3703
f 3703 3719 3720
f 3703 3720 3704
f 3704 3720 3721
f 3704 3721 3705
f 3705 3721 3722
f 3705 3722 3706
f 3706 3722 3707
f 3706 3707 3691
f 3707 3723 3724
f 3707 3724 3708
f 3708 3724 3725
f 3708 3725 3709
f 3709 3725 3726
f 3709 3726 3710
f 3710 3726 3727
f 3710 3727 3711
f 3711 3727 3728
f 3711 3728 3712
f 3712 3728 3729
f 3712 3729 3713
f 3713 3729 3730
f 3713 3730 3714
f 3714 3730 3731
f 3714 3731 3715
f 3715 3731 3732
f 3715 3732 3716
f 3716 3732 3733
f 3716 3733 3717
f 3717 3733 3734
f 3717 3734 3718
f 3718 3734 3735
f 3718 3735 3719
f 3719 3735 3736
f 3719 3736 3720
f 3720 3736 3737
f 3720 3737 3721
f 3721 3737 3738
f 3721 3738 3722
f 3722 3738 3723
f 3722 3723 3707
f 3723 3739 3740
f 3723 3740 3724
f 3724 3740 3741
f 3724 3741 3725
f 3725 3741 3742
f 3725 3742 3726
f 3726 3742 3743
f 3726 3743 3727
f 3727 3743 3744
f 3727 3744 3728
f 3728 3744 3745
f 3728 3745 3729
f 3729 3745 3746
f 3729 3746 3730
f 3730 3746 3747
f 3730 3747 3731
f 3731 3747 3748
f 3731 3748 3732
f 3732 3748 3749
f 3732 3749 3733
f 3733 3749 3750
f 3733 3750 3734
f 3734 3750 3751
f 3734 3751 3735
f 3735 3751 3752
f 3735 3752 3736
f 3736 3752 3753
f 3736 3753 3737
f 3737 3753 3754
f 3737 3754 3738
f 3738 3754 3739
f 3738 3739 3723
f 3755 3676 3675
f 3756 3739 3740
f 3755 3677 3676
f 3756 3740 3741
f 3755 3678 3677
f 3756 3741 3742
f 3755 3679 3678
f 3756 3742 3743
f 3755 3680 3679
f 3756 3743 3744
f 3755 3681 3680
f 3756 3744 3745
f 3755 3682 3681
f 3756 3745 3746
f 3755 3683 3682
f 3756 3746 3747
f 3755 3684 3683
f 3756 3747 3748
f 3755 3685 3684
f 3756 3748 3749
f 3755 3686 3685
f 3756 3749 3750
f 3755 3687 3686
f 3756 3750 3751
f 3755 3688 3687
f 3756 3751 3752
f 3755 3689 3688
f 3756 3752 3753
f 3755 3690 3689
f 3756 3753 3754
f 3755 3675 3690
f 3756 3754 3739
f 3757 3759 3758
f 3757 3760 3759
f 3761 3762 3763
f 3761 3763 3764
f 3757 3761 3764
f 3757 3764 3760
f 3758 3759 3763
f 3758 3763 3762
f 3760 3764 3763
f 3760 3763 3759
f 3757 3758 3762
f 3757 3762 3761
f 3765 3767 3766
f 3765 3768 3767
f 3769 3770 3771
f 3769 3771 3772
f 3765 3769 3772
f 3765 3772 3768
f 3766 3767 3771
f 3766 3771 3770
f 3768 3772 3771
f 3768 3771 3767
f 3765 3766 3770
f 3765 3770 3769
f 3773 3775 3774
f 3773 3776 3775
f 3777 3778 3779
f 3777 3779 3780
f 3773 3777 3780
f 3773 3780 3776
f 3774 3775 3779
f 3774 3779 3778
f 3776 3780 3779
f 3776 3779 3775
f 3773 3774 3778
f 3773 3778 3777
f 3781 3783 3782
f 3781 3784 3783
f 3785 3786 3787
f 3785 3787 3788
f 3781 3785 3788
f 3781 3788 3784
f 3782 3783 3787
f 3782 3787 3786
f 3784 3788 3787
f 3784 3787 3783
f 3781 3782 3786
f 3781 3786 3785
f 3789 3791 3790
f 3789 3792 3791
f 3793 3794 3795
f 3793 3795 3796
f 3789 3793 3796
f 3789 3796 3792
f 3790 3791 3795
f 3790 3795 3794
f 3792 3796 3795
f 3792 3795 3791
f 3789 3790 3794
f 3789 3794 3793
f 3797 3799 3798
f 3797 3800 3799
f 3801 3802 3803
f 3801 3803 3804
f 3797 3801 3804
f 3797 3804 3800
f 3798 3799 3803
f 3798 3803 3802
f 3800 3804 3803
f 3800 3803 3799
f 3797 3798 3802
f 3797 3802 3801
f 3805 3807 3806
f 3805 3808 3807
f 3809 3810 3811
f 3809 3811 3812
f 3805 3809 3812
f 3805 3812 3808
f 3806 3807 3811
f 3806 3811 3810
f 3808 3812 3811
f 3808 3811 3807
f 3805 3806 3810
f 3805 3810 3809
f 3813 3815 3814
f 3813 3816 3815
f 3817 3818 3819
f 3817 3819 3820
f 3813 3817 3820
f 3813 3820 3816
f 3814 3815 3819
f 3814 3819 3818
f 3816 3820 3819
f 3816 3819 3815
f 3813 3814 3818
f 3813 3818 3817
f 3821 3823 3822
f 3821 3824 3823
f 3825 3826 3827
f 3825 3827 3828
f 3821 3825 3828
f 3821 3828 3824
f 3822 3823 3827
f 3822 3827 3826
f 3824 3828 3827
f 3824 3827 3823
f 3821 3822 3826
f 3821 3826 3825
f 3829 3831 3830
f 3829 3832 3831
f 3833 3834 3835
f 3833 3835 3836
f 3829 3833 3836
f 3829 3836 3832
f 3830 3831 3835
f 3830 3835 3834
f 3832 3836 3835
f 3832 3835 3831
f 3829 3830 3834
f 3829 3834 3833
f 3837 3861 3862
f 3837 3862 3838
f 3838 3862 3863
f 3838 3863 3839
f 3839 3863 3864
f 3839 3864 3840
f 3840 3864 3865
f 3840 3865 3841
f 3841 3865 3866
f 3841 3866 3842
f 3842 3866 3867
f 3842 3867 3843
f 3843 3867 3868
f 3843 3868 3844
f 3844 3868 3869
f 3844 3869 3845
f 3845 3869 3870
f 3845 3870 3846
f 3846 3870 3871
f 3846 3871 3847
f 3847 3871 3872
f 3847 3872 3848
f 3848 3872 3873
f 3848 3873 3849
f 3849 3873 3874
f 3849 3874 3850
f 3850 3874 3875
f 3850 3875 3851
f 3851 3875 3876
f 3851 3876 3852
f 3852 3876 3877
f 3852 3877 3853
f 3853 3877 3878
f 3853 3878 3854
f 3854 3878 3879
f 3854 3879 3855
f 3855 3879 3880
f 3855 3880 3856
f 3856 3880 3881
f 3856 3881 3857
f 3857 3881 3882
f 3857 3882 3858
f 3858 3882 3883
f 3858 3883 3859
f 3859 3883 3884
f 3859 3884 3860
f 3860 3884 3861
f 3860 3861 3837
f 3861 3885 3886
f 3861 3886 3862
f 3862 3886 3887
f 3862 3887 3863
f 3863 3887 3888
f 3863 3888 3864
f 3864 3888 3889
f 3864 3889 3865
f 3865 3889 3890
f 3865 3890 3866
f 3866 3890 3891
f 3866 3891 3867
f 3867 3891 3892
f 3867 3892 3868
f 3868 3892 3893
f 3868 3893 3869
f 3869 3893 3894
f 3869 3894 3870
f 3870 3894 3895
f 3870 3895 3871
f 3871 3895 3896
f 3871 3896 3872
f 3872 3896 3897
f 3872 3897 3873
f 3873 3897 3898
f 3873 3898 3874
f 3874 3898 3899
f 3874 3899 3875
f 3875 3899 3900
f 3875 3900 3876
f 3876 3900 3901
f 3876 3901 3877
f 3877 3901 3902
f 3877 3902 3878
f 3878 3902 3903
f 3878 3903 3879
f 3879 3903 3904
f 3879 3904 3880
f 3880 3904 3905
f 3880 3905 3881
f 3881 3905 3906
f 3881 3906 3882
f 3882 3906 3907
f 3882 3907 3883
f 3883 3907 3908
f 3883 3908 3884
f 3884 3908 3885
f 3884 3885 3861
f 3885 3909 3910
f 3885 3910 3886
f 3886 3910 3911
f 3886 3911 3887
f 3887 3911 3912
f 3887 3912 3888
f 3888 3912 3913
f 3888 3913 3889
f 3889 3913 3914
f 3889 3914 3890
f 3890 3914 3915
f 3890 3915 3891
f 3891 3915 3916
f 3891 3916 3892
f 3892 3916 3917
f 3892 3917 3893
f 3893 3917 3918
f 3893 3918 3894
f 3894 3918 3919
f 3894 3919 3895
f 3895 3919 3920
f 3895 3920 3896
f 3896 3920 3921
f 3896 3921 3897
f 3897 3921 3922
f 3897 3922 3898
f 3898 3922 3923
f 3898 3923 3899
f 3899 3923 3924
f 3899 3924 3900
f 3900 3924 3925
f 3900 3925 3901
f 3901 3925 3926
f 3901 3926 3902
f 3902 3926 3927
f 3902 3927 3903
f 3903 3927 3928
f 3903 3928 3904
f 3904 3928 3929
f 3904 3929 3905
f 3905 3929 3930
f 3905 3930 3906
f 3906 3930 3931
f 3906 3931 3907
f 3907 3931 3932
f 3907 3932 3908
f 3908 3932 3909
f 3908 3909 3885
f 3933 3838 3837
f 3934 3909 3910
f 3933 3839 3838
f 3934 3910 3911
f 3933 3840 3839
f 3934 3911 3912
f 3933 3841 3840
f 3934 3912 3913
f 3933 3842 3841
f 3934 3913 3914
f 3933 3843 3842
f 3934 3914 3915
f 3933 3844 3843
f 3934 3915 3916
f 3933 3845 3844
f 3934 3916 3917
f 3933 3846 3845
f 3934 3917 3918
f 3933 3847 3846
f 3934 3918 3919
f 3933 3848 3847
f 3934 3919 3920
f 3933 3849 3848
f 3934 3920 3921
f 3933 3850 3849
f 3934 3921 3922
f 3933 3851 3850
f 3934 3922 3923
f 3933 3852 3851
f 3934 3923 3924
f 3933 3853 3852
f 3934 3924 3925
f 3933 3854 3853
f 3934 3925 3926
f 3933 3855 3854
f 3934 3926 3927
f 3933 3856 3855
f 3934 3927 3928
f 3933 3857 3856
f 3934 3928 3929
f 3933 3858 3857
f 3934 3929 3930
f 3933 3859 3858
f 3934 3930 3931
f 3933 3860 3859
f 3934 3931 3932
f 3933 3837 3860
f 3934 3932 3909
f 3935 3951 3952
f 3935 3952 3936
f 3936 3952 3953
f 3936 3953 3937
f 3937 3953 3954
f 3937 3954 3938
f 3938 3954 3955
f 3938 3955 3939
f 3939 3955 3956
f 3939 3956 3940
f 3940 3956 3957
f 3940 3957 3941
f 3941 3957 3958
f 3941 3958 3942
f 3942 3958 3959
f 3942 3959 3943
f 3943 3959 3960
f 3943 3960 3944
f 3944 3960 3961
f 3944 3961 3945
f 3945 3961 3962
f 3945 3962 3946
f 3946 3962 3963
f 3946 3963 3947
f 3947 3963 3964
f 3947 3964 3948
f 3948 3964 3965
f 3948 3965 3949
f 3949 3965 3966
f 3949 3966 3950
f 3950 3966 3951
f 3950 3951 3935
f 3951 3967 3968
f 3951 3968 3952
f 3952 3968 3969
f 3952 3969 3953
f 3953 3969 3970
f 3953 3970 3954
f 3954 3970 3971
f 3954 3971 3955
f 3955 3971 3972
f 3955 3972 3956
f 3956 3972 3973
f 3956 3973 3957
f 3957 3973 3974
f 3957 3974 3958
f 3958 3974 3975
f 3958 3975 3959
f 3959 3975 3976
f 3959 3976 3960
f 3960 3976 3977
f 3960 3977 3961
f 3961 3977 3978
f 3961 3978 3962
f 3962 3978 3979
f 3962 3979 3963
f 3963 3979 3980
f 3963 3980 3964
f 3964 3980 3981
f 3964 3981 3965
f 3965 3981 3982
f 3965 3982 3966
f 3966 3982 3967
f 3966 3967 3951
f 3967 3983 3984
f 3967 3984 3968
f 3968 3984 3985
f 3968 3985 3969
f 3969 3985 3986
f 3969 3986 3970
f 3970 3986 3987
f 3970 3987 3971
f 3971 3987 3988
f 3971 3988 3972
f 3972 3988 3989
f 3972 3989 3973
f 3973 3989 3990
f 3973 3990 3974
f 3974 3990 3991
f 3974 3991 3975
f 3975 3991 3992
f 3975 3992 3976
f 3976 3992 3993
f 3976 3993 3977
f 3977 3993 3994
f 3977 3994 3978
f 3978 3994 3995
f 3978 3995 3979
f 3979 3995 3996
f 3979 3996 3980
f 3980 3996 3997
f 3980 3997 3981
f 3981 3997 3998
f 3981 3998 3982
f 3982 3998 3983
f 3982 3983 3967
f 3983 3999 4000
f 3983 4000 3984
f 3984 4000 4001
f 3984 4001 3985
f 3985 4001 4002
f 3985 4002 3986
f 3986 4002 4003
f 3986 4003 3987
f 3987 4003 4004
f 3987 4004 3988
f 3988 4004 4005
f 3988 4005 3989
f 3989 4005 4006
f 3989 4006 3990
f 3990 4006 4007
f 3990 4007 3991
f 3991 4007 4008
f 3991 4008 3992
f 3992 4008 4009
f 3992 4009 3993
f 3993 4009 4010
f 3993 4010 3994
f 3994 4010 4011
f 3994 4011 3995
f 3995 4011 4012
f 3995 4012 3996
f 3996 4012 4013
f 3996 4013 3997
f 3997 4013 4014
f 3997 4014 3998
f 3998 4014 3999
f 3998 3999 3983
f 4015 3936 3935
f 4016 3999 4000
f 4015 3937 3936
f 4016 4000 4001
f 4015 3938 3937
f 4016 4001 4002
f 4015 3939 3938
f 4016 4002 4003
f 4015 3940 3939
f 4016 4003 4004
f 4015 3941 3940
f 4016 4004 4005
f 4015 3942 3941
f 4016 4005 4006
f 4015 3943 3942
f 4016 4006 4007
f 4015 3944 3943
f 4016 4007 4008
f 4015 3945 3944
f 4016 4008 4009
f 4015 3946 3945
f 4016 4009 4010
f 4015 3947 3946
f 4016 4010 4011
f 4015 3948 3947
f 4016 4011 4012
f 4015 3949 3948
f 4016 4012 4013
f 4015 3950 3949
f 4016 4013 4014
f 4015 3935 3950
f 4016 4014 3999
f 4017 4019 4018
f 4017 4020 4019
f 4021 4022 4023
f 4021 4023 4024
f 4017 4021 4024
f 4017 4024 4020
f 4018 4019 4023
f 4018 4023 4022
f 4020 4024 4023
f 4020 4023 4019
f 4017 4018 4022
f 4017 4022 4021
f 4025 4027 4026
f 4025 4028 4027
f 4029 4030 4031
f 4029 4031 4032
f 4025 4029 4032
f 4025 4032 4028
f 4026 4027 4031
f 4026 4031 4030
f 4028 4032 4031
f 4028 4031 4027
f 4025 4026 4030
f 4025 4030 4029
f 4033 4035 4034
f 4033 4036 4035
f 4037 4038 4039
f 4037 4039 4040
f 4033 4037 4040
f 4033 4040 4036
f 4034 4035 4039
f 4034 4039 4038
f 4036 4040 4039
f 4036 4039 4035
f 4033 4034 4038
f 4033 4038 4037
f 4041 4043 4042
f 4041 4044 4043
f 4045 4046 4047
f 4045 4047 4048
f 4041 4045 4048
f 4041 4048 4044
f 4042 4043 4047
f 4042 4047 4046
f 4044 4048 4047
f 4044 4047 4043
f 4041 4042 4046
f 4041 4046 4045
f 4049 4051 4050
f 4049 4052 4051
f 4053 4054 4055
f 4053 4055 4056
f 4049 4053 4056
f 4049 4056 4052
f 4050 4051 4055
f 4050 4055 4054
f 4052 4056 4055
f 4052 4055 4051
f 4049 4050 4054
f 4049 4054 4053
f 4057 4059 4058
f 4057 4060 4059
f 4061 4062 4063
f 4061 4063 4064
f 4057 4061 4064
f 4057 4064 4060
f 4058 4059 4063
f 4058 4063 4062
f 4060 4064 4063
f 4060 4063 4059
f 4057 4058 4062
f 4057 4062 4061
f 4065 4067 4066
f 4065 4068 4067
f 4069 4070 4071
f 4069 4071 4072
f 4065 4069 4072
f 4065 4072 4068
f 4066 4067 4071
f 4066 4071 4070
f 4068 4072 4071
f 4068 4071 4067
f 4065 4066 4070
f 4065 4070 4069
f 4073 4075 4074
f 4073 4076 4075
f 4077 4078 4079
f 4077 4079 4080
f 4073 4077 4080
f 4073 4080 4076
f 4074 4075 4079
f 4074 4079 4078
f 4076 4080 4079
f 4076 4079 4075
f 4073 4074 4078
f 4073 4078 4077
f 4081 4083 4082
f 4081 4084 4083
f 4085 4086 4087
f 4085 4087 4088
f 4081 4085 4088
f 4081 4088 4084
f 4082 4083 4087
f 4082 4087 4086
f 4084 4088 4087
f 4084 4087 4083
f 4081 4082 4086
f 4081 4086 4085
f 4089 4091 4090
f 4089 4092 4091
f 4093 4094 4095
f 4093 4095 4096
f 4089 4093 4096
f 4089 4096 4092
f 4090 4091 4095
f 4090 4095 4094
f 4092 4096 4095
f 4092 4095 4091
f 4089 4090 4094
f 4089 4094 4093
f 4097 4121 4122
f 4097 4122 4098
f 4098 4122 4123
f 4098 4123 4099
f 4099 4123 4124
f 4099 4124 4100
f 4100 4124 4125
f 4100 4125 4101
f 4101 4125 4126
f 4101 4126 4102
f 4102 4126 4127
f 4102 4127 4103
f 4103 4127 4128
f 4103 4128 4104
f 4104 4128 4129
f 4104 4129 4105
f 4105 4129 4130
f 4105 4130 4106
f 4106 4130 4131
f 4106 4131 4107
f 4107 4131 4132
f 4107 4132 4108
f 4108 4132 4133
f 4108 4133 4109
f 4109 4133 4134
f 4109 4134 4110
f 4110 4134 4135
f 4110 4135 4111
f 4111 4135 4136
f 4111 4136 4112
f 4112 4136 4137
f 4112 4137 4113
f 4113 4137 4138
f 4113 4138 4114
f 4114 4138 4139
f 4114 4139 4115
f 4115 4139 4140
f 4115 4140 4116
f 4116 4140 4141
f 4116 4141 4117
f 4117 4141 4142
f 4117 4142 4118
f 4118 4142 4143
f 4118 4143 4119
f 4119 4143 4144
f 4119 4144 4120
f 4120 4144 4121
f 4120 4121 4097
f 4121 4145 4146
f 4121 4146 4122
f 4122 4146 4147
f 4122 4147 4123
f 4123 4147 4148
f 4123 4148 4124
f 4124 4148 4149
f 4124 4149 4125
f 4125 4149 4150
f 4125 4150 4126
f 4126 4150 4151
f 4126 4151 4127
f 4127 4151 4152
f 4127 4152 4128
f 4128 4152 4153
f 4128 4153 4129
f 4129 4153 4154
f 4129 4154 4130
f 4130 4154 4155
f 4130 4155 4131
f 4131 4155 4156
f 4131 4156 4132
f 4132 4156 4157
f 4132 4157 4133
f 4133 4157 4158
f 4133 4158 4134
f 4134 4158 4159
f 4134 4159 4135
f 4135 4159 4160
f 4135 4160 4136
f 4136 4160 4161
f 4136 4161 4137
f 4137 4161 4162
f 4137 4162 4138
f 4138 4162 4163
f 4138 4163 4139
f 4139 4163 4164
f 4139 4164 4140
f 4140 4164 4165
f 4140 4165 4141
f 4141 4165 4166
f 4141 4166 4142
f 4142 4166 4167
f 4142 4167 4143
f 4143 4167 4168
f 4143 4168 4144
f 4144 4168 4145
f 4144 4145 4121
f 4145 4169 4170
f 4145 4170 4146
f 4146 4170 4171
f 4146 4171 4147
f 4147 4171 4172
f 4147 4172 4148
f 4148 4172 4173
f 4148 4173 4149
f 4149 4173 4174
f 4149 4174 4150
f 4150 4174 4175
f 4150 4175 4151
f 4151 4175 4176
f 4151 4176 4152
f 4152 4176 4177
f 4152 4177 4153
f 4153 4177 4178
f 4153 4178 4154
f 4154 4178 4179
f 4154 4179 4155
f 4155 4179 4180
f 4155 4180 4156
f 4156 4180 4181
f 4156 4181 4157
f 4157 4181 4182
f 4157 4182 4158
f 4158 4182 4183
f 4158 4183 4159
f 4159 4183 4184
f 4159 4184 4160
f 4160 4184 4185
f 4160 4185 4161
f 4161 4185 4186
f 4161 4186 4162
f 4162 4186 4187
f 4162 4187 4163
f 4163 4187 4188
f 4163 4188 4164
f 4164 4188 4189
f 4164 4189 4165
f 4165 4189 4190
f 4165 4190 4166
f 4166 4190 4191
f 4166 4191 4167
f 4167 4191 4192
f 4167 4192 4168
f 4168 4192 4169
f 4168 4169 4145
f 4193 4098 4097
f 4194 4169 4170
f 4193 4099 4098
f 4194 4170 4171
f 4193 4100 4099
f 4194 4171 4172
f 4193 4101 4100
f 4194 4172 4173
f 4193 4102 4101
f 4194 4173 4174
f 4193 4103 4102
f 4194 4174 4175
f 4193 4104 4103
f 4194 4175 4176
f 4193 4105 4104
f 4194 4176 4177
f 4193 4106 4105
f 4194 4177 4178
f 4193 4107 4106
f 4194 4178 4179
f 4193 4108 4107
f 4194 4179 4180
f 4193 4109 4108
f 4194 4180 4181
f 4193 4110 4109
f 4194 4181 4182
f 4193 4111 4110
f 4194 4182 4183
f 4193 4112 4111
f 4194 4183 4184
f 4193 4113 4112
f 4194 4184 4185
f 4193 4114 4113
f 4194 4185 4186
f 4193 4115 4114
f 4194 4186 4187
f 4193 4116 4115
f 4194 4187 4188
f 4193 4117 4116
f 4194 4188 4189
f 4193 4118 4117
f 4194 4189 4190
f 4193 4119 4118
f 4194 4190 4191
f 4193 4120 4119
f 4194 4191 4192
f 4193 4097 4120
f 4194 4192 4169
f 4195 4197 4196
f 4195 4198 4197
f 4199 4200 4201
f 4199 4201 4202
f 4195 4199 4202
f 4195 4202 4198
f 4196 4197 4201
f 4196 4201 4200
f 4198 4202 4201
f 4198 4201 4197
f 4195 4196 4200
f 4195 4200 4199
f 4203 4205 4204
f 4203 4206 4205
f 4207 4208 4209
f 4207 4209 4210
f 4203 4207 4210
f 4203 4210 4206
f 4204 4205 4209
f 4204 4209 4208
f 4206 4210 4209
f 4206 4209 4205
f 4203 4204 4208
f 4203 4208 4207
f 4211 4213 4212
f 4211 4214 4213
f 4215 4216 4217
f 4215 4217 4218
f 4211 4215 4218
f 4211 4218 4214
f 4212 4213 4217
f 4212 4217 4216
f 4214 4218 4217
f 4214 4217 4213
f 4211 4212 4216
f 4211 4216 4215
f 4219 4231 4232
f 4219 4232 4220
f 4220 4232 4233
f 4220 4233 4221
f 4221 4233 4234
f 4221 4234 4222
f 4222 4234 4235
f 4222 4235 4223
f 4223 4235 4236
f 4223 4236 4224
f 4224 4236 4237
f 4224 4237 4225
f 4225 4237 4238
f 4225 4238 4226
f 4226 4238 4239
f 4226 4239 4227
f 4227 4239 4240
f 4227 4240 4228
f 4228 4240 4241
f 4228 4241 4229
f 4229 4241 4242
f 4229 4242 4230
f 4230 4242 4231
f 4230 4231 4219
f 4231 4243 4244
f 4231 4244 4232
f 4232 4244 4245
f 4232 4245 4233
f 4233 4245 4246
f 4233 4246 4234
f 4234 4246 4247
f 4234 4247 4235
f 4235 4247 4248
f 4235 4248 4236
f 4236 4248 4249
f 4236 4249 4237
f 4237 4249 4250
f 4237 4250 4238
f 4238 4250 4251
f 4238 4251 4239
f 4239 4251 4252
f 4239 4252 4240
f 4240 4252 4253
f 4240 4253 4241
f 4241 4253 4254
f 4241 4254 4242
f 4242 4254 4243
f 4242 4243 4231
f 4255 4220 4219
f 4256 4243 4244
f 4255 4221 4220
f 4256 4244 4245
f 4255 4222 4221
f 4256 4245 4246
f 4255 4223 4222
f 4256 4246 4247
f 4255 4224 4223
f 4256 4247 4248
f 4255 4225 4224
f 4256 4248 4249
f 4255 4226 4225
f 4256 4249 4250
f 4255 4227 4226
f 4256 4250 4251
f 4255 4228 4227
f 4256 4251 4252
f 4255 4229 4228
f 4256 4252 4253
f 4255 4230 4229
f 4256 4253 4254
f 4255 4219 4230
f 4256 4254 4243
f 4257 4258 4259
f 4257 4259 4260
f 4257 4260 4261
f 4257 4261 4262
f 4257 4262 4263
f 4257 4263 4264
f 4257 4264 4265
f 4257 4265 4266
f 4257 4266 4267
f 4257 4267 4268
f 4257 4268 4269
f 4257 4269 4270
f 4257 4270 4271
f 4257 4271 4272
f 4257 4272 4273
f 4257 4273 4274
f 4257 4274 4275
f 4257 4275 4276
f 4257 4276 4277
f 4257 4277 4278
f 4257 4278 4279
f 4257 4279 4280
f 4257 4280 4281
f 4257 4281 4258
f 4258 4282 4283
f 4258 4283 4259
f 4259 4283 4284
f 4259 4284 4260
f 4260 4284 4285
f 4260 4285 4261
f 4261 4285 4286
f 4261 4286 4262
f 4262 4286 4287
f 4262 4287 4263
f 4263 4287 4288
f 4263 4288 4264
f 4264 4288 4289
f 4264 4289 4265
f 4265 4289 4290
f 4265 4290 4266
f 4266 4290 4291
f 4266 4291 4267
f 4267 4291 4292
f 4267 4292 4268
f 4268 4292 4293
f 4268 4293 4269
f 4269 4293 4294
f 4269 4294 4270
f 4270 4294 4295
f 4270 4295 4271
f 4271 4295 4296
f 4271 4296 4272
f 4272 4296 4297
f 4272 4297 4273
f 4273 4297 4298
f 4273 4298 4274
f 4274 4298 4299
f 4274 4299 4275
f 4275 4299 4300
f 4275 4300 4276
f 4276 4300 4301
f 4276 4301 4277
f 4277 4301 4302
f 4277 4302 4278
f 4278 4302 4303
f 4278 4303 4279
f 4279 4303 4304
f 4279 4304 4280
f 4280 4304 4305
f 4280 4305 4281
f 4281 4305 4282
f 4281 4282 4258
f 4282 4306 4307
f 4282 4307 4283
f 4283 4307 4308
f 4283 4308 4284
f 4284 4308 4309
f 4284 4309 4285
f 4285 4309 4310
f 4285 4310 4286
f 4286 4310 4311
f 4286 4311 4287
f 4287 4311 4312
f 4287 4312 4288
f 4288 4312 4313
f 4288 4313 4289
f 4289 4313 4314
f 4289 4314 4290
f 4290 4314 4315
f 4290 4315 4291
f 4291 4315 4316
f 4291 4316 4292
f 4292 4316 4317
f 4292 4317 4293
f 4293 4317 4318
f 4293 4318 4294
f 4294 4318 4319
f 4294 4319 4295
f 4295 4319 4320
f 4295 4320 4296
f 4296 4320 4321
f 4296 4321 4297
f 4297 4321 4322
f 4297 4322 4298
f 4298 4322 4323
f 4298 4323 4299
f 4299 4323 4324
f 4299 4324 4300
f 4300 4324 4325
f 4300 4325 4301
f 4301 4325 4326
f 4301 4326 4302
f 4302 4326 4327
f 4302 4327 4303
f 4303 4327 4328
f 4303 4328 4304
f 4304 4328 4329
f 4304 4329 4305
f 4305 4329 4306
f 4305 4306 4282
f 4306 4330 4331
f 4306 4331 4307
f 4307 4331 4332
f 4307 4332 4308
f 4308 4332 4333
f 4308 4333 4309
f 4309 4333 4334
f 4309 4334 4310
f 4310 4334 4335
f 4310 4335 4311
f 4311 4335 4336
f 4311 4336 4312
f 4312 4336 4337
f 4312 4337 4313
f 4313 4337 4338
f 4313 4338 4314
f 4314 4338 4339
f 4314 4339 4315
f 4315 4339 4340
f 4315 4340 4316
f 4316 4340 4341
f 4316 4341 4317
f 4317 4341 4342
f 4317 4342 4318
f 4318 4342 4343
f 4318 4343 4319
f 4319 4343 4344
f 4319 4344 4320
f 4320 4344 4345
f 4320 4345 4321
f 4321 4345 4346
f 4321 4346 4322
f 4322 4346 4347
f 4322 4347 4323
f 4323 4347 4348
f 4323 4348 4324
f 4324 4348 4349
f 4324 4349 4325
f 4325 4349 4350
f 4325 4350 4326
f 4326 4350 4351
f 4326 4351 4327
f 4327 4351 4352
f 4327 4352 4328
f 4328 4352 4353
f 4328 4353 4329
f 4329 4353 4330
f 4329 4330 4306
f 4330 4354 4355
f 4330 4355 4331
f 4331 4355 4356
f 4331 4356 4332
f 4332 4356 4357
f 4332 4357 4333
f 4333 4357 4358
f 4333 4358 4334
f 4334 4358 4359
f 4334 4359 4335
f 4335 4359 4360
f 4335 4360 4336
f 4336 4360 4361
f 4336 4361 4337
f 4337 4361 4362
f 4337 4362 4338
f 4338 4362 4363
f 4338 4363 4339
f 4339 4363 4364
f 4339 4364 4340
f 4340 4364 4365
f 4340 4365 4341
f 4341 4365 4366
f 4341 4366 4342
f 4342 4366 4367
f 4342 4367 4343
f 4343 4367 4368
f 4343 4368 4344
f 4344 4368 4369
f 4344 4369 4345
f 4345 4369 4370
f 4345 4370 4346
f 4346 4370 4371
f 4346 4371 4347
f 4347 4371 4372
f 4347 4372 4348
f 4348 4372 4373
f 4348 4373 4349
f 4349 4373 4374
f 4349 4374 4350
f 4350 4374 4375
f 4350 4375 4351
f 4351 4375 4376
f 4351 4376 4352
f 4352 4376 4377
f 4352 4377 4353
f 4353 4377 4354
f 4353 4354 4330
f 4354 4378 4379
f 4354 4379 4355
f 4355 4379 4380
f 4355 4380 4356
f 4356 4380 4381
f 4356 4381 4357
f 4357 4381 4382
f 4357 4382 4358
f 4358 4382 4383
f 4358 4383 4359
f 4359 4383 4384
f 4359 4384 4360
f 4360 4384 4385
f 4360 4385 4361
f 4361 4385 4386
f 4361 4386 4362
f 4362 4386 4387
f 4362 4387 4363
f 4363 4387 4388
f 4363 4388 4364
f 4364 4388 4389
f 4364 4389 4365
f 4365 4389 4390
f 4365 4390 4366
f 4366 4390 4391
f 4366 4391 4367
f 4367 4391 4392
f 4367 4392 4368
f 4368 4392 4393
f 4368 4393 4369
f 4369 4393 4394
f 4369 4394 4370
f 4370 4394 4395
f 4370 4395 4371
f 4371 4395 4396
f 4371 4396 4372
f 4372 4396 4397
f 4372 4397 4373
f 4373 4397 4398
f 4373 4398 4374
f 4374 4398 4399
f 4374 4399 4375
f 4375 4399 4400
f 4375 4400 4376
f 4376 4400 4401
f 4376 4401 4377
f 4377 4401 4378
f 4377 4378 4354
f 4378 4402 4403
f 4378 4403 4379
f 4379 4403 4404
f 4379 4404 4380
f 4380 4404 4405
f 4380 4405 4381
f 4381 4405 4406
f 4381 4406 4382
f 4382 4406 4407
f 4382 4407 4383
f 4383 4407 4408
f 4383 4408 4384
f 4384 4408 4409
f 4384 4409 4385
f 4385 4409 4410
f 4385 4410 4386
f 4386 4410 4411
f 4386 4411 4387
f 4387 4411 4412
f 4387 4412 4388
f 4388 4412 4413
f 4388 4413 4389
f 4389 4413 4414
f 4389 4414 4390
f 4390 4414 4415
f 4390 4415 4391
f 4391 4415 4416
f 4391 4416 4392
f 4392 4416 4417
f 4392 4417 4393
f 4393 4417 4418
f 4393 4418 4394
f 4394 4418 4419
f 4394 4419 4395
f 4395 4419 4420
f 4395 4420 4396
f 4396 4420 4421
f 4396 4421 4397
f 4397 4421 4422
f 4397 4422 4398
f 4398 4422 4423
f 4398 4423 4399
f 4399 4423 4424
f 4399 4424 4400
f 4400 4424 4425
f 4400 4425 4401
f 4401 4425 4402
f 4401 4402 4378
f 4402 4426 4427
f 4402 4427 4403
f 4403 4427 4428
f 4403 4428 4404
f 4404 4428 4429
f 4404 4429 4405
f 4405 4429 4430
f 4405 4430 4406
f 4406 4430 4431
f 4406 4431 4407
f 4407 4431 4432
f 4407 4432 4408
f 4408 4432 4433
f 4408 4433 4409
f 4409 4433 4434
f 4409 4434 4410
f 4410 4434 4435
f 4410 4435 4411
f 4411 4435 4436
f 4411 4436 4412
f 4412 4436 4437
f 4412 4437 4413
f 4413 4437 4438
f 4413 4438 4414
f 4414 4438 4439
f 4414 4439 4415
f 4415 4439 4440
f 4415 4440 4416
f 4416 4440 4441
f 4416 4441 4417
f 4417 4441 4442
f 4417 4442 4418
f 4418 4442 4443
f 4418 4443 4419
f 4419 4443 4444
f 4419 4444 4420
f 4420 4444 4445
f 4420 4445 4421
f 4421 4445 4446
f 4421 4446 4422
f 4422 4446 4447
f 4422 4447 4423
f 4423 4447 4448
f 4423 4448 4424
f 4424 4448 4449
f 4424 4449 4425
f 4425 4449 4426
f 4425 4426 4402
