# Solar Horizon Planetary Model: MoonTitan
# Vertices: 3321, Faces: 6400

v 0.000000 4.040000 0.000000
v 0.000000 4.040000 0.000000
v 0.000000 4.040000 0.000000
v 0.000000 4.040000 0.000000
v 0.000000 4.040000 0.000000
v 0.000000 4.040000 0.000000
v 0.000000 4.040000 0.000000
v 0.000000 4.040000 0.000000
v 0.000000 4.040000 0.000000
v 0.000000 4.040000 0.000000
v 0.000000 4.040000 0.000000
v 0.000000 4.040000 0.000000
v 0.000000 4.040000 0.000000
v 0.000000 4.040000 0.000000
v 0.000000 4.040000 0.000000
v 0.000000 4.040000 0.000000
v 0.000000 4.040000 0.000000
v 0.000000 4.040000 0.000000
v 0.000000 4.040000 0.000000
v 0.000000 4.040000 0.000000
v 0.000000 4.040000 0.000000
v -0.000000 4.040000 0.000000
v -0.000000 4.040000 0.000000
v -0.000000 4.040000 0.000000
v -0.000000 4.040000 0.000000
v -0.000000 4.040000 0.000000
v -0.000000 4.040000 0.000000
v -0.000000 4.040000 0.000000
v -0.000000 4.040000 0.000000
v -0.000000 4.040000 0.000000
v -0.000000 4.040000 0.000000
v -0.000000 4.040000 0.000000
v -0.000000 4.040000 0.000000
v -0.000000 4.040000 0.000000
v -0.000000 4.040000 0.000000
v -0.000000 4.040000 0.000000
v -0.000000 4.040000 0.000000
v -0.000000 4.040000 0.000000
v -0.000000 4.040000 0.000000
v -0.000000 4.040000 0.000000
v -0.000000 4.040000 0.000000
v -0.000000 4.040000 -0.000000
v -0.000000 4.040000 -0.000000
v -0.000000 4.040000 -0.000000
v -0.000000 4.040000 -0.000000
v -0.000000 4.040000 -0.000000
v -0.000000 4.040000 -0.000000
v -0.000000 4.040000 -0.000000
v -0.000000 4.040000 -0.000000
v -0.000000 4.040000 -0.000000
v -0.000000 4.040000 -0.000000
v -0.000000 4.040000 -0.000000
v -0.000000 4.040000 -0.000000
v -0.000000 4.040000 -0.000000
v -0.000000 4.040000 -0.000000
v -0.000000 4.040000 -0.000000
v -0.000000 4.040000 -0.000000
v -0.000000 4.040000 -0.000000
v -0.000000 4.040000 -0.000000
v -0.000000 4.040000 -0.000000
v -0.000000 4.040000 -0.000000
v 0.000000 4.040000 -0.000000
v 0.000000 4.040000 -0.000000
v 0.000000 4.040000 -0.000000
v 0.000000 4.040000 -0.000000
v 0.000000 4.040000 -0.000000
v 0.000000 4.040000 -0.000000
v 0.000000 4.040000 -0.000000
v 0.000000 4.040000 -0.000000
v 0.000000 4.040000 -0.000000
v 0.000000 4.040000 -0.000000
v 0.000000 4.040000 -0.000000
v 0.000000 4.040000 -0.000000
v 0.000000 4.040000 -0.000000
v 0.000000 4.040000 -0.000000
v 0.000000 4.040000 -0.000000
v 0.000000 4.040000 -0.000000
v 0.000000 4.040000 -0.000000
v 0.000000 4.040000 -0.000000
v 0.000000 4.040000 -0.000000
v 0.000000 4.040000 -0.000000
v 0.316975 4.027546 0.000000
v 0.315998 4.027546 0.024870
v 0.313072 4.027546 0.049586
v 0.308217 4.027546 0.073996
v 0.301461 4.027546 0.097951
v 0.292846 4.027546 0.121301
v 0.282427 4.027546 0.143904
v 0.270265 4.027546 0.165619
v 0.256438 4.027546 0.186313
v 0.241029 4.027546 0.205859
v 0.224135 4.027546 0.224135
v 0.205859 4.027546 0.241029
v 0.186313 4.027546 0.256438
v 0.165619 4.027546 0.270265
v 0.143904 4.027546 0.282427
v 0.121301 4.027546 0.292846
v 0.097951 4.027546 0.301461
v 0.073996 4.027546 0.308217
v 0.049586 4.027546 0.313072
v 0.024870 4.027546 0.315998
v 0.000000 4.027546 0.316975
v -0.024870 4.027546 0.315998
v -0.049586 4.027546 0.313072
v -0.073996 4.027546 0.308217
v -0.097951 4.027546 0.301461
v -0.121301 4.027546 0.292846
v -0.143904 4.027546 0.282427
v -0.165619 4.027546 0.270265
v -0.186313 4.027546 0.256438
v -0.205859 4.027546 0.241029
v -0.224135 4.027546 0.224135
v -0.241029 4.027546 0.205859
v -0.256438 4.027546 0.186313
v -0.270265 4.027546 0.165619
v -0.282427 4.027546 0.143904
v -0.292846 4.027546 0.121301
v -0.301461 4.027546 0.097951
v -0.308217 4.027546 0.073996
v -0.313072 4.027546 0.049586
v -0.315998 4.027546 0.024870
v -0.316975 4.027546 0.000000
v -0.315998 4.027546 -0.024870
v -0.313072 4.027546 -0.049586
v -0.308217 4.027546 -0.073996
v -0.301461 4.027546 -0.097951
v -0.292846 4.027546 -0.121301
v -0.282427 4.027546 -0.143904
v -0.270265 4.027546 -0.165619
v -0.256438 4.027546 -0.186313
v -0.241029 4.027546 -0.205859
v -0.224135 4.027546 -0.224135
v -0.205859 4.027546 -0.241029
v -0.186313 4.027546 -0.256438
v -0.165619 4.027546 -0.270265
v -0.143904 4.027546 -0.282427
v -0.121301 4.027546 -0.292846
v -0.097951 4.027546 -0.301461
v -0.073996 4.027546 -0.308217
v -0.049586 4.027546 -0.313072
v -0.024870 4.027546 -0.315998
v -0.000000 4.027546 -0.316975
v 0.024870 4.027546 -0.315998
v 0.049586 4.027546 -0.313072
v 0.073996 4.027546 -0.308217
v 0.097951 4.027546 -0.301461
v 0.121301 4.027546 -0.292846
v 0.143904 4.027546 -0.282427
v 0.165619 4.027546 -0.270265
v 0.186313 4.027546 -0.256438
v 0.205859 4.027546 -0.241029
v 0.224135 4.027546 -0.224135
v 0.241029 4.027546 -0.205859
v 0.256438 4.027546 -0.186313
v 0.270265 4.027546 -0.165619
v 0.282427 4.027546 -0.143904
v 0.292846 4.027546 -0.121301
v 0.301461 4.027546 -0.097951
v 0.308217 4.027546 -0.073996
v 0.313072 4.027546 -0.049586
v 0.315998 4.027546 -0.024870
v 0.316975 4.027546 -0.000000
v 0.631995 3.990261 0.000000
v 0.630047 3.990261 0.049586
v 0.624214 3.990261 0.098866
v 0.614533 3.990261 0.147536
v 0.601063 3.990261 0.195297
v 0.583887 3.990261 0.241854
v 0.563112 3.990261 0.286920
v 0.538865 3.990261 0.330217
v 0.511295 3.990261 0.371477
v 0.480573 3.990261 0.410448
v 0.446888 3.990261 0.446888
v 0.410448 3.990261 0.480573
v 0.371477 3.990261 0.511295
v 0.330217 3.990261 0.538865
v 0.286920 3.990261 0.563112
v 0.241854 3.990261 0.583887
v 0.195297 3.990261 0.601063
v 0.147536 3.990261 0.614533
v 0.098866 3.990261 0.624214
v 0.049586 3.990261 0.630047
v 0.000000 3.990261 0.631995
v -0.049586 3.990261 0.630047
v -0.098866 3.990261 0.624214
v -0.147536 3.990261 0.614533
v -0.195297 3.990261 0.601063
v -0.241854 3.990261 0.583887
v -0.286920 3.990261 0.563112
v -0.330217 3.990261 0.538865
v -0.371477 3.990261 0.511295
v -0.410448 3.990261 0.480573
v -0.446888 3.990261 0.446888
v -0.480573 3.990261 0.410448
v -0.511295 3.990261 0.371477
v -0.538865 3.990261 0.330217
v -0.563112 3.990261 0.286920
v -0.583887 3.990261 0.241854
v -0.601063 3.990261 0.195297
v -0.614533 3.990261 0.147536
v -0.624214 3.990261 0.098866
v -0.630047 3.990261 0.049586
v -0.631995 3.990261 0.000000
v -0.630047 3.990261 -0.049586
v -0.624214 3.990261 -0.098866
v -0.614533 3.990261 -0.147536
v -0.601063 3.990261 -0.195297
v -0.583887 3.990261 -0.241854
v -0.563112 3.990261 -0.286920
v -0.538865 3.990261 -0.330217
v -0.511295 3.990261 -0.371477
v -0.480573 3.990261 -0.410448
v -0.446888 3.990261 -0.446888
v -0.410448 3.990261 -0.480573
v -0.371477 3.990261 -0.511295
v -0.330217 3.990261 -0.538865
v -0.286920 3.990261 -0.563112
v -0.241854 3.990261 -0.583887
v -0.195297 3.990261 -0.601063
v -0.147536 3.990261 -0.614533
v -0.098866 3.990261 -0.624214
v -0.049586 3.990261 -0.630047
v -0.000000 3.990261 -0.631995
v 0.049586 3.990261 -0.630047
v 0.098866 3.990261 -0.624214
v 0.147536 3.990261 -0.614533
v 0.195297 3.990261 -0.601063
v 0.241854 3.990261 -0.583887
v 0.286920 3.990261 -0.563112
v 0.330217 3.990261 -0.538865
v 0.371477 3.990261 -0.511295
v 0.410448 3.990261 -0.480573
v 0.446888 3.990261 -0.446888
v 0.480573 3.990261 -0.410448
v 0.511295 3.990261 -0.371477
v 0.538865 3.990261 -0.330217
v 0.563112 3.990261 -0.286920
v 0.583887 3.990261 -0.241854
v 0.601063 3.990261 -0.195297
v 0.614533 3.990261 -0.147536
v 0.624214 3.990261 -0.098866
v 0.630047 3.990261 -0.049586
v 0.631995 3.990261 -0.000000
v 0.943119 3.928374 0.000000
v 0.940212 3.928374 0.073996
v 0.931508 3.928374 0.147536
v 0.917061 3.928374 0.220167
v 0.896960 3.928374 0.291440
v 0.871329 3.928374 0.360916
v 0.840325 3.928374 0.428167
v 0.804141 3.928374 0.492778
v 0.763000 3.928374 0.554352
v 0.717154 3.928374 0.612507
v 0.666886 3.928374 0.666886
v 0.612507 3.928374 0.717154
v 0.554352 3.928374 0.763000
v 0.492778 3.928374 0.804141
v 0.428167 3.928374 0.840325
v 0.360916 3.928374 0.871329
v 0.291440 3.928374 0.896960
v 0.220167 3.928374 0.917061
v 0.147536 3.928374 0.931508
v 0.073996 3.928374 0.940212
v 0.000000 3.928374 0.943119
v -0.073996 3.928374 0.940212
v -0.147536 3.928374 0.931508
v -0.220167 3.928374 0.917061
v -0.291440 3.928374 0.896960
v -0.360916 3.928374 0.871329
v -0.428167 3.928374 0.840325
v -0.492778 3.928374 0.804141
v -0.554352 3.928374 0.763000
v -0.612507 3.928374 0.717154
v -0.666886 3.928374 0.666886
v -0.717154 3.928374 0.612507
v -0.763000 3.928374 0.554352
v -0.804141 3.928374 0.492778
v -0.840325 3.928374 0.428167
v -0.871329 3.928374 0.360916
v -0.896960 3.928374 0.291440
v -0.917061 3.928374 0.220167
v -0.931508 3.928374 0.147536
v -0.940212 3.928374 0.073996
v -0.943119 3.928374 0.000000
v -0.940212 3.928374 -0.073996
v -0.931508 3.928374 -0.147536
v -0.917061 3.928374 -0.220167
v -0.896960 3.928374 -0.291440
v -0.871329 3.928374 -0.360916
v -0.840325 3.928374 -0.428167
v -0.804141 3.928374 -0.492778
v -0.763000 3.928374 -0.554352
v -0.717154 3.928374 -0.612507
v -0.666886 3.928374 -0.666886
v -0.612507 3.928374 -0.717154
v -0.554352 3.928374 -0.763000
v -0.492778 3.928374 -0.804141
v -0.428167 3.928374 -0.840325
v -0.360916 3.928374 -0.871329
v -0.291440 3.928374 -0.896960
v -0.220167 3.928374 -0.917061
v -0.147536 3.928374 -0.931508
v -0.073996 3.928374 -0.940212
v -0.000000 3.928374 -0.943119
v 0.073996 3.928374 -0.940212
v 0.147536 3.928374 -0.931508
v 0.220167 3.928374 -0.917061
v 0.291440 3.928374 -0.896960
v 0.360916 3.928374 -0.871329
v 0.428167 3.928374 -0.840325
v 0.492778 3.928374 -0.804141
v 0.554352 3.928374 -0.763000
v 0.612507 3.928374 -0.717154
v 0.666886 3.928374 -0.666886
v 0.717154 3.928374 -0.612507
v 0.763000 3.928374 -0.554352
v 0.804141 3.928374 -0.492778
v 0.840325 3.928374 -0.428167
v 0.871329 3.928374 -0.360916
v 0.896960 3.928374 -0.291440
v 0.917061 3.928374 -0.220167
v 0.931508 3.928374 -0.147536
v 0.940212 3.928374 -0.073996
v 0.943119 3.928374 -0.000000
v 1.248429 3.842268 0.000000
v 1.244580 3.842268 0.097951
v 1.233058 3.842268 0.195297
v 1.213934 3.842268 0.291440
v 1.187326 3.842268 0.385786
v 1.153398 3.842268 0.477753
v 1.112358 3.842268 0.566775
v 1.064460 3.842268 0.652302
v 1.010000 3.842268 0.733808
v 0.949313 3.842268 0.810790
v 0.882772 3.842268 0.882772
v 0.810790 3.842268 0.949313
v 0.733808 3.842268 1.010000
v 0.652302 3.842268 1.064460
v 0.566775 3.842268 1.112358
v 0.477753 3.842268 1.153398
v 0.385786 3.842268 1.187326
v 0.291440 3.842268 1.213934
v 0.195297 3.842268 1.233058
v 0.097951 3.842268 1.244580
v 0.000000 3.842268 1.248429
v -0.097951 3.842268 1.244580
v -0.195297 3.842268 1.233058
v -0.291440 3.842268 1.213934
v -0.385786 3.842268 1.187326
v -0.477753 3.842268 1.153398
v -0.566775 3.842268 1.112358
v -0.652302 3.842268 1.064460
v -0.733808 3.842268 1.010000
v -0.810790 3.842268 0.949313
v -0.882772 3.842268 0.882772
v -0.949313 3.842268 0.810790
v -1.010000 3.842268 0.733808
v -1.064460 3.842268 0.652302
v -1.112358 3.842268 0.566775
v -1.153398 3.842268 0.477753
v -1.187326 3.842268 0.385786
v -1.213934 3.842268 0.291440
v -1.233058 3.842268 0.195297
v -1.244580 3.842268 0.097951
v -1.248429 3.842268 0.000000
v -1.244580 3.842268 -0.097951
v -1.233058 3.842268 -0.195297
v -1.213934 3.842268 -0.291440
v -1.187326 3.842268 -0.385786
v -1.153398 3.842268 -0.477753
v -1.112358 3.842268 -0.566775
v -1.064460 3.842268 -0.652302
v -1.010000 3.842268 -0.733808
v -0.949313 3.842268 -0.810790
v -0.882772 3.842268 -0.882772
v -0.810790 3.842268 -0.949313
v -0.733808 3.842268 -1.010000
v -0.652302 3.842268 -1.064460
v -0.566775 3.842268 -1.112358
v -0.477753 3.842268 -1.153398
v -0.385786 3.842268 -1.187326
v -0.291440 3.842268 -1.213934
v -0.195297 3.842268 -1.233058
v -0.097951 3.842268 -1.244580
v -0.000000 3.842268 -1.248429
v 0.097951 3.842268 -1.244580
v 0.195297 3.842268 -1.233058
v 0.291440 3.842268 -1.213934
v 0.385786 3.842268 -1.187326
v 0.477753 3.842268 -1.153398
v 0.566775 3.842268 -1.112358
v 0.652302 3.842268 -1.064460
v 0.733808 3.842268 -1.010000
v 0.810790 3.842268 -0.949313
v 0.882772 3.842268 -0.882772
v 0.949313 3.842268 -0.810790
v 1.010000 3.842268 -0.733808
v 1.064460 3.842268 -0.652302
v 1.112358 3.842268 -0.566775
v 1.153398 3.842268 -0.477753
v 1.187326 3.842268 -0.385786
v 1.213934 3.842268 -0.291440
v 1.233058 3.842268 -0.195297
v 1.244580 3.842268 -0.097951
v 1.248429 3.842268 -0.000000
v 1.546041 3.732473 0.000000
v 1.541275 3.732473 0.121301
v 1.527007 3.732473 0.241854
v 1.503324 3.732473 0.360916
v 1.470372 3.732473 0.477753
v 1.428356 3.732473 0.591644
v 1.377533 3.732473 0.701888
v 1.318217 3.732473 0.807804
v 1.250773 3.732473 0.908740
v 1.175619 3.732473 1.004073
v 1.093216 3.732473 1.093216
v 1.004073 3.732473 1.175619
v 0.908740 3.732473 1.250773
v 0.807804 3.732473 1.318217
v 0.701888 3.732473 1.377533
v 0.591644 3.732473 1.428356
v 0.477753 3.732473 1.470372
v 0.360916 3.732473 1.503324
v 0.241854 3.732473 1.527007
v 0.121301 3.732473 1.541275
v 0.000000 3.732473 1.546041
v -0.121301 3.732473 1.541275
v -0.241854 3.732473 1.527007
v -0.360916 3.732473 1.503324
v -0.477753 3.732473 1.470372
v -0.591644 3.732473 1.428356
v -0.701888 3.732473 1.377533
v -0.807804 3.732473 1.318217
v -0.908740 3.732473 1.250773
v -1.004073 3.732473 1.175619
v -1.093216 3.732473 1.093216
v -1.175619 3.732473 1.004073
v -1.250773 3.732473 0.908740
v -1.318217 3.732473 0.807804
v -1.377533 3.732473 0.701888
v -1.428356 3.732473 0.591644
v -1.470372 3.732473 0.477753
v -1.503324 3.732473 0.360916
v -1.527007 3.732473 0.241854
v -1.541275 3.732473 0.121301
v -1.546041 3.732473 0.000000
v -1.541275 3.732473 -0.121301
v -1.527007 3.732473 -0.241854
v -1.503324 3.732473 -0.360916
v -1.470372 3.732473 -0.477753
v -1.428356 3.732473 -0.591644
v -1.377533 3.732473 -0.701888
v -1.318217 3.732473 -0.807804
v -1.250773 3.732473 -0.908740
v -1.175619 3.732473 -1.004073
v -1.093216 3.732473 -1.093216
v -1.004073 3.732473 -1.175619
v -0.908740 3.732473 -1.250773
v -0.807804 3.732473 -1.318217
v -0.701888 3.732473 -1.377533
v -0.591644 3.732473 -1.428356
v -0.477753 3.732473 -1.470372
v -0.360916 3.732473 -1.503324
v -0.241854 3.732473 -1.527007
v -0.121301 3.732473 -1.541275
v -0.000000 3.732473 -1.546041
v 0.121301 3.732473 -1.541275
v 0.241854 3.732473 -1.527007
v 0.360916 3.732473 -1.503324
v 0.477753 3.732473 -1.470372
v 0.591644 3.732473 -1.428356
v 0.701888 3.732473 -1.377533
v 0.807804 3.732473 -1.318217
v 0.908740 3.732473 -1.250773
v 1.004073 3.732473 -1.175619
v 1.093216 3.732473 -1.093216
v 1.175619 3.732473 -1.004073
v 1.250773 3.732473 -0.908740
v 1.318217 3.732473 -0.807804
v 1.377533 3.732473 -0.701888
v 1.428356 3.732473 -0.591644
v 1.470372 3.732473 -0.477753
v 1.503324 3.732473 -0.360916
v 1.527007 3.732473 -0.241854
v 1.541275 3.732473 -0.121301
v 1.546041 3.732473 -0.000000
v 1.834122 3.599666 0.000000
v 1.828468 3.599666 0.143904
v 1.811541 3.599666 0.286920
v 1.783445 3.599666 0.428167
v 1.744353 3.599666 0.566775
v 1.694507 3.599666 0.701888
v 1.634214 3.599666 0.832674
v 1.563846 3.599666 0.958326
v 1.483836 3.599666 1.078070
v 1.394677 3.599666 1.191167
v 1.296920 3.599666 1.296920
v 1.191167 3.599666 1.394677
v 1.078070 3.599666 1.483836
v 0.958326 3.599666 1.563846
v 0.832674 3.599666 1.634214
v 0.701888 3.599666 1.694507
v 0.566775 3.599666 1.744353
v 0.428167 3.599666 1.783445
v 0.286920 3.599666 1.811541
v 0.143904 3.599666 1.828468
v 0.000000 3.599666 1.834122
v -0.143904 3.599666 1.828468
v -0.286920 3.599666 1.811541
v -0.428167 3.599666 1.783445
v -0.566775 3.599666 1.744353
v -0.701888 3.599666 1.694507
v -0.832674 3.599666 1.634214
v -0.958326 3.599666 1.563846
v -1.078070 3.599666 1.483836
v -1.191167 3.599666 1.394677
v -1.296920 3.599666 1.296920
v -1.394677 3.599666 1.191167
v -1.483836 3.599666 1.078070
v -1.563846 3.599666 0.958326
v -1.634214 3.599666 0.832674
v -1.694507 3.599666 0.701888
v -1.744353 3.599666 0.566775
v -1.783445 3.599666 0.428167
v -1.811541 3.599666 0.286920
v -1.828468 3.599666 0.143904
v -1.834122 3.599666 0.000000
v -1.828468 3.599666 -0.143904
v -1.811541 3.599666 -0.286920
v -1.783445 3.599666 -0.428167
v -1.744353 3.599666 -0.566775
v -1.694507 3.599666 -0.701888
v -1.634214 3.599666 -0.832674
v -1.563846 3.599666 -0.958326
v -1.483836 3.599666 -1.078070
v -1.394677 3.599666 -1.191167
v -1.296920 3.599666 -1.296920
v -1.191167 3.599666 -1.394677
v -1.078070 3.599666 -1.483836
v -0.958326 3.599666 -1.563846
v -0.832674 3.599666 -1.634214
v -0.701888 3.599666 -1.694507
v -0.566775 3.599666 -1.744353
v -0.428167 3.599666 -1.783445
v -0.286920 3.599666 -1.811541
v -0.143904 3.599666 -1.828468
v -0.000000 3.599666 -1.834122
v 0.143904 3.599666 -1.828468
v 0.286920 3.599666 -1.811541
v 0.428167 3.599666 -1.783445
v 0.566775 3.599666 -1.744353
v 0.701888 3.599666 -1.694507
v 0.832674 3.599666 -1.634214
v 0.958326 3.599666 -1.563846
v 1.078070 3.599666 -1.483836
v 1.191167 3.599666 -1.394677
v 1.296920 3.599666 -1.296920
v 1.394677 3.599666 -1.191167
v 1.483836 3.599666 -1.078070
v 1.563846 3.599666 -0.958326
v 1.634214 3.599666 -0.832674
v 1.694507 3.599666 -0.701888
v 1.744353 3.599666 -0.566775
v 1.783445 3.599666 -0.428167
v 1.811541 3.599666 -0.286920
v 1.828468 3.599666 -0.143904
v 1.834122 3.599666 -0.000000
v 2.110894 3.444666 0.000000
v 2.104387 3.444666 0.165619
v 2.084906 3.444666 0.330217
v 2.052570 3.444666 0.492778
v 2.007580 3.444666 0.652302
v 1.950212 3.444666 0.807804
v 1.880821 3.444666 0.958326
v 1.799833 3.444666 1.102939
v 1.707749 3.444666 1.240752
v 1.605137 3.444666 1.370916
v 1.492628 3.444666 1.492628
v 1.370916 3.444666 1.605137
v 1.240752 3.444666 1.707749
v 1.102939 3.444666 1.799833
v 0.958326 3.444666 1.880821
v 0.807804 3.444666 1.950212
v 0.652302 3.444666 2.007580
v 0.492778 3.444666 2.052570
v 0.330217 3.444666 2.084906
v 0.165619 3.444666 2.104387
v 0.000000 3.444666 2.110894
v -0.165619 3.444666 2.104387
v -0.330217 3.444666 2.084906
v -0.492778 3.444666 2.052570
v -0.652302 3.444666 2.007580
v -0.807804 3.444666 1.950212
v -0.958326 3.444666 1.880821
v -1.102939 3.444666 1.799833
v -1.240752 3.444666 1.707749
v -1.370916 3.444666 1.605137
v -1.492628 3.444666 1.492628
v -1.605137 3.444666 1.370916
v -1.707749 3.444666 1.240752
v -1.799833 3.444666 1.102939
v -1.880821 3.444666 0.958326
v -1.950212 3.444666 0.807804
v -2.007580 3.444666 0.652302
v -2.052570 3.444666 0.492778
v -2.084906 3.444666 0.330217
v -2.104387 3.444666 0.165619
v -2.110894 3.444666 0.000000
v -2.104387 3.444666 -0.165619
v -2.084906 3.444666 -0.330217
v -2.052570 3.444666 -0.492778
v -2.007580 3.444666 -0.652302
v -1.950212 3.444666 -0.807804
v -1.880821 3.444666 -0.958326
v -1.799833 3.444666 -1.102939
v -1.707749 3.444666 -1.240752
v -1.605137 3.444666 -1.370916
v -1.492628 3.444666 -1.492628
v -1.370916 3.444666 -1.605137
v -1.240752 3.444666 -1.707749
v -1.102939 3.444666 -1.799833
v -0.958326 3.444666 -1.880821
v -0.807804 3.444666 -1.950212
v -0.652302 3.444666 -2.007580
v -0.492778 3.444666 -2.052570
v -0.330217 3.444666 -2.084906
v -0.165619 3.444666 -2.104387
v -0.000000 3.444666 -2.110894
v 0.165619 3.444666 -2.104387
v 0.330217 3.444666 -2.084906
v 0.492778 3.444666 -2.052570
v 0.652302 3.444666 -2.007580
v 0.807804 3.444666 -1.950212
v 0.958326 3.444666 -1.880821
v 1.102939 3.444666 -1.799833
v 1.240752 3.444666 -1.707749
v 1.370916 3.444666 -1.605137
v 1.492628 3.444666 -1.492628
v 1.605137 3.444666 -1.370916
v 1.707749 3.444666 -1.240752
v 1.799833 3.444666 -1.102939
v 1.880821 3.444666 -0.958326
v 1.950212 3.444666 -0.807804
v 2.007580 3.444666 -0.652302
v 2.052570 3.444666 -0.492778
v 2.084906 3.444666 -0.330217
v 2.104387 3.444666 -0.165619
v 2.110894 3.444666 -0.000000
v 2.374652 3.268429 0.000000
v 2.367332 3.268429 0.186313
v 2.345417 3.268429 0.371477
v 2.309041 3.268429 0.554352
v 2.258429 3.268429 0.733808
v 2.193893 3.268429 0.908740
v 2.115831 3.268429 1.078070
v 2.024724 3.268429 1.240752
v 1.921134 3.268429 1.395786
v 1.805700 3.268429 1.542213
v 1.679133 3.268429 1.679133
v 1.542213 3.268429 1.805700
v 1.395786 3.268429 1.921134
v 1.240752 3.268429 2.024724
v 1.078070 3.268429 2.115831
v 0.908740 3.268429 2.193893
v 0.733808 3.268429 2.258429
v 0.554352 3.268429 2.309041
v 0.371477 3.268429 2.345417
v 0.186313 3.268429 2.367332
v 0.000000 3.268429 2.374652
v -0.186313 3.268429 2.367332
v -0.371477 3.268429 2.345417
v -0.554352 3.268429 2.309041
v -0.733808 3.268429 2.258429
v -0.908740 3.268429 2.193893
v -1.078070 3.268429 2.115831
v -1.240752 3.268429 2.024724
v -1.395786 3.268429 1.921134
v -1.542213 3.268429 1.805700
v -1.679133 3.268429 1.679133
v -1.805700 3.268429 1.542213
v -1.921134 3.268429 1.395786
v -2.024724 3.268429 1.240752
v -2.115831 3.268429 1.078070
v -2.193893 3.268429 0.908740
v -2.258429 3.268429 0.733808
v -2.309041 3.268429 0.554352
v -2.345417 3.268429 0.371477
v -2.367332 3.268429 0.186313
v -2.374652 3.268429 0.000000
v -2.367332 3.268429 -0.186313
v -2.345417 3.268429 -0.371477
v -2.309041 3.268429 -0.554352
v -2.258429 3.268429 -0.733808
v -2.193893 3.268429 -0.908740
v -2.115831 3.268429 -1.078070
v -2.024724 3.268429 -1.240752
v -1.921134 3.268429 -1.395786
v -1.805700 3.268429 -1.542213
v -1.679133 3.268429 -1.679133
v -1.542213 3.268429 -1.805700
v -1.395786 3.268429 -1.921134
v -1.240752 3.268429 -2.024724
v -1.078070 3.268429 -2.115831
v -0.908740 3.268429 -2.193893
v -0.733808 3.268429 -2.258429
v -0.554352 3.268429 -2.309041
v -0.371477 3.268429 -2.345417
v -0.186313 3.268429 -2.367332
v -0.000000 3.268429 -2.374652
v 0.186313 3.268429 -2.367332
v 0.371477 3.268429 -2.345417
v 0.554352 3.268429 -2.309041
v 0.733808 3.268429 -2.258429
v 0.908740 3.268429 -2.193893
v 1.078070 3.268429 -2.115831
v 1.240752 3.268429 -2.024724
v 1.395786 3.268429 -1.921134
v 1.542213 3.268429 -1.805700
v 1.679133 3.268429 -1.679133
v 1.805700 3.268429 -1.542213
v 1.921134 3.268429 -1.395786
v 2.024724 3.268429 -1.240752
v 2.115831 3.268429 -1.078070
v 2.193893 3.268429 -0.908740
v 2.258429 3.268429 -0.733808
v 2.309041 3.268429 -0.554352
v 2.345417 3.268429 -0.371477
v 2.367332 3.268429 -0.186313
v 2.374652 3.268429 -0.000000
v 2.623770 3.072040 0.000000
v 2.615682 3.072040 0.205859
v 2.591467 3.072040 0.410448
v 2.551275 3.072040 0.612507
v 2.495354 3.072040 0.810790
v 2.424048 3.072040 1.004073
v 2.337796 3.072040 1.191167
v 2.237132 3.072040 1.370916
v 2.122675 3.072040 1.542213
v 1.995130 3.072040 1.704002
v 1.855286 3.072040 1.855286
v 1.704002 3.072040 1.995130
v 1.542213 3.072040 2.122675
v 1.370916 3.072040 2.237132
v 1.191167 3.072040 2.337796
v 1.004073 3.072040 2.424048
v 0.810790 3.072040 2.495354
v 0.612507 3.072040 2.551275
v 0.410448 3.072040 2.591467
v 0.205859 3.072040 2.615682
v 0.000000 3.072040 2.623770
v -0.205859 3.072040 2.615682
v -0.410448 3.072040 2.591467
v -0.612507 3.072040 2.551275
v -0.810790 3.072040 2.495354
v -1.004073 3.072040 2.424048
v -1.191167 3.072040 2.337796
v -1.370916 3.072040 2.237132
v -1.542213 3.072040 2.122675
v -1.704002 3.072040 1.995130
v -1.855286 3.072040 1.855286
v -1.995130 3.072040 1.704002
v -2.122675 3.072040 1.542213
v -2.237132 3.072040 1.370916
v -2.337796 3.072040 1.191167
v -2.424048 3.072040 1.004073
v -2.495354 3.072040 0.810790
v -2.551275 3.072040 0.612507
v -2.591467 3.072040 0.410448
v -2.615682 3.072040 0.205859
v -2.623770 3.072040 0.000000
v -2.615682 3.072040 -0.205859
v -2.591467 3.072040 -0.410448
v -2.551275 3.072040 -0.612507
v -2.495354 3.072040 -0.810790
v -2.424048 3.072040 -1.004073
v -2.337796 3.072040 -1.191167
v -2.237132 3.072040 -1.370916
v -2.122675 3.072040 -1.542213
v -1.995130 3.072040 -1.704002
v -1.855286 3.072040 -1.855286
v -1.704002 3.072040 -1.995130
v -1.542213 3.072040 -2.122675
v -1.370916 3.072040 -2.237132
v -1.191167 3.072040 -2.337796
v -1.004073 3.072040 -2.424048
v -0.810790 3.072040 -2.495354
v -0.612507 3.072040 -2.551275
v -0.410448 3.072040 -2.591467
v -0.205859 3.072040 -2.615682
v -0.000000 3.072040 -2.623770
v 0.205859 3.072040 -2.615682
v 0.410448 3.072040 -2.591467
v 0.612507 3.072040 -2.551275
v 0.810790 3.072040 -2.495354
v 1.004073 3.072040 -2.424048
v 1.191167 3.072040 -2.337796
v 1.370916 3.072040 -2.237132
v 1.542213 3.072040 -2.122675
v 1.704002 3.072040 -1.995130
v 1.855286 3.072040 -1.855286
v 1.995130 3.072040 -1.704002
v 2.122675 3.072040 -1.542213
v 2.237132 3.072040 -1.370916
v 2.337796 3.072040 -1.191167
v 2.424048 3.072040 -1.004073
v 2.495354 3.072040 -0.810790
v 2.551275 3.072040 -0.612507
v 2.591467 3.072040 -0.410448
v 2.615682 3.072040 -0.205859
v 2.623770 3.072040 -0.000000
v 2.856711 2.856711 0.000000
v 2.847905 2.856711 0.224135
v 2.821541 2.856711 0.446888
v 2.777780 2.856711 0.666886
v 2.716894 2.856711 0.882772
v 2.639257 2.856711 1.093216
v 2.545348 2.856711 1.296920
v 2.435747 2.856711 1.492628
v 2.311128 2.856711 1.679133
v 2.172260 2.856711 1.855286
v 2.020000 2.856711 2.020000
v 1.855286 2.856711 2.172260
v 1.679133 2.856711 2.311128
v 1.492628 2.856711 2.435747
v 1.296920 2.856711 2.545348
v 1.093216 2.856711 2.639257
v 0.882772 2.856711 2.716894
v 0.666886 2.856711 2.777780
v 0.446888 2.856711 2.821541
v 0.224135 2.856711 2.847905
v 0.000000 2.856711 2.856711
v -0.224135 2.856711 2.847905
v -0.446888 2.856711 2.821541
v -0.666886 2.856711 2.777780
v -0.882772 2.856711 2.716894
v -1.093216 2.856711 2.639257
v -1.296920 2.856711 2.545348
v -1.492628 2.856711 2.435747
v -1.679133 2.856711 2.311128
v -1.855286 2.856711 2.172260
v -2.020000 2.856711 2.020000
v -2.172260 2.856711 1.855286
v -2.311128 2.856711 1.679133
v -2.435747 2.856711 1.492628
v -2.545348 2.856711 1.296920
v -2.639257 2.856711 1.093216
v -2.716894 2.856711 0.882772
v -2.777780 2.856711 0.666886
v -2.821541 2.856711 0.446888
v -2.847905 2.856711 0.224135
v -2.856711 2.856711 0.000000
v -2.847905 2.856711 -0.224135
v -2.821541 2.856711 -0.446888
v -2.777780 2.856711 -0.666886
v -2.716894 2.856711 -0.882772
v -2.639257 2.856711 -1.093216
v -2.545348 2.856711 -1.296920
v -2.435747 2.856711 -1.492628
v -2.311128 2.856711 -1.679133
v -2.172260 2.856711 -1.855286
v -2.020000 2.856711 -2.020000
v -1.855286 2.856711 -2.172260
v -1.679133 2.856711 -2.311128
v -1.492628 2.856711 -2.435747
v -1.296920 2.856711 -2.545348
v -1.093216 2.856711 -2.639257
v -0.882772 2.856711 -2.716894
v -0.666886 2.856711 -2.777780
v -0.446888 2.856711 -2.821541
v -0.224135 2.856711 -2.847905
v -0.000000 2.856711 -2.856711
v 0.224135 2.856711 -2.847905
v 0.446888 2.856711 -2.821541
v 0.666886 2.856711 -2.777780
v 0.882772 2.856711 -2.716894
v 1.093216 2.856711 -2.639257
v 1.296920 2.856711 -2.545348
v 1.492628 2.856711 -2.435747
v 1.679133 2.856711 -2.311128
v 1.855286 2.856711 -2.172260
v 2.020000 2.856711 -2.020000
v 2.172260 2.856711 -1.855286
v 2.311128 2.856711 -1.679133
v 2.435747 2.856711 -1.492628
v 2.545348 2.856711 -1.296920
v 2.639257 2.856711 -1.093216
v 2.716894 2.856711 -0.882772
v 2.777780 2.856711 -0.666886
v 2.821541 2.856711 -0.446888
v 2.847905 2.856711 -0.224135
v 2.856711 2.856711 -0.000000
v 3.072040 2.623770 0.000000
v 3.062570 2.623770 0.241029
v 3.034218 2.623770 0.480573
v 2.987159 2.623770 0.717154
v 2.921684 2.623770 0.949313
v 2.838195 2.623770 1.175619
v 2.737208 2.623770 1.394677
v 2.619345 2.623770 1.605137
v 2.485333 2.623770 1.805700
v 2.335998 2.623770 1.995130
v 2.172260 2.623770 2.172260
v 1.995130 2.623770 2.335998
v 1.805700 2.623770 2.485333
v 1.605137 2.623770 2.619345
v 1.394677 2.623770 2.737208
v 1.175619 2.623770 2.838195
v 0.949313 2.623770 2.921684
v 0.717154 2.623770 2.987159
v 0.480573 2.623770 3.034218
v 0.241029 2.623770 3.062570
v 0.000000 2.623770 3.072040
v -0.241029 2.623770 3.062570
v -0.480573 2.623770 3.034218
v -0.717154 2.623770 2.987159
v -0.949313 2.623770 2.921684
v -1.175619 2.623770 2.838195
v -1.394677 2.623770 2.737208
v -1.605137 2.623770 2.619345
v -1.805700 2.623770 2.485333
v -1.995130 2.623770 2.335998
v -2.172260 2.623770 2.172260
v -2.335998 2.623770 1.995130
v -2.485333 2.623770 1.805700
v -2.619345 2.623770 1.605137
v -2.737208 2.623770 1.394677
v -2.838195 2.623770 1.175619
v -2.921684 2.623770 0.949313
v -2.987159 2.623770 0.717154
v -3.034218 2.623770 0.480573
v -3.062570 2.623770 0.241029
v -3.072040 2.623770 0.000000
v -3.062570 2.623770 -0.241029
v -3.034218 2.623770 -0.480573
v -2.987159 2.623770 -0.717154
v -2.921684 2.623770 -0.949313
v -2.838195 2.623770 -1.175619
v -2.737208 2.623770 -1.394677
v -2.619345 2.623770 -1.605137
v -2.485333 2.623770 -1.805700
v -2.335998 2.623770 -1.995130
v -2.172260 2.623770 -2.172260
v -1.995130 2.623770 -2.335998
v -1.805700 2.623770 -2.485333
v -1.605137 2.623770 -2.619345
v -1.394677 2.623770 -2.737208
v -1.175619 2.623770 -2.838195
v -0.949313 2.623770 -2.921684
v -0.717154 2.623770 -2.987159
v -0.480573 2.623770 -3.034218
v -0.241029 2.623770 -3.062570
v -0.000000 2.623770 -3.072040
v 0.241029 2.623770 -3.062570
v 0.480573 2.623770 -3.034218
v 0.717154 2.623770 -2.987159
v 0.949313 2.623770 -2.921684
v 1.175619 2.623770 -2.838195
v 1.394677 2.623770 -2.737208
v 1.605137 2.623770 -2.619345
v 1.805700 2.623770 -2.485333
v 1.995130 2.623770 -2.335998
v 2.172260 2.623770 -2.172260
v 2.335998 2.623770 -1.995130
v 2.485333 2.623770 -1.805700
v 2.619345 2.623770 -1.605137
v 2.737208 2.623770 -1.394677
v 2.838195 2.623770 -1.175619
v 2.921684 2.623770 -0.949313
v 2.987159 2.623770 -0.717154
v 3.034218 2.623770 -0.480573
v 3.062570 2.623770 -0.241029
v 3.072040 2.623770 -0.000000
v 3.268429 2.374652 0.000000
v 3.258353 2.374652 0.256438
v 3.228189 2.374652 0.511295
v 3.178122 2.374652 0.763000
v 3.108460 2.374652 1.010000
v 3.019634 2.374652 1.250773
v 2.912191 2.374652 1.483836
v 2.786794 2.374652 1.707749
v 2.644214 2.374652 1.921134
v 2.485333 2.374652 2.122675
v 2.311128 2.374652 2.311128
v 2.122675 2.374652 2.485333
v 1.921134 2.374652 2.644214
v 1.707749 2.374652 2.786794
v 1.483836 2.374652 2.912191
v 1.250773 2.374652 3.019634
v 1.010000 2.374652 3.108460
v 0.763000 2.374652 3.178122
v 0.511295 2.374652 3.228189
v 0.256438 2.374652 3.258353
v 0.000000 2.374652 3.268429
v -0.256438 2.374652 3.258353
v -0.511295 2.374652 3.228189
v -0.763000 2.374652 3.178122
v -1.010000 2.374652 3.108460
v -1.250773 2.374652 3.019634
v -1.483836 2.374652 2.912191
v -1.707749 2.374652 2.786794
v -1.921134 2.374652 2.644214
v -2.122675 2.374652 2.485333
v -2.311128 2.374652 2.311128
v -2.485333 2.374652 2.122675
v -2.644214 2.374652 1.921134
v -2.786794 2.374652 1.707749
v -2.912191 2.374652 1.483836
v -3.019634 2.374652 1.250773
v -3.108460 2.374652 1.010000
v -3.178122 2.374652 0.763000
v -3.228189 2.374652 0.511295
v -3.258353 2.374652 0.256438
v -3.268429 2.374652 0.000000
v -3.258353 2.374652 -0.256438
v -3.228189 2.374652 -0.511295
v -3.178122 2.374652 -0.763000
v -3.108460 2.374652 -1.010000
v -3.019634 2.374652 -1.250773
v -2.912191 2.374652 -1.483836
v -2.786794 2.374652 -1.707749
v -2.644214 2.374652 -1.921134
v -2.485333 2.374652 -2.122675
v -2.311128 2.374652 -2.311128
v -2.122675 2.374652 -2.485333
v -1.921134 2.374652 -2.644214
v -1.707749 2.374652 -2.786794
v -1.483836 2.374652 -2.912191
v -1.250773 2.374652 -3.019634
v -1.010000 2.374652 -3.108460
v -0.763000 2.374652 -3.178122
v -0.511295 2.374652 -3.228189
v -0.256438 2.374652 -3.258353
v -0.000000 2.374652 -3.268429
v 0.256438 2.374652 -3.258353
v 0.511295 2.374652 -3.228189
v 0.763000 2.374652 -3.178122
v 1.010000 2.374652 -3.108460
v 1.250773 2.374652 -3.019634
v 1.483836 2.374652 -2.912191
v 1.707749 2.374652 -2.786794
v 1.921134 2.374652 -2.644214
v 2.122675 2.374652 -2.485333
v 2.311128 2.374652 -2.311128
v 2.485333 2.374652 -2.122675
v 2.644214 2.374652 -1.921134
v 2.786794 2.374652 -1.707749
v 2.912191 2.374652 -1.483836
v 3.019634 2.374652 -1.250773
v 3.108460 2.374652 -1.010000
v 3.178122 2.374652 -0.763000
v 3.228189 2.374652 -0.511295
v 3.258353 2.374652 -0.256438
v 3.268429 2.374652 -0.000000
v 3.444666 2.110894 0.000000
v 3.434048 2.110894 0.270265
v 3.402257 2.110894 0.538865
v 3.349490 2.110894 0.804141
v 3.276072 2.110894 1.064460
v 3.182457 2.110894 1.318217
v 3.069220 2.110894 1.563846
v 2.937061 2.110894 1.799833
v 2.786794 2.110894 2.024724
v 2.619345 2.110894 2.237132
v 2.435747 2.110894 2.435747
v 2.237132 2.110894 2.619345
v 2.024724 2.110894 2.786794
v 1.799833 2.110894 2.937061
v 1.563846 2.110894 3.069220
v 1.318217 2.110894 3.182457
v 1.064460 2.110894 3.276072
v 0.804141 2.110894 3.349490
v 0.538865 2.110894 3.402257
v 0.270265 2.110894 3.434048
v 0.000000 2.110894 3.444666
v -0.270265 2.110894 3.434048
v -0.538865 2.110894 3.402257
v -0.804141 2.110894 3.349490
v -1.064460 2.110894 3.276072
v -1.318217 2.110894 3.182457
v -1.563846 2.110894 3.069220
v -1.799833 2.110894 2.937061
v -2.024724 2.110894 2.786794
v -2.237132 2.110894 2.619345
v -2.435747 2.110894 2.435747
v -2.619345 2.110894 2.237132
v -2.786794 2.110894 2.024724
v -2.937061 2.110894 1.799833
v -3.069220 2.110894 1.563846
v -3.182457 2.110894 1.318217
v -3.276072 2.110894 1.064460
v -3.349490 2.110894 0.804141
v -3.402257 2.110894 0.538865
v -3.434048 2.110894 0.270265
v -3.444666 2.110894 0.000000
v -3.434048 2.110894 -0.270265
v -3.402257 2.110894 -0.538865
v -3.349490 2.110894 -0.804141
v -3.276072 2.110894 -1.064460
v -3.182457 2.110894 -1.318217
v -3.069220 2.110894 -1.563846
v -2.937061 2.110894 -1.799833
v -2.786794 2.110894 -2.024724
v -2.619345 2.110894 -2.237132
v -2.435747 2.110894 -2.435747
v -2.237132 2.110894 -2.619345
v -2.024724 2.110894 -2.786794
v -1.799833 2.110894 -2.937061
v -1.563846 2.110894 -3.069220
v -1.318217 2.110894 -3.182457
v -1.064460 2.110894 -3.276072
v -0.804141 2.110894 -3.349490
v -0.538865 2.110894 -3.402257
v -0.270265 2.110894 -3.434048
v -0.000000 2.110894 -3.444666
v 0.270265 2.110894 -3.434048
v 0.538865 2.110894 -3.402257
v 0.804141 2.110894 -3.349490
v 1.064460 2.110894 -3.276072
v 1.318217 2.110894 -3.182457
v 1.563846 2.110894 -3.069220
v 1.799833 2.110894 -2.937061
v 2.024724 2.110894 -2.786794
v 2.237132 2.110894 -2.619345
v 2.435747 2.110894 -2.435747
v 2.619345 2.110894 -2.237132
v 2.786794 2.110894 -2.024724
v 2.937061 2.110894 -1.799833
v 3.069220 2.110894 -1.563846
v 3.182457 2.110894 -1.318217
v 3.276072 2.110894 -1.064460
v 3.349490 2.110894 -0.804141
v 3.402257 2.110894 -0.538865
v 3.434048 2.110894 -0.270265
v 3.444666 2.110894 -0.000000
v 3.599666 1.834122 0.000000
v 3.588570 1.834122 0.282427
v 3.555348 1.834122 0.563112
v 3.500207 1.834122 0.840325
v 3.423486 1.834122 1.112358
v 3.325658 1.834122 1.377533
v 3.207326 1.834122 1.634214
v 3.069220 1.834122 1.880821
v 2.912191 1.834122 2.115831
v 2.737208 1.834122 2.337796
v 2.545348 1.834122 2.545348
v 2.337796 1.834122 2.737208
v 2.115831 1.834122 2.912191
v 1.880821 1.834122 3.069220
v 1.634214 1.834122 3.207326
v 1.377533 1.834122 3.325658
v 1.112358 1.834122 3.423486
v 0.840325 1.834122 3.500207
v 0.563112 1.834122 3.555348
v 0.282427 1.834122 3.588570
v 0.000000 1.834122 3.599666
v -0.282427 1.834122 3.588570
v -0.563112 1.834122 3.555348
v -0.840325 1.834122 3.500207
v -1.112358 1.834122 3.423486
v -1.377533 1.834122 3.325658
v -1.634214 1.834122 3.207326
v -1.880821 1.834122 3.069220
v -2.115831 1.834122 2.912191
v -2.337796 1.834122 2.737208
v -2.545348 1.834122 2.545348
v -2.737208 1.834122 2.337796
v -2.912191 1.834122 2.115831
v -3.069220 1.834122 1.880821
v -3.207326 1.834122 1.634214
v -3.325658 1.834122 1.377533
v -3.423486 1.834122 1.112358
v -3.500207 1.834122 0.840325
v -3.555348 1.834122 0.563112
v -3.588570 1.834122 0.282427
v -3.599666 1.834122 0.000000
v -3.588570 1.834122 -0.282427
v -3.555348 1.834122 -0.563112
v -3.500207 1.834122 -0.840325
v -3.423486 1.834122 -1.112358
v -3.325658 1.834122 -1.377533
v -3.207326 1.834122 -1.634214
v -3.069220 1.834122 -1.880821
v -2.912191 1.834122 -2.115831
v -2.737208 1.834122 -2.337796
v -2.545348 1.834122 -2.545348
v -2.337796 1.834122 -2.737208
v -2.115831 1.834122 -2.912191
v -1.880821 1.834122 -3.069220
v -1.634214 1.834122 -3.207326
v -1.377533 1.834122 -3.325658
v -1.112358 1.834122 -3.423486
v -0.840325 1.834122 -3.500207
v -0.563112 1.834122 -3.555348
v -0.282427 1.834122 -3.588570
v -0.000000 1.834122 -3.599666
v 0.282427 1.834122 -3.588570
v 0.563112 1.834122 -3.555348
v 0.840325 1.834122 -3.500207
v 1.112358 1.834122 -3.423486
v 1.377533 1.834122 -3.325658
v 1.634214 1.834122 -3.207326
v 1.880821 1.834122 -3.069220
v 2.115831 1.834122 -2.912191
v 2.337796 1.834122 -2.737208
v 2.545348 1.834122 -2.545348
v 2.737208 1.834122 -2.337796
v 2.912191 1.834122 -2.115831
v 3.069220 1.834122 -1.880821
v 3.207326 1.834122 -1.634214
v 3.325658 1.834122 -1.377533
v 3.423486 1.834122 -1.112358
v 3.500207 1.834122 -0.840325
v 3.555348 1.834122 -0.563112
v 3.588570 1.834122 -0.282427
v 3.599666 1.834122 -0.000000
v 3.732473 1.546041 0.000000
v 3.720967 1.546041 0.292846
v 3.686520 1.546041 0.583887
v 3.629345 1.546041 0.871329
v 3.549793 1.546041 1.153398
v 3.448356 1.546041 1.428356
v 3.325658 1.546041 1.694507
v 3.182457 1.546041 1.950212
v 3.019634 1.546041 2.193893
v 2.838195 1.546041 2.424048
v 2.639257 1.546041 2.639257
v 2.424048 1.546041 2.838195
v 2.193893 1.546041 3.019634
v 1.950212 1.546041 3.182457
v 1.694507 1.546041 3.325658
v 1.428356 1.546041 3.448356
v 1.153398 1.546041 3.549793
v 0.871329 1.546041 3.629345
v 0.583887 1.546041 3.686520
v 0.292846 1.546041 3.720967
v 0.000000 1.546041 3.732473
v -0.292846 1.546041 3.720967
v -0.583887 1.546041 3.686520
v -0.871329 1.546041 3.629345
v -1.153398 1.546041 3.549793
v -1.428356 1.546041 3.448356
v -1.694507 1.546041 3.325658
v -1.950212 1.546041 3.182457
v -2.193893 1.546041 3.019634
v -2.424048 1.546041 2.838195
v -2.639257 1.546041 2.639257
v -2.838195 1.546041 2.424048
v -3.019634 1.546041 2.193893
v -3.182457 1.546041 1.950212
v -3.325658 1.546041 1.694507
v -3.448356 1.546041 1.428356
v -3.549793 1.546041 1.153398
v -3.629345 1.546041 0.871329
v -3.686520 1.546041 0.583887
v -3.720967 1.546041 0.292846
v -3.732473 1.546041 0.000000
v -3.720967 1.546041 -0.292846
v -3.686520 1.546041 -0.583887
v -3.629345 1.546041 -0.871329
v -3.549793 1.546041 -1.153398
v -3.448356 1.546041 -1.428356
v -3.325658 1.546041 -1.694507
v -3.182457 1.546041 -1.950212
v -3.019634 1.546041 -2.193893
v -2.838195 1.546041 -2.424048
v -2.639257 1.546041 -2.639257
v -2.424048 1.546041 -2.838195
v -2.193893 1.546041 -3.019634
v -1.950212 1.546041 -3.182457
v -1.694507 1.546041 -3.325658
v -1.428356 1.546041 -3.448356
v -1.153398 1.546041 -3.549793
v -0.871329 1.546041 -3.629345
v -0.583887 1.546041 -3.686520
v -0.292846 1.546041 -3.720967
v -0.000000 1.546041 -3.732473
v 0.292846 1.546041 -3.720967
v 0.583887 1.546041 -3.686520
v 0.871329 1.546041 -3.629345
v 1.153398 1.546041 -3.549793
v 1.428356 1.546041 -3.448356
v 1.694507 1.546041 -3.325658
v 1.950212 1.546041 -3.182457
v 2.193893 1.546041 -3.019634
v 2.424048 1.546041 -2.838195
v 2.639257 1.546041 -2.639257
v 2.838195 1.546041 -2.424048
v 3.019634 1.546041 -2.193893
v 3.182457 1.546041 -1.950212
v 3.325658 1.546041 -1.694507
v 3.448356 1.546041 -1.428356
v 3.549793 1.546041 -1.153398
v 3.629345 1.546041 -0.871329
v 3.686520 1.546041 -0.583887
v 3.720967 1.546041 -0.292846
v 3.732473 1.546041 -0.000000
v 3.842268 1.248429 0.000000
v 3.830424 1.248429 0.301461
v 3.794964 1.248429 0.601063
v 3.736106 1.248429 0.896960
v 3.654214 1.248429 1.187326
v 3.549793 1.248429 1.470372
v 3.423486 1.248429 1.744353
v 3.276072 1.248429 2.007580
v 3.108460 1.248429 2.258429
v 2.921684 1.248429 2.495354
v 2.716894 1.248429 2.716894
v 2.495354 1.248429 2.921684
v 2.258429 1.248429 3.108460
v 2.007580 1.248429 3.276072
v 1.744353 1.248429 3.423486
v 1.470372 1.248429 3.549793
v 1.187326 1.248429 3.654214
v 0.896960 1.248429 3.736106
v 0.601063 1.248429 3.794964
v 0.301461 1.248429 3.830424
v 0.000000 1.248429 3.842268
v -0.301461 1.248429 3.830424
v -0.601063 1.248429 3.794964
v -0.896960 1.248429 3.736106
v -1.187326 1.248429 3.654214
v -1.470372 1.248429 3.549793
v -1.744353 1.248429 3.423486
v -2.007580 1.248429 3.276072
v -2.258429 1.248429 3.108460
v -2.495354 1.248429 2.921684
v -2.716894 1.248429 2.716894
v -2.921684 1.248429 2.495354
v -3.108460 1.248429 2.258429
v -3.276072 1.248429 2.007580
v -3.423486 1.248429 1.744353
v -3.549793 1.248429 1.470372
v -3.654214 1.248429 1.187326
v -3.736106 1.248429 0.896960
v -3.794964 1.248429 0.601063
v -3.830424 1.248429 0.301461
v -3.842268 1.248429 0.000000
v -3.830424 1.248429 -0.301461
v -3.794964 1.248429 -0.601063
v -3.736106 1.248429 -0.896960
v -3.654214 1.248429 -1.187326
v -3.549793 1.248429 -1.470372
v -3.423486 1.248429 -1.744353
v -3.276072 1.248429 -2.007580
v -3.108460 1.248429 -2.258429
v -2.921684 1.248429 -2.495354
v -2.716894 1.248429 -2.716894
v -2.495354 1.248429 -2.921684
v -2.258429 1.248429 -3.108460
v -2.007580 1.248429 -3.276072
v -1.744353 1.248429 -3.423486
v -1.470372 1.248429 -3.549793
v -1.187326 1.248429 -3.654214
v -0.896960 1.248429 -3.736106
v -0.601063 1.248429 -3.794964
v -0.301461 1.248429 -3.830424
v -0.000000 1.248429 -3.842268
v 0.301461 1.248429 -3.830424
v 0.601063 1.248429 -3.794964
v 0.896960 1.248429 -3.736106
v 1.187326 1.248429 -3.654214
v 1.470372 1.248429 -3.549793
v 1.744353 1.248429 -3.423486
v 2.007580 1.248429 -3.276072
v 2.258429 1.248429 -3.108460
v 2.495354 1.248429 -2.921684
v 2.716894 1.248429 -2.716894
v 2.921684 1.248429 -2.495354
v 3.108460 1.248429 -2.258429
v 3.276072 1.248429 -2.007580
v 3.423486 1.248429 -1.744353
v 3.549793 1.248429 -1.470372
v 3.654214 1.248429 -1.187326
v 3.736106 1.248429 -0.896960
v 3.794964 1.248429 -0.601063
v 3.830424 1.248429 -0.301461
v 3.842268 1.248429 -0.000000
v 3.928374 0.943119 0.000000
v 3.916265 0.943119 0.308217
v 3.880010 0.943119 0.614533
v 3.819833 0.943119 0.917061
v 3.736106 0.943119 1.213934
v 3.629345 0.943119 1.503324
v 3.500207 0.943119 1.783445
v 3.349490 0.943119 2.052570
v 3.178122 0.943119 2.309041
v 2.987159 0.943119 2.551275
v 2.777780 0.943119 2.777780
v 2.551275 0.943119 2.987159
v 2.309041 0.943119 3.178122
v 2.052570 0.943119 3.349490
v 1.783445 0.943119 3.500207
v 1.503324 0.943119 3.629345
v 1.213934 0.943119 3.736106
v 0.917061 0.943119 3.819833
v 0.614533 0.943119 3.880010
v 0.308217 0.943119 3.916265
v 0.000000 0.943119 3.928374
v -0.308217 0.943119 3.916265
v -0.614533 0.943119 3.880010
v -0.917061 0.943119 3.819833
v -1.213934 0.943119 3.736106
v -1.503324 0.943119 3.629345
v -1.783445 0.943119 3.500207
v -2.052570 0.943119 3.349490
v -2.309041 0.943119 3.178122
v -2.551275 0.943119 2.987159
v -2.777780 0.943119 2.777780
v -2.987159 0.943119 2.551275
v -3.178122 0.943119 2.309041
v -3.349490 0.943119 2.052570
v -3.500207 0.943119 1.783445
v -3.629345 0.943119 1.503324
v -3.736106 0.943119 1.213934
v -3.819833 0.943119 0.917061
v -3.880010 0.943119 0.614533
v -3.916265 0.943119 0.308217
v -3.928374 0.943119 0.000000
v -3.916265 0.943119 -0.308217
v -3.880010 0.943119 -0.614533
v -3.819833 0.943119 -0.917061
v -3.736106 0.943119 -1.213934
v -3.629345 0.943119 -1.503324
v -3.500207 0.943119 -1.783445
v -3.349490 0.943119 -2.052570
v -3.178122 0.943119 -2.309041
v -2.987159 0.943119 -2.551275
v -2.777780 0.943119 -2.777780
v -2.551275 0.943119 -2.987159
v -2.309041 0.943119 -3.178122
v -2.052570 0.943119 -3.349490
v -1.783445 0.943119 -3.500207
v -1.503324 0.943119 -3.629345
v -1.213934 0.943119 -3.736106
v -0.917061 0.943119 -3.819833
v -0.614533 0.943119 -3.880010
v -0.308217 0.943119 -3.916265
v -0.000000 0.943119 -3.928374
v 0.308217 0.943119 -3.916265
v 0.614533 0.943119 -3.880010
v 0.917061 0.943119 -3.819833
v 1.213934 0.943119 -3.736106
v 1.503324 0.943119 -3.629345
v 1.783445 0.943119 -3.500207
v 2.052570 0.943119 -3.349490
v 2.309041 0.943119 -3.178122
v 2.551275 0.943119 -2.987159
v 2.777780 0.943119 -2.777780
v 2.987159 0.943119 -2.551275
v 3.178122 0.943119 -2.309041
v 3.349490 0.943119 -2.052570
v 3.500207 0.943119 -1.783445
v 3.629345 0.943119 -1.503324
v 3.736106 0.943119 -1.213934
v 3.819833 0.943119 -0.917061
v 3.880010 0.943119 -0.614533
v 3.916265 0.943119 -0.308217
v 3.928374 0.943119 -0.000000
v 3.990261 0.631995 0.000000
v 3.977960 0.631995 0.313072
v 3.941134 0.631995 0.624214
v 3.880010 0.631995 0.931508
v 3.794964 0.631995 1.233058
v 3.686520 0.631995 1.527007
v 3.555348 0.631995 1.811541
v 3.402257 0.631995 2.084906
v 3.228189 0.631995 2.345417
v 3.034218 0.631995 2.591467
v 2.821541 0.631995 2.821541
v 2.591467 0.631995 3.034218
v 2.345417 0.631995 3.228189
v 2.084906 0.631995 3.402257
v 1.811541 0.631995 3.555348
v 1.527007 0.631995 3.686520
v 1.233058 0.631995 3.794964
v 0.931508 0.631995 3.880010
v 0.624214 0.631995 3.941134
v 0.313072 0.631995 3.977960
v 0.000000 0.631995 3.990261
v -0.313072 0.631995 3.977960
v -0.624214 0.631995 3.941134
v -0.931508 0.631995 3.880010
v -1.233058 0.631995 3.794964
v -1.527007 0.631995 3.686520
v -1.811541 0.631995 3.555348
v -2.084906 0.631995 3.402257
v -2.345417 0.631995 3.228189
v -2.591467 0.631995 3.034218
v -2.821541 0.631995 2.821541
v -3.034218 0.631995 2.591467
v -3.228189 0.631995 2.345417
v -3.402257 0.631995 2.084906
v -3.555348 0.631995 1.811541
v -3.686520 0.631995 1.527007
v -3.794964 0.631995 1.233058
v -3.880010 0.631995 0.931508
v -3.941134 0.631995 0.624214
v -3.977960 0.631995 0.313072
v -3.990261 0.631995 0.000000
v -3.977960 0.631995 -0.313072
v -3.941134 0.631995 -0.624214
v -3.880010 0.631995 -0.931508
v -3.794964 0.631995 -1.233058
v -3.686520 0.631995 -1.527007
v -3.555348 0.631995 -1.811541
v -3.402257 0.631995 -2.084906
v -3.228189 0.631995 -2.345417
v -3.034218 0.631995 -2.591467
v -2.821541 0.631995 -2.821541
v -2.591467 0.631995 -3.034218
v -2.345417 0.631995 -3.228189
v -2.084906 0.631995 -3.402257
v -1.811541 0.631995 -3.555348
v -1.527007 0.631995 -3.686520
v -1.233058 0.631995 -3.794964
v -0.931508 0.631995 -3.880010
v -0.624214 0.631995 -3.941134
v -0.313072 0.631995 -3.977960
v -0.000000 0.631995 -3.990261
v 0.313072 0.631995 -3.977960
v 0.624214 0.631995 -3.941134
v 0.931508 0.631995 -3.880010
v 1.233058 0.631995 -3.794964
v 1.527007 0.631995 -3.686520
v 1.811541 0.631995 -3.555348
v 2.084906 0.631995 -3.402257
v 2.345417 0.631995 -3.228189
v 2.591467 0.631995 -3.034218
v 2.821541 0.631995 -2.821541
v 3.034218 0.631995 -2.591467
v 3.228189 0.631995 -2.345417
v 3.402257 0.631995 -2.084906
v 3.555348 0.631995 -1.811541
v 3.686520 0.631995 -1.527007
v 3.794964 0.631995 -1.233058
v 3.880010 0.631995 -0.931508
v 3.941134 0.631995 -0.624214
v 3.977960 0.631995 -0.313072
v 3.990261 0.631995 -0.000000
v 4.027546 0.316975 0.000000
v 4.015130 0.316975 0.315998
v 3.977960 0.316975 0.630047
v 3.916265 0.316975 0.940212
v 3.830424 0.316975 1.244580
v 3.720967 0.316975 1.541275
v 3.588570 0.316975 1.828468
v 3.434048 0.316975 2.104387
v 3.258353 0.316975 2.367332
v 3.062570 0.316975 2.615682
v 2.847905 0.316975 2.847905
v 2.615682 0.316975 3.062570
v 2.367332 0.316975 3.258353
v 2.104387 0.316975 3.434048
v 1.828468 0.316975 3.588570
v 1.541275 0.316975 3.720967
v 1.244580 0.316975 3.830424
v 0.940212 0.316975 3.916265
v 0.630047 0.316975 3.977960
v 0.315998 0.316975 4.015130
v 0.000000 0.316975 4.027546
v -0.315998 0.316975 4.015130
v -0.630047 0.316975 3.977960
v -0.940212 0.316975 3.916265
v -1.244580 0.316975 3.830424
v -1.541275 0.316975 3.720967
v -1.828468 0.316975 3.588570
v -2.104387 0.316975 3.434048
v -2.367332 0.316975 3.258353
v -2.615682 0.316975 3.062570
v -2.847905 0.316975 2.847905
v -3.062570 0.316975 2.615682
v -3.258353 0.316975 2.367332
v -3.434048 0.316975 2.104387
v -3.588570 0.316975 1.828468
v -3.720967 0.316975 1.541275
v -3.830424 0.316975 1.244580
v -3.916265 0.316975 0.940212
v -3.977960 0.316975 0.630047
v -4.015130 0.316975 0.315998
v -4.027546 0.316975 0.000000
v -4.015130 0.316975 -0.315998
v -3.977960 0.316975 -0.630047
v -3.916265 0.316975 -0.940212
v -3.830424 0.316975 -1.244580
v -3.720967 0.316975 -1.541275
v -3.588570 0.316975 -1.828468
v -3.434048 0.316975 -2.104387
v -3.258353 0.316975 -2.367332
v -3.062570 0.316975 -2.615682
v -2.847905 0.316975 -2.847905
v -2.615682 0.316975 -3.062570
v -2.367332 0.316975 -3.258353
v -2.104387 0.316975 -3.434048
v -1.828468 0.316975 -3.588570
v -1.541275 0.316975 -3.720967
v -1.244580 0.316975 -3.830424
v -0.940212 0.316975 -3.916265
v -0.630047 0.316975 -3.977960
v -0.315998 0.316975 -4.015130
v -0.000000 0.316975 -4.027546
v 0.315998 0.316975 -4.015130
v 0.630047 0.316975 -3.977960
v 0.940212 0.316975 -3.916265
v 1.244580 0.316975 -3.830424
v 1.541275 0.316975 -3.720967
v 1.828468 0.316975 -3.588570
v 2.104387 0.316975 -3.434048
v 2.367332 0.316975 -3.258353
v 2.615682 0.316975 -3.062570
v 2.847905 0.316975 -2.847905
v 3.062570 0.316975 -2.615682
v 3.258353 0.316975 -2.367332
v 3.434048 0.316975 -2.104387
v 3.588570 0.316975 -1.828468
v 3.720967 0.316975 -1.541275
v 3.830424 0.316975 -1.244580
v 3.916265 0.316975 -0.940212
v 3.977960 0.316975 -0.630047
v 4.015130 0.316975 -0.315998
v 4.027546 0.316975 -0.000000
v 4.040000 0.000000 0.000000
v 4.027546 0.000000 0.316975
v 3.990261 0.000000 0.631995
v 3.928374 0.000000 0.943119
v 3.842268 0.000000 1.248429
v 3.732473 0.000000 1.546041
v 3.599666 0.000000 1.834122
v 3.444666 0.000000 2.110894
v 3.268429 0.000000 2.374652
v 3.072040 0.000000 2.623770
v 2.856711 0.000000 2.856711
v 2.623770 0.000000 3.072040
v 2.374652 0.000000 3.268429
v 2.110894 0.000000 3.444666
v 1.834122 0.000000 3.599666
v 1.546041 0.000000 3.732473
v 1.248429 0.000000 3.842268
v 0.943119 0.000000 3.928374
v 0.631995 0.000000 3.990261
v 0.316975 0.000000 4.027546
v 0.000000 0.000000 4.040000
v -0.316975 0.000000 4.027546
v -0.631995 0.000000 3.990261
v -0.943119 0.000000 3.928374
v -1.248429 0.000000 3.842268
v -1.546041 0.000000 3.732473
v -1.834122 0.000000 3.599666
v -2.110894 0.000000 3.444666
v -2.374652 0.000000 3.268429
v -2.623770 0.000000 3.072040
v -2.856711 0.000000 2.856711
v -3.072040 0.000000 2.623770
v -3.268429 0.000000 2.374652
v -3.444666 0.000000 2.110894
v -3.599666 0.000000 1.834122
v -3.732473 0.000000 1.546041
v -3.842268 0.000000 1.248429
v -3.928374 0.000000 0.943119
v -3.990261 0.000000 0.631995
v -4.027546 0.000000 0.316975
v -4.040000 0.000000 0.000000
v -4.027546 0.000000 -0.316975
v -3.990261 0.000000 -0.631995
v -3.928374 0.000000 -0.943119
v -3.842268 0.000000 -1.248429
v -3.732473 0.000000 -1.546041
v -3.599666 0.000000 -1.834122
v -3.444666 0.000000 -2.110894
v -3.268429 0.000000 -2.374652
v -3.072040 0.000000 -2.623770
v -2.856711 0.000000 -2.856711
v -2.623770 0.000000 -3.072040
v -2.374652 0.000000 -3.268429
v -2.110894 0.000000 -3.444666
v -1.834122 0.000000 -3.599666
v -1.546041 0.000000 -3.732473
v -1.248429 0.000000 -3.842268
v -0.943119 0.000000 -3.928374
v -0.631995 0.000000 -3.990261
v -0.316975 0.000000 -4.027546
v -0.000000 0.000000 -4.040000
v 0.316975 0.000000 -4.027546
v 0.631995 0.000000 -3.990261
v 0.943119 0.000000 -3.928374
v 1.248429 0.000000 -3.842268
v 1.546041 0.000000 -3.732473
v 1.834122 0.000000 -3.599666
v 2.110894 0.000000 -3.444666
v 2.374652 0.000000 -3.268429
v 2.623770 0.000000 -3.072040
v 2.856711 0.000000 -2.856711
v 3.072040 0.000000 -2.623770
v 3.268429 0.000000 -2.374652
v 3.444666 0.000000 -2.110894
v 3.599666 0.000000 -1.834122
v 3.732473 0.000000 -1.546041
v 3.842268 0.000000 -1.248429
v 3.928374 0.000000 -0.943119
v 3.990261 0.000000 -0.631995
v 4.027546 0.000000 -0.316975
v 4.040000 0.000000 -0.000000
v 4.027546 -0.316975 0.000000
v 4.015130 -0.316975 0.315998
v 3.977960 -0.316975 0.630047
v 3.916265 -0.316975 0.940212
v 3.830424 -0.316975 1.244580
v 3.720967 -0.316975 1.541275
v 3.588570 -0.316975 1.828468
v 3.434048 -0.316975 2.104387
v 3.258353 -0.316975 2.367332
v 3.062570 -0.316975 2.615682
v 2.847905 -0.316975 2.847905
v 2.615682 -0.316975 3.062570
v 2.367332 -0.316975 3.258353
v 2.104387 -0.316975 3.434048
v 1.828468 -0.316975 3.588570
v 1.541275 -0.316975 3.720967
v 1.244580 -0.316975 3.830424
v 0.940212 -0.316975 3.916265
v 0.630047 -0.316975 3.977960
v 0.315998 -0.316975 4.015130
v 0.000000 -0.316975 4.027546
v -0.315998 -0.316975 4.015130
v -0.630047 -0.316975 3.977960
v -0.940212 -0.316975 3.916265
v -1.244580 -0.316975 3.830424
v -1.541275 -0.316975 3.720967
v -1.828468 -0.316975 3.588570
v -2.104387 -0.316975 3.434048
v -2.367332 -0.316975 3.258353
v -2.615682 -0.316975 3.062570
v -2.847905 -0.316975 2.847905
v -3.062570 -0.316975 2.615682
v -3.258353 -0.316975 2.367332
v -3.434048 -0.316975 2.104387
v -3.588570 -0.316975 1.828468
v -3.720967 -0.316975 1.541275
v -3.830424 -0.316975 1.244580
v -3.916265 -0.316975 0.940212
v -3.977960 -0.316975 0.630047
v -4.015130 -0.316975 0.315998
v -4.027546 -0.316975 0.000000
v -4.015130 -0.316975 -0.315998
v -3.977960 -0.316975 -0.630047
v -3.916265 -0.316975 -0.940212
v -3.830424 -0.316975 -1.244580
v -3.720967 -0.316975 -1.541275
v -3.588570 -0.316975 -1.828468
v -3.434048 -0.316975 -2.104387
v -3.258353 -0.316975 -2.367332
v -3.062570 -0.316975 -2.615682
v -2.847905 -0.316975 -2.847905
v -2.615682 -0.316975 -3.062570
v -2.367332 -0.316975 -3.258353
v -2.104387 -0.316975 -3.434048
v -1.828468 -0.316975 -3.588570
v -1.541275 -0.316975 -3.720967
v -1.244580 -0.316975 -3.830424
v -0.940212 -0.316975 -3.916265
v -0.630047 -0.316975 -3.977960
v -0.315998 -0.316975 -4.015130
v -0.000000 -0.316975 -4.027546
v 0.315998 -0.316975 -4.015130
v 0.630047 -0.316975 -3.977960
v 0.940212 -0.316975 -3.916265
v 1.244580 -0.316975 -3.830424
v 1.541275 -0.316975 -3.720967
v 1.828468 -0.316975 -3.588570
v 2.104387 -0.316975 -3.434048
v 2.367332 -0.316975 -3.258353
v 2.615682 -0.316975 -3.062570
v 2.847905 -0.316975 -2.847905
v 3.062570 -0.316975 -2.615682
v 3.258353 -0.316975 -2.367332
v 3.434048 -0.316975 -2.104387
v 3.588570 -0.316975 -1.828468
v 3.720967 -0.316975 -1.541275
v 3.830424 -0.316975 -1.244580
v 3.916265 -0.316975 -0.940212
v 3.977960 -0.316975 -0.630047
v 4.015130 -0.316975 -0.315998
v 4.027546 -0.316975 -0.000000
v 3.990261 -0.631995 0.000000
v 3.977960 -0.631995 0.313072
v 3.941134 -0.631995 0.624214
v 3.880010 -0.631995 0.931508
v 3.794964 -0.631995 1.233058
v 3.686520 -0.631995 1.527007
v 3.555348 -0.631995 1.811541
v 3.402257 -0.631995 2.084906
v 3.228189 -0.631995 2.345417
v 3.034218 -0.631995 2.591467
v 2.821541 -0.631995 2.821541
v 2.591467 -0.631995 3.034218
v 2.345417 -0.631995 3.228189
v 2.084906 -0.631995 3.402257
v 1.811541 -0.631995 3.555348
v 1.527007 -0.631995 3.686520
v 1.233058 -0.631995 3.794964
v 0.931508 -0.631995 3.880010
v 0.624214 -0.631995 3.941134
v 0.313072 -0.631995 3.977960
v 0.000000 -0.631995 3.990261
v -0.313072 -0.631995 3.977960
v -0.624214 -0.631995 3.941134
v -0.931508 -0.631995 3.880010
v -1.233058 -0.631995 3.794964
v -1.527007 -0.631995 3.686520
v -1.811541 -0.631995 3.555348
v -2.084906 -0.631995 3.402257
v -2.345417 -0.631995 3.228189
v -2.591467 -0.631995 3.034218
v -2.821541 -0.631995 2.821541
v -3.034218 -0.631995 2.591467
v -3.228189 -0.631995 2.345417
v -3.402257 -0.631995 2.084906
v -3.555348 -0.631995 1.811541
v -3.686520 -0.631995 1.527007
v -3.794964 -0.631995 1.233058
v -3.880010 -0.631995 0.931508
v -3.941134 -0.631995 0.624214
v -3.977960 -0.631995 0.313072
v -3.990261 -0.631995 0.000000
v -3.977960 -0.631995 -0.313072
v -3.941134 -0.631995 -0.624214
v -3.880010 -0.631995 -0.931508
v -3.794964 -0.631995 -1.233058
v -3.686520 -0.631995 -1.527007
v -3.555348 -0.631995 -1.811541
v -3.402257 -0.631995 -2.084906
v -3.228189 -0.631995 -2.345417
v -3.034218 -0.631995 -2.591467
v -2.821541 -0.631995 -2.821541
v -2.591467 -0.631995 -3.034218
v -2.345417 -0.631995 -3.228189
v -2.084906 -0.631995 -3.402257
v -1.811541 -0.631995 -3.555348
v -1.527007 -0.631995 -3.686520
v -1.233058 -0.631995 -3.794964
v -0.931508 -0.631995 -3.880010
v -0.624214 -0.631995 -3.941134
v -0.313072 -0.631995 -3.977960
v -0.000000 -0.631995 -3.990261
v 0.313072 -0.631995 -3.977960
v 0.624214 -0.631995 -3.941134
v 0.931508 -0.631995 -3.880010
v 1.233058 -0.631995 -3.794964
v 1.527007 -0.631995 -3.686520
v 1.811541 -0.631995 -3.555348
v 2.084906 -0.631995 -3.402257
v 2.345417 -0.631995 -3.228189
v 2.591467 -0.631995 -3.034218
v 2.821541 -0.631995 -2.821541
v 3.034218 -0.631995 -2.591467
v 3.228189 -0.631995 -2.345417
v 3.402257 -0.631995 -2.084906
v 3.555348 -0.631995 -1.811541
v 3.686520 -0.631995 -1.527007
v 3.794964 -0.631995 -1.233058
v 3.880010 -0.631995 -0.931508
v 3.941134 -0.631995 -0.624214
v 3.977960 -0.631995 -0.313072
v 3.990261 -0.631995 -0.000000
v 3.928374 -0.943119 0.000000
v 3.916265 -0.943119 0.308217
v 3.880010 -0.943119 0.614533
v 3.819833 -0.943119 0.917061
v 3.736106 -0.943119 1.213934
v 3.629345 -0.943119 1.503324
v 3.500207 -0.943119 1.783445
v 3.349490 -0.943119 2.052570
v 3.178122 -0.943119 2.309041
v 2.987159 -0.943119 2.551275
v 2.777780 -0.943119 2.777780
v 2.551275 -0.943119 2.987159
v 2.309041 -0.943119 3.178122
v 2.052570 -0.943119 3.349490
v 1.783445 -0.943119 3.500207
v 1.503324 -0.943119 3.629345
v 1.213934 -0.943119 3.736106
v 0.917061 -0.943119 3.819833
v 0.614533 -0.943119 3.880010
v 0.308217 -0.943119 3.916265
v 0.000000 -0.943119 3.928374
v -0.308217 -0.943119 3.916265
v -0.614533 -0.943119 3.880010
v -0.917061 -0.943119 3.819833
v -1.213934 -0.943119 3.736106
v -1.503324 -0.943119 3.629345
v -1.783445 -0.943119 3.500207
v -2.052570 -0.943119 3.349490
v -2.309041 -0.943119 3.178122
v -2.551275 -0.943119 2.987159
v -2.777780 -0.943119 2.777780
v -2.987159 -0.943119 2.551275
v -3.178122 -0.943119 2.309041
v -3.349490 -0.943119 2.052570
v -3.500207 -0.943119 1.783445
v -3.629345 -0.943119 1.503324
v -3.736106 -0.943119 1.213934
v -3.819833 -0.943119 0.917061
v -3.880010 -0.943119 0.614533
v -3.916265 -0.943119 0.308217
v -3.928374 -0.943119 0.000000
v -3.916265 -0.943119 -0.308217
v -3.880010 -0.943119 -0.614533
v -3.819833 -0.943119 -0.917061
v -3.736106 -0.943119 -1.213934
v -3.629345 -0.943119 -1.503324
v -3.500207 -0.943119 -1.783445
v -3.349490 -0.943119 -2.052570
v -3.178122 -0.943119 -2.309041
v -2.987159 -0.943119 -2.551275
v -2.777780 -0.943119 -2.777780
v -2.551275 -0.943119 -2.987159
v -2.309041 -0.943119 -3.178122
v -2.052570 -0.943119 -3.349490
v -1.783445 -0.943119 -3.500207
v -1.503324 -0.943119 -3.629345
v -1.213934 -0.943119 -3.736106
v -0.917061 -0.943119 -3.819833
v -0.614533 -0.943119 -3.880010
v -0.308217 -0.943119 -3.916265
v -0.000000 -0.943119 -3.928374
v 0.308217 -0.943119 -3.916265
v 0.614533 -0.943119 -3.880010
v 0.917061 -0.943119 -3.819833
v 1.213934 -0.943119 -3.736106
v 1.503324 -0.943119 -3.629345
v 1.783445 -0.943119 -3.500207
v 2.052570 -0.943119 -3.349490
v 2.309041 -0.943119 -3.178122
v 2.551275 -0.943119 -2.987159
v 2.777780 -0.943119 -2.777780
v 2.987159 -0.943119 -2.551275
v 3.178122 -0.943119 -2.309041
v 3.349490 -0.943119 -2.052570
v 3.500207 -0.943119 -1.783445
v 3.629345 -0.943119 -1.503324
v 3.736106 -0.943119 -1.213934
v 3.819833 -0.943119 -0.917061
v 3.880010 -0.943119 -0.614533
v 3.916265 -0.943119 -0.308217
v 3.928374 -0.943119 -0.000000
v 3.842268 -1.248429 0.000000
v 3.830424 -1.248429 0.301461
v 3.794964 -1.248429 0.601063
v 3.736106 -1.248429 0.896960
v 3.654214 -1.248429 1.187326
v 3.549793 -1.248429 1.470372
v 3.423486 -1.248429 1.744353
v 3.276072 -1.248429 2.007580
v 3.108460 -1.248429 2.258429
v 2.921684 -1.248429 2.495354
v 2.716894 -1.248429 2.716894
v 2.495354 -1.248429 2.921684
v 2.258429 -1.248429 3.108460
v 2.007580 -1.248429 3.276072
v 1.744353 -1.248429 3.423486
v 1.470372 -1.248429 3.549793
v 1.187326 -1.248429 3.654214
v 0.896960 -1.248429 3.736106
v 0.601063 -1.248429 3.794964
v 0.301461 -1.248429 3.830424
v 0.000000 -1.248429 3.842268
v -0.301461 -1.248429 3.830424
v -0.601063 -1.248429 3.794964
v -0.896960 -1.248429 3.736106
v -1.187326 -1.248429 3.654214
v -1.470372 -1.248429 3.549793
v -1.744353 -1.248429 3.423486
v -2.007580 -1.248429 3.276072
v -2.258429 -1.248429 3.108460
v -2.495354 -1.248429 2.921684
v -2.716894 -1.248429 2.716894
v -2.921684 -1.248429 2.495354
v -3.108460 -1.248429 2.258429
v -3.276072 -1.248429 2.007580
v -3.423486 -1.248429 1.744353
v -3.549793 -1.248429 1.470372
v -3.654214 -1.248429 1.187326
v -3.736106 -1.248429 0.896960
v -3.794964 -1.248429 0.601063
v -3.830424 -1.248429 0.301461
v -3.842268 -1.248429 0.000000
v -3.830424 -1.248429 -0.301461
v -3.794964 -1.248429 -0.601063
v -3.736106 -1.248429 -0.896960
v -3.654214 -1.248429 -1.187326
v -3.549793 -1.248429 -1.470372
v -3.423486 -1.248429 -1.744353
v -3.276072 -1.248429 -2.007580
v -3.108460 -1.248429 -2.258429
v -2.921684 -1.248429 -2.495354
v -2.716894 -1.248429 -2.716894
v -2.495354 -1.248429 -2.921684
v -2.258429 -1.248429 -3.108460
v -2.007580 -1.248429 -3.276072
v -1.744353 -1.248429 -3.423486
v -1.470372 -1.248429 -3.549793
v -1.187326 -1.248429 -3.654214
v -0.896960 -1.248429 -3.736106
v -0.601063 -1.248429 -3.794964
v -0.301461 -1.248429 -3.830424
v -0.000000 -1.248429 -3.842268
v 0.301461 -1.248429 -3.830424
v 0.601063 -1.248429 -3.794964
v 0.896960 -1.248429 -3.736106
v 1.187326 -1.248429 -3.654214
v 1.470372 -1.248429 -3.549793
v 1.744353 -1.248429 -3.423486
v 2.007580 -1.248429 -3.276072
v 2.258429 -1.248429 -3.108460
v 2.495354 -1.248429 -2.921684
v 2.716894 -1.248429 -2.716894
v 2.921684 -1.248429 -2.495354
v 3.108460 -1.248429 -2.258429
v 3.276072 -1.248429 -2.007580
v 3.423486 -1.248429 -1.744353
v 3.549793 -1.248429 -1.470372
v 3.654214 -1.248429 -1.187326
v 3.736106 -1.248429 -0.896960
v 3.794964 -1.248429 -0.601063
v 3.830424 -1.248429 -0.301461
v 3.842268 -1.248429 -0.000000
v 3.732473 -1.546041 0.000000
v 3.720967 -1.546041 0.292846
v 3.686520 -1.546041 0.583887
v 3.629345 -1.546041 0.871329
v 3.549793 -1.546041 1.153398
v 3.448356 -1.546041 1.428356
v 3.325658 -1.546041 1.694507
v 3.182457 -1.546041 1.950212
v 3.019634 -1.546041 2.193893
v 2.838195 -1.546041 2.424048
v 2.639257 -1.546041 2.639257
v 2.424048 -1.546041 2.838195
v 2.193893 -1.546041 3.019634
v 1.950212 -1.546041 3.182457
v 1.694507 -1.546041 3.325658
v 1.428356 -1.546041 3.448356
v 1.153398 -1.546041 3.549793
v 0.871329 -1.546041 3.629345
v 0.583887 -1.546041 3.686520
v 0.292846 -1.546041 3.720967
v 0.000000 -1.546041 3.732473
v -0.292846 -1.546041 3.720967
v -0.583887 -1.546041 3.686520
v -0.871329 -1.546041 3.629345
v -1.153398 -1.546041 3.549793
v -1.428356 -1.546041 3.448356
v -1.694507 -1.546041 3.325658
v -1.950212 -1.546041 3.182457
v -2.193893 -1.546041 3.019634
v -2.424048 -1.546041 2.838195
v -2.639257 -1.546041 2.639257
v -2.838195 -1.546041 2.424048
v -3.019634 -1.546041 2.193893
v -3.182457 -1.546041 1.950212
v -3.325658 -1.546041 1.694507
v -3.448356 -1.546041 1.428356
v -3.549793 -1.546041 1.153398
v -3.629345 -1.546041 0.871329
v -3.686520 -1.546041 0.583887
v -3.720967 -1.546041 0.292846
v -3.732473 -1.546041 0.000000
v -3.720967 -1.546041 -0.292846
v -3.686520 -1.546041 -0.583887
v -3.629345 -1.546041 -0.871329
v -3.549793 -1.546041 -1.153398
v -3.448356 -1.546041 -1.428356
v -3.325658 -1.546041 -1.694507
v -3.182457 -1.546041 -1.950212
v -3.019634 -1.546041 -2.193893
v -2.838195 -1.546041 -2.424048
v -2.639257 -1.546041 -2.639257
v -2.424048 -1.546041 -2.838195
v -2.193893 -1.546041 -3.019634
v -1.950212 -1.546041 -3.182457
v -1.694507 -1.546041 -3.325658
v -1.428356 -1.546041 -3.448356
v -1.153398 -1.546041 -3.549793
v -0.871329 -1.546041 -3.629345
v -0.583887 -1.546041 -3.686520
v -0.292846 -1.546041 -3.720967
v -0.000000 -1.546041 -3.732473
v 0.292846 -1.546041 -3.720967
v 0.583887 -1.546041 -3.686520
v 0.871329 -1.546041 -3.629345
v 1.153398 -1.546041 -3.549793
v 1.428356 -1.546041 -3.448356
v 1.694507 -1.546041 -3.325658
v 1.950212 -1.546041 -3.182457
v 2.193893 -1.546041 -3.019634
v 2.424048 -1.546041 -2.838195
v 2.639257 -1.546041 -2.639257
v 2.838195 -1.546041 -2.424048
v 3.019634 -1.546041 -2.193893
v 3.182457 -1.546041 -1.950212
v 3.325658 -1.546041 -1.694507
v 3.448356 -1.546041 -1.428356
v 3.549793 -1.546041 -1.153398
v 3.629345 -1.546041 -0.871329
v 3.686520 -1.546041 -0.583887
v 3.720967 -1.546041 -0.292846
v 3.732473 -1.546041 -0.000000
v 3.599666 -1.834122 0.000000
v 3.588570 -1.834122 0.282427
v 3.555348 -1.834122 0.563112
v 3.500207 -1.834122 0.840325
v 3.423486 -1.834122 1.112358
v 3.325658 -1.834122 1.377533
v 3.207326 -1.834122 1.634214
v 3.069220 -1.834122 1.880821
v 2.912191 -1.834122 2.115831
v 2.737208 -1.834122 2.337796
v 2.545348 -1.834122 2.545348
v 2.337796 -1.834122 2.737208
v 2.115831 -1.834122 2.912191
v 1.880821 -1.834122 3.069220
v 1.634214 -1.834122 3.207326
v 1.377533 -1.834122 3.325658
v 1.112358 -1.834122 3.423486
v 0.840325 -1.834122 3.500207
v 0.563112 -1.834122 3.555348
v 0.282427 -1.834122 3.588570
v 0.000000 -1.834122 3.599666
v -0.282427 -1.834122 3.588570
v -0.563112 -1.834122 3.555348
v -0.840325 -1.834122 3.500207
v -1.112358 -1.834122 3.423486
v -1.377533 -1.834122 3.325658
v -1.634214 -1.834122 3.207326
v -1.880821 -1.834122 3.069220
v -2.115831 -1.834122 2.912191
v -2.337796 -1.834122 2.737208
v -2.545348 -1.834122 2.545348
v -2.737208 -1.834122 2.337796
v -2.912191 -1.834122 2.115831
v -3.069220 -1.834122 1.880821
v -3.207326 -1.834122 1.634214
v -3.325658 -1.834122 1.377533
v -3.423486 -1.834122 1.112358
v -3.500207 -1.834122 0.840325
v -3.555348 -1.834122 0.563112
v -3.588570 -1.834122 0.282427
v -3.599666 -1.834122 0.000000
v -3.588570 -1.834122 -0.282427
v -3.555348 -1.834122 -0.563112
v -3.500207 -1.834122 -0.840325
v -3.423486 -1.834122 -1.112358
v -3.325658 -1.834122 -1.377533
v -3.207326 -1.834122 -1.634214
v -3.069220 -1.834122 -1.880821
v -2.912191 -1.834122 -2.115831
v -2.737208 -1.834122 -2.337796
v -2.545348 -1.834122 -2.545348
v -2.337796 -1.834122 -2.737208
v -2.115831 -1.834122 -2.912191
v -1.880821 -1.834122 -3.069220
v -1.634214 -1.834122 -3.207326
v -1.377533 -1.834122 -3.325658
v -1.112358 -1.834122 -3.423486
v -0.840325 -1.834122 -3.500207
v -0.563112 -1.834122 -3.555348
v -0.282427 -1.834122 -3.588570
v -0.000000 -1.834122 -3.599666
v 0.282427 -1.834122 -3.588570
v 0.563112 -1.834122 -3.555348
v 0.840325 -1.834122 -3.500207
v 1.112358 -1.834122 -3.423486
v 1.377533 -1.834122 -3.325658
v 1.634214 -1.834122 -3.207326
v 1.880821 -1.834122 -3.069220
v 2.115831 -1.834122 -2.912191
v 2.337796 -1.834122 -2.737208
v 2.545348 -1.834122 -2.545348
v 2.737208 -1.834122 -2.337796
v 2.912191 -1.834122 -2.115831
v 3.069220 -1.834122 -1.880821
v 3.207326 -1.834122 -1.634214
v 3.325658 -1.834122 -1.377533
v 3.423486 -1.834122 -1.112358
v 3.500207 -1.834122 -0.840325
v 3.555348 -1.834122 -0.563112
v 3.588570 -1.834122 -0.282427
v 3.599666 -1.834122 -0.000000
v 3.444666 -2.110894 0.000000
v 3.434048 -2.110894 0.270265
v 3.402257 -2.110894 0.538865
v 3.349490 -2.110894 0.804141
v 3.276072 -2.110894 1.064460
v 3.182457 -2.110894 1.318217
v 3.069220 -2.110894 1.563846
v 2.937061 -2.110894 1.799833
v 2.786794 -2.110894 2.024724
v 2.619345 -2.110894 2.237132
v 2.435747 -2.110894 2.435747
v 2.237132 -2.110894 2.619345
v 2.024724 -2.110894 2.786794
v 1.799833 -2.110894 2.937061
v 1.563846 -2.110894 3.069220
v 1.318217 -2.110894 3.182457
v 1.064460 -2.110894 3.276072
v 0.804141 -2.110894 3.349490
v 0.538865 -2.110894 3.402257
v 0.270265 -2.110894 3.434048
v 0.000000 -2.110894 3.444666
v -0.270265 -2.110894 3.434048
v -0.538865 -2.110894 3.402257
v -0.804141 -2.110894 3.349490
v -1.064460 -2.110894 3.276072
v -1.318217 -2.110894 3.182457
v -1.563846 -2.110894 3.069220
v -1.799833 -2.110894 2.937061
v -2.024724 -2.110894 2.786794
v -2.237132 -2.110894 2.619345
v -2.435747 -2.110894 2.435747
v -2.619345 -2.110894 2.237132
v -2.786794 -2.110894 2.024724
v -2.937061 -2.110894 1.799833
v -3.069220 -2.110894 1.563846
v -3.182457 -2.110894 1.318217
v -3.276072 -2.110894 1.064460
v -3.349490 -2.110894 0.804141
v -3.402257 -2.110894 0.538865
v -3.434048 -2.110894 0.270265
v -3.444666 -2.110894 0.000000
v -3.434048 -2.110894 -0.270265
v -3.402257 -2.110894 -0.538865
v -3.349490 -2.110894 -0.804141
v -3.276072 -2.110894 -1.064460
v -3.182457 -2.110894 -1.318217
v -3.069220 -2.110894 -1.563846
v -2.937061 -2.110894 -1.799833
v -2.786794 -2.110894 -2.024724
v -2.619345 -2.110894 -2.237132
v -2.435747 -2.110894 -2.435747
v -2.237132 -2.110894 -2.619345
v -2.024724 -2.110894 -2.786794
v -1.799833 -2.110894 -2.937061
v -1.563846 -2.110894 -3.069220
v -1.318217 -2.110894 -3.182457
v -1.064460 -2.110894 -3.276072
v -0.804141 -2.110894 -3.349490
v -0.538865 -2.110894 -3.402257
v -0.270265 -2.110894 -3.434048
v -0.000000 -2.110894 -3.444666
v 0.270265 -2.110894 -3.434048
v 0.538865 -2.110894 -3.402257
v 0.804141 -2.110894 -3.349490
v 1.064460 -2.110894 -3.276072
v 1.318217 -2.110894 -3.182457
v 1.563846 -2.110894 -3.069220
v 1.799833 -2.110894 -2.937061
v 2.024724 -2.110894 -2.786794
v 2.237132 -2.110894 -2.619345
v 2.435747 -2.110894 -2.435747
v 2.619345 -2.110894 -2.237132
v 2.786794 -2.110894 -2.024724
v 2.937061 -2.110894 -1.799833
v 3.069220 -2.110894 -1.563846
v 3.182457 -2.110894 -1.318217
v 3.276072 -2.110894 -1.064460
v 3.349490 -2.110894 -0.804141
v 3.402257 -2.110894 -0.538865
v 3.434048 -2.110894 -0.270265
v 3.444666 -2.110894 -0.000000
v 3.268429 -2.374652 0.000000
v 3.258353 -2.374652 0.256438
v 3.228189 -2.374652 0.511295
v 3.178122 -2.374652 0.763000
v 3.108460 -2.374652 1.010000
v 3.019634 -2.374652 1.250773
v 2.912191 -2.374652 1.483836
v 2.786794 -2.374652 1.707749
v 2.644214 -2.374652 1.921134
v 2.485333 -2.374652 2.122675
v 2.311128 -2.374652 2.311128
v 2.122675 -2.374652 2.485333
v 1.921134 -2.374652 2.644214
v 1.707749 -2.374652 2.786794
v 1.483836 -2.374652 2.912191
v 1.250773 -2.374652 3.019634
v 1.010000 -2.374652 3.108460
v 0.763000 -2.374652 3.178122
v 0.511295 -2.374652 3.228189
v 0.256438 -2.374652 3.258353
v 0.000000 -2.374652 3.268429
v -0.256438 -2.374652 3.258353
v -0.511295 -2.374652 3.228189
v -0.763000 -2.374652 3.178122
v -1.010000 -2.374652 3.108460
v -1.250773 -2.374652 3.019634
v -1.483836 -2.374652 2.912191
v -1.707749 -2.374652 2.786794
v -1.921134 -2.374652 2.644214
v -2.122675 -2.374652 2.485333
v -2.311128 -2.374652 2.311128
v -2.485333 -2.374652 2.122675
v -2.644214 -2.374652 1.921134
v -2.786794 -2.374652 1.707749
v -2.912191 -2.374652 1.483836
v -3.019634 -2.374652 1.250773
v -3.108460 -2.374652 1.010000
v -3.178122 -2.374652 0.763000
v -3.228189 -2.374652 0.511295
v -3.258353 -2.374652 0.256438
v -3.268429 -2.374652 0.000000
v -3.258353 -2.374652 -0.256438
v -3.228189 -2.374652 -0.511295
v -3.178122 -2.374652 -0.763000
v -3.108460 -2.374652 -1.010000
v -3.019634 -2.374652 -1.250773
v -2.912191 -2.374652 -1.483836
v -2.786794 -2.374652 -1.707749
v -2.644214 -2.374652 -1.921134
v -2.485333 -2.374652 -2.122675
v -2.311128 -2.374652 -2.311128
v -2.122675 -2.374652 -2.485333
v -1.921134 -2.374652 -2.644214
v -1.707749 -2.374652 -2.786794
v -1.483836 -2.374652 -2.912191
v -1.250773 -2.374652 -3.019634
v -1.010000 -2.374652 -3.108460
v -0.763000 -2.374652 -3.178122
v -0.511295 -2.374652 -3.228189
v -0.256438 -2.374652 -3.258353
v -0.000000 -2.374652 -3.268429
v 0.256438 -2.374652 -3.258353
v 0.511295 -2.374652 -3.228189
v 0.763000 -2.374652 -3.178122
v 1.010000 -2.374652 -3.108460
v 1.250773 -2.374652 -3.019634
v 1.483836 -2.374652 -2.912191
v 1.707749 -2.374652 -2.786794
v 1.921134 -2.374652 -2.644214
v 2.122675 -2.374652 -2.485333
v 2.311128 -2.374652 -2.311128
v 2.485333 -2.374652 -2.122675
v 2.644214 -2.374652 -1.921134
v 2.786794 -2.374652 -1.707749
v 2.912191 -2.374652 -1.483836
v 3.019634 -2.374652 -1.250773
v 3.108460 -2.374652 -1.010000
v 3.178122 -2.374652 -0.763000
v 3.228189 -2.374652 -0.511295
v 3.258353 -2.374652 -0.256438
v 3.268429 -2.374652 -0.000000
v 3.072040 -2.623770 0.000000
v 3.062570 -2.623770 0.241029
v 3.034218 -2.623770 0.480573
v 2.987159 -2.623770 0.717154
v 2.921684 -2.623770 0.949313
v 2.838195 -2.623770 1.175619
v 2.737208 -2.623770 1.394677
v 2.619345 -2.623770 1.605137
v 2.485333 -2.623770 1.805700
v 2.335998 -2.623770 1.995130
v 2.172260 -2.623770 2.172260
v 1.995130 -2.623770 2.335998
v 1.805700 -2.623770 2.485333
v 1.605137 -2.623770 2.619345
v 1.394677 -2.623770 2.737208
v 1.175619 -2.623770 2.838195
v 0.949313 -2.623770 2.921684
v 0.717154 -2.623770 2.987159
v 0.480573 -2.623770 3.034218
v 0.241029 -2.623770 3.062570
v 0.000000 -2.623770 3.072040
v -0.241029 -2.623770 3.062570
v -0.480573 -2.623770 3.034218
v -0.717154 -2.623770 2.987159
v -0.949313 -2.623770 2.921684
v -1.175619 -2.623770 2.838195
v -1.394677 -2.623770 2.737208
v -1.605137 -2.623770 2.619345
v -1.805700 -2.623770 2.485333
v -1.995130 -2.623770 2.335998
v -2.172260 -2.623770 2.172260
v -2.335998 -2.623770 1.995130
v -2.485333 -2.623770 1.805700
v -2.619345 -2.623770 1.605137
v -2.737208 -2.623770 1.394677
v -2.838195 -2.623770 1.175619
v -2.921684 -2.623770 0.949313
v -2.987159 -2.623770 0.717154
v -3.034218 -2.623770 0.480573
v -3.062570 -2.623770 0.241029
v -3.072040 -2.623770 0.000000
v -3.062570 -2.623770 -0.241029
v -3.034218 -2.623770 -0.480573
v -2.987159 -2.623770 -0.717154
v -2.921684 -2.623770 -0.949313
v -2.838195 -2.623770 -1.175619
v -2.737208 -2.623770 -1.394677
v -2.619345 -2.623770 -1.605137
v -2.485333 -2.623770 -1.805700
v -2.335998 -2.623770 -1.995130
v -2.172260 -2.623770 -2.172260
v -1.995130 -2.623770 -2.335998
v -1.805700 -2.623770 -2.485333
v -1.605137 -2.623770 -2.619345
v -1.394677 -2.623770 -2.737208
v -1.175619 -2.623770 -2.838195
v -0.949313 -2.623770 -2.921684
v -0.717154 -2.623770 -2.987159
v -0.480573 -2.623770 -3.034218
v -0.241029 -2.623770 -3.062570
v -0.000000 -2.623770 -3.072040
v 0.241029 -2.623770 -3.062570
v 0.480573 -2.623770 -3.034218
v 0.717154 -2.623770 -2.987159
v 0.949313 -2.623770 -2.921684
v 1.175619 -2.623770 -2.838195
v 1.394677 -2.623770 -2.737208
v 1.605137 -2.623770 -2.619345
v 1.805700 -2.623770 -2.485333
v 1.995130 -2.623770 -2.335998
v 2.172260 -2.623770 -2.172260
v 2.335998 -2.623770 -1.995130
v 2.485333 -2.623770 -1.805700
v 2.619345 -2.623770 -1.605137
v 2.737208 -2.623770 -1.394677
v 2.838195 -2.623770 -1.175619
v 2.921684 -2.623770 -0.949313
v 2.987159 -2.623770 -0.717154
v 3.034218 -2.623770 -0.480573
v 3.062570 -2.623770 -0.241029
v 3.072040 -2.623770 -0.000000
v 2.856711 -2.856711 0.000000
v 2.847905 -2.856711 0.224135
v 2.821541 -2.856711 0.446888
v 2.777780 -2.856711 0.666886
v 2.716894 -2.856711 0.882772
v 2.639257 -2.856711 1.093216
v 2.545348 -2.856711 1.296920
v 2.435747 -2.856711 1.492628
v 2.311128 -2.856711 1.679133
v 2.172260 -2.856711 1.855286
v 2.020000 -2.856711 2.020000
v 1.855286 -2.856711 2.172260
v 1.679133 -2.856711 2.311128
v 1.492628 -2.856711 2.435747
v 1.296920 -2.856711 2.545348
v 1.093216 -2.856711 2.639257
v 0.882772 -2.856711 2.716894
v 0.666886 -2.856711 2.777780
v 0.446888 -2.856711 2.821541
v 0.224135 -2.856711 2.847905
v 0.000000 -2.856711 2.856711
v -0.224135 -2.856711 2.847905
v -0.446888 -2.856711 2.821541
v -0.666886 -2.856711 2.777780
v -0.882772 -2.856711 2.716894
v -1.093216 -2.856711 2.639257
v -1.296920 -2.856711 2.545348
v -1.492628 -2.856711 2.435747
v -1.679133 -2.856711 2.311128
v -1.855286 -2.856711 2.172260
v -2.020000 -2.856711 2.020000
v -2.172260 -2.856711 1.855286
v -2.311128 -2.856711 1.679133
v -2.435747 -2.856711 1.492628
v -2.545348 -2.856711 1.296920
v -2.639257 -2.856711 1.093216
v -2.716894 -2.856711 0.882772
v -2.777780 -2.856711 0.666886
v -2.821541 -2.856711 0.446888
v -2.847905 -2.856711 0.224135
v -2.856711 -2.856711 0.000000
v -2.847905 -2.856711 -0.224135
v -2.821541 -2.856711 -0.446888
v -2.777780 -2.856711 -0.666886
v -2.716894 -2.856711 -0.882772
v -2.639257 -2.856711 -1.093216
v -2.545348 -2.856711 -1.296920
v -2.435747 -2.856711 -1.492628
v -2.311128 -2.856711 -1.679133
v -2.172260 -2.856711 -1.855286
v -2.020000 -2.856711 -2.020000
v -1.855286 -2.856711 -2.172260
v -1.679133 -2.856711 -2.311128
v -1.492628 -2.856711 -2.435747
v -1.296920 -2.856711 -2.545348
v -1.093216 -2.856711 -2.639257
v -0.882772 -2.856711 -2.716894
v -0.666886 -2.856711 -2.777780
v -0.446888 -2.856711 -2.821541
v -0.224135 -2.856711 -2.847905
v -0.000000 -2.856711 -2.856711
v 0.224135 -2.856711 -2.847905
v 0.446888 -2.856711 -2.821541
v 0.666886 -2.856711 -2.777780
v 0.882772 -2.856711 -2.716894
v 1.093216 -2.856711 -2.639257
v 1.296920 -2.856711 -2.545348
v 1.492628 -2.856711 -2.435747
v 1.679133 -2.856711 -2.311128
v 1.855286 -2.856711 -2.172260
v 2.020000 -2.856711 -2.020000
v 2.172260 -2.856711 -1.855286
v 2.311128 -2.856711 -1.679133
v 2.435747 -2.856711 -1.492628
v 2.545348 -2.856711 -1.296920
v 2.639257 -2.856711 -1.093216
v 2.716894 -2.856711 -0.882772
v 2.777780 -2.856711 -0.666886
v 2.821541 -2.856711 -0.446888
v 2.847905 -2.856711 -0.224135
v 2.856711 -2.856711 -0.000000
v 2.623770 -3.072040 0.000000
v 2.615682 -3.072040 0.205859
v 2.591467 -3.072040 0.410448
v 2.551275 -3.072040 0.612507
v 2.495354 -3.072040 0.810790
v 2.424048 -3.072040 1.004073
v 2.337796 -3.072040 1.191167
v 2.237132 -3.072040 1.370916
v 2.122675 -3.072040 1.542213
v 1.995130 -3.072040 1.704002
v 1.855286 -3.072040 1.855286
v 1.704002 -3.072040 1.995130
v 1.542213 -3.072040 2.122675
v 1.370916 -3.072040 2.237132
v 1.191167 -3.072040 2.337796
v 1.004073 -3.072040 2.424048
v 0.810790 -3.072040 2.495354
v 0.612507 -3.072040 2.551275
v 0.410448 -3.072040 2.591467
v 0.205859 -3.072040 2.615682
v 0.000000 -3.072040 2.623770
v -0.205859 -3.072040 2.615682
v -0.410448 -3.072040 2.591467
v -0.612507 -3.072040 2.551275
v -0.810790 -3.072040 2.495354
v -1.004073 -3.072040 2.424048
v -1.191167 -3.072040 2.337796
v -1.370916 -3.072040 2.237132
v -1.542213 -3.072040 2.122675
v -1.704002 -3.072040 1.995130
v -1.855286 -3.072040 1.855286
v -1.995130 -3.072040 1.704002
v -2.122675 -3.072040 1.542213
v -2.237132 -3.072040 1.370916
v -2.337796 -3.072040 1.191167
v -2.424048 -3.072040 1.004073
v -2.495354 -3.072040 0.810790
v -2.551275 -3.072040 0.612507
v -2.591467 -3.072040 0.410448
v -2.615682 -3.072040 0.205859
v -2.623770 -3.072040 0.000000
v -2.615682 -3.072040 -0.205859
v -2.591467 -3.072040 -0.410448
v -2.551275 -3.072040 -0.612507
v -2.495354 -3.072040 -0.810790
v -2.424048 -3.072040 -1.004073
v -2.337796 -3.072040 -1.191167
v -2.237132 -3.072040 -1.370916
v -2.122675 -3.072040 -1.542213
v -1.995130 -3.072040 -1.704002
v -1.855286 -3.072040 -1.855286
v -1.704002 -3.072040 -1.995130
v -1.542213 -3.072040 -2.122675
v -1.370916 -3.072040 -2.237132
v -1.191167 -3.072040 -2.337796
v -1.004073 -3.072040 -2.424048
v -0.810790 -3.072040 -2.495354
v -0.612507 -3.072040 -2.551275
v -0.410448 -3.072040 -2.591467
v -0.205859 -3.072040 -2.615682
v -0.000000 -3.072040 -2.623770
v 0.205859 -3.072040 -2.615682
v 0.410448 -3.072040 -2.591467
v 0.612507 -3.072040 -2.551275
v 0.810790 -3.072040 -2.495354
v 1.004073 -3.072040 -2.424048
v 1.191167 -3.072040 -2.337796
v 1.370916 -3.072040 -2.237132
v 1.542213 -3.072040 -2.122675
v 1.704002 -3.072040 -1.995130
v 1.855286 -3.072040 -1.855286
v 1.995130 -3.072040 -1.704002
v 2.122675 -3.072040 -1.542213
v 2.237132 -3.072040 -1.370916
v 2.337796 -3.072040 -1.191167
v 2.424048 -3.072040 -1.004073
v 2.495354 -3.072040 -0.810790
v 2.551275 -3.072040 -0.612507
v 2.591467 -3.072040 -0.410448
v 2.615682 -3.072040 -0.205859
v 2.623770 -3.072040 -0.000000
v 2.374652 -3.268429 0.000000
v 2.367332 -3.268429 0.186313
v 2.345417 -3.268429 0.371477
v 2.309041 -3.268429 0.554352
v 2.258429 -3.268429 0.733808
v 2.193893 -3.268429 0.908740
v 2.115831 -3.268429 1.078070
v 2.024724 -3.268429 1.240752
v 1.921134 -3.268429 1.395786
v 1.805700 -3.268429 1.542213
v 1.679133 -3.268429 1.679133
v 1.542213 -3.268429 1.805700
v 1.395786 -3.268429 1.921134
v 1.240752 -3.268429 2.024724
v 1.078070 -3.268429 2.115831
v 0.908740 -3.268429 2.193893
v 0.733808 -3.268429 2.258429
v 0.554352 -3.268429 2.309041
v 0.371477 -3.268429 2.345417
v 0.186313 -3.268429 2.367332
v 0.000000 -3.268429 2.374652
v -0.186313 -3.268429 2.367332
v -0.371477 -3.268429 2.345417
v -0.554352 -3.268429 2.309041
v -0.733808 -3.268429 2.258429
v -0.908740 -3.268429 2.193893
v -1.078070 -3.268429 2.115831
v -1.240752 -3.268429 2.024724
v -1.395786 -3.268429 1.921134
v -1.542213 -3.268429 1.805700
v -1.679133 -3.268429 1.679133
v -1.805700 -3.268429 1.542213
v -1.921134 -3.268429 1.395786
v -2.024724 -3.268429 1.240752
v -2.115831 -3.268429 1.078070
v -2.193893 -3.268429 0.908740
v -2.258429 -3.268429 0.733808
v -2.309041 -3.268429 0.554352
v -2.345417 -3.268429 0.371477
v -2.367332 -3.268429 0.186313
v -2.374652 -3.268429 0.000000
v -2.367332 -3.268429 -0.186313
v -2.345417 -3.268429 -0.371477
v -2.309041 -3.268429 -0.554352
v -2.258429 -3.268429 -0.733808
v -2.193893 -3.268429 -0.908740
v -2.115831 -3.268429 -1.078070
v -2.024724 -3.268429 -1.240752
v -1.921134 -3.268429 -1.395786
v -1.805700 -3.268429 -1.542213
v -1.679133 -3.268429 -1.679133
v -1.542213 -3.268429 -1.805700
v -1.395786 -3.268429 -1.921134
v -1.240752 -3.268429 -2.024724
v -1.078070 -3.268429 -2.115831
v -0.908740 -3.268429 -2.193893
v -0.733808 -3.268429 -2.258429
v -0.554352 -3.268429 -2.309041
v -0.371477 -3.268429 -2.345417
v -0.186313 -3.268429 -2.367332
v -0.000000 -3.268429 -2.374652
v 0.186313 -3.268429 -2.367332
v 0.371477 -3.268429 -2.345417
v 0.554352 -3.268429 -2.309041
v 0.733808 -3.268429 -2.258429
v 0.908740 -3.268429 -2.193893
v 1.078070 -3.268429 -2.115831
v 1.240752 -3.268429 -2.024724
v 1.395786 -3.268429 -1.921134
v 1.542213 -3.268429 -1.805700
v 1.679133 -3.268429 -1.679133
v 1.805700 -3.268429 -1.542213
v 1.921134 -3.268429 -1.395786
v 2.024724 -3.268429 -1.240752
v 2.115831 -3.268429 -1.078070
v 2.193893 -3.268429 -0.908740
v 2.258429 -3.268429 -0.733808
v 2.309041 -3.268429 -0.554352
v 2.345417 -3.268429 -0.371477
v 2.367332 -3.268429 -0.186313
v 2.374652 -3.268429 -0.000000
v 2.110894 -3.444666 0.000000
v 2.104387 -3.444666 0.165619
v 2.084906 -3.444666 0.330217
v 2.052570 -3.444666 0.492778
v 2.007580 -3.444666 0.652302
v 1.950212 -3.444666 0.807804
v 1.880821 -3.444666 0.958326
v 1.799833 -3.444666 1.102939
v 1.707749 -3.444666 1.240752
v 1.605137 -3.444666 1.370916
v 1.492628 -3.444666 1.492628
v 1.370916 -3.444666 1.605137
v 1.240752 -3.444666 1.707749
v 1.102939 -3.444666 1.799833
v 0.958326 -3.444666 1.880821
v 0.807804 -3.444666 1.950212
v 0.652302 -3.444666 2.007580
v 0.492778 -3.444666 2.052570
v 0.330217 -3.444666 2.084906
v 0.165619 -3.444666 2.104387
v 0.000000 -3.444666 2.110894
v -0.165619 -3.444666 2.104387
v -0.330217 -3.444666 2.084906
v -0.492778 -3.444666 2.052570
v -0.652302 -3.444666 2.007580
v -0.807804 -3.444666 1.950212
v -0.958326 -3.444666 1.880821
v -1.102939 -3.444666 1.799833
v -1.240752 -3.444666 1.707749
v -1.370916 -3.444666 1.605137
v -1.492628 -3.444666 1.492628
v -1.605137 -3.444666 1.370916
v -1.707749 -3.444666 1.240752
v -1.799833 -3.444666 1.102939
v -1.880821 -3.444666 0.958326
v -1.950212 -3.444666 0.807804
v -2.007580 -3.444666 0.652302
v -2.052570 -3.444666 0.492778
v -2.084906 -3.444666 0.330217
v -2.104387 -3.444666 0.165619
v -2.110894 -3.444666 0.000000
v -2.104387 -3.444666 -0.165619
v -2.084906 -3.444666 -0.330217
v -2.052570 -3.444666 -0.492778
v -2.007580 -3.444666 -0.652302
v -1.950212 -3.444666 -0.807804
v -1.880821 -3.444666 -0.958326
v -1.799833 -3.444666 -1.102939
v -1.707749 -3.444666 -1.240752
v -1.605137 -3.444666 -1.370916
v -1.492628 -3.444666 -1.492628
v -1.370916 -3.444666 -1.605137
v -1.240752 -3.444666 -1.707749
v -1.102939 -3.444666 -1.799833
v -0.958326 -3.444666 -1.880821
v -0.807804 -3.444666 -1.950212
v -0.652302 -3.444666 -2.007580
v -0.492778 -3.444666 -2.052570
v -0.330217 -3.444666 -2.084906
v -0.165619 -3.444666 -2.104387
v -0.000000 -3.444666 -2.110894
v 0.165619 -3.444666 -2.104387
v 0.330217 -3.444666 -2.084906
v 0.492778 -3.444666 -2.052570
v 0.652302 -3.444666 -2.007580
v 0.807804 -3.444666 -1.950212
v 0.958326 -3.444666 -1.880821
v 1.102939 -3.444666 -1.799833
v 1.240752 -3.444666 -1.707749
v 1.370916 -3.444666 -1.605137
v 1.492628 -3.444666 -1.492628
v 1.605137 -3.444666 -1.370916
v 1.707749 -3.444666 -1.240752
v 1.799833 -3.444666 -1.102939
v 1.880821 -3.444666 -0.958326
v 1.950212 -3.444666 -0.807804
v 2.007580 -3.444666 -0.652302
v 2.052570 -3.444666 -0.492778
v 2.084906 -3.444666 -0.330217
v 2.104387 -3.444666 -0.165619
v 2.110894 -3.444666 -0.000000
v 1.834122 -3.599666 0.000000
v 1.828468 -3.599666 0.143904
v 1.811541 -3.599666 0.286920
v 1.783445 -3.599666 0.428167
v 1.744353 -3.599666 0.566775
v 1.694507 -3.599666 0.701888
v 1.634214 -3.599666 0.832674
v 1.563846 -3.599666 0.958326
v 1.483836 -3.599666 1.078070
v 1.394677 -3.599666 1.191167
v 1.296920 -3.599666 1.296920
v 1.191167 -3.599666 1.394677
v 1.078070 -3.599666 1.483836
v 0.958326 -3.599666 1.563846
v 0.832674 -3.599666 1.634214
v 0.701888 -3.599666 1.694507
v 0.566775 -3.599666 1.744353
v 0.428167 -3.599666 1.783445
v 0.286920 -3.599666 1.811541
v 0.143904 -3.599666 1.828468
v 0.000000 -3.599666 1.834122
v -0.143904 -3.599666 1.828468
v -0.286920 -3.599666 1.811541
v -0.428167 -3.599666 1.783445
v -0.566775 -3.599666 1.744353
v -0.701888 -3.599666 1.694507
v -0.832674 -3.599666 1.634214
v -0.958326 -3.599666 1.563846
v -1.078070 -3.599666 1.483836
v -1.191167 -3.599666 1.394677
v -1.296920 -3.599666 1.296920
v -1.394677 -3.599666 1.191167
v -1.483836 -3.599666 1.078070
v -1.563846 -3.599666 0.958326
v -1.634214 -3.599666 0.832674
v -1.694507 -3.599666 0.701888
v -1.744353 -3.599666 0.566775
v -1.783445 -3.599666 0.428167
v -1.811541 -3.599666 0.286920
v -1.828468 -3.599666 0.143904
v -1.834122 -3.599666 0.000000
v -1.828468 -3.599666 -0.143904
v -1.811541 -3.599666 -0.286920
v -1.783445 -3.599666 -0.428167
v -1.744353 -3.599666 -0.566775
v -1.694507 -3.599666 -0.701888
v -1.634214 -3.599666 -0.832674
v -1.563846 -3.599666 -0.958326
v -1.483836 -3.599666 -1.078070
v -1.394677 -3.599666 -1.191167
v -1.296920 -3.599666 -1.296920
v -1.191167 -3.599666 -1.394677
v -1.078070 -3.599666 -1.483836
v -0.958326 -3.599666 -1.563846
v -0.832674 -3.599666 -1.634214
v -0.701888 -3.599666 -1.694507
v -0.566775 -3.599666 -1.744353
v -0.428167 -3.599666 -1.783445
v -0.286920 -3.599666 -1.811541
v -0.143904 -3.599666 -1.828468
v -0.000000 -3.599666 -1.834122
v 0.143904 -3.599666 -1.828468
v 0.286920 -3.599666 -1.811541
v 0.428167 -3.599666 -1.783445
v 0.566775 -3.599666 -1.744353
v 0.701888 -3.599666 -1.694507
v 0.832674 -3.599666 -1.634214
v 0.958326 -3.599666 -1.563846
v 1.078070 -3.599666 -1.483836
v 1.191167 -3.599666 -1.394677
v 1.296920 -3.599666 -1.296920
v 1.394677 -3.599666 -1.191167
v 1.483836 -3.599666 -1.078070
v 1.563846 -3.599666 -0.958326
v 1.634214 -3.599666 -0.832674
v 1.694507 -3.599666 -0.701888
v 1.744353 -3.599666 -0.566775
v 1.783445 -3.599666 -0.428167
v 1.811541 -3.599666 -0.286920
v 1.828468 -3.599666 -0.143904
v 1.834122 -3.599666 -0.000000
v 1.546041 -3.732473 0.000000
v 1.541275 -3.732473 0.121301
v 1.527007 -3.732473 0.241854
v 1.503324 -3.732473 0.360916
v 1.470372 -3.732473 0.477753
v 1.428356 -3.732473 0.591644
v 1.377533 -3.732473 0.701888
v 1.318217 -3.732473 0.807804
v 1.250773 -3.732473 0.908740
v 1.175619 -3.732473 1.004073
v 1.093216 -3.732473 1.093216
v 1.004073 -3.732473 1.175619
v 0.908740 -3.732473 1.250773
v 0.807804 -3.732473 1.318217
v 0.701888 -3.732473 1.377533
v 0.591644 -3.732473 1.428356
v 0.477753 -3.732473 1.470372
v 0.360916 -3.732473 1.503324
v 0.241854 -3.732473 1.527007
v 0.121301 -3.732473 1.541275
v 0.000000 -3.732473 1.546041
v -0.121301 -3.732473 1.541275
v -0.241854 -3.732473 1.527007
v -0.360916 -3.732473 1.503324
v -0.477753 -3.732473 1.470372
v -0.591644 -3.732473 1.428356
v -0.701888 -3.732473 1.377533
v -0.807804 -3.732473 1.318217
v -0.908740 -3.732473 1.250773
v -1.004073 -3.732473 1.175619
v -1.093216 -3.732473 1.093216
v -1.175619 -3.732473 1.004073
v -1.250773 -3.732473 0.908740
v -1.318217 -3.732473 0.807804
v -1.377533 -3.732473 0.701888
v -1.428356 -3.732473 0.591644
v -1.470372 -3.732473 0.477753
v -1.503324 -3.732473 0.360916
v -1.527007 -3.732473 0.241854
v -1.541275 -3.732473 0.121301
v -1.546041 -3.732473 0.000000
v -1.541275 -3.732473 -0.121301
v -1.527007 -3.732473 -0.241854
v -1.503324 -3.732473 -0.360916
v -1.470372 -3.732473 -0.477753
v -1.428356 -3.732473 -0.591644
v -1.377533 -3.732473 -0.701888
v -1.318217 -3.732473 -0.807804
v -1.250773 -3.732473 -0.908740
v -1.175619 -3.732473 -1.004073
v -1.093216 -3.732473 -1.093216
v -1.004073 -3.732473 -1.175619
v -0.908740 -3.732473 -1.250773
v -0.807804 -3.732473 -1.318217
v -0.701888 -3.732473 -1.377533
v -0.591644 -3.732473 -1.428356
v -0.477753 -3.732473 -1.470372
v -0.360916 -3.732473 -1.503324
v -0.241854 -3.732473 -1.527007
v -0.121301 -3.732473 -1.541275
v -0.000000 -3.732473 -1.546041
v 0.121301 -3.732473 -1.541275
v 0.241854 -3.732473 -1.527007
v 0.360916 -3.732473 -1.503324
v 0.477753 -3.732473 -1.470372
v 0.591644 -3.732473 -1.428356
v 0.701888 -3.732473 -1.377533
v 0.807804 -3.732473 -1.318217
v 0.908740 -3.732473 -1.250773
v 1.004073 -3.732473 -1.175619
v 1.093216 -3.732473 -1.093216
v 1.175619 -3.732473 -1.004073
v 1.250773 -3.732473 -0.908740
v 1.318217 -3.732473 -0.807804
v 1.377533 -3.732473 -0.701888
v 1.428356 -3.732473 -0.591644
v 1.470372 -3.732473 -0.477753
v 1.503324 -3.732473 -0.360916
v 1.527007 -3.732473 -0.241854
v 1.541275 -3.732473 -0.121301
v 1.546041 -3.732473 -0.000000
v 1.248429 -3.842268 0.000000
v 1.244580 -3.842268 0.097951
v 1.233058 -3.842268 0.195297
v 1.213934 -3.842268 0.291440
v 1.187326 -3.842268 0.385786
v 1.153398 -3.842268 0.477753
v 1.112358 -3.842268 0.566775
v 1.064460 -3.842268 0.652302
v 1.010000 -3.842268 0.733808
v 0.949313 -3.842268 0.810790
v 0.882772 -3.842268 0.882772
v 0.810790 -3.842268 0.949313
v 0.733808 -3.842268 1.010000
v 0.652302 -3.842268 1.064460
v 0.566775 -3.842268 1.112358
v 0.477753 -3.842268 1.153398
v 0.385786 -3.842268 1.187326
v 0.291440 -3.842268 1.213934
v 0.195297 -3.842268 1.233058
v 0.097951 -3.842268 1.244580
v 0.000000 -3.842268 1.248429
v -0.097951 -3.842268 1.244580
v -0.195297 -3.842268 1.233058
v -0.291440 -3.842268 1.213934
v -0.385786 -3.842268 1.187326
v -0.477753 -3.842268 1.153398
v -0.566775 -3.842268 1.112358
v -0.652302 -3.842268 1.064460
v -0.733808 -3.842268 1.010000
v -0.810790 -3.842268 0.949313
v -0.882772 -3.842268 0.882772
v -0.949313 -3.842268 0.810790
v -1.010000 -3.842268 0.733808
v -1.064460 -3.842268 0.652302
v -1.112358 -3.842268 0.566775
v -1.153398 -3.842268 0.477753
v -1.187326 -3.842268 0.385786
v -1.213934 -3.842268 0.291440
v -1.233058 -3.842268 0.195297
v -1.244580 -3.842268 0.097951
v -1.248429 -3.842268 0.000000
v -1.244580 -3.842268 -0.097951
v -1.233058 -3.842268 -0.195297
v -1.213934 -3.842268 -0.291440
v -1.187326 -3.842268 -0.385786
v -1.153398 -3.842268 -0.477753
v -1.112358 -3.842268 -0.566775
v -1.064460 -3.842268 -0.652302
v -1.010000 -3.842268 -0.733808
v -0.949313 -3.842268 -0.810790
v -0.882772 -3.842268 -0.882772
v -0.810790 -3.842268 -0.949313
v -0.733808 -3.842268 -1.010000
v -0.652302 -3.842268 -1.064460
v -0.566775 -3.842268 -1.112358
v -0.477753 -3.842268 -1.153398
v -0.385786 -3.842268 -1.187326
v -0.291440 -3.842268 -1.213934
v -0.195297 -3.842268 -1.233058
v -0.097951 -3.842268 -1.244580
v -0.000000 -3.842268 -1.248429
v 0.097951 -3.842268 -1.244580
v 0.195297 -3.842268 -1.233058
v 0.291440 -3.842268 -1.213934
v 0.385786 -3.842268 -1.187326
v 0.477753 -3.842268 -1.153398
v 0.566775 -3.842268 -1.112358
v 0.652302 -3.842268 -1.064460
v 0.733808 -3.842268 -1.010000
v 0.810790 -3.842268 -0.949313
v 0.882772 -3.842268 -0.882772
v 0.949313 -3.842268 -0.810790
v 1.010000 -3.842268 -0.733808
v 1.064460 -3.842268 -0.652302
v 1.112358 -3.842268 -0.566775
v 1.153398 -3.842268 -0.477753
v 1.187326 -3.842268 -0.385786
v 1.213934 -3.842268 -0.291440
v 1.233058 -3.842268 -0.195297
v 1.244580 -3.842268 -0.097951
v 1.248429 -3.842268 -0.000000
v 0.943119 -3.928374 0.000000
v 0.940212 -3.928374 0.073996
v 0.931508 -3.928374 0.147536
v 0.917061 -3.928374 0.220167
v 0.896960 -3.928374 0.291440
v 0.871329 -3.928374 0.360916
v 0.840325 -3.928374 0.428167
v 0.804141 -3.928374 0.492778
v 0.763000 -3.928374 0.554352
v 0.717154 -3.928374 0.612507
v 0.666886 -3.928374 0.666886
v 0.612507 -3.928374 0.717154
v 0.554352 -3.928374 0.763000
v 0.492778 -3.928374 0.804141
v 0.428167 -3.928374 0.840325
v 0.360916 -3.928374 0.871329
v 0.291440 -3.928374 0.896960
v 0.220167 -3.928374 0.917061
v 0.147536 -3.928374 0.931508
v 0.073996 -3.928374 0.940212
v 0.000000 -3.928374 0.943119
v -0.073996 -3.928374 0.940212
v -0.147536 -3.928374 0.931508
v -0.220167 -3.928374 0.917061
v -0.291440 -3.928374 0.896960
v -0.360916 -3.928374 0.871329
v -0.428167 -3.928374 0.840325
v -0.492778 -3.928374 0.804141
v -0.554352 -3.928374 0.763000
v -0.612507 -3.928374 0.717154
v -0.666886 -3.928374 0.666886
v -0.717154 -3.928374 0.612507
v -0.763000 -3.928374 0.554352
v -0.804141 -3.928374 0.492778
v -0.840325 -3.928374 0.428167
v -0.871329 -3.928374 0.360916
v -0.896960 -3.928374 0.291440
v -0.917061 -3.928374 0.220167
v -0.931508 -3.928374 0.147536
v -0.940212 -3.928374 0.073996
v -0.943119 -3.928374 0.000000
v -0.940212 -3.928374 -0.073996
v -0.931508 -3.928374 -0.147536
v -0.917061 -3.928374 -0.220167
v -0.896960 -3.928374 -0.291440
v -0.871329 -3.928374 -0.360916
v -0.840325 -3.928374 -0.428167
v -0.804141 -3.928374 -0.492778
v -0.763000 -3.928374 -0.554352
v -0.717154 -3.928374 -0.612507
v -0.666886 -3.928374 -0.666886
v -0.612507 -3.928374 -0.717154
v -0.554352 -3.928374 -0.763000
v -0.492778 -3.928374 -0.804141
v -0.428167 -3.928374 -0.840325
v -0.360916 -3.928374 -0.871329
v -0.291440 -3.928374 -0.896960
v -0.220167 -3.928374 -0.917061
v -0.147536 -3.928374 -0.931508
v -0.073996 -3.928374 -0.940212
v -0.000000 -3.928374 -0.943119
v 0.073996 -3.928374 -0.940212
v 0.147536 -3.928374 -0.931508
v 0.220167 -3.928374 -0.917061
v 0.291440 -3.928374 -0.896960
v 0.360916 -3.928374 -0.871329
v 0.428167 -3.928374 -0.840325
v 0.492778 -3.928374 -0.804141
v 0.554352 -3.928374 -0.763000
v 0.612507 -3.928374 -0.717154
v 0.666886 -3.928374 -0.666886
v 0.717154 -3.928374 -0.612507
v 0.763000 -3.928374 -0.554352
v 0.804141 -3.928374 -0.492778
v 0.840325 -3.928374 -0.428167
v 0.871329 -3.928374 -0.360916
v 0.896960 -3.928374 -0.291440
v 0.917061 -3.928374 -0.220167
v 0.931508 -3.928374 -0.147536
v 0.940212 -3.928374 -0.073996
v 0.943119 -3.928374 -0.000000
v 0.631995 -3.990261 0.000000
v 0.630047 -3.990261 0.049586
v 0.624214 -3.990261 0.098866
v 0.614533 -3.990261 0.147536
v 0.601063 -3.990261 0.195297
v 0.583887 -3.990261 0.241854
v 0.563112 -3.990261 0.286920
v 0.538865 -3.990261 0.330217
v 0.511295 -3.990261 0.371477
v 0.480573 -3.990261 0.410448
v 0.446888 -3.990261 0.446888
v 0.410448 -3.990261 0.480573
v 0.371477 -3.990261 0.511295
v 0.330217 -3.990261 0.538865
v 0.286920 -3.990261 0.563112
v 0.241854 -3.990261 0.583887
v 0.195297 -3.990261 0.601063
v 0.147536 -3.990261 0.614533
v 0.098866 -3.990261 0.624214
v 0.049586 -3.990261 0.630047
v 0.000000 -3.990261 0.631995
v -0.049586 -3.990261 0.630047
v -0.098866 -3.990261 0.624214
v -0.147536 -3.990261 0.614533
v -0.195297 -3.990261 0.601063
v -0.241854 -3.990261 0.583887
v -0.286920 -3.990261 0.563112
v -0.330217 -3.990261 0.538865
v -0.371477 -3.990261 0.511295
v -0.410448 -3.990261 0.480573
v -0.446888 -3.990261 0.446888
v -0.480573 -3.990261 0.410448
v -0.511295 -3.990261 0.371477
v -0.538865 -3.990261 0.330217
v -0.563112 -3.990261 0.286920
v -0.583887 -3.990261 0.241854
v -0.601063 -3.990261 0.195297
v -0.614533 -3.990261 0.147536
v -0.624214 -3.990261 0.098866
v -0.630047 -3.990261 0.049586
v -0.631995 -3.990261 0.000000
v -0.630047 -3.990261 -0.049586
v -0.624214 -3.990261 -0.098866
v -0.614533 -3.990261 -0.147536
v -0.601063 -3.990261 -0.195297
v -0.583887 -3.990261 -0.241854
v -0.563112 -3.990261 -0.286920
v -0.538865 -3.990261 -0.330217
v -0.511295 -3.990261 -0.371477
v -0.480573 -3.990261 -0.410448
v -0.446888 -3.990261 -0.446888
v -0.410448 -3.990261 -0.480573
v -0.371477 -3.990261 -0.511295
v -0.330217 -3.990261 -0.538865
v -0.286920 -3.990261 -0.563112
v -0.241854 -3.990261 -0.583887
v -0.195297 -3.990261 -0.601063
v -0.147536 -3.990261 -0.614533
v -0.098866 -3.990261 -0.624214
v -0.049586 -3.990261 -0.630047
v -0.000000 -3.990261 -0.631995
v 0.049586 -3.990261 -0.630047
v 0.098866 -3.990261 -0.624214
v 0.147536 -3.990261 -0.614533
v 0.195297 -3.990261 -0.601063
v 0.241854 -3.990261 -0.583887
v 0.286920 -3.990261 -0.563112
v 0.330217 -3.990261 -0.538865
v 0.371477 -3.990261 -0.511295
v 0.410448 -3.990261 -0.480573
v 0.446888 -3.990261 -0.446888
v 0.480573 -3.990261 -0.410448
v 0.511295 -3.990261 -0.371477
v 0.538865 -3.990261 -0.330217
v 0.563112 -3.990261 -0.286920
v 0.583887 -3.990261 -0.241854
v 0.601063 -3.990261 -0.195297
v 0.614533 -3.990261 -0.147536
v 0.624214 -3.990261 -0.098866
v 0.630047 -3.990261 -0.049586
v 0.631995 -3.990261 -0.000000
v 0.316975 -4.027546 0.000000
v 0.315998 -4.027546 0.024870
v 0.313072 -4.027546 0.049586
v 0.308217 -4.027546 0.073996
v 0.301461 -4.027546 0.097951
v 0.292846 -4.027546 0.121301
v 0.282427 -4.027546 0.143904
v 0.270265 -4.027546 0.165619
v 0.256438 -4.027546 0.186313
v 0.241029 -4.027546 0.205859
v 0.224135 -4.027546 0.224135
v 0.205859 -4.027546 0.241029
v 0.186313 -4.027546 0.256438
v 0.165619 -4.027546 0.270265
v 0.143904 -4.027546 0.282427
v 0.121301 -4.027546 0.292846
v 0.097951 -4.027546 0.301461
v 0.073996 -4.027546 0.308217
v 0.049586 -4.027546 0.313072
v 0.024870 -4.027546 0.315998
v 0.000000 -4.027546 0.316975
v -0.024870 -4.027546 0.315998
v -0.049586 -4.027546 0.313072
v -0.073996 -4.027546 0.308217
v -0.097951 -4.027546 0.301461
v -0.121301 -4.027546 0.292846
v -0.143904 -4.027546 0.282427
v -0.165619 -4.027546 0.270265
v -0.186313 -4.027546 0.256438
v -0.205859 -4.027546 0.241029
v -0.224135 -4.027546 0.224135
v -0.241029 -4.027546 0.205859
v -0.256438 -4.027546 0.186313
v -0.270265 -4.027546 0.165619
v -0.282427 -4.027546 0.143904
v -0.292846 -4.027546 0.121301
v -0.301461 -4.027546 0.097951
v -0.308217 -4.027546 0.073996
v -0.313072 -4.027546 0.049586
v -0.315998 -4.027546 0.024870
v -0.316975 -4.027546 0.000000
v -0.315998 -4.027546 -0.024870
v -0.313072 -4.027546 -0.049586
v -0.308217 -4.027546 -0.073996
v -0.301461 -4.027546 -0.097951
v -0.292846 -4.027546 -0.121301
v -0.282427 -4.027546 -0.143904
v -0.270265 -4.027546 -0.165619
v -0.256438 -4.027546 -0.186313
v -0.241029 -4.027546 -0.205859
v -0.224135 -4.027546 -0.224135
v -0.205859 -4.027546 -0.241029
v -0.186313 -4.027546 -0.256438
v -0.165619 -4.027546 -0.270265
v -0.143904 -4.027546 -0.282427
v -0.121301 -4.027546 -0.292846
v -0.097951 -4.027546 -0.301461
v -0.073996 -4.027546 -0.308217
v -0.049586 -4.027546 -0.313072
v -0.024870 -4.027546 -0.315998
v -0.000000 -4.027546 -0.316975
v 0.024870 -4.027546 -0.315998
v 0.049586 -4.027546 -0.313072
v 0.073996 -4.027546 -0.308217
v 0.097951 -4.027546 -0.301461
v 0.121301 -4.027546 -0.292846
v 0.143904 -4.027546 -0.282427
v 0.165619 -4.027546 -0.270265
v 0.186313 -4.027546 -0.256438
v 0.205859 -4.027546 -0.241029
v 0.224135 -4.027546 -0.224135
v 0.241029 -4.027546 -0.205859
v 0.256438 -4.027546 -0.186313
v 0.270265 -4.027546 -0.165619
v 0.282427 -4.027546 -0.143904
v 0.292846 -4.027546 -0.121301
v 0.301461 -4.027546 -0.097951
v 0.308217 -4.027546 -0.073996
v 0.313072 -4.027546 -0.049586
v 0.315998 -4.027546 -0.024870
v 0.316975 -4.027546 -0.000000
v 0.000000 -4.040000 0.000000
v 0.000000 -4.040000 0.000000
v 0.000000 -4.040000 0.000000
v 0.000000 -4.040000 0.000000
v 0.000000 -4.040000 0.000000
v 0.000000 -4.040000 0.000000
v 0.000000 -4.040000 0.000000
v 0.000000 -4.040000 0.000000
v 0.000000 -4.040000 0.000000
v 0.000000 -4.040000 0.000000
v 0.000000 -4.040000 0.000000
v 0.000000 -4.040000 0.000000
v 0.000000 -4.040000 0.000000
v 0.000000 -4.040000 0.000000
v 0.000000 -4.040000 0.000000
v 0.000000 -4.040000 0.000000
v 0.000000 -4.040000 0.000000
v 0.000000 -4.040000 0.000000
v 0.000000 -4.040000 0.000000
v 0.000000 -4.040000 0.000000
v 0.000000 -4.040000 0.000000
v -0.000000 -4.040000 0.000000
v -0.000000 -4.040000 0.000000
v -0.000000 -4.040000 0.000000
v -0.000000 -4.040000 0.000000
v -0.000000 -4.040000 0.000000
v -0.000000 -4.040000 0.000000
v -0.000000 -4.040000 0.000000
v -0.000000 -4.040000 0.000000
v -0.000000 -4.040000 0.000000
v -0.000000 -4.040000 0.000000
v -0.000000 -4.040000 0.000000
v -0.000000 -4.040000 0.000000
v -0.000000 -4.040000 0.000000
v -0.000000 -4.040000 0.000000
v -0.000000 -4.040000 0.000000
v -0.000000 -4.040000 0.000000
v -0.000000 -4.040000 0.000000
v -0.000000 -4.040000 0.000000
v -0.000000 -4.040000 0.000000
v -0.000000 -4.040000 0.000000
v -0.000000 -4.040000 -0.000000
v -0.000000 -4.040000 -0.000000
v -0.000000 -4.040000 -0.000000
v -0.000000 -4.040000 -0.000000
v -0.000000 -4.040000 -0.000000
v -0.000000 -4.040000 -0.000000
v -0.000000 -4.040000 -0.000000
v -0.000000 -4.040000 -0.000000
v -0.000000 -4.040000 -0.000000
v -0.000000 -4.040000 -0.000000
v -0.000000 -4.040000 -0.000000
v -0.000000 -4.040000 -0.000000
v -0.000000 -4.040000 -0.000000
v -0.000000 -4.040000 -0.000000
v -0.000000 -4.040000 -0.000000
v -0.000000 -4.040000 -0.000000
v -0.000000 -4.040000 -0.000000
v -0.000000 -4.040000 -0.000000
v -0.000000 -4.040000 -0.000000
v -0.000000 -4.040000 -0.000000
v 0.000000 -4.040000 -0.000000
v 0.000000 -4.040000 -0.000000
v 0.000000 -4.040000 -0.000000
v 0.000000 -4.040000 -0.000000
v 0.000000 -4.040000 -0.000000
v 0.000000 -4.040000 -0.000000
v 0.000000 -4.040000 -0.000000
v 0.000000 -4.040000 -0.000000
v 0.000000 -4.040000 -0.000000
v 0.000000 -4.040000 -0.000000
v 0.000000 -4.040000 -0.000000
v 0.000000 -4.040000 -0.000000
v 0.000000 -4.040000 -0.000000
v 0.000000 -4.040000 -0.000000
v 0.000000 -4.040000 -0.000000
v 0.000000 -4.040000 -0.000000
v 0.000000 -4.040000 -0.000000
v 0.000000 -4.040000 -0.000000
v 0.000000 -4.040000 -0.000000
v 0.000000 -4.040000 -0.000000

vt 0.000000 1.000000
vt 0.012500 1.000000
vt 0.025000 1.000000
vt 0.037500 1.000000
vt 0.050000 1.000000
vt 0.062500 1.000000
vt 0.075000 1.000000
vt 0.087500 1.000000
vt 0.100000 1.000000
vt 0.112500 1.000000
vt 0.125000 1.000000
vt 0.137500 1.000000
vt 0.150000 1.000000
vt 0.162500 1.000000
vt 0.175000 1.000000
vt 0.187500 1.000000
vt 0.200000 1.000000
vt 0.212500 1.000000
vt 0.225000 1.000000
vt 0.237500 1.000000
vt 0.250000 1.000000
vt 0.262500 1.000000
vt 0.275000 1.000000
vt 0.287500 1.000000
vt 0.300000 1.000000
vt 0.312500 1.000000
vt 0.325000 1.000000
vt 0.337500 1.000000
vt 0.350000 1.000000
vt 0.362500 1.000000
vt 0.375000 1.000000
vt 0.387500 1.000000
vt 0.400000 1.000000
vt 0.412500 1.000000
vt 0.425000 1.000000
vt 0.437500 1.000000
vt 0.450000 1.000000
vt 0.462500 1.000000
vt 0.475000 1.000000
vt 0.487500 1.000000
vt 0.500000 1.000000
vt 0.512500 1.000000
vt 0.525000 1.000000
vt 0.537500 1.000000
vt 0.550000 1.000000
vt 0.562500 1.000000
vt 0.575000 1.000000
vt 0.587500 1.000000
vt 0.600000 1.000000
vt 0.612500 1.000000
vt 0.625000 1.000000
vt 0.637500 1.000000
vt 0.650000 1.000000
vt 0.662500 1.000000
vt 0.675000 1.000000
vt 0.687500 1.000000
vt 0.700000 1.000000
vt 0.712500 1.000000
vt 0.725000 1.000000
vt 0.737500 1.000000
vt 0.750000 1.000000
vt 0.762500 1.000000
vt 0.775000 1.000000
vt 0.787500 1.000000
vt 0.800000 1.000000
vt 0.812500 1.000000
vt 0.825000 1.000000
vt 0.837500 1.000000
vt 0.850000 1.000000
vt 0.862500 1.000000
vt 0.875000 1.000000
vt 0.887500 1.000000
vt 0.900000 1.000000
vt 0.912500 1.000000
vt 0.925000 1.000000
vt 0.937500 1.000000
vt 0.950000 1.000000
vt 0.962500 1.000000
vt 0.975000 1.000000
vt 0.987500 1.000000
vt 1.000000 1.000000
vt 0.000000 0.975000
vt 0.012500 0.975000
vt 0.025000 0.975000
vt 0.037500 0.975000
vt 0.050000 0.975000
vt 0.062500 0.975000
vt 0.075000 0.975000
vt 0.087500 0.975000
vt 0.100000 0.975000
vt 0.112500 0.975000
vt 0.125000 0.975000
vt 0.137500 0.975000
vt 0.150000 0.975000
vt 0.162500 0.975000
vt 0.175000 0.975000
vt 0.187500 0.975000
vt 0.200000 0.975000
vt 0.212500 0.975000
vt 0.225000 0.975000
vt 0.237500 0.975000
vt 0.250000 0.975000
vt 0.262500 0.975000
vt 0.275000 0.975000
vt 0.287500 0.975000
vt 0.300000 0.975000
vt 0.312500 0.975000
vt 0.325000 0.975000
vt 0.337500 0.975000
vt 0.350000 0.975000
vt 0.362500 0.975000
vt 0.375000 0.975000
vt 0.387500 0.975000
vt 0.400000 0.975000
vt 0.412500 0.975000
vt 0.425000 0.975000
vt 0.437500 0.975000
vt 0.450000 0.975000
vt 0.462500 0.975000
vt 0.475000 0.975000
vt 0.487500 0.975000
vt 0.500000 0.975000
vt 0.512500 0.975000
vt 0.525000 0.975000
vt 0.537500 0.975000
vt 0.550000 0.975000
vt 0.562500 0.975000
vt 0.575000 0.975000
vt 0.587500 0.975000
vt 0.600000 0.975000
vt 0.612500 0.975000
vt 0.625000 0.975000
vt 0.637500 0.975000
vt 0.650000 0.975000
vt 0.662500 0.975000
vt 0.675000 0.975000
vt 0.687500 0.975000
vt 0.700000 0.975000
vt 0.712500 0.975000
vt 0.725000 0.975000
vt 0.737500 0.975000
vt 0.750000 0.975000
vt 0.762500 0.975000
vt 0.775000 0.975000
vt 0.787500 0.975000
vt 0.800000 0.975000
vt 0.812500 0.975000
vt 0.825000 0.975000
vt 0.837500 0.975000
vt 0.850000 0.975000
vt 0.862500 0.975000
vt 0.875000 0.975000
vt 0.887500 0.975000
vt 0.900000 0.975000
vt 0.912500 0.975000
vt 0.925000 0.975000
vt 0.937500 0.975000
vt 0.950000 0.975000
vt 0.962500 0.975000
vt 0.975000 0.975000
vt 0.987500 0.975000
vt 1.000000 0.975000
vt 0.000000 0.950000
vt 0.012500 0.950000
vt 0.025000 0.950000
vt 0.037500 0.950000
vt 0.050000 0.950000
vt 0.062500 0.950000
vt 0.075000 0.950000
vt 0.087500 0.950000
vt 0.100000 0.950000
vt 0.112500 0.950000
vt 0.125000 0.950000
vt 0.137500 0.950000
vt 0.150000 0.950000
vt 0.162500 0.950000
vt 0.175000 0.950000
vt 0.187500 0.950000
vt 0.200000 0.950000
vt 0.212500 0.950000
vt 0.225000 0.950000
vt 0.237500 0.950000
vt 0.250000 0.950000
vt 0.262500 0.950000
vt 0.275000 0.950000
vt 0.287500 0.950000
vt 0.300000 0.950000
vt 0.312500 0.950000
vt 0.325000 0.950000
vt 0.337500 0.950000
vt 0.350000 0.950000
vt 0.362500 0.950000
vt 0.375000 0.950000
vt 0.387500 0.950000
vt 0.400000 0.950000
vt 0.412500 0.950000
vt 0.425000 0.950000
vt 0.437500 0.950000
vt 0.450000 0.950000
vt 0.462500 0.950000
vt 0.475000 0.950000
vt 0.487500 0.950000
vt 0.500000 0.950000
vt 0.512500 0.950000
vt 0.525000 0.950000
vt 0.537500 0.950000
vt 0.550000 0.950000
vt 0.562500 0.950000
vt 0.575000 0.950000
vt 0.587500 0.950000
vt 0.600000 0.950000
vt 0.612500 0.950000
vt 0.625000 0.950000
vt 0.637500 0.950000
vt 0.650000 0.950000
vt 0.662500 0.950000
vt 0.675000 0.950000
vt 0.687500 0.950000
vt 0.700000 0.950000
vt 0.712500 0.950000
vt 0.725000 0.950000
vt 0.737500 0.950000
vt 0.750000 0.950000
vt 0.762500 0.950000
vt 0.775000 0.950000
vt 0.787500 0.950000
vt 0.800000 0.950000
vt 0.812500 0.950000
vt 0.825000 0.950000
vt 0.837500 0.950000
vt 0.850000 0.950000
vt 0.862500 0.950000
vt 0.875000 0.950000
vt 0.887500 0.950000
vt 0.900000 0.950000
vt 0.912500 0.950000
vt 0.925000 0.950000
vt 0.937500 0.950000
vt 0.950000 0.950000
vt 0.962500 0.950000
vt 0.975000 0.950000
vt 0.987500 0.950000
vt 1.000000 0.950000
vt 0.000000 0.925000
vt 0.012500 0.925000
vt 0.025000 0.925000
vt 0.037500 0.925000
vt 0.050000 0.925000
vt 0.062500 0.925000
vt 0.075000 0.925000
vt 0.087500 0.925000
vt 0.100000 0.925000
vt 0.112500 0.925000
vt 0.125000 0.925000
vt 0.137500 0.925000
vt 0.150000 0.925000
vt 0.162500 0.925000
vt 0.175000 0.925000
vt 0.187500 0.925000
vt 0.200000 0.925000
vt 0.212500 0.925000
vt 0.225000 0.925000
vt 0.237500 0.925000
vt 0.250000 0.925000
vt 0.262500 0.925000
vt 0.275000 0.925000
vt 0.287500 0.925000
vt 0.300000 0.925000
vt 0.312500 0.925000
vt 0.325000 0.925000
vt 0.337500 0.925000
vt 0.350000 0.925000
vt 0.362500 0.925000
vt 0.375000 0.925000
vt 0.387500 0.925000
vt 0.400000 0.925000
vt 0.412500 0.925000
vt 0.425000 0.925000
vt 0.437500 0.925000
vt 0.450000 0.925000
vt 0.462500 0.925000
vt 0.475000 0.925000
vt 0.487500 0.925000
vt 0.500000 0.925000
vt 0.512500 0.925000
vt 0.525000 0.925000
vt 0.537500 0.925000
vt 0.550000 0.925000
vt 0.562500 0.925000
vt 0.575000 0.925000
vt 0.587500 0.925000
vt 0.600000 0.925000
vt 0.612500 0.925000
vt 0.625000 0.925000
vt 0.637500 0.925000
vt 0.650000 0.925000
vt 0.662500 0.925000
vt 0.675000 0.925000
vt 0.687500 0.925000
vt 0.700000 0.925000
vt 0.712500 0.925000
vt 0.725000 0.925000
vt 0.737500 0.925000
vt 0.750000 0.925000
vt 0.762500 0.925000
vt 0.775000 0.925000
vt 0.787500 0.925000
vt 0.800000 0.925000
vt 0.812500 0.925000
vt 0.825000 0.925000
vt 0.837500 0.925000
vt 0.850000 0.925000
vt 0.862500 0.925000
vt 0.875000 0.925000
vt 0.887500 0.925000
vt 0.900000 0.925000
vt 0.912500 0.925000
vt 0.925000 0.925000
vt 0.937500 0.925000
vt 0.950000 0.925000
vt 0.962500 0.925000
vt 0.975000 0.925000
vt 0.987500 0.925000
vt 1.000000 0.925000
vt 0.000000 0.900000
vt 0.012500 0.900000
vt 0.025000 0.900000
vt 0.037500 0.900000
vt 0.050000 0.900000
vt 0.062500 0.900000
vt 0.075000 0.900000
vt 0.087500 0.900000
vt 0.100000 0.900000
vt 0.112500 0.900000
vt 0.125000 0.900000
vt 0.137500 0.900000
vt 0.150000 0.900000
vt 0.162500 0.900000
vt 0.175000 0.900000
vt 0.187500 0.900000
vt 0.200000 0.900000
vt 0.212500 0.900000
vt 0.225000 0.900000
vt 0.237500 0.900000
vt 0.250000 0.900000
vt 0.262500 0.900000
vt 0.275000 0.900000
vt 0.287500 0.900000
vt 0.300000 0.900000
vt 0.312500 0.900000
vt 0.325000 0.900000
vt 0.337500 0.900000
vt 0.350000 0.900000
vt 0.362500 0.900000
vt 0.375000 0.900000
vt 0.387500 0.900000
vt 0.400000 0.900000
vt 0.412500 0.900000
vt 0.425000 0.900000
vt 0.437500 0.900000
vt 0.450000 0.900000
vt 0.462500 0.900000
vt 0.475000 0.900000
vt 0.487500 0.900000
vt 0.500000 0.900000
vt 0.512500 0.900000
vt 0.525000 0.900000
vt 0.537500 0.900000
vt 0.550000 0.900000
vt 0.562500 0.900000
vt 0.575000 0.900000
vt 0.587500 0.900000
vt 0.600000 0.900000
vt 0.612500 0.900000
vt 0.625000 0.900000
vt 0.637500 0.900000
vt 0.650000 0.900000
vt 0.662500 0.900000
vt 0.675000 0.900000
vt 0.687500 0.900000
vt 0.700000 0.900000
vt 0.712500 0.900000
vt 0.725000 0.900000
vt 0.737500 0.900000
vt 0.750000 0.900000
vt 0.762500 0.900000
vt 0.775000 0.900000
vt 0.787500 0.900000
vt 0.800000 0.900000
vt 0.812500 0.900000
vt 0.825000 0.900000
vt 0.837500 0.900000
vt 0.850000 0.900000
vt 0.862500 0.900000
vt 0.875000 0.900000
vt 0.887500 0.900000
vt 0.900000 0.900000
vt 0.912500 0.900000
vt 0.925000 0.900000
vt 0.937500 0.900000
vt 0.950000 0.900000
vt 0.962500 0.900000
vt 0.975000 0.900000
vt 0.987500 0.900000
vt 1.000000 0.900000
vt 0.000000 0.875000
vt 0.012500 0.875000
vt 0.025000 0.875000
vt 0.037500 0.875000
vt 0.050000 0.875000
vt 0.062500 0.875000
vt 0.075000 0.875000
vt 0.087500 0.875000
vt 0.100000 0.875000
vt 0.112500 0.875000
vt 0.125000 0.875000
vt 0.137500 0.875000
vt 0.150000 0.875000
vt 0.162500 0.875000
vt 0.175000 0.875000
vt 0.187500 0.875000
vt 0.200000 0.875000
vt 0.212500 0.875000
vt 0.225000 0.875000
vt 0.237500 0.875000
vt 0.250000 0.875000
vt 0.262500 0.875000
vt 0.275000 0.875000
vt 0.287500 0.875000
vt 0.300000 0.875000
vt 0.312500 0.875000
vt 0.325000 0.875000
vt 0.337500 0.875000
vt 0.350000 0.875000
vt 0.362500 0.875000
vt 0.375000 0.875000
vt 0.387500 0.875000
vt 0.400000 0.875000
vt 0.412500 0.875000
vt 0.425000 0.875000
vt 0.437500 0.875000
vt 0.450000 0.875000
vt 0.462500 0.875000
vt 0.475000 0.875000
vt 0.487500 0.875000
vt 0.500000 0.875000
vt 0.512500 0.875000
vt 0.525000 0.875000
vt 0.537500 0.875000
vt 0.550000 0.875000
vt 0.562500 0.875000
vt 0.575000 0.875000
vt 0.587500 0.875000
vt 0.600000 0.875000
vt 0.612500 0.875000
vt 0.625000 0.875000
vt 0.637500 0.875000
vt 0.650000 0.875000
vt 0.662500 0.875000
vt 0.675000 0.875000
vt 0.687500 0.875000
vt 0.700000 0.875000
vt 0.712500 0.875000
vt 0.725000 0.875000
vt 0.737500 0.875000
vt 0.750000 0.875000
vt 0.762500 0.875000
vt 0.775000 0.875000
vt 0.787500 0.875000
vt 0.800000 0.875000
vt 0.812500 0.875000
vt 0.825000 0.875000
vt 0.837500 0.875000
vt 0.850000 0.875000
vt 0.862500 0.875000
vt 0.875000 0.875000
vt 0.887500 0.875000
vt 0.900000 0.875000
vt 0.912500 0.875000
vt 0.925000 0.875000
vt 0.937500 0.875000
vt 0.950000 0.875000
vt 0.962500 0.875000
vt 0.975000 0.875000
vt 0.987500 0.875000
vt 1.000000 0.875000
vt 0.000000 0.850000
vt 0.012500 0.850000
vt 0.025000 0.850000
vt 0.037500 0.850000
vt 0.050000 0.850000
vt 0.062500 0.850000
vt 0.075000 0.850000
vt 0.087500 0.850000
vt 0.100000 0.850000
vt 0.112500 0.850000
vt 0.125000 0.850000
vt 0.137500 0.850000
vt 0.150000 0.850000
vt 0.162500 0.850000
vt 0.175000 0.850000
vt 0.187500 0.850000
vt 0.200000 0.850000
vt 0.212500 0.850000
vt 0.225000 0.850000
vt 0.237500 0.850000
vt 0.250000 0.850000
vt 0.262500 0.850000
vt 0.275000 0.850000
vt 0.287500 0.850000
vt 0.300000 0.850000
vt 0.312500 0.850000
vt 0.325000 0.850000
vt 0.337500 0.850000
vt 0.350000 0.850000
vt 0.362500 0.850000
vt 0.375000 0.850000
vt 0.387500 0.850000
vt 0.400000 0.850000
vt 0.412500 0.850000
vt 0.425000 0.850000
vt 0.437500 0.850000
vt 0.450000 0.850000
vt 0.462500 0.850000
vt 0.475000 0.850000
vt 0.487500 0.850000
vt 0.500000 0.850000
vt 0.512500 0.850000
vt 0.525000 0.850000
vt 0.537500 0.850000
vt 0.550000 0.850000
vt 0.562500 0.850000
vt 0.575000 0.850000
vt 0.587500 0.850000
vt 0.600000 0.850000
vt 0.612500 0.850000
vt 0.625000 0.850000
vt 0.637500 0.850000
vt 0.650000 0.850000
vt 0.662500 0.850000
vt 0.675000 0.850000
vt 0.687500 0.850000
vt 0.700000 0.850000
vt 0.712500 0.850000
vt 0.725000 0.850000
vt 0.737500 0.850000
vt 0.750000 0.850000
vt 0.762500 0.850000
vt 0.775000 0.850000
vt 0.787500 0.850000
vt 0.800000 0.850000
vt 0.812500 0.850000
vt 0.825000 0.850000
vt 0.837500 0.850000
vt 0.850000 0.850000
vt 0.862500 0.850000
vt 0.875000 0.850000
vt 0.887500 0.850000
vt 0.900000 0.850000
vt 0.912500 0.850000
vt 0.925000 0.850000
vt 0.937500 0.850000
vt 0.950000 0.850000
vt 0.962500 0.850000
vt 0.975000 0.850000
vt 0.987500 0.850000
vt 1.000000 0.850000
vt 0.000000 0.825000
vt 0.012500 0.825000
vt 0.025000 0.825000
vt 0.037500 0.825000
vt 0.050000 0.825000
vt 0.062500 0.825000
vt 0.075000 0.825000
vt 0.087500 0.825000
vt 0.100000 0.825000
vt 0.112500 0.825000
vt 0.125000 0.825000
vt 0.137500 0.825000
vt 0.150000 0.825000
vt 0.162500 0.825000
vt 0.175000 0.825000
vt 0.187500 0.825000
vt 0.200000 0.825000
vt 0.212500 0.825000
vt 0.225000 0.825000
vt 0.237500 0.825000
vt 0.250000 0.825000
vt 0.262500 0.825000
vt 0.275000 0.825000
vt 0.287500 0.825000
vt 0.300000 0.825000
vt 0.312500 0.825000
vt 0.325000 0.825000
vt 0.337500 0.825000
vt 0.350000 0.825000
vt 0.362500 0.825000
vt 0.375000 0.825000
vt 0.387500 0.825000
vt 0.400000 0.825000
vt 0.412500 0.825000
vt 0.425000 0.825000
vt 0.437500 0.825000
vt 0.450000 0.825000
vt 0.462500 0.825000
vt 0.475000 0.825000
vt 0.487500 0.825000
vt 0.500000 0.825000
vt 0.512500 0.825000
vt 0.525000 0.825000
vt 0.537500 0.825000
vt 0.550000 0.825000
vt 0.562500 0.825000
vt 0.575000 0.825000
vt 0.587500 0.825000
vt 0.600000 0.825000
vt 0.612500 0.825000
vt 0.625000 0.825000
vt 0.637500 0.825000
vt 0.650000 0.825000
vt 0.662500 0.825000
vt 0.675000 0.825000
vt 0.687500 0.825000
vt 0.700000 0.825000
vt 0.712500 0.825000
vt 0.725000 0.825000
vt 0.737500 0.825000
vt 0.750000 0.825000
vt 0.762500 0.825000
vt 0.775000 0.825000
vt 0.787500 0.825000
vt 0.800000 0.825000
vt 0.812500 0.825000
vt 0.825000 0.825000
vt 0.837500 0.825000
vt 0.850000 0.825000
vt 0.862500 0.825000
vt 0.875000 0.825000
vt 0.887500 0.825000
vt 0.900000 0.825000
vt 0.912500 0.825000
vt 0.925000 0.825000
vt 0.937500 0.825000
vt 0.950000 0.825000
vt 0.962500 0.825000
vt 0.975000 0.825000
vt 0.987500 0.825000
vt 1.000000 0.825000
vt 0.000000 0.800000
vt 0.012500 0.800000
vt 0.025000 0.800000
vt 0.037500 0.800000
vt 0.050000 0.800000
vt 0.062500 0.800000
vt 0.075000 0.800000
vt 0.087500 0.800000
vt 0.100000 0.800000
vt 0.112500 0.800000
vt 0.125000 0.800000
vt 0.137500 0.800000
vt 0.150000 0.800000
vt 0.162500 0.800000
vt 0.175000 0.800000
vt 0.187500 0.800000
vt 0.200000 0.800000
vt 0.212500 0.800000
vt 0.225000 0.800000
vt 0.237500 0.800000
vt 0.250000 0.800000
vt 0.262500 0.800000
vt 0.275000 0.800000
vt 0.287500 0.800000
vt 0.300000 0.800000
vt 0.312500 0.800000
vt 0.325000 0.800000
vt 0.337500 0.800000
vt 0.350000 0.800000
vt 0.362500 0.800000
vt 0.375000 0.800000
vt 0.387500 0.800000
vt 0.400000 0.800000
vt 0.412500 0.800000
vt 0.425000 0.800000
vt 0.437500 0.800000
vt 0.450000 0.800000
vt 0.462500 0.800000
vt 0.475000 0.800000
vt 0.487500 0.800000
vt 0.500000 0.800000
vt 0.512500 0.800000
vt 0.525000 0.800000
vt 0.537500 0.800000
vt 0.550000 0.800000
vt 0.562500 0.800000
vt 0.575000 0.800000
vt 0.587500 0.800000
vt 0.600000 0.800000
vt 0.612500 0.800000
vt 0.625000 0.800000
vt 0.637500 0.800000
vt 0.650000 0.800000
vt 0.662500 0.800000
vt 0.675000 0.800000
vt 0.687500 0.800000
vt 0.700000 0.800000
vt 0.712500 0.800000
vt 0.725000 0.800000
vt 0.737500 0.800000
vt 0.750000 0.800000
vt 0.762500 0.800000
vt 0.775000 0.800000
vt 0.787500 0.800000
vt 0.800000 0.800000
vt 0.812500 0.800000
vt 0.825000 0.800000
vt 0.837500 0.800000
vt 0.850000 0.800000
vt 0.862500 0.800000
vt 0.875000 0.800000
vt 0.887500 0.800000
vt 0.900000 0.800000
vt 0.912500 0.800000
vt 0.925000 0.800000
vt 0.937500 0.800000
vt 0.950000 0.800000
vt 0.962500 0.800000
vt 0.975000 0.800000
vt 0.987500 0.800000
vt 1.000000 0.800000
vt 0.000000 0.775000
vt 0.012500 0.775000
vt 0.025000 0.775000
vt 0.037500 0.775000
vt 0.050000 0.775000
vt 0.062500 0.775000
vt 0.075000 0.775000
vt 0.087500 0.775000
vt 0.100000 0.775000
vt 0.112500 0.775000
vt 0.125000 0.775000
vt 0.137500 0.775000
vt 0.150000 0.775000
vt 0.162500 0.775000
vt 0.175000 0.775000
vt 0.187500 0.775000
vt 0.200000 0.775000
vt 0.212500 0.775000
vt 0.225000 0.775000
vt 0.237500 0.775000
vt 0.250000 0.775000
vt 0.262500 0.775000
vt 0.275000 0.775000
vt 0.287500 0.775000
vt 0.300000 0.775000
vt 0.312500 0.775000
vt 0.325000 0.775000
vt 0.337500 0.775000
vt 0.350000 0.775000
vt 0.362500 0.775000
vt 0.375000 0.775000
vt 0.387500 0.775000
vt 0.400000 0.775000
vt 0.412500 0.775000
vt 0.425000 0.775000
vt 0.437500 0.775000
vt 0.450000 0.775000
vt 0.462500 0.775000
vt 0.475000 0.775000
vt 0.487500 0.775000
vt 0.500000 0.775000
vt 0.512500 0.775000
vt 0.525000 0.775000
vt 0.537500 0.775000
vt 0.550000 0.775000
vt 0.562500 0.775000
vt 0.575000 0.775000
vt 0.587500 0.775000
vt 0.600000 0.775000
vt 0.612500 0.775000
vt 0.625000 0.775000
vt 0.637500 0.775000
vt 0.650000 0.775000
vt 0.662500 0.775000
vt 0.675000 0.775000
vt 0.687500 0.775000
vt 0.700000 0.775000
vt 0.712500 0.775000
vt 0.725000 0.775000
vt 0.737500 0.775000
vt 0.750000 0.775000
vt 0.762500 0.775000
vt 0.775000 0.775000
vt 0.787500 0.775000
vt 0.800000 0.775000
vt 0.812500 0.775000
vt 0.825000 0.775000
vt 0.837500 0.775000
vt 0.850000 0.775000
vt 0.862500 0.775000
vt 0.875000 0.775000
vt 0.887500 0.775000
vt 0.900000 0.775000
vt 0.912500 0.775000
vt 0.925000 0.775000
vt 0.937500 0.775000
vt 0.950000 0.775000
vt 0.962500 0.775000
vt 0.975000 0.775000
vt 0.987500 0.775000
vt 1.000000 0.775000
vt 0.000000 0.750000
vt 0.012500 0.750000
vt 0.025000 0.750000
vt 0.037500 0.750000
vt 0.050000 0.750000
vt 0.062500 0.750000
vt 0.075000 0.750000
vt 0.087500 0.750000
vt 0.100000 0.750000
vt 0.112500 0.750000
vt 0.125000 0.750000
vt 0.137500 0.750000
vt 0.150000 0.750000
vt 0.162500 0.750000
vt 0.175000 0.750000
vt 0.187500 0.750000
vt 0.200000 0.750000
vt 0.212500 0.750000
vt 0.225000 0.750000
vt 0.237500 0.750000
vt 0.250000 0.750000
vt 0.262500 0.750000
vt 0.275000 0.750000
vt 0.287500 0.750000
vt 0.300000 0.750000
vt 0.312500 0.750000
vt 0.325000 0.750000
vt 0.337500 0.750000
vt 0.350000 0.750000
vt 0.362500 0.750000
vt 0.375000 0.750000
vt 0.387500 0.750000
vt 0.400000 0.750000
vt 0.412500 0.750000
vt 0.425000 0.750000
vt 0.437500 0.750000
vt 0.450000 0.750000
vt 0.462500 0.750000
vt 0.475000 0.750000
vt 0.487500 0.750000
vt 0.500000 0.750000
vt 0.512500 0.750000
vt 0.525000 0.750000
vt 0.537500 0.750000
vt 0.550000 0.750000
vt 0.562500 0.750000
vt 0.575000 0.750000
vt 0.587500 0.750000
vt 0.600000 0.750000
vt 0.612500 0.750000
vt 0.625000 0.750000
vt 0.637500 0.750000
vt 0.650000 0.750000
vt 0.662500 0.750000
vt 0.675000 0.750000
vt 0.687500 0.750000
vt 0.700000 0.750000
vt 0.712500 0.750000
vt 0.725000 0.750000
vt 0.737500 0.750000
vt 0.750000 0.750000
vt 0.762500 0.750000
vt 0.775000 0.750000
vt 0.787500 0.750000
vt 0.800000 0.750000
vt 0.812500 0.750000
vt 0.825000 0.750000
vt 0.837500 0.750000
vt 0.850000 0.750000
vt 0.862500 0.750000
vt 0.875000 0.750000
vt 0.887500 0.750000
vt 0.900000 0.750000
vt 0.912500 0.750000
vt 0.925000 0.750000
vt 0.937500 0.750000
vt 0.950000 0.750000
vt 0.962500 0.750000
vt 0.975000 0.750000
vt 0.987500 0.750000
vt 1.000000 0.750000
vt 0.000000 0.725000
vt 0.012500 0.725000
vt 0.025000 0.725000
vt 0.037500 0.725000
vt 0.050000 0.725000
vt 0.062500 0.725000
vt 0.075000 0.725000
vt 0.087500 0.725000
vt 0.100000 0.725000
vt 0.112500 0.725000
vt 0.125000 0.725000
vt 0.137500 0.725000
vt 0.150000 0.725000
vt 0.162500 0.725000
vt 0.175000 0.725000
vt 0.187500 0.725000
vt 0.200000 0.725000
vt 0.212500 0.725000
vt 0.225000 0.725000
vt 0.237500 0.725000
vt 0.250000 0.725000
vt 0.262500 0.725000
vt 0.275000 0.725000
vt 0.287500 0.725000
vt 0.300000 0.725000
vt 0.312500 0.725000
vt 0.325000 0.725000
vt 0.337500 0.725000
vt 0.350000 0.725000
vt 0.362500 0.725000
vt 0.375000 0.725000
vt 0.387500 0.725000
vt 0.400000 0.725000
vt 0.412500 0.725000
vt 0.425000 0.725000
vt 0.437500 0.725000
vt 0.450000 0.725000
vt 0.462500 0.725000
vt 0.475000 0.725000
vt 0.487500 0.725000
vt 0.500000 0.725000
vt 0.512500 0.725000
vt 0.525000 0.725000
vt 0.537500 0.725000
vt 0.550000 0.725000
vt 0.562500 0.725000
vt 0.575000 0.725000
vt 0.587500 0.725000
vt 0.600000 0.725000
vt 0.612500 0.725000
vt 0.625000 0.725000
vt 0.637500 0.725000
vt 0.650000 0.725000
vt 0.662500 0.725000
vt 0.675000 0.725000
vt 0.687500 0.725000
vt 0.700000 0.725000
vt 0.712500 0.725000
vt 0.725000 0.725000
vt 0.737500 0.725000
vt 0.750000 0.725000
vt 0.762500 0.725000
vt 0.775000 0.725000
vt 0.787500 0.725000
vt 0.800000 0.725000
vt 0.812500 0.725000
vt 0.825000 0.725000
vt 0.837500 0.725000
vt 0.850000 0.725000
vt 0.862500 0.725000
vt 0.875000 0.725000
vt 0.887500 0.725000
vt 0.900000 0.725000
vt 0.912500 0.725000
vt 0.925000 0.725000
vt 0.937500 0.725000
vt 0.950000 0.725000
vt 0.962500 0.725000
vt 0.975000 0.725000
vt 0.987500 0.725000
vt 1.000000 0.725000
vt 0.000000 0.700000
vt 0.012500 0.700000
vt 0.025000 0.700000
vt 0.037500 0.700000
vt 0.050000 0.700000
vt 0.062500 0.700000
vt 0.075000 0.700000
vt 0.087500 0.700000
vt 0.100000 0.700000
vt 0.112500 0.700000
vt 0.125000 0.700000
vt 0.137500 0.700000
vt 0.150000 0.700000
vt 0.162500 0.700000
vt 0.175000 0.700000
vt 0.187500 0.700000
vt 0.200000 0.700000
vt 0.212500 0.700000
vt 0.225000 0.700000
vt 0.237500 0.700000
vt 0.250000 0.700000
vt 0.262500 0.700000
vt 0.275000 0.700000
vt 0.287500 0.700000
vt 0.300000 0.700000
vt 0.312500 0.700000
vt 0.325000 0.700000
vt 0.337500 0.700000
vt 0.350000 0.700000
vt 0.362500 0.700000
vt 0.375000 0.700000
vt 0.387500 0.700000
vt 0.400000 0.700000
vt 0.412500 0.700000
vt 0.425000 0.700000
vt 0.437500 0.700000
vt 0.450000 0.700000
vt 0.462500 0.700000
vt 0.475000 0.700000
vt 0.487500 0.700000
vt 0.500000 0.700000
vt 0.512500 0.700000
vt 0.525000 0.700000
vt 0.537500 0.700000
vt 0.550000 0.700000
vt 0.562500 0.700000
vt 0.575000 0.700000
vt 0.587500 0.700000
vt 0.600000 0.700000
vt 0.612500 0.700000
vt 0.625000 0.700000
vt 0.637500 0.700000
vt 0.650000 0.700000
vt 0.662500 0.700000
vt 0.675000 0.700000
vt 0.687500 0.700000
vt 0.700000 0.700000
vt 0.712500 0.700000
vt 0.725000 0.700000
vt 0.737500 0.700000
vt 0.750000 0.700000
vt 0.762500 0.700000
vt 0.775000 0.700000
vt 0.787500 0.700000
vt 0.800000 0.700000
vt 0.812500 0.700000
vt 0.825000 0.700000
vt 0.837500 0.700000
vt 0.850000 0.700000
vt 0.862500 0.700000
vt 0.875000 0.700000
vt 0.887500 0.700000
vt 0.900000 0.700000
vt 0.912500 0.700000
vt 0.925000 0.700000
vt 0.937500 0.700000
vt 0.950000 0.700000
vt 0.962500 0.700000
vt 0.975000 0.700000
vt 0.987500 0.700000
vt 1.000000 0.700000
vt 0.000000 0.675000
vt 0.012500 0.675000
vt 0.025000 0.675000
vt 0.037500 0.675000
vt 0.050000 0.675000
vt 0.062500 0.675000
vt 0.075000 0.675000
vt 0.087500 0.675000
vt 0.100000 0.675000
vt 0.112500 0.675000
vt 0.125000 0.675000
vt 0.137500 0.675000
vt 0.150000 0.675000
vt 0.162500 0.675000
vt 0.175000 0.675000
vt 0.187500 0.675000
vt 0.200000 0.675000
vt 0.212500 0.675000
vt 0.225000 0.675000
vt 0.237500 0.675000
vt 0.250000 0.675000
vt 0.262500 0.675000
vt 0.275000 0.675000
vt 0.287500 0.675000
vt 0.300000 0.675000
vt 0.312500 0.675000
vt 0.325000 0.675000
vt 0.337500 0.675000
vt 0.350000 0.675000
vt 0.362500 0.675000
vt 0.375000 0.675000
vt 0.387500 0.675000
vt 0.400000 0.675000
vt 0.412500 0.675000
vt 0.425000 0.675000
vt 0.437500 0.675000
vt 0.450000 0.675000
vt 0.462500 0.675000
vt 0.475000 0.675000
vt 0.487500 0.675000
vt 0.500000 0.675000
vt 0.512500 0.675000
vt 0.525000 0.675000
vt 0.537500 0.675000
vt 0.550000 0.675000
vt 0.562500 0.675000
vt 0.575000 0.675000
vt 0.587500 0.675000
vt 0.600000 0.675000
vt 0.612500 0.675000
vt 0.625000 0.675000
vt 0.637500 0.675000
vt 0.650000 0.675000
vt 0.662500 0.675000
vt 0.675000 0.675000
vt 0.687500 0.675000
vt 0.700000 0.675000
vt 0.712500 0.675000
vt 0.725000 0.675000
vt 0.737500 0.675000
vt 0.750000 0.675000
vt 0.762500 0.675000
vt 0.775000 0.675000
vt 0.787500 0.675000
vt 0.800000 0.675000
vt 0.812500 0.675000
vt 0.825000 0.675000
vt 0.837500 0.675000
vt 0.850000 0.675000
vt 0.862500 0.675000
vt 0.875000 0.675000
vt 0.887500 0.675000
vt 0.900000 0.675000
vt 0.912500 0.675000
vt 0.925000 0.675000
vt 0.937500 0.675000
vt 0.950000 0.675000
vt 0.962500 0.675000
vt 0.975000 0.675000
vt 0.987500 0.675000
vt 1.000000 0.675000
vt 0.000000 0.650000
vt 0.012500 0.650000
vt 0.025000 0.650000
vt 0.037500 0.650000
vt 0.050000 0.650000
vt 0.062500 0.650000
vt 0.075000 0.650000
vt 0.087500 0.650000
vt 0.100000 0.650000
vt 0.112500 0.650000
vt 0.125000 0.650000
vt 0.137500 0.650000
vt 0.150000 0.650000
vt 0.162500 0.650000
vt 0.175000 0.650000
vt 0.187500 0.650000
vt 0.200000 0.650000
vt 0.212500 0.650000
vt 0.225000 0.650000
vt 0.237500 0.650000
vt 0.250000 0.650000
vt 0.262500 0.650000
vt 0.275000 0.650000
vt 0.287500 0.650000
vt 0.300000 0.650000
vt 0.312500 0.650000
vt 0.325000 0.650000
vt 0.337500 0.650000
vt 0.350000 0.650000
vt 0.362500 0.650000
vt 0.375000 0.650000
vt 0.387500 0.650000
vt 0.400000 0.650000
vt 0.412500 0.650000
vt 0.425000 0.650000
vt 0.437500 0.650000
vt 0.450000 0.650000
vt 0.462500 0.650000
vt 0.475000 0.650000
vt 0.487500 0.650000
vt 0.500000 0.650000
vt 0.512500 0.650000
vt 0.525000 0.650000
vt 0.537500 0.650000
vt 0.550000 0.650000
vt 0.562500 0.650000
vt 0.575000 0.650000
vt 0.587500 0.650000
vt 0.600000 0.650000
vt 0.612500 0.650000
vt 0.625000 0.650000
vt 0.637500 0.650000
vt 0.650000 0.650000
vt 0.662500 0.650000
vt 0.675000 0.650000
vt 0.687500 0.650000
vt 0.700000 0.650000
vt 0.712500 0.650000
vt 0.725000 0.650000
vt 0.737500 0.650000
vt 0.750000 0.650000
vt 0.762500 0.650000
vt 0.775000 0.650000
vt 0.787500 0.650000
vt 0.800000 0.650000
vt 0.812500 0.650000
vt 0.825000 0.650000
vt 0.837500 0.650000
vt 0.850000 0.650000
vt 0.862500 0.650000
vt 0.875000 0.650000
vt 0.887500 0.650000
vt 0.900000 0.650000
vt 0.912500 0.650000
vt 0.925000 0.650000
vt 0.937500 0.650000
vt 0.950000 0.650000
vt 0.962500 0.650000
vt 0.975000 0.650000
vt 0.987500 0.650000
vt 1.000000 0.650000
vt 0.000000 0.625000
vt 0.012500 0.625000
vt 0.025000 0.625000
vt 0.037500 0.625000
vt 0.050000 0.625000
vt 0.062500 0.625000
vt 0.075000 0.625000
vt 0.087500 0.625000
vt 0.100000 0.625000
vt 0.112500 0.625000
vt 0.125000 0.625000
vt 0.137500 0.625000
vt 0.150000 0.625000
vt 0.162500 0.625000
vt 0.175000 0.625000
vt 0.187500 0.625000
vt 0.200000 0.625000
vt 0.212500 0.625000
vt 0.225000 0.625000
vt 0.237500 0.625000
vt 0.250000 0.625000
vt 0.262500 0.625000
vt 0.275000 0.625000
vt 0.287500 0.625000
vt 0.300000 0.625000
vt 0.312500 0.625000
vt 0.325000 0.625000
vt 0.337500 0.625000
vt 0.350000 0.625000
vt 0.362500 0.625000
vt 0.375000 0.625000
vt 0.387500 0.625000
vt 0.400000 0.625000
vt 0.412500 0.625000
vt 0.425000 0.625000
vt 0.437500 0.625000
vt 0.450000 0.625000
vt 0.462500 0.625000
vt 0.475000 0.625000
vt 0.487500 0.625000
vt 0.500000 0.625000
vt 0.512500 0.625000
vt 0.525000 0.625000
vt 0.537500 0.625000
vt 0.550000 0.625000
vt 0.562500 0.625000
vt 0.575000 0.625000
vt 0.587500 0.625000
vt 0.600000 0.625000
vt 0.612500 0.625000
vt 0.625000 0.625000
vt 0.637500 0.625000
vt 0.650000 0.625000
vt 0.662500 0.625000
vt 0.675000 0.625000
vt 0.687500 0.625000
vt 0.700000 0.625000
vt 0.712500 0.625000
vt 0.725000 0.625000
vt 0.737500 0.625000
vt 0.750000 0.625000
vt 0.762500 0.625000
vt 0.775000 0.625000
vt 0.787500 0.625000
vt 0.800000 0.625000
vt 0.812500 0.625000
vt 0.825000 0.625000
vt 0.837500 0.625000
vt 0.850000 0.625000
vt 0.862500 0.625000
vt 0.875000 0.625000
vt 0.887500 0.625000
vt 0.900000 0.625000
vt 0.912500 0.625000
vt 0.925000 0.625000
vt 0.937500 0.625000
vt 0.950000 0.625000
vt 0.962500 0.625000
vt 0.975000 0.625000
vt 0.987500 0.625000
vt 1.000000 0.625000
vt 0.000000 0.600000
vt 0.012500 0.600000
vt 0.025000 0.600000
vt 0.037500 0.600000
vt 0.050000 0.600000
vt 0.062500 0.600000
vt 0.075000 0.600000
vt 0.087500 0.600000
vt 0.100000 0.600000
vt 0.112500 0.600000
vt 0.125000 0.600000
vt 0.137500 0.600000
vt 0.150000 0.600000
vt 0.162500 0.600000
vt 0.175000 0.600000
vt 0.187500 0.600000
vt 0.200000 0.600000
vt 0.212500 0.600000
vt 0.225000 0.600000
vt 0.237500 0.600000
vt 0.250000 0.600000
vt 0.262500 0.600000
vt 0.275000 0.600000
vt 0.287500 0.600000
vt 0.300000 0.600000
vt 0.312500 0.600000
vt 0.325000 0.600000
vt 0.337500 0.600000
vt 0.350000 0.600000
vt 0.362500 0.600000
vt 0.375000 0.600000
vt 0.387500 0.600000
vt 0.400000 0.600000
vt 0.412500 0.600000
vt 0.425000 0.600000
vt 0.437500 0.600000
vt 0.450000 0.600000
vt 0.462500 0.600000
vt 0.475000 0.600000
vt 0.487500 0.600000
vt 0.500000 0.600000
vt 0.512500 0.600000
vt 0.525000 0.600000
vt 0.537500 0.600000
vt 0.550000 0.600000
vt 0.562500 0.600000
vt 0.575000 0.600000
vt 0.587500 0.600000
vt 0.600000 0.600000
vt 0.612500 0.600000
vt 0.625000 0.600000
vt 0.637500 0.600000
vt 0.650000 0.600000
vt 0.662500 0.600000
vt 0.675000 0.600000
vt 0.687500 0.600000
vt 0.700000 0.600000
vt 0.712500 0.600000
vt 0.725000 0.600000
vt 0.737500 0.600000
vt 0.750000 0.600000
vt 0.762500 0.600000
vt 0.775000 0.600000
vt 0.787500 0.600000
vt 0.800000 0.600000
vt 0.812500 0.600000
vt 0.825000 0.600000
vt 0.837500 0.600000
vt 0.850000 0.600000
vt 0.862500 0.600000
vt 0.875000 0.600000
vt 0.887500 0.600000
vt 0.900000 0.600000
vt 0.912500 0.600000
vt 0.925000 0.600000
vt 0.937500 0.600000
vt 0.950000 0.600000
vt 0.962500 0.600000
vt 0.975000 0.600000
vt 0.987500 0.600000
vt 1.000000 0.600000
vt 0.000000 0.575000
vt 0.012500 0.575000
vt 0.025000 0.575000
vt 0.037500 0.575000
vt 0.050000 0.575000
vt 0.062500 0.575000
vt 0.075000 0.575000
vt 0.087500 0.575000
vt 0.100000 0.575000
vt 0.112500 0.575000
vt 0.125000 0.575000
vt 0.137500 0.575000
vt 0.150000 0.575000
vt 0.162500 0.575000
vt 0.175000 0.575000
vt 0.187500 0.575000
vt 0.200000 0.575000
vt 0.212500 0.575000
vt 0.225000 0.575000
vt 0.237500 0.575000
vt 0.250000 0.575000
vt 0.262500 0.575000
vt 0.275000 0.575000
vt 0.287500 0.575000
vt 0.300000 0.575000
vt 0.312500 0.575000
vt 0.325000 0.575000
vt 0.337500 0.575000
vt 0.350000 0.575000
vt 0.362500 0.575000
vt 0.375000 0.575000
vt 0.387500 0.575000
vt 0.400000 0.575000
vt 0.412500 0.575000
vt 0.425000 0.575000
vt 0.437500 0.575000
vt 0.450000 0.575000
vt 0.462500 0.575000
vt 0.475000 0.575000
vt 0.487500 0.575000
vt 0.500000 0.575000
vt 0.512500 0.575000
vt 0.525000 0.575000
vt 0.537500 0.575000
vt 0.550000 0.575000
vt 0.562500 0.575000
vt 0.575000 0.575000
vt 0.587500 0.575000
vt 0.600000 0.575000
vt 0.612500 0.575000
vt 0.625000 0.575000
vt 0.637500 0.575000
vt 0.650000 0.575000
vt 0.662500 0.575000
vt 0.675000 0.575000
vt 0.687500 0.575000
vt 0.700000 0.575000
vt 0.712500 0.575000
vt 0.725000 0.575000
vt 0.737500 0.575000
vt 0.750000 0.575000
vt 0.762500 0.575000
vt 0.775000 0.575000
vt 0.787500 0.575000
vt 0.800000 0.575000
vt 0.812500 0.575000
vt 0.825000 0.575000
vt 0.837500 0.575000
vt 0.850000 0.575000
vt 0.862500 0.575000
vt 0.875000 0.575000
vt 0.887500 0.575000
vt 0.900000 0.575000
vt 0.912500 0.575000
vt 0.925000 0.575000
vt 0.937500 0.575000
vt 0.950000 0.575000
vt 0.962500 0.575000
vt 0.975000 0.575000
vt 0.987500 0.575000
vt 1.000000 0.575000
vt 0.000000 0.550000
vt 0.012500 0.550000
vt 0.025000 0.550000
vt 0.037500 0.550000
vt 0.050000 0.550000
vt 0.062500 0.550000
vt 0.075000 0.550000
vt 0.087500 0.550000
vt 0.100000 0.550000
vt 0.112500 0.550000
vt 0.125000 0.550000
vt 0.137500 0.550000
vt 0.150000 0.550000
vt 0.162500 0.550000
vt 0.175000 0.550000
vt 0.187500 0.550000
vt 0.200000 0.550000
vt 0.212500 0.550000
vt 0.225000 0.550000
vt 0.237500 0.550000
vt 0.250000 0.550000
vt 0.262500 0.550000
vt 0.275000 0.550000
vt 0.287500 0.550000
vt 0.300000 0.550000
vt 0.312500 0.550000
vt 0.325000 0.550000
vt 0.337500 0.550000
vt 0.350000 0.550000
vt 0.362500 0.550000
vt 0.375000 0.550000
vt 0.387500 0.550000
vt 0.400000 0.550000
vt 0.412500 0.550000
vt 0.425000 0.550000
vt 0.437500 0.550000
vt 0.450000 0.550000
vt 0.462500 0.550000
vt 0.475000 0.550000
vt 0.487500 0.550000
vt 0.500000 0.550000
vt 0.512500 0.550000
vt 0.525000 0.550000
vt 0.537500 0.550000
vt 0.550000 0.550000
vt 0.562500 0.550000
vt 0.575000 0.550000
vt 0.587500 0.550000
vt 0.600000 0.550000
vt 0.612500 0.550000
vt 0.625000 0.550000
vt 0.637500 0.550000
vt 0.650000 0.550000
vt 0.662500 0.550000
vt 0.675000 0.550000
vt 0.687500 0.550000
vt 0.700000 0.550000
vt 0.712500 0.550000
vt 0.725000 0.550000
vt 0.737500 0.550000
vt 0.750000 0.550000
vt 0.762500 0.550000
vt 0.775000 0.550000
vt 0.787500 0.550000
vt 0.800000 0.550000
vt 0.812500 0.550000
vt 0.825000 0.550000
vt 0.837500 0.550000
vt 0.850000 0.550000
vt 0.862500 0.550000
vt 0.875000 0.550000
vt 0.887500 0.550000
vt 0.900000 0.550000
vt 0.912500 0.550000
vt 0.925000 0.550000
vt 0.937500 0.550000
vt 0.950000 0.550000
vt 0.962500 0.550000
vt 0.975000 0.550000
vt 0.987500 0.550000
vt 1.000000 0.550000
vt 0.000000 0.525000
vt 0.012500 0.525000
vt 0.025000 0.525000
vt 0.037500 0.525000
vt 0.050000 0.525000
vt 0.062500 0.525000
vt 0.075000 0.525000
vt 0.087500 0.525000
vt 0.100000 0.525000
vt 0.112500 0.525000
vt 0.125000 0.525000
vt 0.137500 0.525000
vt 0.150000 0.525000
vt 0.162500 0.525000
vt 0.175000 0.525000
vt 0.187500 0.525000
vt 0.200000 0.525000
vt 0.212500 0.525000
vt 0.225000 0.525000
vt 0.237500 0.525000
vt 0.250000 0.525000
vt 0.262500 0.525000
vt 0.275000 0.525000
vt 0.287500 0.525000
vt 0.300000 0.525000
vt 0.312500 0.525000
vt 0.325000 0.525000
vt 0.337500 0.525000
vt 0.350000 0.525000
vt 0.362500 0.525000
vt 0.375000 0.525000
vt 0.387500 0.525000
vt 0.400000 0.525000
vt 0.412500 0.525000
vt 0.425000 0.525000
vt 0.437500 0.525000
vt 0.450000 0.525000
vt 0.462500 0.525000
vt 0.475000 0.525000
vt 0.487500 0.525000
vt 0.500000 0.525000
vt 0.512500 0.525000
vt 0.525000 0.525000
vt 0.537500 0.525000
vt 0.550000 0.525000
vt 0.562500 0.525000
vt 0.575000 0.525000
vt 0.587500 0.525000
vt 0.600000 0.525000
vt 0.612500 0.525000
vt 0.625000 0.525000
vt 0.637500 0.525000
vt 0.650000 0.525000
vt 0.662500 0.525000
vt 0.675000 0.525000
vt 0.687500 0.525000
vt 0.700000 0.525000
vt 0.712500 0.525000
vt 0.725000 0.525000
vt 0.737500 0.525000
vt 0.750000 0.525000
vt 0.762500 0.525000
vt 0.775000 0.525000
vt 0.787500 0.525000
vt 0.800000 0.525000
vt 0.812500 0.525000
vt 0.825000 0.525000
vt 0.837500 0.525000
vt 0.850000 0.525000
vt 0.862500 0.525000
vt 0.875000 0.525000
vt 0.887500 0.525000
vt 0.900000 0.525000
vt 0.912500 0.525000
vt 0.925000 0.525000
vt 0.937500 0.525000
vt 0.950000 0.525000
vt 0.962500 0.525000
vt 0.975000 0.525000
vt 0.987500 0.525000
vt 1.000000 0.525000
vt 0.000000 0.500000
vt 0.012500 0.500000
vt 0.025000 0.500000
vt 0.037500 0.500000
vt 0.050000 0.500000
vt 0.062500 0.500000
vt 0.075000 0.500000
vt 0.087500 0.500000
vt 0.100000 0.500000
vt 0.112500 0.500000
vt 0.125000 0.500000
vt 0.137500 0.500000
vt 0.150000 0.500000
vt 0.162500 0.500000
vt 0.175000 0.500000
vt 0.187500 0.500000
vt 0.200000 0.500000
vt 0.212500 0.500000
vt 0.225000 0.500000
vt 0.237500 0.500000
vt 0.250000 0.500000
vt 0.262500 0.500000
vt 0.275000 0.500000
vt 0.287500 0.500000
vt 0.300000 0.500000
vt 0.312500 0.500000
vt 0.325000 0.500000
vt 0.337500 0.500000
vt 0.350000 0.500000
vt 0.362500 0.500000
vt 0.375000 0.500000
vt 0.387500 0.500000
vt 0.400000 0.500000
vt 0.412500 0.500000
vt 0.425000 0.500000
vt 0.437500 0.500000
vt 0.450000 0.500000
vt 0.462500 0.500000
vt 0.475000 0.500000
vt 0.487500 0.500000
vt 0.500000 0.500000
vt 0.512500 0.500000
vt 0.525000 0.500000
vt 0.537500 0.500000
vt 0.550000 0.500000
vt 0.562500 0.500000
vt 0.575000 0.500000
vt 0.587500 0.500000
vt 0.600000 0.500000
vt 0.612500 0.500000
vt 0.625000 0.500000
vt 0.637500 0.500000
vt 0.650000 0.500000
vt 0.662500 0.500000
vt 0.675000 0.500000
vt 0.687500 0.500000
vt 0.700000 0.500000
vt 0.712500 0.500000
vt 0.725000 0.500000
vt 0.737500 0.500000
vt 0.750000 0.500000
vt 0.762500 0.500000
vt 0.775000 0.500000
vt 0.787500 0.500000
vt 0.800000 0.500000
vt 0.812500 0.500000
vt 0.825000 0.500000
vt 0.837500 0.500000
vt 0.850000 0.500000
vt 0.862500 0.500000
vt 0.875000 0.500000
vt 0.887500 0.500000
vt 0.900000 0.500000
vt 0.912500 0.500000
vt 0.925000 0.500000
vt 0.937500 0.500000
vt 0.950000 0.500000
vt 0.962500 0.500000
vt 0.975000 0.500000
vt 0.987500 0.500000
vt 1.000000 0.500000
vt 0.000000 0.475000
vt 0.012500 0.475000
vt 0.025000 0.475000
vt 0.037500 0.475000
vt 0.050000 0.475000
vt 0.062500 0.475000
vt 0.075000 0.475000
vt 0.087500 0.475000
vt 0.100000 0.475000
vt 0.112500 0.475000
vt 0.125000 0.475000
vt 0.137500 0.475000
vt 0.150000 0.475000
vt 0.162500 0.475000
vt 0.175000 0.475000
vt 0.187500 0.475000
vt 0.200000 0.475000
vt 0.212500 0.475000
vt 0.225000 0.475000
vt 0.237500 0.475000
vt 0.250000 0.475000
vt 0.262500 0.475000
vt 0.275000 0.475000
vt 0.287500 0.475000
vt 0.300000 0.475000
vt 0.312500 0.475000
vt 0.325000 0.475000
vt 0.337500 0.475000
vt 0.350000 0.475000
vt 0.362500 0.475000
vt 0.375000 0.475000
vt 0.387500 0.475000
vt 0.400000 0.475000
vt 0.412500 0.475000
vt 0.425000 0.475000
vt 0.437500 0.475000
vt 0.450000 0.475000
vt 0.462500 0.475000
vt 0.475000 0.475000
vt 0.487500 0.475000
vt 0.500000 0.475000
vt 0.512500 0.475000
vt 0.525000 0.475000
vt 0.537500 0.475000
vt 0.550000 0.475000
vt 0.562500 0.475000
vt 0.575000 0.475000
vt 0.587500 0.475000
vt 0.600000 0.475000
vt 0.612500 0.475000
vt 0.625000 0.475000
vt 0.637500 0.475000
vt 0.650000 0.475000
vt 0.662500 0.475000
vt 0.675000 0.475000
vt 0.687500 0.475000
vt 0.700000 0.475000
vt 0.712500 0.475000
vt 0.725000 0.475000
vt 0.737500 0.475000
vt 0.750000 0.475000
vt 0.762500 0.475000
vt 0.775000 0.475000
vt 0.787500 0.475000
vt 0.800000 0.475000
vt 0.812500 0.475000
vt 0.825000 0.475000
vt 0.837500 0.475000
vt 0.850000 0.475000
vt 0.862500 0.475000
vt 0.875000 0.475000
vt 0.887500 0.475000
vt 0.900000 0.475000
vt 0.912500 0.475000
vt 0.925000 0.475000
vt 0.937500 0.475000
vt 0.950000 0.475000
vt 0.962500 0.475000
vt 0.975000 0.475000
vt 0.987500 0.475000
vt 1.000000 0.475000
vt 0.000000 0.450000
vt 0.012500 0.450000
vt 0.025000 0.450000
vt 0.037500 0.450000
vt 0.050000 0.450000
vt 0.062500 0.450000
vt 0.075000 0.450000
vt 0.087500 0.450000
vt 0.100000 0.450000
vt 0.112500 0.450000
vt 0.125000 0.450000
vt 0.137500 0.450000
vt 0.150000 0.450000
vt 0.162500 0.450000
vt 0.175000 0.450000
vt 0.187500 0.450000
vt 0.200000 0.450000
vt 0.212500 0.450000
vt 0.225000 0.450000
vt 0.237500 0.450000
vt 0.250000 0.450000
vt 0.262500 0.450000
vt 0.275000 0.450000
vt 0.287500 0.450000
vt 0.300000 0.450000
vt 0.312500 0.450000
vt 0.325000 0.450000
vt 0.337500 0.450000
vt 0.350000 0.450000
vt 0.362500 0.450000
vt 0.375000 0.450000
vt 0.387500 0.450000
vt 0.400000 0.450000
vt 0.412500 0.450000
vt 0.425000 0.450000
vt 0.437500 0.450000
vt 0.450000 0.450000
vt 0.462500 0.450000
vt 0.475000 0.450000
vt 0.487500 0.450000
vt 0.500000 0.450000
vt 0.512500 0.450000
vt 0.525000 0.450000
vt 0.537500 0.450000
vt 0.550000 0.450000
vt 0.562500 0.450000
vt 0.575000 0.450000
vt 0.587500 0.450000
vt 0.600000 0.450000
vt 0.612500 0.450000
vt 0.625000 0.450000
vt 0.637500 0.450000
vt 0.650000 0.450000
vt 0.662500 0.450000
vt 0.675000 0.450000
vt 0.687500 0.450000
vt 0.700000 0.450000
vt 0.712500 0.450000
vt 0.725000 0.450000
vt 0.737500 0.450000
vt 0.750000 0.450000
vt 0.762500 0.450000
vt 0.775000 0.450000
vt 0.787500 0.450000
vt 0.800000 0.450000
vt 0.812500 0.450000
vt 0.825000 0.450000
vt 0.837500 0.450000
vt 0.850000 0.450000
vt 0.862500 0.450000
vt 0.875000 0.450000
vt 0.887500 0.450000
vt 0.900000 0.450000
vt 0.912500 0.450000
vt 0.925000 0.450000
vt 0.937500 0.450000
vt 0.950000 0.450000
vt 0.962500 0.450000
vt 0.975000 0.450000
vt 0.987500 0.450000
vt 1.000000 0.450000
vt 0.000000 0.425000
vt 0.012500 0.425000
vt 0.025000 0.425000
vt 0.037500 0.425000
vt 0.050000 0.425000
vt 0.062500 0.425000
vt 0.075000 0.425000
vt 0.087500 0.425000
vt 0.100000 0.425000
vt 0.112500 0.425000
vt 0.125000 0.425000
vt 0.137500 0.425000
vt 0.150000 0.425000
vt 0.162500 0.425000
vt 0.175000 0.425000
vt 0.187500 0.425000
vt 0.200000 0.425000
vt 0.212500 0.425000
vt 0.225000 0.425000
vt 0.237500 0.425000
vt 0.250000 0.425000
vt 0.262500 0.425000
vt 0.275000 0.425000
vt 0.287500 0.425000
vt 0.300000 0.425000
vt 0.312500 0.425000
vt 0.325000 0.425000
vt 0.337500 0.425000
vt 0.350000 0.425000
vt 0.362500 0.425000
vt 0.375000 0.425000
vt 0.387500 0.425000
vt 0.400000 0.425000
vt 0.412500 0.425000
vt 0.425000 0.425000
vt 0.437500 0.425000
vt 0.450000 0.425000
vt 0.462500 0.425000
vt 0.475000 0.425000
vt 0.487500 0.425000
vt 0.500000 0.425000
vt 0.512500 0.425000
vt 0.525000 0.425000
vt 0.537500 0.425000
vt 0.550000 0.425000
vt 0.562500 0.425000
vt 0.575000 0.425000
vt 0.587500 0.425000
vt 0.600000 0.425000
vt 0.612500 0.425000
vt 0.625000 0.425000
vt 0.637500 0.425000
vt 0.650000 0.425000
vt 0.662500 0.425000
vt 0.675000 0.425000
vt 0.687500 0.425000
vt 0.700000 0.425000
vt 0.712500 0.425000
vt 0.725000 0.425000
vt 0.737500 0.425000
vt 0.750000 0.425000
vt 0.762500 0.425000
vt 0.775000 0.425000
vt 0.787500 0.425000
vt 0.800000 0.425000
vt 0.812500 0.425000
vt 0.825000 0.425000
vt 0.837500 0.425000
vt 0.850000 0.425000
vt 0.862500 0.425000
vt 0.875000 0.425000
vt 0.887500 0.425000
vt 0.900000 0.425000
vt 0.912500 0.425000
vt 0.925000 0.425000
vt 0.937500 0.425000
vt 0.950000 0.425000
vt 0.962500 0.425000
vt 0.975000 0.425000
vt 0.987500 0.425000
vt 1.000000 0.425000
vt 0.000000 0.400000
vt 0.012500 0.400000
vt 0.025000 0.400000
vt 0.037500 0.400000
vt 0.050000 0.400000
vt 0.062500 0.400000
vt 0.075000 0.400000
vt 0.087500 0.400000
vt 0.100000 0.400000
vt 0.112500 0.400000
vt 0.125000 0.400000
vt 0.137500 0.400000
vt 0.150000 0.400000
vt 0.162500 0.400000
vt 0.175000 0.400000
vt 0.187500 0.400000
vt 0.200000 0.400000
vt 0.212500 0.400000
vt 0.225000 0.400000
vt 0.237500 0.400000
vt 0.250000 0.400000
vt 0.262500 0.400000
vt 0.275000 0.400000
vt 0.287500 0.400000
vt 0.300000 0.400000
vt 0.312500 0.400000
vt 0.325000 0.400000
vt 0.337500 0.400000
vt 0.350000 0.400000
vt 0.362500 0.400000
vt 0.375000 0.400000
vt 0.387500 0.400000
vt 0.400000 0.400000
vt 0.412500 0.400000
vt 0.425000 0.400000
vt 0.437500 0.400000
vt 0.450000 0.400000
vt 0.462500 0.400000
vt 0.475000 0.400000
vt 0.487500 0.400000
vt 0.500000 0.400000
vt 0.512500 0.400000
vt 0.525000 0.400000
vt 0.537500 0.400000
vt 0.550000 0.400000
vt 0.562500 0.400000
vt 0.575000 0.400000
vt 0.587500 0.400000
vt 0.600000 0.400000
vt 0.612500 0.400000
vt 0.625000 0.400000
vt 0.637500 0.400000
vt 0.650000 0.400000
vt 0.662500 0.400000
vt 0.675000 0.400000
vt 0.687500 0.400000
vt 0.700000 0.400000
vt 0.712500 0.400000
vt 0.725000 0.400000
vt 0.737500 0.400000
vt 0.750000 0.400000
vt 0.762500 0.400000
vt 0.775000 0.400000
vt 0.787500 0.400000
vt 0.800000 0.400000
vt 0.812500 0.400000
vt 0.825000 0.400000
vt 0.837500 0.400000
vt 0.850000 0.400000
vt 0.862500 0.400000
vt 0.875000 0.400000
vt 0.887500 0.400000
vt 0.900000 0.400000
vt 0.912500 0.400000
vt 0.925000 0.400000
vt 0.937500 0.400000
vt 0.950000 0.400000
vt 0.962500 0.400000
vt 0.975000 0.400000
vt 0.987500 0.400000
vt 1.000000 0.400000
vt 0.000000 0.375000
vt 0.012500 0.375000
vt 0.025000 0.375000
vt 0.037500 0.375000
vt 0.050000 0.375000
vt 0.062500 0.375000
vt 0.075000 0.375000
vt 0.087500 0.375000
vt 0.100000 0.375000
vt 0.112500 0.375000
vt 0.125000 0.375000
vt 0.137500 0.375000
vt 0.150000 0.375000
vt 0.162500 0.375000
vt 0.175000 0.375000
vt 0.187500 0.375000
vt 0.200000 0.375000
vt 0.212500 0.375000
vt 0.225000 0.375000
vt 0.237500 0.375000
vt 0.250000 0.375000
vt 0.262500 0.375000
vt 0.275000 0.375000
vt 0.287500 0.375000
vt 0.300000 0.375000
vt 0.312500 0.375000
vt 0.325000 0.375000
vt 0.337500 0.375000
vt 0.350000 0.375000
vt 0.362500 0.375000
vt 0.375000 0.375000
vt 0.387500 0.375000
vt 0.400000 0.375000
vt 0.412500 0.375000
vt 0.425000 0.375000
vt 0.437500 0.375000
vt 0.450000 0.375000
vt 0.462500 0.375000
vt 0.475000 0.375000
vt 0.487500 0.375000
vt 0.500000 0.375000
vt 0.512500 0.375000
vt 0.525000 0.375000
vt 0.537500 0.375000
vt 0.550000 0.375000
vt 0.562500 0.375000
vt 0.575000 0.375000
vt 0.587500 0.375000
vt 0.600000 0.375000
vt 0.612500 0.375000
vt 0.625000 0.375000
vt 0.637500 0.375000
vt 0.650000 0.375000
vt 0.662500 0.375000
vt 0.675000 0.375000
vt 0.687500 0.375000
vt 0.700000 0.375000
vt 0.712500 0.375000
vt 0.725000 0.375000
vt 0.737500 0.375000
vt 0.750000 0.375000
vt 0.762500 0.375000
vt 0.775000 0.375000
vt 0.787500 0.375000
vt 0.800000 0.375000
vt 0.812500 0.375000
vt 0.825000 0.375000
vt 0.837500 0.375000
vt 0.850000 0.375000
vt 0.862500 0.375000
vt 0.875000 0.375000
vt 0.887500 0.375000
vt 0.900000 0.375000
vt 0.912500 0.375000
vt 0.925000 0.375000
vt 0.937500 0.375000
vt 0.950000 0.375000
vt 0.962500 0.375000
vt 0.975000 0.375000
vt 0.987500 0.375000
vt 1.000000 0.375000
vt 0.000000 0.350000
vt 0.012500 0.350000
vt 0.025000 0.350000
vt 0.037500 0.350000
vt 0.050000 0.350000
vt 0.062500 0.350000
vt 0.075000 0.350000
vt 0.087500 0.350000
vt 0.100000 0.350000
vt 0.112500 0.350000
vt 0.125000 0.350000
vt 0.137500 0.350000
vt 0.150000 0.350000
vt 0.162500 0.350000
vt 0.175000 0.350000
vt 0.187500 0.350000
vt 0.200000 0.350000
vt 0.212500 0.350000
vt 0.225000 0.350000
vt 0.237500 0.350000
vt 0.250000 0.350000
vt 0.262500 0.350000
vt 0.275000 0.350000
vt 0.287500 0.350000
vt 0.300000 0.350000
vt 0.312500 0.350000
vt 0.325000 0.350000
vt 0.337500 0.350000
vt 0.350000 0.350000
vt 0.362500 0.350000
vt 0.375000 0.350000
vt 0.387500 0.350000
vt 0.400000 0.350000
vt 0.412500 0.350000
vt 0.425000 0.350000
vt 0.437500 0.350000
vt 0.450000 0.350000
vt 0.462500 0.350000
vt 0.475000 0.350000
vt 0.487500 0.350000
vt 0.500000 0.350000
vt 0.512500 0.350000
vt 0.525000 0.350000
vt 0.537500 0.350000
vt 0.550000 0.350000
vt 0.562500 0.350000
vt 0.575000 0.350000
vt 0.587500 0.350000
vt 0.600000 0.350000
vt 0.612500 0.350000
vt 0.625000 0.350000
vt 0.637500 0.350000
vt 0.650000 0.350000
vt 0.662500 0.350000
vt 0.675000 0.350000
vt 0.687500 0.350000
vt 0.700000 0.350000
vt 0.712500 0.350000
vt 0.725000 0.350000
vt 0.737500 0.350000
vt 0.750000 0.350000
vt 0.762500 0.350000
vt 0.775000 0.350000
vt 0.787500 0.350000
vt 0.800000 0.350000
vt 0.812500 0.350000
vt 0.825000 0.350000
vt 0.837500 0.350000
vt 0.850000 0.350000
vt 0.862500 0.350000
vt 0.875000 0.350000
vt 0.887500 0.350000
vt 0.900000 0.350000
vt 0.912500 0.350000
vt 0.925000 0.350000
vt 0.937500 0.350000
vt 0.950000 0.350000
vt 0.962500 0.350000
vt 0.975000 0.350000
vt 0.987500 0.350000
vt 1.000000 0.350000
vt 0.000000 0.325000
vt 0.012500 0.325000
vt 0.025000 0.325000
vt 0.037500 0.325000
vt 0.050000 0.325000
vt 0.062500 0.325000
vt 0.075000 0.325000
vt 0.087500 0.325000
vt 0.100000 0.325000
vt 0.112500 0.325000
vt 0.125000 0.325000
vt 0.137500 0.325000
vt 0.150000 0.325000
vt 0.162500 0.325000
vt 0.175000 0.325000
vt 0.187500 0.325000
vt 0.200000 0.325000
vt 0.212500 0.325000
vt 0.225000 0.325000
vt 0.237500 0.325000
vt 0.250000 0.325000
vt 0.262500 0.325000
vt 0.275000 0.325000
vt 0.287500 0.325000
vt 0.300000 0.325000
vt 0.312500 0.325000
vt 0.325000 0.325000
vt 0.337500 0.325000
vt 0.350000 0.325000
vt 0.362500 0.325000
vt 0.375000 0.325000
vt 0.387500 0.325000
vt 0.400000 0.325000
vt 0.412500 0.325000
vt 0.425000 0.325000
vt 0.437500 0.325000
vt 0.450000 0.325000
vt 0.462500 0.325000
vt 0.475000 0.325000
vt 0.487500 0.325000
vt 0.500000 0.325000
vt 0.512500 0.325000
vt 0.525000 0.325000
vt 0.537500 0.325000
vt 0.550000 0.325000
vt 0.562500 0.325000
vt 0.575000 0.325000
vt 0.587500 0.325000
vt 0.600000 0.325000
vt 0.612500 0.325000
vt 0.625000 0.325000
vt 0.637500 0.325000
vt 0.650000 0.325000
vt 0.662500 0.325000
vt 0.675000 0.325000
vt 0.687500 0.325000
vt 0.700000 0.325000
vt 0.712500 0.325000
vt 0.725000 0.325000
vt 0.737500 0.325000
vt 0.750000 0.325000
vt 0.762500 0.325000
vt 0.775000 0.325000
vt 0.787500 0.325000
vt 0.800000 0.325000
vt 0.812500 0.325000
vt 0.825000 0.325000
vt 0.837500 0.325000
vt 0.850000 0.325000
vt 0.862500 0.325000
vt 0.875000 0.325000
vt 0.887500 0.325000
vt 0.900000 0.325000
vt 0.912500 0.325000
vt 0.925000 0.325000
vt 0.937500 0.325000
vt 0.950000 0.325000
vt 0.962500 0.325000
vt 0.975000 0.325000
vt 0.987500 0.325000
vt 1.000000 0.325000
vt 0.000000 0.300000
vt 0.012500 0.300000
vt 0.025000 0.300000
vt 0.037500 0.300000
vt 0.050000 0.300000
vt 0.062500 0.300000
vt 0.075000 0.300000
vt 0.087500 0.300000
vt 0.100000 0.300000
vt 0.112500 0.300000
vt 0.125000 0.300000
vt 0.137500 0.300000
vt 0.150000 0.300000
vt 0.162500 0.300000
vt 0.175000 0.300000
vt 0.187500 0.300000
vt 0.200000 0.300000
vt 0.212500 0.300000
vt 0.225000 0.300000
vt 0.237500 0.300000
vt 0.250000 0.300000
vt 0.262500 0.300000
vt 0.275000 0.300000
vt 0.287500 0.300000
vt 0.300000 0.300000
vt 0.312500 0.300000
vt 0.325000 0.300000
vt 0.337500 0.300000
vt 0.350000 0.300000
vt 0.362500 0.300000
vt 0.375000 0.300000
vt 0.387500 0.300000
vt 0.400000 0.300000
vt 0.412500 0.300000
vt 0.425000 0.300000
vt 0.437500 0.300000
vt 0.450000 0.300000
vt 0.462500 0.300000
vt 0.475000 0.300000
vt 0.487500 0.300000
vt 0.500000 0.300000
vt 0.512500 0.300000
vt 0.525000 0.300000
vt 0.537500 0.300000
vt 0.550000 0.300000
vt 0.562500 0.300000
vt 0.575000 0.300000
vt 0.587500 0.300000
vt 0.600000 0.300000
vt 0.612500 0.300000
vt 0.625000 0.300000
vt 0.637500 0.300000
vt 0.650000 0.300000
vt 0.662500 0.300000
vt 0.675000 0.300000
vt 0.687500 0.300000
vt 0.700000 0.300000
vt 0.712500 0.300000
vt 0.725000 0.300000
vt 0.737500 0.300000
vt 0.750000 0.300000
vt 0.762500 0.300000
vt 0.775000 0.300000
vt 0.787500 0.300000
vt 0.800000 0.300000
vt 0.812500 0.300000
vt 0.825000 0.300000
vt 0.837500 0.300000
vt 0.850000 0.300000
vt 0.862500 0.300000
vt 0.875000 0.300000
vt 0.887500 0.300000
vt 0.900000 0.300000
vt 0.912500 0.300000
vt 0.925000 0.300000
vt 0.937500 0.300000
vt 0.950000 0.300000
vt 0.962500 0.300000
vt 0.975000 0.300000
vt 0.987500 0.300000
vt 1.000000 0.300000
vt 0.000000 0.275000
vt 0.012500 0.275000
vt 0.025000 0.275000
vt 0.037500 0.275000
vt 0.050000 0.275000
vt 0.062500 0.275000
vt 0.075000 0.275000
vt 0.087500 0.275000
vt 0.100000 0.275000
vt 0.112500 0.275000
vt 0.125000 0.275000
vt 0.137500 0.275000
vt 0.150000 0.275000
vt 0.162500 0.275000
vt 0.175000 0.275000
vt 0.187500 0.275000
vt 0.200000 0.275000
vt 0.212500 0.275000
vt 0.225000 0.275000
vt 0.237500 0.275000
vt 0.250000 0.275000
vt 0.262500 0.275000
vt 0.275000 0.275000
vt 0.287500 0.275000
vt 0.300000 0.275000
vt 0.312500 0.275000
vt 0.325000 0.275000
vt 0.337500 0.275000
vt 0.350000 0.275000
vt 0.362500 0.275000
vt 0.375000 0.275000
vt 0.387500 0.275000
vt 0.400000 0.275000
vt 0.412500 0.275000
vt 0.425000 0.275000
vt 0.437500 0.275000
vt 0.450000 0.275000
vt 0.462500 0.275000
vt 0.475000 0.275000
vt 0.487500 0.275000
vt 0.500000 0.275000
vt 0.512500 0.275000
vt 0.525000 0.275000
vt 0.537500 0.275000
vt 0.550000 0.275000
vt 0.562500 0.275000
vt 0.575000 0.275000
vt 0.587500 0.275000
vt 0.600000 0.275000
vt 0.612500 0.275000
vt 0.625000 0.275000
vt 0.637500 0.275000
vt 0.650000 0.275000
vt 0.662500 0.275000
vt 0.675000 0.275000
vt 0.687500 0.275000
vt 0.700000 0.275000
vt 0.712500 0.275000
vt 0.725000 0.275000
vt 0.737500 0.275000
vt 0.750000 0.275000
vt 0.762500 0.275000
vt 0.775000 0.275000
vt 0.787500 0.275000
vt 0.800000 0.275000
vt 0.812500 0.275000
vt 0.825000 0.275000
vt 0.837500 0.275000
vt 0.850000 0.275000
vt 0.862500 0.275000
vt 0.875000 0.275000
vt 0.887500 0.275000
vt 0.900000 0.275000
vt 0.912500 0.275000
vt 0.925000 0.275000
vt 0.937500 0.275000
vt 0.950000 0.275000
vt 0.962500 0.275000
vt 0.975000 0.275000
vt 0.987500 0.275000
vt 1.000000 0.275000
vt 0.000000 0.250000
vt 0.012500 0.250000
vt 0.025000 0.250000
vt 0.037500 0.250000
vt 0.050000 0.250000
vt 0.062500 0.250000
vt 0.075000 0.250000
vt 0.087500 0.250000
vt 0.100000 0.250000
vt 0.112500 0.250000
vt 0.125000 0.250000
vt 0.137500 0.250000
vt 0.150000 0.250000
vt 0.162500 0.250000
vt 0.175000 0.250000
vt 0.187500 0.250000
vt 0.200000 0.250000
vt 0.212500 0.250000
vt 0.225000 0.250000
vt 0.237500 0.250000
vt 0.250000 0.250000
vt 0.262500 0.250000
vt 0.275000 0.250000
vt 0.287500 0.250000
vt 0.300000 0.250000
vt 0.312500 0.250000
vt 0.325000 0.250000
vt 0.337500 0.250000
vt 0.350000 0.250000
vt 0.362500 0.250000
vt 0.375000 0.250000
vt 0.387500 0.250000
vt 0.400000 0.250000
vt 0.412500 0.250000
vt 0.425000 0.250000
vt 0.437500 0.250000
vt 0.450000 0.250000
vt 0.462500 0.250000
vt 0.475000 0.250000
vt 0.487500 0.250000
vt 0.500000 0.250000
vt 0.512500 0.250000
vt 0.525000 0.250000
vt 0.537500 0.250000
vt 0.550000 0.250000
vt 0.562500 0.250000
vt 0.575000 0.250000
vt 0.587500 0.250000
vt 0.600000 0.250000
vt 0.612500 0.250000
vt 0.625000 0.250000
vt 0.637500 0.250000
vt 0.650000 0.250000
vt 0.662500 0.250000
vt 0.675000 0.250000
vt 0.687500 0.250000
vt 0.700000 0.250000
vt 0.712500 0.250000
vt 0.725000 0.250000
vt 0.737500 0.250000
vt 0.750000 0.250000
vt 0.762500 0.250000
vt 0.775000 0.250000
vt 0.787500 0.250000
vt 0.800000 0.250000
vt 0.812500 0.250000
vt 0.825000 0.250000
vt 0.837500 0.250000
vt 0.850000 0.250000
vt 0.862500 0.250000
vt 0.875000 0.250000
vt 0.887500 0.250000
vt 0.900000 0.250000
vt 0.912500 0.250000
vt 0.925000 0.250000
vt 0.937500 0.250000
vt 0.950000 0.250000
vt 0.962500 0.250000
vt 0.975000 0.250000
vt 0.987500 0.250000
vt 1.000000 0.250000
vt 0.000000 0.225000
vt 0.012500 0.225000
vt 0.025000 0.225000
vt 0.037500 0.225000
vt 0.050000 0.225000
vt 0.062500 0.225000
vt 0.075000 0.225000
vt 0.087500 0.225000
vt 0.100000 0.225000
vt 0.112500 0.225000
vt 0.125000 0.225000
vt 0.137500 0.225000
vt 0.150000 0.225000
vt 0.162500 0.225000
vt 0.175000 0.225000
vt 0.187500 0.225000
vt 0.200000 0.225000
vt 0.212500 0.225000
vt 0.225000 0.225000
vt 0.237500 0.225000
vt 0.250000 0.225000
vt 0.262500 0.225000
vt 0.275000 0.225000
vt 0.287500 0.225000
vt 0.300000 0.225000
vt 0.312500 0.225000
vt 0.325000 0.225000
vt 0.337500 0.225000
vt 0.350000 0.225000
vt 0.362500 0.225000
vt 0.375000 0.225000
vt 0.387500 0.225000
vt 0.400000 0.225000
vt 0.412500 0.225000
vt 0.425000 0.225000
vt 0.437500 0.225000
vt 0.450000 0.225000
vt 0.462500 0.225000
vt 0.475000 0.225000
vt 0.487500 0.225000
vt 0.500000 0.225000
vt 0.512500 0.225000
vt 0.525000 0.225000
vt 0.537500 0.225000
vt 0.550000 0.225000
vt 0.562500 0.225000
vt 0.575000 0.225000
vt 0.587500 0.225000
vt 0.600000 0.225000
vt 0.612500 0.225000
vt 0.625000 0.225000
vt 0.637500 0.225000
vt 0.650000 0.225000
vt 0.662500 0.225000
vt 0.675000 0.225000
vt 0.687500 0.225000
vt 0.700000 0.225000
vt 0.712500 0.225000
vt 0.725000 0.225000
vt 0.737500 0.225000
vt 0.750000 0.225000
vt 0.762500 0.225000
vt 0.775000 0.225000
vt 0.787500 0.225000
vt 0.800000 0.225000
vt 0.812500 0.225000
vt 0.825000 0.225000
vt 0.837500 0.225000
vt 0.850000 0.225000
vt 0.862500 0.225000
vt 0.875000 0.225000
vt 0.887500 0.225000
vt 0.900000 0.225000
vt 0.912500 0.225000
vt 0.925000 0.225000
vt 0.937500 0.225000
vt 0.950000 0.225000
vt 0.962500 0.225000
vt 0.975000 0.225000
vt 0.987500 0.225000
vt 1.000000 0.225000
vt 0.000000 0.200000
vt 0.012500 0.200000
vt 0.025000 0.200000
vt 0.037500 0.200000
vt 0.050000 0.200000
vt 0.062500 0.200000
vt 0.075000 0.200000
vt 0.087500 0.200000
vt 0.100000 0.200000
vt 0.112500 0.200000
vt 0.125000 0.200000
vt 0.137500 0.200000
vt 0.150000 0.200000
vt 0.162500 0.200000
vt 0.175000 0.200000
vt 0.187500 0.200000
vt 0.200000 0.200000
vt 0.212500 0.200000
vt 0.225000 0.200000
vt 0.237500 0.200000
vt 0.250000 0.200000
vt 0.262500 0.200000
vt 0.275000 0.200000
vt 0.287500 0.200000
vt 0.300000 0.200000
vt 0.312500 0.200000
vt 0.325000 0.200000
vt 0.337500 0.200000
vt 0.350000 0.200000
vt 0.362500 0.200000
vt 0.375000 0.200000
vt 0.387500 0.200000
vt 0.400000 0.200000
vt 0.412500 0.200000
vt 0.425000 0.200000
vt 0.437500 0.200000
vt 0.450000 0.200000
vt 0.462500 0.200000
vt 0.475000 0.200000
vt 0.487500 0.200000
vt 0.500000 0.200000
vt 0.512500 0.200000
vt 0.525000 0.200000
vt 0.537500 0.200000
vt 0.550000 0.200000
vt 0.562500 0.200000
vt 0.575000 0.200000
vt 0.587500 0.200000
vt 0.600000 0.200000
vt 0.612500 0.200000
vt 0.625000 0.200000
vt 0.637500 0.200000
vt 0.650000 0.200000
vt 0.662500 0.200000
vt 0.675000 0.200000
vt 0.687500 0.200000
vt 0.700000 0.200000
vt 0.712500 0.200000
vt 0.725000 0.200000
vt 0.737500 0.200000
vt 0.750000 0.200000
vt 0.762500 0.200000
vt 0.775000 0.200000
vt 0.787500 0.200000
vt 0.800000 0.200000
vt 0.812500 0.200000
vt 0.825000 0.200000
vt 0.837500 0.200000
vt 0.850000 0.200000
vt 0.862500 0.200000
vt 0.875000 0.200000
vt 0.887500 0.200000
vt 0.900000 0.200000
vt 0.912500 0.200000
vt 0.925000 0.200000
vt 0.937500 0.200000
vt 0.950000 0.200000
vt 0.962500 0.200000
vt 0.975000 0.200000
vt 0.987500 0.200000
vt 1.000000 0.200000
vt 0.000000 0.175000
vt 0.012500 0.175000
vt 0.025000 0.175000
vt 0.037500 0.175000
vt 0.050000 0.175000
vt 0.062500 0.175000
vt 0.075000 0.175000
vt 0.087500 0.175000
vt 0.100000 0.175000
vt 0.112500 0.175000
vt 0.125000 0.175000
vt 0.137500 0.175000
vt 0.150000 0.175000
vt 0.162500 0.175000
vt 0.175000 0.175000
vt 0.187500 0.175000
vt 0.200000 0.175000
vt 0.212500 0.175000
vt 0.225000 0.175000
vt 0.237500 0.175000
vt 0.250000 0.175000
vt 0.262500 0.175000
vt 0.275000 0.175000
vt 0.287500 0.175000
vt 0.300000 0.175000
vt 0.312500 0.175000
vt 0.325000 0.175000
vt 0.337500 0.175000
vt 0.350000 0.175000
vt 0.362500 0.175000
vt 0.375000 0.175000
vt 0.387500 0.175000
vt 0.400000 0.175000
vt 0.412500 0.175000
vt 0.425000 0.175000
vt 0.437500 0.175000
vt 0.450000 0.175000
vt 0.462500 0.175000
vt 0.475000 0.175000
vt 0.487500 0.175000
vt 0.500000 0.175000
vt 0.512500 0.175000
vt 0.525000 0.175000
vt 0.537500 0.175000
vt 0.550000 0.175000
vt 0.562500 0.175000
vt 0.575000 0.175000
vt 0.587500 0.175000
vt 0.600000 0.175000
vt 0.612500 0.175000
vt 0.625000 0.175000
vt 0.637500 0.175000
vt 0.650000 0.175000
vt 0.662500 0.175000
vt 0.675000 0.175000
vt 0.687500 0.175000
vt 0.700000 0.175000
vt 0.712500 0.175000
vt 0.725000 0.175000
vt 0.737500 0.175000
vt 0.750000 0.175000
vt 0.762500 0.175000
vt 0.775000 0.175000
vt 0.787500 0.175000
vt 0.800000 0.175000
vt 0.812500 0.175000
vt 0.825000 0.175000
vt 0.837500 0.175000
vt 0.850000 0.175000
vt 0.862500 0.175000
vt 0.875000 0.175000
vt 0.887500 0.175000
vt 0.900000 0.175000
vt 0.912500 0.175000
vt 0.925000 0.175000
vt 0.937500 0.175000
vt 0.950000 0.175000
vt 0.962500 0.175000
vt 0.975000 0.175000
vt 0.987500 0.175000
vt 1.000000 0.175000
vt 0.000000 0.150000
vt 0.012500 0.150000
vt 0.025000 0.150000
vt 0.037500 0.150000
vt 0.050000 0.150000
vt 0.062500 0.150000
vt 0.075000 0.150000
vt 0.087500 0.150000
vt 0.100000 0.150000
vt 0.112500 0.150000
vt 0.125000 0.150000
vt 0.137500 0.150000
vt 0.150000 0.150000
vt 0.162500 0.150000
vt 0.175000 0.150000
vt 0.187500 0.150000
vt 0.200000 0.150000
vt 0.212500 0.150000
vt 0.225000 0.150000
vt 0.237500 0.150000
vt 0.250000 0.150000
vt 0.262500 0.150000
vt 0.275000 0.150000
vt 0.287500 0.150000
vt 0.300000 0.150000
vt 0.312500 0.150000
vt 0.325000 0.150000
vt 0.337500 0.150000
vt 0.350000 0.150000
vt 0.362500 0.150000
vt 0.375000 0.150000
vt 0.387500 0.150000
vt 0.400000 0.150000
vt 0.412500 0.150000
vt 0.425000 0.150000
vt 0.437500 0.150000
vt 0.450000 0.150000
vt 0.462500 0.150000
vt 0.475000 0.150000
vt 0.487500 0.150000
vt 0.500000 0.150000
vt 0.512500 0.150000
vt 0.525000 0.150000
vt 0.537500 0.150000
vt 0.550000 0.150000
vt 0.562500 0.150000
vt 0.575000 0.150000
vt 0.587500 0.150000
vt 0.600000 0.150000
vt 0.612500 0.150000
vt 0.625000 0.150000
vt 0.637500 0.150000
vt 0.650000 0.150000
vt 0.662500 0.150000
vt 0.675000 0.150000
vt 0.687500 0.150000
vt 0.700000 0.150000
vt 0.712500 0.150000
vt 0.725000 0.150000
vt 0.737500 0.150000
vt 0.750000 0.150000
vt 0.762500 0.150000
vt 0.775000 0.150000
vt 0.787500 0.150000
vt 0.800000 0.150000
vt 0.812500 0.150000
vt 0.825000 0.150000
vt 0.837500 0.150000
vt 0.850000 0.150000
vt 0.862500 0.150000
vt 0.875000 0.150000
vt 0.887500 0.150000
vt 0.900000 0.150000
vt 0.912500 0.150000
vt 0.925000 0.150000
vt 0.937500 0.150000
vt 0.950000 0.150000
vt 0.962500 0.150000
vt 0.975000 0.150000
vt 0.987500 0.150000
vt 1.000000 0.150000
vt 0.000000 0.125000
vt 0.012500 0.125000
vt 0.025000 0.125000
vt 0.037500 0.125000
vt 0.050000 0.125000
vt 0.062500 0.125000
vt 0.075000 0.125000
vt 0.087500 0.125000
vt 0.100000 0.125000
vt 0.112500 0.125000
vt 0.125000 0.125000
vt 0.137500 0.125000
vt 0.150000 0.125000
vt 0.162500 0.125000
vt 0.175000 0.125000
vt 0.187500 0.125000
vt 0.200000 0.125000
vt 0.212500 0.125000
vt 0.225000 0.125000
vt 0.237500 0.125000
vt 0.250000 0.125000
vt 0.262500 0.125000
vt 0.275000 0.125000
vt 0.287500 0.125000
vt 0.300000 0.125000
vt 0.312500 0.125000
vt 0.325000 0.125000
vt 0.337500 0.125000
vt 0.350000 0.125000
vt 0.362500 0.125000
vt 0.375000 0.125000
vt 0.387500 0.125000
vt 0.400000 0.125000
vt 0.412500 0.125000
vt 0.425000 0.125000
vt 0.437500 0.125000
vt 0.450000 0.125000
vt 0.462500 0.125000
vt 0.475000 0.125000
vt 0.487500 0.125000
vt 0.500000 0.125000
vt 0.512500 0.125000
vt 0.525000 0.125000
vt 0.537500 0.125000
vt 0.550000 0.125000
vt 0.562500 0.125000
vt 0.575000 0.125000
vt 0.587500 0.125000
vt 0.600000 0.125000
vt 0.612500 0.125000
vt 0.625000 0.125000
vt 0.637500 0.125000
vt 0.650000 0.125000
vt 0.662500 0.125000
vt 0.675000 0.125000
vt 0.687500 0.125000
vt 0.700000 0.125000
vt 0.712500 0.125000
vt 0.725000 0.125000
vt 0.737500 0.125000
vt 0.750000 0.125000
vt 0.762500 0.125000
vt 0.775000 0.125000
vt 0.787500 0.125000
vt 0.800000 0.125000
vt 0.812500 0.125000
vt 0.825000 0.125000
vt 0.837500 0.125000
vt 0.850000 0.125000
vt 0.862500 0.125000
vt 0.875000 0.125000
vt 0.887500 0.125000
vt 0.900000 0.125000
vt 0.912500 0.125000
vt 0.925000 0.125000
vt 0.937500 0.125000
vt 0.950000 0.125000
vt 0.962500 0.125000
vt 0.975000 0.125000
vt 0.987500 0.125000
vt 1.000000 0.125000
vt 0.000000 0.100000
vt 0.012500 0.100000
vt 0.025000 0.100000
vt 0.037500 0.100000
vt 0.050000 0.100000
vt 0.062500 0.100000
vt 0.075000 0.100000
vt 0.087500 0.100000
vt 0.100000 0.100000
vt 0.112500 0.100000
vt 0.125000 0.100000
vt 0.137500 0.100000
vt 0.150000 0.100000
vt 0.162500 0.100000
vt 0.175000 0.100000
vt 0.187500 0.100000
vt 0.200000 0.100000
vt 0.212500 0.100000
vt 0.225000 0.100000
vt 0.237500 0.100000
vt 0.250000 0.100000
vt 0.262500 0.100000
vt 0.275000 0.100000
vt 0.287500 0.100000
vt 0.300000 0.100000
vt 0.312500 0.100000
vt 0.325000 0.100000
vt 0.337500 0.100000
vt 0.350000 0.100000
vt 0.362500 0.100000
vt 0.375000 0.100000
vt 0.387500 0.100000
vt 0.400000 0.100000
vt 0.412500 0.100000
vt 0.425000 0.100000
vt 0.437500 0.100000
vt 0.450000 0.100000
vt 0.462500 0.100000
vt 0.475000 0.100000
vt 0.487500 0.100000
vt 0.500000 0.100000
vt 0.512500 0.100000
vt 0.525000 0.100000
vt 0.537500 0.100000
vt 0.550000 0.100000
vt 0.562500 0.100000
vt 0.575000 0.100000
vt 0.587500 0.100000
vt 0.600000 0.100000
vt 0.612500 0.100000
vt 0.625000 0.100000
vt 0.637500 0.100000
vt 0.650000 0.100000
vt 0.662500 0.100000
vt 0.675000 0.100000
vt 0.687500 0.100000
vt 0.700000 0.100000
vt 0.712500 0.100000
vt 0.725000 0.100000
vt 0.737500 0.100000
vt 0.750000 0.100000
vt 0.762500 0.100000
vt 0.775000 0.100000
vt 0.787500 0.100000
vt 0.800000 0.100000
vt 0.812500 0.100000
vt 0.825000 0.100000
vt 0.837500 0.100000
vt 0.850000 0.100000
vt 0.862500 0.100000
vt 0.875000 0.100000
vt 0.887500 0.100000
vt 0.900000 0.100000
vt 0.912500 0.100000
vt 0.925000 0.100000
vt 0.937500 0.100000
vt 0.950000 0.100000
vt 0.962500 0.100000
vt 0.975000 0.100000
vt 0.987500 0.100000
vt 1.000000 0.100000
vt 0.000000 0.075000
vt 0.012500 0.075000
vt 0.025000 0.075000
vt 0.037500 0.075000
vt 0.050000 0.075000
vt 0.062500 0.075000
vt 0.075000 0.075000
vt 0.087500 0.075000
vt 0.100000 0.075000
vt 0.112500 0.075000
vt 0.125000 0.075000
vt 0.137500 0.075000
vt 0.150000 0.075000
vt 0.162500 0.075000
vt 0.175000 0.075000
vt 0.187500 0.075000
vt 0.200000 0.075000
vt 0.212500 0.075000
vt 0.225000 0.075000
vt 0.237500 0.075000
vt 0.250000 0.075000
vt 0.262500 0.075000
vt 0.275000 0.075000
vt 0.287500 0.075000
vt 0.300000 0.075000
vt 0.312500 0.075000
vt 0.325000 0.075000
vt 0.337500 0.075000
vt 0.350000 0.075000
vt 0.362500 0.075000
vt 0.375000 0.075000
vt 0.387500 0.075000
vt 0.400000 0.075000
vt 0.412500 0.075000
vt 0.425000 0.075000
vt 0.437500 0.075000
vt 0.450000 0.075000
vt 0.462500 0.075000
vt 0.475000 0.075000
vt 0.487500 0.075000
vt 0.500000 0.075000
vt 0.512500 0.075000
vt 0.525000 0.075000
vt 0.537500 0.075000
vt 0.550000 0.075000
vt 0.562500 0.075000
vt 0.575000 0.075000
vt 0.587500 0.075000
vt 0.600000 0.075000
vt 0.612500 0.075000
vt 0.625000 0.075000
vt 0.637500 0.075000
vt 0.650000 0.075000
vt 0.662500 0.075000
vt 0.675000 0.075000
vt 0.687500 0.075000
vt 0.700000 0.075000
vt 0.712500 0.075000
vt 0.725000 0.075000
vt 0.737500 0.075000
vt 0.750000 0.075000
vt 0.762500 0.075000
vt 0.775000 0.075000
vt 0.787500 0.075000
vt 0.800000 0.075000
vt 0.812500 0.075000
vt 0.825000 0.075000
vt 0.837500 0.075000
vt 0.850000 0.075000
vt 0.862500 0.075000
vt 0.875000 0.075000
vt 0.887500 0.075000
vt 0.900000 0.075000
vt 0.912500 0.075000
vt 0.925000 0.075000
vt 0.937500 0.075000
vt 0.950000 0.075000
vt 0.962500 0.075000
vt 0.975000 0.075000
vt 0.987500 0.075000
vt 1.000000 0.075000
vt 0.000000 0.050000
vt 0.012500 0.050000
vt 0.025000 0.050000
vt 0.037500 0.050000
vt 0.050000 0.050000
vt 0.062500 0.050000
vt 0.075000 0.050000
vt 0.087500 0.050000
vt 0.100000 0.050000
vt 0.112500 0.050000
vt 0.125000 0.050000
vt 0.137500 0.050000
vt 0.150000 0.050000
vt 0.162500 0.050000
vt 0.175000 0.050000
vt 0.187500 0.050000
vt 0.200000 0.050000
vt 0.212500 0.050000
vt 0.225000 0.050000
vt 0.237500 0.050000
vt 0.250000 0.050000
vt 0.262500 0.050000
vt 0.275000 0.050000
vt 0.287500 0.050000
vt 0.300000 0.050000
vt 0.312500 0.050000
vt 0.325000 0.050000
vt 0.337500 0.050000
vt 0.350000 0.050000
vt 0.362500 0.050000
vt 0.375000 0.050000
vt 0.387500 0.050000
vt 0.400000 0.050000
vt 0.412500 0.050000
vt 0.425000 0.050000
vt 0.437500 0.050000
vt 0.450000 0.050000
vt 0.462500 0.050000
vt 0.475000 0.050000
vt 0.487500 0.050000
vt 0.500000 0.050000
vt 0.512500 0.050000
vt 0.525000 0.050000
vt 0.537500 0.050000
vt 0.550000 0.050000
vt 0.562500 0.050000
vt 0.575000 0.050000
vt 0.587500 0.050000
vt 0.600000 0.050000
vt 0.612500 0.050000
vt 0.625000 0.050000
vt 0.637500 0.050000
vt 0.650000 0.050000
vt 0.662500 0.050000
vt 0.675000 0.050000
vt 0.687500 0.050000
vt 0.700000 0.050000
vt 0.712500 0.050000
vt 0.725000 0.050000
vt 0.737500 0.050000
vt 0.750000 0.050000
vt 0.762500 0.050000
vt 0.775000 0.050000
vt 0.787500 0.050000
vt 0.800000 0.050000
vt 0.812500 0.050000
vt 0.825000 0.050000
vt 0.837500 0.050000
vt 0.850000 0.050000
vt 0.862500 0.050000
vt 0.875000 0.050000
vt 0.887500 0.050000
vt 0.900000 0.050000
vt 0.912500 0.050000
vt 0.925000 0.050000
vt 0.937500 0.050000
vt 0.950000 0.050000
vt 0.962500 0.050000
vt 0.975000 0.050000
vt 0.987500 0.050000
vt 1.000000 0.050000
vt 0.000000 0.025000
vt 0.012500 0.025000
vt 0.025000 0.025000
vt 0.037500 0.025000
vt 0.050000 0.025000
vt 0.062500 0.025000
vt 0.075000 0.025000
vt 0.087500 0.025000
vt 0.100000 0.025000
vt 0.112500 0.025000
vt 0.125000 0.025000
vt 0.137500 0.025000
vt 0.150000 0.025000
vt 0.162500 0.025000
vt 0.175000 0.025000
vt 0.187500 0.025000
vt 0.200000 0.025000
vt 0.212500 0.025000
vt 0.225000 0.025000
vt 0.237500 0.025000
vt 0.250000 0.025000
vt 0.262500 0.025000
vt 0.275000 0.025000
vt 0.287500 0.025000
vt 0.300000 0.025000
vt 0.312500 0.025000
vt 0.325000 0.025000
vt 0.337500 0.025000
vt 0.350000 0.025000
vt 0.362500 0.025000
vt 0.375000 0.025000
vt 0.387500 0.025000
vt 0.400000 0.025000
vt 0.412500 0.025000
vt 0.425000 0.025000
vt 0.437500 0.025000
vt 0.450000 0.025000
vt 0.462500 0.025000
vt 0.475000 0.025000
vt 0.487500 0.025000
vt 0.500000 0.025000
vt 0.512500 0.025000
vt 0.525000 0.025000
vt 0.537500 0.025000
vt 0.550000 0.025000
vt 0.562500 0.025000
vt 0.575000 0.025000
vt 0.587500 0.025000
vt 0.600000 0.025000
vt 0.612500 0.025000
vt 0.625000 0.025000
vt 0.637500 0.025000
vt 0.650000 0.025000
vt 0.662500 0.025000
vt 0.675000 0.025000
vt 0.687500 0.025000
vt 0.700000 0.025000
vt 0.712500 0.025000
vt 0.725000 0.025000
vt 0.737500 0.025000
vt 0.750000 0.025000
vt 0.762500 0.025000
vt 0.775000 0.025000
vt 0.787500 0.025000
vt 0.800000 0.025000
vt 0.812500 0.025000
vt 0.825000 0.025000
vt 0.837500 0.025000
vt 0.850000 0.025000
vt 0.862500 0.025000
vt 0.875000 0.025000
vt 0.887500 0.025000
vt 0.900000 0.025000
vt 0.912500 0.025000
vt 0.925000 0.025000
vt 0.937500 0.025000
vt 0.950000 0.025000
vt 0.962500 0.025000
vt 0.975000 0.025000
vt 0.987500 0.025000
vt 1.000000 0.025000
vt 0.000000 0.000000
vt 0.012500 0.000000
vt 0.025000 0.000000
vt 0.037500 0.000000
vt 0.050000 0.000000
vt 0.062500 0.000000
vt 0.075000 0.000000
vt 0.087500 0.000000
vt 0.100000 0.000000
vt 0.112500 0.000000
vt 0.125000 0.000000
vt 0.137500 0.000000
vt 0.150000 0.000000
vt 0.162500 0.000000
vt 0.175000 0.000000
vt 0.187500 0.000000
vt 0.200000 0.000000
vt 0.212500 0.000000
vt 0.225000 0.000000
vt 0.237500 0.000000
vt 0.250000 0.000000
vt 0.262500 0.000000
vt 0.275000 0.000000
vt 0.287500 0.000000
vt 0.300000 0.000000
vt 0.312500 0.000000
vt 0.325000 0.000000
vt 0.337500 0.000000
vt 0.350000 0.000000
vt 0.362500 0.000000
vt 0.375000 0.000000
vt 0.387500 0.000000
vt 0.400000 0.000000
vt 0.412500 0.000000
vt 0.425000 0.000000
vt 0.437500 0.000000
vt 0.450000 0.000000
vt 0.462500 0.000000
vt 0.475000 0.000000
vt 0.487500 0.000000
vt 0.500000 0.000000
vt 0.512500 0.000000
vt 0.525000 0.000000
vt 0.537500 0.000000
vt 0.550000 0.000000
vt 0.562500 0.000000
vt 0.575000 0.000000
vt 0.587500 0.000000
vt 0.600000 0.000000
vt 0.612500 0.000000
vt 0.625000 0.000000
vt 0.637500 0.000000
vt 0.650000 0.000000
vt 0.662500 0.000000
vt 0.675000 0.000000
vt 0.687500 0.000000
vt 0.700000 0.000000
vt 0.712500 0.000000
vt 0.725000 0.000000
vt 0.737500 0.000000
vt 0.750000 0.000000
vt 0.762500 0.000000
vt 0.775000 0.000000
vt 0.787500 0.000000
vt 0.800000 0.000000
vt 0.812500 0.000000
vt 0.825000 0.000000
vt 0.837500 0.000000
vt 0.850000 0.000000
vt 0.862500 0.000000
vt 0.875000 0.000000
vt 0.887500 0.000000
vt 0.900000 0.000000
vt 0.912500 0.000000
vt 0.925000 0.000000
vt 0.937500 0.000000
vt 0.950000 0.000000
vt 0.962500 0.000000
vt 0.975000 0.000000
vt 0.987500 0.000000
vt 1.000000 0.000000

vn 0.000000 1.000000 0.000000
vn 0.000000 1.000000 0.000000
vn 0.000000 1.000000 0.000000
vn 0.000000 1.000000 0.000000
vn 0.000000 1.000000 0.000000
vn 0.000000 1.000000 0.000000
vn 0.000000 1.000000 0.000000
vn 0.000000 1.000000 0.000000
vn 0.000000 1.000000 0.000000
vn 0.000000 1.000000 0.000000
vn 0.000000 1.000000 0.000000
vn 0.000000 1.000000 0.000000
vn 0.000000 1.000000 0.000000
vn 0.000000 1.000000 0.000000
vn 0.000000 1.000000 0.000000
vn 0.000000 1.000000 0.000000
vn 0.000000 1.000000 0.000000
vn 0.000000 1.000000 0.000000
vn 0.000000 1.000000 0.000000
vn 0.000000 1.000000 0.000000
vn 0.000000 1.000000 0.000000
vn -0.000000 1.000000 0.000000
vn -0.000000 1.000000 0.000000
vn -0.000000 1.000000 0.000000
vn -0.000000 1.000000 0.000000
vn -0.000000 1.000000 0.000000
vn -0.000000 1.000000 0.000000
vn -0.000000 1.000000 0.000000
vn -0.000000 1.000000 0.000000
vn -0.000000 1.000000 0.000000
vn -0.000000 1.000000 0.000000
vn -0.000000 1.000000 0.000000
vn -0.000000 1.000000 0.000000
vn -0.000000 1.000000 0.000000
vn -0.000000 1.000000 0.000000
vn -0.000000 1.000000 0.000000
vn -0.000000 1.000000 0.000000
vn -0.000000 1.000000 0.000000
vn -0.000000 1.000000 0.000000
vn -0.000000 1.000000 0.000000
vn -0.000000 1.000000 0.000000
vn -0.000000 1.000000 -0.000000
vn -0.000000 1.000000 -0.000000
vn -0.000000 1.000000 -0.000000
vn -0.000000 1.000000 -0.000000
vn -0.000000 1.000000 -0.000000
vn -0.000000 1.000000 -0.000000
vn -0.000000 1.000000 -0.000000
vn -0.000000 1.000000 -0.000000
vn -0.000000 1.000000 -0.000000
vn -0.000000 1.000000 -0.000000
vn -0.000000 1.000000 -0.000000
vn -0.000000 1.000000 -0.000000
vn -0.000000 1.000000 -0.000000
vn -0.000000 1.000000 -0.000000
vn -0.000000 1.000000 -0.000000
vn -0.000000 1.000000 -0.000000
vn -0.000000 1.000000 -0.000000
vn -0.000000 1.000000 -0.000000
vn -0.000000 1.000000 -0.000000
vn -0.000000 1.000000 -0.000000
vn 0.000000 1.000000 -0.000000
vn 0.000000 1.000000 -0.000000
vn 0.000000 1.000000 -0.000000
vn 0.000000 1.000000 -0.000000
vn 0.000000 1.000000 -0.000000
vn 0.000000 1.000000 -0.000000
vn 0.000000 1.000000 -0.000000
vn 0.000000 1.000000 -0.000000
vn 0.000000 1.000000 -0.000000
vn 0.000000 1.000000 -0.000000
vn 0.000000 1.000000 -0.000000
vn 0.000000 1.000000 -0.000000
vn 0.000000 1.000000 -0.000000
vn 0.000000 1.000000 -0.000000
vn 0.000000 1.000000 -0.000000
vn 0.000000 1.000000 -0.000000
vn 0.000000 1.000000 -0.000000
vn 0.000000 1.000000 -0.000000
vn 0.000000 1.000000 -0.000000
vn 0.000000 1.000000 -0.000000
vn 0.078459 0.996917 0.000000
vn 0.078217 0.996917 0.006156
vn 0.077493 0.996917 0.012274
vn 0.076291 0.996917 0.018316
vn 0.074619 0.996917 0.024245
vn 0.072487 0.996917 0.030025
vn 0.069908 0.996917 0.035620
vn 0.066897 0.996917 0.040995
vn 0.063475 0.996917 0.046117
vn 0.059661 0.996917 0.050955
vn 0.055479 0.996917 0.055479
vn 0.050955 0.996917 0.059661
vn 0.046117 0.996917 0.063475
vn 0.040995 0.996917 0.066897
vn 0.035620 0.996917 0.069908
vn 0.030025 0.996917 0.072487
vn 0.024245 0.996917 0.074619
vn 0.018316 0.996917 0.076291
vn 0.012274 0.996917 0.077493
vn 0.006156 0.996917 0.078217
vn 0.000000 0.996917 0.078459
vn -0.006156 0.996917 0.078217
vn -0.012274 0.996917 0.077493
vn -0.018316 0.996917 0.076291
vn -0.024245 0.996917 0.074619
vn -0.030025 0.996917 0.072487
vn -0.035620 0.996917 0.069908
vn -0.040995 0.996917 0.066897
vn -0.046117 0.996917 0.063475
vn -0.050955 0.996917 0.059661
vn -0.055479 0.996917 0.055479
vn -0.059661 0.996917 0.050955
vn -0.063475 0.996917 0.046117
vn -0.066897 0.996917 0.040995
vn -0.069908 0.996917 0.035620
vn -0.072487 0.996917 0.030025
vn -0.074619 0.996917 0.024245
vn -0.076291 0.996917 0.018316
vn -0.077493 0.996917 0.012274
vn -0.078217 0.996917 0.006156
vn -0.078459 0.996917 0.000000
vn -0.078217 0.996917 -0.006156
vn -0.077493 0.996917 -0.012274
vn -0.076291 0.996917 -0.018316
vn -0.074619 0.996917 -0.024245
vn -0.072487 0.996917 -0.030025
vn -0.069908 0.996917 -0.035620
vn -0.066897 0.996917 -0.040995
vn -0.063475 0.996917 -0.046117
vn -0.059661 0.996917 -0.050955
vn -0.055479 0.996917 -0.055479
vn -0.050955 0.996917 -0.059661
vn -0.046117 0.996917 -0.063475
vn -0.040995 0.996917 -0.066897
vn -0.035620 0.996917 -0.069908
vn -0.030025 0.996917 -0.072487
vn -0.024245 0.996917 -0.074619
vn -0.018316 0.996917 -0.076291
vn -0.012274 0.996917 -0.077493
vn -0.006156 0.996917 -0.078217
vn -0.000000 0.996917 -0.078459
vn 0.006156 0.996917 -0.078217
vn 0.012274 0.996917 -0.077493
vn 0.018316 0.996917 -0.076291
vn 0.024245 0.996917 -0.074619
vn 0.030025 0.996917 -0.072487
vn 0.035620 0.996917 -0.069908
vn 0.040995 0.996917 -0.066897
vn 0.046117 0.996917 -0.063475
vn 0.050955 0.996917 -0.059661
vn 0.055479 0.996917 -0.055479
vn 0.059661 0.996917 -0.050955
vn 0.063475 0.996917 -0.046117
vn 0.066897 0.996917 -0.040995
vn 0.069908 0.996917 -0.035620
vn 0.072487 0.996917 -0.030025
vn 0.074619 0.996917 -0.024245
vn 0.076291 0.996917 -0.018316
vn 0.077493 0.996917 -0.012274
vn 0.078217 0.996917 -0.006156
vn 0.078459 0.996917 -0.000000
vn 0.156434 0.987688 0.000000
vn 0.155952 0.987688 0.012274
vn 0.154508 0.987688 0.024472
vn 0.152112 0.987688 0.036519
vn 0.148778 0.987688 0.048341
vn 0.144527 0.987688 0.059865
vn 0.139384 0.987688 0.071020
vn 0.133382 0.987688 0.081737
vn 0.126558 0.987688 0.091950
vn 0.118954 0.987688 0.101596
vn 0.110616 0.987688 0.110616
vn 0.101596 0.987688 0.118954
vn 0.091950 0.987688 0.126558
vn 0.081737 0.987688 0.133382
vn 0.071020 0.987688 0.139384
vn 0.059865 0.987688 0.144527
vn 0.048341 0.987688 0.148778
vn 0.036519 0.987688 0.152112
vn 0.024472 0.987688 0.154508
vn 0.012274 0.987688 0.155952
vn 0.000000 0.987688 0.156434
vn -0.012274 0.987688 0.155952
vn -0.024472 0.987688 0.154508
vn -0.036519 0.987688 0.152112
vn -0.048341 0.987688 0.148778
vn -0.059865 0.987688 0.144527
vn -0.071020 0.987688 0.139384
vn -0.081737 0.987688 0.133382
vn -0.091950 0.987688 0.126558
vn -0.101596 0.987688 0.118954
vn -0.110616 0.987688 0.110616
vn -0.118954 0.987688 0.101596
vn -0.126558 0.987688 0.091950
vn -0.133382 0.987688 0.081737
vn -0.139384 0.987688 0.071020
vn -0.144527 0.987688 0.059865
vn -0.148778 0.987688 0.048341
vn -0.152112 0.987688 0.036519
vn -0.154508 0.987688 0.024472
vn -0.155952 0.987688 0.012274
vn -0.156434 0.987688 0.000000
vn -0.155952 0.987688 -0.012274
vn -0.154508 0.987688 -0.024472
vn -0.152112 0.987688 -0.036519
vn -0.148778 0.987688 -0.048341
vn -0.144527 0.987688 -0.059865
vn -0.139384 0.987688 -0.071020
vn -0.133382 0.987688 -0.081737
vn -0.126558 0.987688 -0.091950
vn -0.118954 0.987688 -0.101596
vn -0.110616 0.987688 -0.110616
vn -0.101596 0.987688 -0.118954
vn -0.091950 0.987688 -0.126558
vn -0.081737 0.987688 -0.133382
vn -0.071020 0.987688 -0.139384
vn -0.059865 0.987688 -0.144527
vn -0.048341 0.987688 -0.148778
vn -0.036519 0.987688 -0.152112
vn -0.024472 0.987688 -0.154508
vn -0.012274 0.987688 -0.155952
vn -0.000000 0.987688 -0.156434
vn 0.012274 0.987688 -0.155952
vn 0.024472 0.987688 -0.154508
vn 0.036519 0.987688 -0.152112
vn 0.048341 0.987688 -0.148778
vn 0.059865 0.987688 -0.144527
vn 0.071020 0.987688 -0.139384
vn 0.081737 0.987688 -0.133382
vn 0.091950 0.987688 -0.126558
vn 0.101596 0.987688 -0.118954
vn 0.110616 0.987688 -0.110616
vn 0.118954 0.987688 -0.101596
vn 0.126558 0.987688 -0.091950
vn 0.133382 0.987688 -0.081737
vn 0.139384 0.987688 -0.071020
vn 0.144527 0.987688 -0.059865
vn 0.148778 0.987688 -0.048341
vn 0.152112 0.987688 -0.036519
vn 0.154508 0.987688 -0.024472
vn 0.155952 0.987688 -0.012274
vn 0.156434 0.987688 -0.000000
vn 0.233445 0.972370 0.000000
vn 0.232726 0.972370 0.018316
vn 0.230571 0.972370 0.036519
vn 0.226995 0.972370 0.054497
vn 0.222020 0.972370 0.072139
vn 0.215675 0.972370 0.089336
vn 0.208001 0.972370 0.105982
vn 0.199045 0.972370 0.121975
vn 0.188861 0.972370 0.137216
vn 0.177513 0.972370 0.151611
vn 0.165071 0.972370 0.165071
vn 0.151611 0.972370 0.177513
vn 0.137216 0.972370 0.188861
vn 0.121975 0.972370 0.199045
vn 0.105982 0.972370 0.208001
vn 0.089336 0.972370 0.215675
vn 0.072139 0.972370 0.222020
vn 0.054497 0.972370 0.226995
vn 0.036519 0.972370 0.230571
vn 0.018316 0.972370 0.232726
vn 0.000000 0.972370 0.233445
vn -0.018316 0.972370 0.232726
vn -0.036519 0.972370 0.230571
vn -0.054497 0.972370 0.226995
vn -0.072139 0.972370 0.222020
vn -0.089336 0.972370 0.215675
vn -0.105982 0.972370 0.208001
vn -0.121975 0.972370 0.199045
vn -0.137216 0.972370 0.188861
vn -0.151611 0.972370 0.177513
vn -0.165071 0.972370 0.165071
vn -0.177513 0.972370 0.151611
vn -0.188861 0.972370 0.137216
vn -0.199045 0.972370 0.121975
vn -0.208001 0.972370 0.105982
vn -0.215675 0.972370 0.089336
vn -0.222020 0.972370 0.072139
vn -0.226995 0.972370 0.054497
vn -0.230571 0.972370 0.036519
vn -0.232726 0.972370 0.018316
vn -0.233445 0.972370 0.000000
vn -0.232726 0.972370 -0.018316
vn -0.230571 0.972370 -0.036519
vn -0.226995 0.972370 -0.054497
vn -0.222020 0.972370 -0.072139
vn -0.215675 0.972370 -0.089336
vn -0.208001 0.972370 -0.105982
vn -0.199045 0.972370 -0.121975
vn -0.188861 0.972370 -0.137216
vn -0.177513 0.972370 -0.151611
vn -0.165071 0.972370 -0.165071
vn -0.151611 0.972370 -0.177513
vn -0.137216 0.972370 -0.188861
vn -0.121975 0.972370 -0.199045
vn -0.105982 0.972370 -0.208001
vn -0.089336 0.972370 -0.215675
vn -0.072139 0.972370 -0.222020
vn -0.054497 0.972370 -0.226995
vn -0.036519 0.972370 -0.230571
vn -0.018316 0.972370 -0.232726
vn -0.000000 0.972370 -0.233445
vn 0.018316 0.972370 -0.232726
vn 0.036519 0.972370 -0.230571
vn 0.054497 0.972370 -0.226995
vn 0.072139 0.972370 -0.222020
vn 0.089336 0.972370 -0.215675
vn 0.105982 0.972370 -0.208001
vn 0.121975 0.972370 -0.199045
vn 0.137216 0.972370 -0.188861
vn 0.151611 0.972370 -0.177513
vn 0.165071 0.972370 -0.165071
vn 0.177513 0.972370 -0.151611
vn 0.188861 0.972370 -0.137216
vn 0.199045 0.972370 -0.121975
vn 0.208001 0.972370 -0.105982
vn 0.215675 0.972370 -0.089336
vn 0.222020 0.972370 -0.072139
vn 0.226995 0.972370 -0.054497
vn 0.230571 0.972370 -0.036519
vn 0.232726 0.972370 -0.018316
vn 0.233445 0.972370 -0.000000
vn 0.309017 0.951057 0.000000
vn 0.308064 0.951057 0.024245
vn 0.305212 0.951057 0.048341
vn 0.300479 0.951057 0.072139
vn 0.293893 0.951057 0.095492
vn 0.285494 0.951057 0.118256
vn 0.275336 0.951057 0.140291
vn 0.263480 0.951057 0.161461
vn 0.250000 0.951057 0.181636
vn 0.234978 0.951057 0.200690
vn 0.218508 0.951057 0.218508
vn 0.200690 0.951057 0.234978
vn 0.181636 0.951057 0.250000
vn 0.161461 0.951057 0.263480
vn 0.140291 0.951057 0.275336
vn 0.118256 0.951057 0.285494
vn 0.095492 0.951057 0.293893
vn 0.072139 0.951057 0.300479
vn 0.048341 0.951057 0.305212
vn 0.024245 0.951057 0.308064
vn 0.000000 0.951057 0.309017
vn -0.024245 0.951057 0.308064
vn -0.048341 0.951057 0.305212
vn -0.072139 0.951057 0.300479
vn -0.095492 0.951057 0.293893
vn -0.118256 0.951057 0.285494
vn -0.140291 0.951057 0.275336
vn -0.161461 0.951057 0.263480
vn -0.181636 0.951057 0.250000
vn -0.200690 0.951057 0.234978
vn -0.218508 0.951057 0.218508
vn -0.234978 0.951057 0.200690
vn -0.250000 0.951057 0.181636
vn -0.263480 0.951057 0.161461
vn -0.275336 0.951057 0.140291
vn -0.285494 0.951057 0.118256
vn -0.293893 0.951057 0.095492
vn -0.300479 0.951057 0.072139
vn -0.305212 0.951057 0.048341
vn -0.308064 0.951057 0.024245
vn -0.309017 0.951057 0.000000
vn -0.308064 0.951057 -0.024245
vn -0.305212 0.951057 -0.048341
vn -0.300479 0.951057 -0.072139
vn -0.293893 0.951057 -0.095492
vn -0.285494 0.951057 -0.118256
vn -0.275336 0.951057 -0.140291
vn -0.263480 0.951057 -0.161461
vn -0.250000 0.951057 -0.181636
vn -0.234978 0.951057 -0.200690
vn -0.218508 0.951057 -0.218508
vn -0.200690 0.951057 -0.234978
vn -0.181636 0.951057 -0.250000
vn -0.161461 0.951057 -0.263480
vn -0.140291 0.951057 -0.275336
vn -0.118256 0.951057 -0.285494
vn -0.095492 0.951057 -0.293893
vn -0.072139 0.951057 -0.300479
vn -0.048341 0.951057 -0.305212
vn -0.024245 0.951057 -0.308064
vn -0.000000 0.951057 -0.309017
vn 0.024245 0.951057 -0.308064
vn 0.048341 0.951057 -0.305212
vn 0.072139 0.951057 -0.300479
vn 0.095492 0.951057 -0.293893
vn 0.118256 0.951057 -0.285494
vn 0.140291 0.951057 -0.275336
vn 0.161461 0.951057 -0.263480
vn 0.181636 0.951057 -0.250000
vn 0.200690 0.951057 -0.234978
vn 0.218508 0.951057 -0.218508
vn 0.234978 0.951057 -0.200690
vn 0.250000 0.951057 -0.181636
vn 0.263480 0.951057 -0.161461
vn 0.275336 0.951057 -0.140291
vn 0.285494 0.951057 -0.118256
vn 0.293893 0.951057 -0.095492
vn 0.300479 0.951057 -0.072139
vn 0.305212 0.951057 -0.048341
vn 0.308064 0.951057 -0.024245
vn 0.309017 0.951057 -0.000000
vn 0.382683 0.923880 0.000000
vn 0.381504 0.923880 0.030025
vn 0.377972 0.923880 0.059865
vn 0.372110 0.923880 0.089336
vn 0.363954 0.923880 0.118256
vn 0.353553 0.923880 0.146447
vn 0.340973 0.923880 0.173735
vn 0.326291 0.923880 0.199952
vn 0.309597 0.923880 0.224936
vn 0.290995 0.923880 0.248533
vn 0.270598 0.923880 0.270598
vn 0.248533 0.923880 0.290995
vn 0.224936 0.923880 0.309597
vn 0.199952 0.923880 0.326291
vn 0.173735 0.923880 0.340973
vn 0.146447 0.923880 0.353553
vn 0.118256 0.923880 0.363954
vn 0.089336 0.923880 0.372110
vn 0.059865 0.923880 0.377972
vn 0.030025 0.923880 0.381504
vn 0.000000 0.923880 0.382683
vn -0.030025 0.923880 0.381504
vn -0.059865 0.923880 0.377972
vn -0.089336 0.923880 0.372110
vn -0.118256 0.923880 0.363954
vn -0.146447 0.923880 0.353553
vn -0.173735 0.923880 0.340973
vn -0.199952 0.923880 0.326291
vn -0.224936 0.923880 0.309597
vn -0.248533 0.923880 0.290995
vn -0.270598 0.923880 0.270598
vn -0.290995 0.923880 0.248533
vn -0.309597 0.923880 0.224936
vn -0.326291 0.923880 0.199952
vn -0.340973 0.923880 0.173735
vn -0.353553 0.923880 0.146447
vn -0.363954 0.923880 0.118256
vn -0.372110 0.923880 0.089336
vn -0.377972 0.923880 0.059865
vn -0.381504 0.923880 0.030025
vn -0.382683 0.923880 0.000000
vn -0.381504 0.923880 -0.030025
vn -0.377972 0.923880 -0.059865
vn -0.372110 0.923880 -0.089336
vn -0.363954 0.923880 -0.118256
vn -0.353553 0.923880 -0.146447
vn -0.340973 0.923880 -0.173735
vn -0.326291 0.923880 -0.199952
vn -0.309597 0.923880 -0.224936
vn -0.290995 0.923880 -0.248533
vn -0.270598 0.923880 -0.270598
vn -0.248533 0.923880 -0.290995
vn -0.224936 0.923880 -0.309597
vn -0.199952 0.923880 -0.326291
vn -0.173735 0.923880 -0.340973
vn -0.146447 0.923880 -0.353553
vn -0.118256 0.923880 -0.363954
vn -0.089336 0.923880 -0.372110
vn -0.059865 0.923880 -0.377972
vn -0.030025 0.923880 -0.381504
vn -0.000000 0.923880 -0.382683
vn 0.030025 0.923880 -0.381504
vn 0.059865 0.923880 -0.377972
vn 0.089336 0.923880 -0.372110
vn 0.118256 0.923880 -0.363954
vn 0.146447 0.923880 -0.353553
vn 0.173735 0.923880 -0.340973
vn 0.199952 0.923880 -0.326291
vn 0.224936 0.923880 -0.309597
vn 0.248533 0.923880 -0.290995
vn 0.270598 0.923880 -0.270598
vn 0.290995 0.923880 -0.248533
vn 0.309597 0.923880 -0.224936
vn 0.326291 0.923880 -0.199952
vn 0.340973 0.923880 -0.173735
vn 0.353553 0.923880 -0.146447
vn 0.363954 0.923880 -0.118256
vn 0.372110 0.923880 -0.089336
vn 0.377972 0.923880 -0.059865
vn 0.381504 0.923880 -0.030025
vn 0.382683 0.923880 -0.000000
vn 0.453990 0.891007 0.000000
vn 0.452591 0.891007 0.035620
vn 0.448401 0.891007 0.071020
vn 0.441447 0.891007 0.105982
vn 0.431771 0.891007 0.140291
vn 0.419433 0.891007 0.173735
vn 0.404508 0.891007 0.206107
vn 0.387091 0.891007 0.237209
vn 0.367286 0.891007 0.266849
vn 0.345217 0.891007 0.294843
vn 0.321020 0.891007 0.321020
vn 0.294843 0.891007 0.345217
vn 0.266849 0.891007 0.367286
vn 0.237209 0.891007 0.387091
vn 0.206107 0.891007 0.404508
vn 0.173735 0.891007 0.419433
vn 0.140291 0.891007 0.431771
vn 0.105982 0.891007 0.441447
vn 0.071020 0.891007 0.448401
vn 0.035620 0.891007 0.452591
vn 0.000000 0.891007 0.453990
vn -0.035620 0.891007 0.452591
vn -0.071020 0.891007 0.448401
vn -0.105982 0.891007 0.441447
vn -0.140291 0.891007 0.431771
vn -0.173735 0.891007 0.419433
vn -0.206107 0.891007 0.404508
vn -0.237209 0.891007 0.387091
vn -0.266849 0.891007 0.367286
vn -0.294843 0.891007 0.345217
vn -0.321020 0.891007 0.321020
vn -0.345217 0.891007 0.294843
vn -0.367286 0.891007 0.266849
vn -0.387091 0.891007 0.237209
vn -0.404508 0.891007 0.206107
vn -0.419433 0.891007 0.173735
vn -0.431771 0.891007 0.140291
vn -0.441447 0.891007 0.105982
vn -0.448401 0.891007 0.071020
vn -0.452591 0.891007 0.035620
vn -0.453990 0.891007 0.000000
vn -0.452591 0.891007 -0.035620
vn -0.448401 0.891007 -0.071020
vn -0.441447 0.891007 -0.105982
vn -0.431771 0.891007 -0.140291
vn -0.419433 0.891007 -0.173735
vn -0.404508 0.891007 -0.206107
vn -0.387091 0.891007 -0.237209
vn -0.367286 0.891007 -0.266849
vn -0.345217 0.891007 -0.294843
vn -0.321020 0.891007 -0.321020
vn -0.294843 0.891007 -0.345217
vn -0.266849 0.891007 -0.367286
vn -0.237209 0.891007 -0.387091
vn -0.206107 0.891007 -0.404508
vn -0.173735 0.891007 -0.419433
vn -0.140291 0.891007 -0.431771
vn -0.105982 0.891007 -0.441447
vn -0.071020 0.891007 -0.448401
vn -0.035620 0.891007 -0.452591
vn -0.000000 0.891007 -0.453990
vn 0.035620 0.891007 -0.452591
vn 0.071020 0.891007 -0.448401
vn 0.105982 0.891007 -0.441447
vn 0.140291 0.891007 -0.431771
vn 0.173735 0.891007 -0.419433
vn 0.206107 0.891007 -0.404508
vn 0.237209 0.891007 -0.387091
vn 0.266849 0.891007 -0.367286
vn 0.294843 0.891007 -0.345217
vn 0.321020 0.891007 -0.321020
vn 0.345217 0.891007 -0.294843
vn 0.367286 0.891007 -0.266849
vn 0.387091 0.891007 -0.237209
vn 0.404508 0.891007 -0.206107
vn 0.419433 0.891007 -0.173735
vn 0.431771 0.891007 -0.140291
vn 0.441447 0.891007 -0.105982
vn 0.448401 0.891007 -0.071020
vn 0.452591 0.891007 -0.035620
vn 0.453990 0.891007 -0.000000
vn 0.522499 0.852640 0.000000
vn 0.520888 0.852640 0.040995
vn 0.516066 0.852640 0.081737
vn 0.508062 0.852640 0.121975
vn 0.496926 0.852640 0.161461
vn 0.482726 0.852640 0.199952
vn 0.465550 0.852640 0.237209
vn 0.445503 0.852640 0.273005
vn 0.422710 0.852640 0.307117
vn 0.397311 0.852640 0.339336
vn 0.369462 0.852640 0.369462
vn 0.339336 0.852640 0.397311
vn 0.307117 0.852640 0.422710
vn 0.273005 0.852640 0.445503
vn 0.237209 0.852640 0.465550
vn 0.199952 0.852640 0.482726
vn 0.161461 0.852640 0.496926
vn 0.121975 0.852640 0.508062
vn 0.081737 0.852640 0.516066
vn 0.040995 0.852640 0.520888
vn 0.000000 0.852640 0.522499
vn -0.040995 0.852640 0.520888
vn -0.081737 0.852640 0.516066
vn -0.121975 0.852640 0.508062
vn -0.161461 0.852640 0.496926
vn -0.199952 0.852640 0.482726
vn -0.237209 0.852640 0.465550
vn -0.273005 0.852640 0.445503
vn -0.307117 0.852640 0.422710
vn -0.339336 0.852640 0.397311
vn -0.369462 0.852640 0.369462
vn -0.397311 0.852640 0.339336
vn -0.422710 0.852640 0.307117
vn -0.445503 0.852640 0.273005
vn -0.465550 0.852640 0.237209
vn -0.482726 0.852640 0.199952
vn -0.496926 0.852640 0.161461
vn -0.508062 0.852640 0.121975
vn -0.516066 0.852640 0.081737
vn -0.520888 0.852640 0.040995
vn -0.522499 0.852640 0.000000
vn -0.520888 0.852640 -0.040995
vn -0.516066 0.852640 -0.081737
vn -0.508062 0.852640 -0.121975
vn -0.496926 0.852640 -0.161461
vn -0.482726 0.852640 -0.199952
vn -0.465550 0.852640 -0.237209
vn -0.445503 0.852640 -0.273005
vn -0.422710 0.852640 -0.307117
vn -0.397311 0.852640 -0.339336
vn -0.369462 0.852640 -0.369462
vn -0.339336 0.852640 -0.397311
vn -0.307117 0.852640 -0.422710
vn -0.273005 0.852640 -0.445503
vn -0.237209 0.852640 -0.465550
vn -0.199952 0.852640 -0.482726
vn -0.161461 0.852640 -0.496926
vn -0.121975 0.852640 -0.508062
vn -0.081737 0.852640 -0.516066
vn -0.040995 0.852640 -0.520888
vn -0.000000 0.852640 -0.522499
vn 0.040995 0.852640 -0.520888
vn 0.081737 0.852640 -0.516066
vn 0.121975 0.852640 -0.508062
vn 0.161461 0.852640 -0.496926
vn 0.199952 0.852640 -0.482726
vn 0.237209 0.852640 -0.465550
vn 0.273005 0.852640 -0.445503
vn 0.307117 0.852640 -0.422710
vn 0.339336 0.852640 -0.397311
vn 0.369462 0.852640 -0.369462
vn 0.397311 0.852640 -0.339336
vn 0.422710 0.852640 -0.307117
vn 0.445503 0.852640 -0.273005
vn 0.465550 0.852640 -0.237209
vn 0.482726 0.852640 -0.199952
vn 0.496926 0.852640 -0.161461
vn 0.508062 0.852640 -0.121975
vn 0.516066 0.852640 -0.081737
vn 0.520888 0.852640 -0.040995
vn 0.522499 0.852640 -0.000000
vn 0.587785 0.809017 0.000000
vn 0.585973 0.809017 0.046117
vn 0.580549 0.809017 0.091950
vn 0.571545 0.809017 0.137216
vn 0.559017 0.809017 0.181636
vn 0.543043 0.809017 0.224936
vn 0.523720 0.809017 0.266849
vn 0.501169 0.809017 0.307117
vn 0.475528 0.809017 0.345492
vn 0.446955 0.809017 0.381736
vn 0.415627 0.809017 0.415627
vn 0.381736 0.809017 0.446955
vn 0.345492 0.809017 0.475528
vn 0.307117 0.809017 0.501169
vn 0.266849 0.809017 0.523720
vn 0.224936 0.809017 0.543043
vn 0.181636 0.809017 0.559017
vn 0.137216 0.809017 0.571545
vn 0.091950 0.809017 0.580549
vn 0.046117 0.809017 0.585973
vn 0.000000 0.809017 0.587785
vn -0.046117 0.809017 0.585973
vn -0.091950 0.809017 0.580549
vn -0.137216 0.809017 0.571545
vn -0.181636 0.809017 0.559017
vn -0.224936 0.809017 0.543043
vn -0.266849 0.809017 0.523720
vn -0.307117 0.809017 0.501169
vn -0.345492 0.809017 0.475528
vn -0.381736 0.809017 0.446955
vn -0.415627 0.809017 0.415627
vn -0.446955 0.809017 0.381736
vn -0.475528 0.809017 0.345492
vn -0.501169 0.809017 0.307117
vn -0.523720 0.809017 0.266849
vn -0.543043 0.809017 0.224936
vn -0.559017 0.809017 0.181636
vn -0.571545 0.809017 0.137216
vn -0.580549 0.809017 0.091950
vn -0.585973 0.809017 0.046117
vn -0.587785 0.809017 0.000000
vn -0.585973 0.809017 -0.046117
vn -0.580549 0.809017 -0.091950
vn -0.571545 0.809017 -0.137216
vn -0.559017 0.809017 -0.181636
vn -0.543043 0.809017 -0.224936
vn -0.523720 0.809017 -0.266849
vn -0.501169 0.809017 -0.307117
vn -0.475528 0.809017 -0.345492
vn -0.446955 0.809017 -0.381736
vn -0.415627 0.809017 -0.415627
vn -0.381736 0.809017 -0.446955
vn -0.345492 0.809017 -0.475528
vn -0.307117 0.809017 -0.501169
vn -0.266849 0.809017 -0.523720
vn -0.224936 0.809017 -0.543043
vn -0.181636 0.809017 -0.559017
vn -0.137216 0.809017 -0.571545
vn -0.091950 0.809017 -0.580549
vn -0.046117 0.809017 -0.585973
vn -0.000000 0.809017 -0.587785
vn 0.046117 0.809017 -0.585973
vn 0.091950 0.809017 -0.580549
vn 0.137216 0.809017 -0.571545
vn 0.181636 0.809017 -0.559017
vn 0.224936 0.809017 -0.543043
vn 0.266849 0.809017 -0.523720
vn 0.307117 0.809017 -0.501169
vn 0.345492 0.809017 -0.475528
vn 0.381736 0.809017 -0.446955
vn 0.415627 0.809017 -0.415627
vn 0.446955 0.809017 -0.381736
vn 0.475528 0.809017 -0.345492
vn 0.501169 0.809017 -0.307117
vn 0.523720 0.809017 -0.266849
vn 0.543043 0.809017 -0.224936
vn 0.559017 0.809017 -0.181636
vn 0.571545 0.809017 -0.137216
vn 0.580549 0.809017 -0.091950
vn 0.585973 0.809017 -0.046117
vn 0.587785 0.809017 -0.000000
vn 0.649448 0.760406 0.000000
vn 0.647446 0.760406 0.050955
vn 0.641452 0.760406 0.101596
vn 0.631504 0.760406 0.151611
vn 0.617662 0.760406 0.200690
vn 0.600012 0.760406 0.248533
vn 0.578662 0.760406 0.294843
vn 0.553745 0.760406 0.339336
vn 0.525415 0.760406 0.381736
vn 0.493844 0.760406 0.421783
vn 0.459229 0.760406 0.459229
vn 0.421783 0.760406 0.493844
vn 0.381736 0.760406 0.525415
vn 0.339336 0.760406 0.553745
vn 0.294843 0.760406 0.578662
vn 0.248533 0.760406 0.600012
vn 0.200690 0.760406 0.617662
vn 0.151611 0.760406 0.631504
vn 0.101596 0.760406 0.641452
vn 0.050955 0.760406 0.647446
vn 0.000000 0.760406 0.649448
vn -0.050955 0.760406 0.647446
vn -0.101596 0.760406 0.641452
vn -0.151611 0.760406 0.631504
vn -0.200690 0.760406 0.617662
vn -0.248533 0.760406 0.600012
vn -0.294843 0.760406 0.578662
vn -0.339336 0.760406 0.553745
vn -0.381736 0.760406 0.525415
vn -0.421783 0.760406 0.493844
vn -0.459229 0.760406 0.459229
vn -0.493844 0.760406 0.421783
vn -0.525415 0.760406 0.381736
vn -0.553745 0.760406 0.339336
vn -0.578662 0.760406 0.294843
vn -0.600012 0.760406 0.248533
vn -0.617662 0.760406 0.200690
vn -0.631504 0.760406 0.151611
vn -0.641452 0.760406 0.101596
vn -0.647446 0.760406 0.050955
vn -0.649448 0.760406 0.000000
vn -0.647446 0.760406 -0.050955
vn -0.641452 0.760406 -0.101596
vn -0.631504 0.760406 -0.151611
vn -0.617662 0.760406 -0.200690
vn -0.600012 0.760406 -0.248533
vn -0.578662 0.760406 -0.294843
vn -0.553745 0.760406 -0.339336
vn -0.525415 0.760406 -0.381736
vn -0.493844 0.760406 -0.421783
vn -0.459229 0.760406 -0.459229
vn -0.421783 0.760406 -0.493844
vn -0.381736 0.760406 -0.525415
vn -0.339336 0.760406 -0.553745
vn -0.294843 0.760406 -0.578662
vn -0.248533 0.760406 -0.600012
vn -0.200690 0.760406 -0.617662
vn -0.151611 0.760406 -0.631504
vn -0.101596 0.760406 -0.641452
vn -0.050955 0.760406 -0.647446
vn -0.000000 0.760406 -0.649448
vn 0.050955 0.760406 -0.647446
vn 0.101596 0.760406 -0.641452
vn 0.151611 0.760406 -0.631504
vn 0.200690 0.760406 -0.617662
vn 0.248533 0.760406 -0.600012
vn 0.294843 0.760406 -0.578662
vn 0.339336 0.760406 -0.553745
vn 0.381736 0.760406 -0.525415
vn 0.421783 0.760406 -0.493844
vn 0.459229 0.760406 -0.459229
vn 0.493844 0.760406 -0.421783
vn 0.525415 0.760406 -0.381736
vn 0.553745 0.760406 -0.339336
vn 0.578662 0.760406 -0.294843
vn 0.600012 0.760406 -0.248533
vn 0.617662 0.760406 -0.200690
vn 0.631504 0.760406 -0.151611
vn 0.641452 0.760406 -0.101596
vn 0.647446 0.760406 -0.050955
vn 0.649448 0.760406 -0.000000
vn 0.707107 0.707107 0.000000
vn 0.704927 0.707107 0.055479
vn 0.698401 0.707107 0.110616
vn 0.687569 0.707107 0.165071
vn 0.672499 0.707107 0.218508
vn 0.653281 0.707107 0.270598
vn 0.630037 0.707107 0.321020
vn 0.602908 0.707107 0.369462
vn 0.572061 0.707107 0.415627
vn 0.537688 0.707107 0.459229
vn 0.500000 0.707107 0.500000
vn 0.459229 0.707107 0.537688
vn 0.415627 0.707107 0.572061
vn 0.369462 0.707107 0.602908
vn 0.321020 0.707107 0.630037
vn 0.270598 0.707107 0.653281
vn 0.218508 0.707107 0.672499
vn 0.165071 0.707107 0.687569
vn 0.110616 0.707107 0.698401
vn 0.055479 0.707107 0.704927
vn 0.000000 0.707107 0.707107
vn -0.055479 0.707107 0.704927
vn -0.110616 0.707107 0.698401
vn -0.165071 0.707107 0.687569
vn -0.218508 0.707107 0.672499
vn -0.270598 0.707107 0.653281
vn -0.321020 0.707107 0.630037
vn -0.369462 0.707107 0.602908
vn -0.415627 0.707107 0.572061
vn -0.459229 0.707107 0.537688
vn -0.500000 0.707107 0.500000
vn -0.537688 0.707107 0.459229
vn -0.572061 0.707107 0.415627
vn -0.602908 0.707107 0.369462
vn -0.630037 0.707107 0.321020
vn -0.653281 0.707107 0.270598
vn -0.672499 0.707107 0.218508
vn -0.687569 0.707107 0.165071
vn -0.698401 0.707107 0.110616
vn -0.704927 0.707107 0.055479
vn -0.707107 0.707107 0.000000
vn -0.704927 0.707107 -0.055479
vn -0.698401 0.707107 -0.110616
vn -0.687569 0.707107 -0.165071
vn -0.672499 0.707107 -0.218508
vn -0.653281 0.707107 -0.270598
vn -0.630037 0.707107 -0.321020
vn -0.602908 0.707107 -0.369462
vn -0.572061 0.707107 -0.415627
vn -0.537688 0.707107 -0.459229
vn -0.500000 0.707107 -0.500000
vn -0.459229 0.707107 -0.537688
vn -0.415627 0.707107 -0.572061
vn -0.369462 0.707107 -0.602908
vn -0.321020 0.707107 -0.630037
vn -0.270598 0.707107 -0.653281
vn -0.218508 0.707107 -0.672499
vn -0.165071 0.707107 -0.687569
vn -0.110616 0.707107 -0.698401
vn -0.055479 0.707107 -0.704927
vn -0.000000 0.707107 -0.707107
vn 0.055479 0.707107 -0.704927
vn 0.110616 0.707107 -0.698401
vn 0.165071 0.707107 -0.687569
vn 0.218508 0.707107 -0.672499
vn 0.270598 0.707107 -0.653281
vn 0.321020 0.707107 -0.630037
vn 0.369462 0.707107 -0.602908
vn 0.415627 0.707107 -0.572061
vn 0.459229 0.707107 -0.537688
vn 0.500000 0.707107 -0.500000
vn 0.537688 0.707107 -0.459229
vn 0.572061 0.707107 -0.415627
vn 0.602908 0.707107 -0.369462
vn 0.630037 0.707107 -0.321020
vn 0.653281 0.707107 -0.270598
vn 0.672499 0.707107 -0.218508
vn 0.687569 0.707107 -0.165071
vn 0.698401 0.707107 -0.110616
vn 0.704927 0.707107 -0.055479
vn 0.707107 0.707107 -0.000000
vn 0.760406 0.649448 0.000000
vn 0.758062 0.649448 0.059661
vn 0.751044 0.649448 0.118954
vn 0.739396 0.649448 0.177513
vn 0.723189 0.649448 0.234978
vn 0.702524 0.649448 0.290995
vn 0.677527 0.649448 0.345217
vn 0.648353 0.649448 0.397311
vn 0.615181 0.649448 0.446955
vn 0.578217 0.649448 0.493844
vn 0.537688 0.649448 0.537688
vn 0.493844 0.649448 0.578217
vn 0.446955 0.649448 0.615181
vn 0.397311 0.649448 0.648353
vn 0.345217 0.649448 0.677527
vn 0.290995 0.649448 0.702524
vn 0.234978 0.649448 0.723189
vn 0.177513 0.649448 0.739396
vn 0.118954 0.649448 0.751044
vn 0.059661 0.649448 0.758062
vn 0.000000 0.649448 0.760406
vn -0.059661 0.649448 0.758062
vn -0.118954 0.649448 0.751044
vn -0.177513 0.649448 0.739396
vn -0.234978 0.649448 0.723189
vn -0.290995 0.649448 0.702524
vn -0.345217 0.649448 0.677527
vn -0.397311 0.649448 0.648353
vn -0.446955 0.649448 0.615181
vn -0.493844 0.649448 0.578217
vn -0.537688 0.649448 0.537688
vn -0.578217 0.649448 0.493844
vn -0.615181 0.649448 0.446955
vn -0.648353 0.649448 0.397311
vn -0.677527 0.649448 0.345217
vn -0.702524 0.649448 0.290995
vn -0.723189 0.649448 0.234978
vn -0.739396 0.649448 0.177513
vn -0.751044 0.649448 0.118954
vn -0.758062 0.649448 0.059661
vn -0.760406 0.649448 0.000000
vn -0.758062 0.649448 -0.059661
vn -0.751044 0.649448 -0.118954
vn -0.739396 0.649448 -0.177513
vn -0.723189 0.649448 -0.234978
vn -0.702524 0.649448 -0.290995
vn -0.677527 0.649448 -0.345217
vn -0.648353 0.649448 -0.397311
vn -0.615181 0.649448 -0.446955
vn -0.578217 0.649448 -0.493844
vn -0.537688 0.649448 -0.537688
vn -0.493844 0.649448 -0.578217
vn -0.446955 0.649448 -0.615181
vn -0.397311 0.649448 -0.648353
vn -0.345217 0.649448 -0.677527
vn -0.290995 0.649448 -0.702524
vn -0.234978 0.649448 -0.723189
vn -0.177513 0.649448 -0.739396
vn -0.118954 0.649448 -0.751044
vn -0.059661 0.649448 -0.758062
vn -0.000000 0.649448 -0.760406
vn 0.059661 0.649448 -0.758062
vn 0.118954 0.649448 -0.751044
vn 0.177513 0.649448 -0.739396
vn 0.234978 0.649448 -0.723189
vn 0.290995 0.649448 -0.702524
vn 0.345217 0.649448 -0.677527
vn 0.397311 0.649448 -0.648353
vn 0.446955 0.649448 -0.615181
vn 0.493844 0.649448 -0.578217
vn 0.537688 0.649448 -0.537688
vn 0.578217 0.649448 -0.493844
vn 0.615181 0.649448 -0.446955
vn 0.648353 0.649448 -0.397311
vn 0.677527 0.649448 -0.345217
vn 0.702524 0.649448 -0.290995
vn 0.723189 0.649448 -0.234978
vn 0.739396 0.649448 -0.177513
vn 0.751044 0.649448 -0.118954
vn 0.758062 0.649448 -0.059661
vn 0.760406 0.649448 -0.000000
vn 0.809017 0.587785 0.000000
vn 0.806523 0.587785 0.063475
vn 0.799057 0.587785 0.126558
vn 0.786664 0.587785 0.188861
vn 0.769421 0.587785 0.250000
vn 0.747434 0.587785 0.309597
vn 0.720839 0.587785 0.367286
vn 0.689800 0.587785 0.422710
vn 0.654508 0.587785 0.475528
vn 0.615181 0.587785 0.525415
vn 0.572061 0.587785 0.572061
vn 0.525415 0.587785 0.615181
vn 0.475528 0.587785 0.654508
vn 0.422710 0.587785 0.689800
vn 0.367286 0.587785 0.720839
vn 0.309597 0.587785 0.747434
vn 0.250000 0.587785 0.769421
vn 0.188861 0.587785 0.786664
vn 0.126558 0.587785 0.799057
vn 0.063475 0.587785 0.806523
vn 0.000000 0.587785 0.809017
vn -0.063475 0.587785 0.806523
vn -0.126558 0.587785 0.799057
vn -0.188861 0.587785 0.786664
vn -0.250000 0.587785 0.769421
vn -0.309597 0.587785 0.747434
vn -0.367286 0.587785 0.720839
vn -0.422710 0.587785 0.689800
vn -0.475528 0.587785 0.654508
vn -0.525415 0.587785 0.615181
vn -0.572061 0.587785 0.572061
vn -0.615181 0.587785 0.525415
vn -0.654508 0.587785 0.475528
vn -0.689800 0.587785 0.422710
vn -0.720839 0.587785 0.367286
vn -0.747434 0.587785 0.309597
vn -0.769421 0.587785 0.250000
vn -0.786664 0.587785 0.188861
vn -0.799057 0.587785 0.126558
vn -0.806523 0.587785 0.063475
vn -0.809017 0.587785 0.000000
vn -0.806523 0.587785 -0.063475
vn -0.799057 0.587785 -0.126558
vn -0.786664 0.587785 -0.188861
vn -0.769421 0.587785 -0.250000
vn -0.747434 0.587785 -0.309597
vn -0.720839 0.587785 -0.367286
vn -0.689800 0.587785 -0.422710
vn -0.654508 0.587785 -0.475528
vn -0.615181 0.587785 -0.525415
vn -0.572061 0.587785 -0.572061
vn -0.525415 0.587785 -0.615181
vn -0.475528 0.587785 -0.654508
vn -0.422710 0.587785 -0.689800
vn -0.367286 0.587785 -0.720839
vn -0.309597 0.587785 -0.747434
vn -0.250000 0.587785 -0.769421
vn -0.188861 0.587785 -0.786664
vn -0.126558 0.587785 -0.799057
vn -0.063475 0.587785 -0.806523
vn -0.000000 0.587785 -0.809017
vn 0.063475 0.587785 -0.806523
vn 0.126558 0.587785 -0.799057
vn 0.188861 0.587785 -0.786664
vn 0.250000 0.587785 -0.769421
vn 0.309597 0.587785 -0.747434
vn 0.367286 0.587785 -0.720839
vn 0.422710 0.587785 -0.689800
vn 0.475528 0.587785 -0.654508
vn 0.525415 0.587785 -0.615181
vn 0.572061 0.587785 -0.572061
vn 0.615181 0.587785 -0.525415
vn 0.654508 0.587785 -0.475528
vn 0.689800 0.587785 -0.422710
vn 0.720839 0.587785 -0.367286
vn 0.747434 0.587785 -0.309597
vn 0.769421 0.587785 -0.250000
vn 0.786664 0.587785 -0.188861
vn 0.799057 0.587785 -0.126558
vn 0.806523 0.587785 -0.063475
vn 0.809017 0.587785 -0.000000
vn 0.852640 0.522499 0.000000
vn 0.850012 0.522499 0.066897
vn 0.842143 0.522499 0.133382
vn 0.829082 0.522499 0.199045
vn 0.810909 0.522499 0.263480
vn 0.787737 0.522499 0.326291
vn 0.759708 0.522499 0.387091
vn 0.726995 0.522499 0.445503
vn 0.689800 0.522499 0.501169
vn 0.648353 0.522499 0.553745
vn 0.602908 0.522499 0.602908
vn 0.553745 0.522499 0.648353
vn 0.501169 0.522499 0.689800
vn 0.445503 0.522499 0.726995
vn 0.387091 0.522499 0.759708
vn 0.326291 0.522499 0.787737
vn 0.263480 0.522499 0.810909
vn 0.199045 0.522499 0.829082
vn 0.133382 0.522499 0.842143
vn 0.066897 0.522499 0.850012
vn 0.000000 0.522499 0.852640
vn -0.066897 0.522499 0.850012
vn -0.133382 0.522499 0.842143
vn -0.199045 0.522499 0.829082
vn -0.263480 0.522499 0.810909
vn -0.326291 0.522499 0.787737
vn -0.387091 0.522499 0.759708
vn -0.445503 0.522499 0.726995
vn -0.501169 0.522499 0.689800
vn -0.553745 0.522499 0.648353
vn -0.602908 0.522499 0.602908
vn -0.648353 0.522499 0.553745
vn -0.689800 0.522499 0.501169
vn -0.726995 0.522499 0.445503
vn -0.759708 0.522499 0.387091
vn -0.787737 0.522499 0.326291
vn -0.810909 0.522499 0.263480
vn -0.829082 0.522499 0.199045
vn -0.842143 0.522499 0.133382
vn -0.850012 0.522499 0.066897
vn -0.852640 0.522499 0.000000
vn -0.850012 0.522499 -0.066897
vn -0.842143 0.522499 -0.133382
vn -0.829082 0.522499 -0.199045
vn -0.810909 0.522499 -0.263480
vn -0.787737 0.522499 -0.326291
vn -0.759708 0.522499 -0.387091
vn -0.726995 0.522499 -0.445503
vn -0.689800 0.522499 -0.501169
vn -0.648353 0.522499 -0.553745
vn -0.602908 0.522499 -0.602908
vn -0.553745 0.522499 -0.648353
vn -0.501169 0.522499 -0.689800
vn -0.445503 0.522499 -0.726995
vn -0.387091 0.522499 -0.759708
vn -0.326291 0.522499 -0.787737
vn -0.263480 0.522499 -0.810909
vn -0.199045 0.522499 -0.829082
vn -0.133382 0.522499 -0.842143
vn -0.066897 0.522499 -0.850012
vn -0.000000 0.522499 -0.852640
vn 0.066897 0.522499 -0.850012
vn 0.133382 0.522499 -0.842143
vn 0.199045 0.522499 -0.829082
vn 0.263480 0.522499 -0.810909
vn 0.326291 0.522499 -0.787737
vn 0.387091 0.522499 -0.759708
vn 0.445503 0.522499 -0.726995
vn 0.501169 0.522499 -0.689800
vn 0.553745 0.522499 -0.648353
vn 0.602908 0.522499 -0.602908
vn 0.648353 0.522499 -0.553745
vn 0.689800 0.522499 -0.501169
vn 0.726995 0.522499 -0.445503
vn 0.759708 0.522499 -0.387091
vn 0.787737 0.522499 -0.326291
vn 0.810909 0.522499 -0.263480
vn 0.829082 0.522499 -0.199045
vn 0.842143 0.522499 -0.133382
vn 0.850012 0.522499 -0.066897
vn 0.852640 0.522499 -0.000000
vn 0.891007 0.453990 0.000000
vn 0.888260 0.453990 0.069908
vn 0.880037 0.453990 0.139384
vn 0.866388 0.453990 0.208001
vn 0.847398 0.453990 0.275336
vn 0.823183 0.453990 0.340973
vn 0.793893 0.453990 0.404508
vn 0.759708 0.453990 0.465550
vn 0.720839 0.453990 0.523720
vn 0.677527 0.453990 0.578662
vn 0.630037 0.453990 0.630037
vn 0.578662 0.453990 0.677527
vn 0.523720 0.453990 0.720839
vn 0.465550 0.453990 0.759708
vn 0.404508 0.453990 0.793893
vn 0.340973 0.453990 0.823183
vn 0.275336 0.453990 0.847398
vn 0.208001 0.453990 0.866388
vn 0.139384 0.453990 0.880037
vn 0.069908 0.453990 0.888260
vn 0.000000 0.453990 0.891007
vn -0.069908 0.453990 0.888260
vn -0.139384 0.453990 0.880037
vn -0.208001 0.453990 0.866388
vn -0.275336 0.453990 0.847398
vn -0.340973 0.453990 0.823183
vn -0.404508 0.453990 0.793893
vn -0.465550 0.453990 0.759708
vn -0.523720 0.453990 0.720839
vn -0.578662 0.453990 0.677527
vn -0.630037 0.453990 0.630037
vn -0.677527 0.453990 0.578662
vn -0.720839 0.453990 0.523720
vn -0.759708 0.453990 0.465550
vn -0.793893 0.453990 0.404508
vn -0.823183 0.453990 0.340973
vn -0.847398 0.453990 0.275336
vn -0.866388 0.453990 0.208001
vn -0.880037 0.453990 0.139384
vn -0.888260 0.453990 0.069908
vn -0.891007 0.453990 0.000000
vn -0.888260 0.453990 -0.069908
vn -0.880037 0.453990 -0.139384
vn -0.866388 0.453990 -0.208001
vn -0.847398 0.453990 -0.275336
vn -0.823183 0.453990 -0.340973
vn -0.793893 0.453990 -0.404508
vn -0.759708 0.453990 -0.465550
vn -0.720839 0.453990 -0.523720
vn -0.677527 0.453990 -0.578662
vn -0.630037 0.453990 -0.630037
vn -0.578662 0.453990 -0.677527
vn -0.523720 0.453990 -0.720839
vn -0.465550 0.453990 -0.759708
vn -0.404508 0.453990 -0.793893
vn -0.340973 0.453990 -0.823183
vn -0.275336 0.453990 -0.847398
vn -0.208001 0.453990 -0.866388
vn -0.139384 0.453990 -0.880037
vn -0.069908 0.453990 -0.888260
vn -0.000000 0.453990 -0.891007
vn 0.069908 0.453990 -0.888260
vn 0.139384 0.453990 -0.880037
vn 0.208001 0.453990 -0.866388
vn 0.275336 0.453990 -0.847398
vn 0.340973 0.453990 -0.823183
vn 0.404508 0.453990 -0.793893
vn 0.465550 0.453990 -0.759708
vn 0.523720 0.453990 -0.720839
vn 0.578662 0.453990 -0.677527
vn 0.630037 0.453990 -0.630037
vn 0.677527 0.453990 -0.578662
vn 0.720839 0.453990 -0.523720
vn 0.759708 0.453990 -0.465550
vn 0.793893 0.453990 -0.404508
vn 0.823183 0.453990 -0.340973
vn 0.847398 0.453990 -0.275336
vn 0.866388 0.453990 -0.208001
vn 0.880037 0.453990 -0.139384
vn 0.888260 0.453990 -0.069908
vn 0.891007 0.453990 -0.000000
vn 0.923880 0.382683 0.000000
vn 0.921032 0.382683 0.072487
vn 0.912505 0.382683 0.144527
vn 0.898353 0.382683 0.215675
vn 0.878662 0.382683 0.285494
vn 0.853553 0.382683 0.353553
vn 0.823183 0.382683 0.419433
vn 0.787737 0.382683 0.482726
vn 0.747434 0.382683 0.543043
vn 0.702524 0.382683 0.600012
vn 0.653281 0.382683 0.653281
vn 0.600012 0.382683 0.702524
vn 0.543043 0.382683 0.747434
vn 0.482726 0.382683 0.787737
vn 0.419433 0.382683 0.823183
vn 0.353553 0.382683 0.853553
vn 0.285494 0.382683 0.878662
vn 0.215675 0.382683 0.898353
vn 0.144527 0.382683 0.912505
vn 0.072487 0.382683 0.921032
vn 0.000000 0.382683 0.923880
vn -0.072487 0.382683 0.921032
vn -0.144527 0.382683 0.912505
vn -0.215675 0.382683 0.898353
vn -0.285494 0.382683 0.878662
vn -0.353553 0.382683 0.853553
vn -0.419433 0.382683 0.823183
vn -0.482726 0.382683 0.787737
vn -0.543043 0.382683 0.747434
vn -0.600012 0.382683 0.702524
vn -0.653281 0.382683 0.653281
vn -0.702524 0.382683 0.600012
vn -0.747434 0.382683 0.543043
vn -0.787737 0.382683 0.482726
vn -0.823183 0.382683 0.419433
vn -0.853553 0.382683 0.353553
vn -0.878662 0.382683 0.285494
vn -0.898353 0.382683 0.215675
vn -0.912505 0.382683 0.144527
vn -0.921032 0.382683 0.072487
vn -0.923880 0.382683 0.000000
vn -0.921032 0.382683 -0.072487
vn -0.912505 0.382683 -0.144527
vn -0.898353 0.382683 -0.215675
vn -0.878662 0.382683 -0.285494
vn -0.853553 0.382683 -0.353553
vn -0.823183 0.382683 -0.419433
vn -0.787737 0.382683 -0.482726
vn -0.747434 0.382683 -0.543043
vn -0.702524 0.382683 -0.600012
vn -0.653281 0.382683 -0.653281
vn -0.600012 0.382683 -0.702524
vn -0.543043 0.382683 -0.747434
vn -0.482726 0.382683 -0.787737
vn -0.419433 0.382683 -0.823183
vn -0.353553 0.382683 -0.853553
vn -0.285494 0.382683 -0.878662
vn -0.215675 0.382683 -0.898353
vn -0.144527 0.382683 -0.912505
vn -0.072487 0.382683 -0.921032
vn -0.000000 0.382683 -0.923880
vn 0.072487 0.382683 -0.921032
vn 0.144527 0.382683 -0.912505
vn 0.215675 0.382683 -0.898353
vn 0.285494 0.382683 -0.878662
vn 0.353553 0.382683 -0.853553
vn 0.419433 0.382683 -0.823183
vn 0.482726 0.382683 -0.787737
vn 0.543043 0.382683 -0.747434
vn 0.600012 0.382683 -0.702524
vn 0.653281 0.382683 -0.653281
vn 0.702524 0.382683 -0.600012
vn 0.747434 0.382683 -0.543043
vn 0.787737 0.382683 -0.482726
vn 0.823183 0.382683 -0.419433
vn 0.853553 0.382683 -0.353553
vn 0.878662 0.382683 -0.285494
vn 0.898353 0.382683 -0.215675
vn 0.912505 0.382683 -0.144527
vn 0.921032 0.382683 -0.072487
vn 0.923880 0.382683 -0.000000
vn 0.951057 0.309017 0.000000
vn 0.948125 0.309017 0.074619
vn 0.939347 0.309017 0.148778
vn 0.924779 0.309017 0.222020
vn 0.904508 0.309017 0.293893
vn 0.878662 0.309017 0.363954
vn 0.847398 0.309017 0.431771
vn 0.810909 0.309017 0.496926
vn 0.769421 0.309017 0.559017
vn 0.723189 0.309017 0.617662
vn 0.672499 0.309017 0.672499
vn 0.617662 0.309017 0.723189
vn 0.559017 0.309017 0.769421
vn 0.496926 0.309017 0.810909
vn 0.431771 0.309017 0.847398
vn 0.363954 0.309017 0.878662
vn 0.293893 0.309017 0.904508
vn 0.222020 0.309017 0.924779
vn 0.148778 0.309017 0.939347
vn 0.074619 0.309017 0.948125
vn 0.000000 0.309017 0.951057
vn -0.074619 0.309017 0.948125
vn -0.148778 0.309017 0.939347
vn -0.222020 0.309017 0.924779
vn -0.293893 0.309017 0.904508
vn -0.363954 0.309017 0.878662
vn -0.431771 0.309017 0.847398
vn -0.496926 0.309017 0.810909
vn -0.559017 0.309017 0.769421
vn -0.617662 0.309017 0.723189
vn -0.672499 0.309017 0.672499
vn -0.723189 0.309017 0.617662
vn -0.769421 0.309017 0.559017
vn -0.810909 0.309017 0.496926
vn -0.847398 0.309017 0.431771
vn -0.878662 0.309017 0.363954
vn -0.904508 0.309017 0.293893
vn -0.924779 0.309017 0.222020
vn -0.939347 0.309017 0.148778
vn -0.948125 0.309017 0.074619
vn -0.951057 0.309017 0.000000
vn -0.948125 0.309017 -0.074619
vn -0.939347 0.309017 -0.148778
vn -0.924779 0.309017 -0.222020
vn -0.904508 0.309017 -0.293893
vn -0.878662 0.309017 -0.363954
vn -0.847398 0.309017 -0.431771
vn -0.810909 0.309017 -0.496926
vn -0.769421 0.309017 -0.559017
vn -0.723189 0.309017 -0.617662
vn -0.672499 0.309017 -0.672499
vn -0.617662 0.309017 -0.723189
vn -0.559017 0.309017 -0.769421
vn -0.496926 0.309017 -0.810909
vn -0.431771 0.309017 -0.847398
vn -0.363954 0.309017 -0.878662
vn -0.293893 0.309017 -0.904508
vn -0.222020 0.309017 -0.924779
vn -0.148778 0.309017 -0.939347
vn -0.074619 0.309017 -0.948125
vn -0.000000 0.309017 -0.951057
vn 0.074619 0.309017 -0.948125
vn 0.148778 0.309017 -0.939347
vn 0.222020 0.309017 -0.924779
vn 0.293893 0.309017 -0.904508
vn 0.363954 0.309017 -0.878662
vn 0.431771 0.309017 -0.847398
vn 0.496926 0.309017 -0.810909
vn 0.559017 0.309017 -0.769421
vn 0.617662 0.309017 -0.723189
vn 0.672499 0.309017 -0.672499
vn 0.723189 0.309017 -0.617662
vn 0.769421 0.309017 -0.559017
vn 0.810909 0.309017 -0.496926
vn 0.847398 0.309017 -0.431771
vn 0.878662 0.309017 -0.363954
vn 0.904508 0.309017 -0.293893
vn 0.924779 0.309017 -0.222020
vn 0.939347 0.309017 -0.148778
vn 0.948125 0.309017 -0.074619
vn 0.951057 0.309017 -0.000000
vn 0.972370 0.233445 0.000000
vn 0.969372 0.233445 0.076291
vn 0.960398 0.233445 0.152112
vn 0.945503 0.233445 0.226995
vn 0.924779 0.233445 0.300479
vn 0.898353 0.233445 0.372110
vn 0.866388 0.233445 0.441447
vn 0.829082 0.233445 0.508062
vn 0.786664 0.233445 0.571545
vn 0.739396 0.233445 0.631504
vn 0.687569 0.233445 0.687569
vn 0.631504 0.233445 0.739396
vn 0.571545 0.233445 0.786664
vn 0.508062 0.233445 0.829082
vn 0.441447 0.233445 0.866388
vn 0.372110 0.233445 0.898353
vn 0.300479 0.233445 0.924779
vn 0.226995 0.233445 0.945503
vn 0.152112 0.233445 0.960398
vn 0.076291 0.233445 0.969372
vn 0.000000 0.233445 0.972370
vn -0.076291 0.233445 0.969372
vn -0.152112 0.233445 0.960398
vn -0.226995 0.233445 0.945503
vn -0.300479 0.233445 0.924779
vn -0.372110 0.233445 0.898353
vn -0.441447 0.233445 0.866388
vn -0.508062 0.233445 0.829082
vn -0.571545 0.233445 0.786664
vn -0.631504 0.233445 0.739396
vn -0.687569 0.233445 0.687569
vn -0.739396 0.233445 0.631504
vn -0.786664 0.233445 0.571545
vn -0.829082 0.233445 0.508062
vn -0.866388 0.233445 0.441447
vn -0.898353 0.233445 0.372110
vn -0.924779 0.233445 0.300479
vn -0.945503 0.233445 0.226995
vn -0.960398 0.233445 0.152112
vn -0.969372 0.233445 0.076291
vn -0.972370 0.233445 0.000000
vn -0.969372 0.233445 -0.076291
vn -0.960398 0.233445 -0.152112
vn -0.945503 0.233445 -0.226995
vn -0.924779 0.233445 -0.300479
vn -0.898353 0.233445 -0.372110
vn -0.866388 0.233445 -0.441447
vn -0.829082 0.233445 -0.508062
vn -0.786664 0.233445 -0.571545
vn -0.739396 0.233445 -0.631504
vn -0.687569 0.233445 -0.687569
vn -0.631504 0.233445 -0.739396
vn -0.571545 0.233445 -0.786664
vn -0.508062 0.233445 -0.829082
vn -0.441447 0.233445 -0.866388
vn -0.372110 0.233445 -0.898353
vn -0.300479 0.233445 -0.924779
vn -0.226995 0.233445 -0.945503
vn -0.152112 0.233445 -0.960398
vn -0.076291 0.233445 -0.969372
vn -0.000000 0.233445 -0.972370
vn 0.076291 0.233445 -0.969372
vn 0.152112 0.233445 -0.960398
vn 0.226995 0.233445 -0.945503
vn 0.300479 0.233445 -0.924779
vn 0.372110 0.233445 -0.898353
vn 0.441447 0.233445 -0.866388
vn 0.508062 0.233445 -0.829082
vn 0.571545 0.233445 -0.786664
vn 0.631504 0.233445 -0.739396
vn 0.687569 0.233445 -0.687569
vn 0.739396 0.233445 -0.631504
vn 0.786664 0.233445 -0.571545
vn 0.829082 0.233445 -0.508062
vn 0.866388 0.233445 -0.441447
vn 0.898353 0.233445 -0.372110
vn 0.924779 0.233445 -0.300479
vn 0.945503 0.233445 -0.226995
vn 0.960398 0.233445 -0.152112
vn 0.969372 0.233445 -0.076291
vn 0.972370 0.233445 -0.000000
vn 0.987688 0.156434 0.000000
vn 0.984644 0.156434 0.077493
vn 0.975528 0.156434 0.154508
vn 0.960398 0.156434 0.230571
vn 0.939347 0.156434 0.305212
vn 0.912505 0.156434 0.377972
vn 0.880037 0.156434 0.448401
vn 0.842143 0.156434 0.516066
vn 0.799057 0.156434 0.580549
vn 0.751044 0.156434 0.641452
vn 0.698401 0.156434 0.698401
vn 0.641452 0.156434 0.751044
vn 0.580549 0.156434 0.799057
vn 0.516066 0.156434 0.842143
vn 0.448401 0.156434 0.880037
vn 0.377972 0.156434 0.912505
vn 0.305212 0.156434 0.939347
vn 0.230571 0.156434 0.960398
vn 0.154508 0.156434 0.975528
vn 0.077493 0.156434 0.984644
vn 0.000000 0.156434 0.987688
vn -0.077493 0.156434 0.984644
vn -0.154508 0.156434 0.975528
vn -0.230571 0.156434 0.960398
vn -0.305212 0.156434 0.939347
vn -0.377972 0.156434 0.912505
vn -0.448401 0.156434 0.880037
vn -0.516066 0.156434 0.842143
vn -0.580549 0.156434 0.799057
vn -0.641452 0.156434 0.751044
vn -0.698401 0.156434 0.698401
vn -0.751044 0.156434 0.641452
vn -0.799057 0.156434 0.580549
vn -0.842143 0.156434 0.516066
vn -0.880037 0.156434 0.448401
vn -0.912505 0.156434 0.377972
vn -0.939347 0.156434 0.305212
vn -0.960398 0.156434 0.230571
vn -0.975528 0.156434 0.154508
vn -0.984644 0.156434 0.077493
vn -0.987688 0.156434 0.000000
vn -0.984644 0.156434 -0.077493
vn -0.975528 0.156434 -0.154508
vn -0.960398 0.156434 -0.230571
vn -0.939347 0.156434 -0.305212
vn -0.912505 0.156434 -0.377972
vn -0.880037 0.156434 -0.448401
vn -0.842143 0.156434 -0.516066
vn -0.799057 0.156434 -0.580549
vn -0.751044 0.156434 -0.641452
vn -0.698401 0.156434 -0.698401
vn -0.641452 0.156434 -0.751044
vn -0.580549 0.156434 -0.799057
vn -0.516066 0.156434 -0.842143
vn -0.448401 0.156434 -0.880037
vn -0.377972 0.156434 -0.912505
vn -0.305212 0.156434 -0.939347
vn -0.230571 0.156434 -0.960398
vn -0.154508 0.156434 -0.975528
vn -0.077493 0.156434 -0.984644
vn -0.000000 0.156434 -0.987688
vn 0.077493 0.156434 -0.984644
vn 0.154508 0.156434 -0.975528
vn 0.230571 0.156434 -0.960398
vn 0.305212 0.156434 -0.939347
vn 0.377972 0.156434 -0.912505
vn 0.448401 0.156434 -0.880037
vn 0.516066 0.156434 -0.842143
vn 0.580549 0.156434 -0.799057
vn 0.641452 0.156434 -0.751044
vn 0.698401 0.156434 -0.698401
vn 0.751044 0.156434 -0.641452
vn 0.799057 0.156434 -0.580549
vn 0.842143 0.156434 -0.516066
vn 0.880037 0.156434 -0.448401
vn 0.912505 0.156434 -0.377972
vn 0.939347 0.156434 -0.305212
vn 0.960398 0.156434 -0.230571
vn 0.975528 0.156434 -0.154508
vn 0.984644 0.156434 -0.077493
vn 0.987688 0.156434 -0.000000
vn 0.996917 0.078459 0.000000
vn 0.993844 0.078459 0.078217
vn 0.984644 0.078459 0.155952
vn 0.969372 0.078459 0.232726
vn 0.948125 0.078459 0.308064
vn 0.921032 0.078459 0.381504
vn 0.888260 0.078459 0.452591
vn 0.850012 0.078459 0.520888
vn 0.806523 0.078459 0.585973
vn 0.758062 0.078459 0.647446
vn 0.704927 0.078459 0.704927
vn 0.647446 0.078459 0.758062
vn 0.585973 0.078459 0.806523
vn 0.520888 0.078459 0.850012
vn 0.452591 0.078459 0.888260
vn 0.381504 0.078459 0.921032
vn 0.308064 0.078459 0.948125
vn 0.232726 0.078459 0.969372
vn 0.155952 0.078459 0.984644
vn 0.078217 0.078459 0.993844
vn 0.000000 0.078459 0.996917
vn -0.078217 0.078459 0.993844
vn -0.155952 0.078459 0.984644
vn -0.232726 0.078459 0.969372
vn -0.308064 0.078459 0.948125
vn -0.381504 0.078459 0.921032
vn -0.452591 0.078459 0.888260
vn -0.520888 0.078459 0.850012
vn -0.585973 0.078459 0.806523
vn -0.647446 0.078459 0.758062
vn -0.704927 0.078459 0.704927
vn -0.758062 0.078459 0.647446
vn -0.806523 0.078459 0.585973
vn -0.850012 0.078459 0.520888
vn -0.888260 0.078459 0.452591
vn -0.921032 0.078459 0.381504
vn -0.948125 0.078459 0.308064
vn -0.969372 0.078459 0.232726
vn -0.984644 0.078459 0.155952
vn -0.993844 0.078459 0.078217
vn -0.996917 0.078459 0.000000
vn -0.993844 0.078459 -0.078217
vn -0.984644 0.078459 -0.155952
vn -0.969372 0.078459 -0.232726
vn -0.948125 0.078459 -0.308064
vn -0.921032 0.078459 -0.381504
vn -0.888260 0.078459 -0.452591
vn -0.850012 0.078459 -0.520888
vn -0.806523 0.078459 -0.585973
vn -0.758062 0.078459 -0.647446
vn -0.704927 0.078459 -0.704927
vn -0.647446 0.078459 -0.758062
vn -0.585973 0.078459 -0.806523
vn -0.520888 0.078459 -0.850012
vn -0.452591 0.078459 -0.888260
vn -0.381504 0.078459 -0.921032
vn -0.308064 0.078459 -0.948125
vn -0.232726 0.078459 -0.969372
vn -0.155952 0.078459 -0.984644
vn -0.078217 0.078459 -0.993844
vn -0.000000 0.078459 -0.996917
vn 0.078217 0.078459 -0.993844
vn 0.155952 0.078459 -0.984644
vn 0.232726 0.078459 -0.969372
vn 0.308064 0.078459 -0.948125
vn 0.381504 0.078459 -0.921032
vn 0.452591 0.078459 -0.888260
vn 0.520888 0.078459 -0.850012
vn 0.585973 0.078459 -0.806523
vn 0.647446 0.078459 -0.758062
vn 0.704927 0.078459 -0.704927
vn 0.758062 0.078459 -0.647446
vn 0.806523 0.078459 -0.585973
vn 0.850012 0.078459 -0.520888
vn 0.888260 0.078459 -0.452591
vn 0.921032 0.078459 -0.381504
vn 0.948125 0.078459 -0.308064
vn 0.969372 0.078459 -0.232726
vn 0.984644 0.078459 -0.155952
vn 0.993844 0.078459 -0.078217
vn 0.996917 0.078459 -0.000000
vn 1.000000 0.000000 0.000000
vn 0.996917 0.000000 0.078459
vn 0.987688 0.000000 0.156434
vn 0.972370 0.000000 0.233445
vn 0.951057 0.000000 0.309017
vn 0.923880 0.000000 0.382683
vn 0.891007 0.000000 0.453990
vn 0.852640 0.000000 0.522499
vn 0.809017 0.000000 0.587785
vn 0.760406 0.000000 0.649448
vn 0.707107 0.000000 0.707107
vn 0.649448 0.000000 0.760406
vn 0.587785 0.000000 0.809017
vn 0.522499 0.000000 0.852640
vn 0.453990 0.000000 0.891007
vn 0.382683 0.000000 0.923880
vn 0.309017 0.000000 0.951057
vn 0.233445 0.000000 0.972370
vn 0.156434 0.000000 0.987688
vn 0.078459 0.000000 0.996917
vn 0.000000 0.000000 1.000000
vn -0.078459 0.000000 0.996917
vn -0.156434 0.000000 0.987688
vn -0.233445 0.000000 0.972370
vn -0.309017 0.000000 0.951057
vn -0.382683 0.000000 0.923880
vn -0.453990 0.000000 0.891007
vn -0.522499 0.000000 0.852640
vn -0.587785 0.000000 0.809017
vn -0.649448 0.000000 0.760406
vn -0.707107 0.000000 0.707107
vn -0.760406 0.000000 0.649448
vn -0.809017 0.000000 0.587785
vn -0.852640 0.000000 0.522499
vn -0.891007 0.000000 0.453990
vn -0.923880 0.000000 0.382683
vn -0.951057 0.000000 0.309017
vn -0.972370 0.000000 0.233445
vn -0.987688 0.000000 0.156434
vn -0.996917 0.000000 0.078459
vn -1.000000 0.000000 0.000000
vn -0.996917 0.000000 -0.078459
vn -0.987688 0.000000 -0.156434
vn -0.972370 0.000000 -0.233445
vn -0.951057 0.000000 -0.309017
vn -0.923880 0.000000 -0.382683
vn -0.891007 0.000000 -0.453990
vn -0.852640 0.000000 -0.522499
vn -0.809017 0.000000 -0.587785
vn -0.760406 0.000000 -0.649448
vn -0.707107 0.000000 -0.707107
vn -0.649448 0.000000 -0.760406
vn -0.587785 0.000000 -0.809017
vn -0.522499 0.000000 -0.852640
vn -0.453990 0.000000 -0.891007
vn -0.382683 0.000000 -0.923880
vn -0.309017 0.000000 -0.951057
vn -0.233445 0.000000 -0.972370
vn -0.156434 0.000000 -0.987688
vn -0.078459 0.000000 -0.996917
vn -0.000000 0.000000 -1.000000
vn 0.078459 0.000000 -0.996917
vn 0.156434 0.000000 -0.987688
vn 0.233445 0.000000 -0.972370
vn 0.309017 0.000000 -0.951057
vn 0.382683 0.000000 -0.923880
vn 0.453990 0.000000 -0.891007
vn 0.522499 0.000000 -0.852640
vn 0.587785 0.000000 -0.809017
vn 0.649448 0.000000 -0.760406
vn 0.707107 0.000000 -0.707107
vn 0.760406 0.000000 -0.649448
vn 0.809017 0.000000 -0.587785
vn 0.852640 0.000000 -0.522499
vn 0.891007 0.000000 -0.453990
vn 0.923880 0.000000 -0.382683
vn 0.951057 0.000000 -0.309017
vn 0.972370 0.000000 -0.233445
vn 0.987688 0.000000 -0.156434
vn 0.996917 0.000000 -0.078459
vn 1.000000 0.000000 -0.000000
vn 0.996917 -0.078459 0.000000
vn 0.993844 -0.078459 0.078217
vn 0.984644 -0.078459 0.155952
vn 0.969372 -0.078459 0.232726
vn 0.948125 -0.078459 0.308064
vn 0.921032 -0.078459 0.381504
vn 0.888260 -0.078459 0.452591
vn 0.850012 -0.078459 0.520888
vn 0.806523 -0.078459 0.585973
vn 0.758062 -0.078459 0.647446
vn 0.704927 -0.078459 0.704927
vn 0.647446 -0.078459 0.758062
vn 0.585973 -0.078459 0.806523
vn 0.520888 -0.078459 0.850012
vn 0.452591 -0.078459 0.888260
vn 0.381504 -0.078459 0.921032
vn 0.308064 -0.078459 0.948125
vn 0.232726 -0.078459 0.969372
vn 0.155952 -0.078459 0.984644
vn 0.078217 -0.078459 0.993844
vn 0.000000 -0.078459 0.996917
vn -0.078217 -0.078459 0.993844
vn -0.155952 -0.078459 0.984644
vn -0.232726 -0.078459 0.969372
vn -0.308064 -0.078459 0.948125
vn -0.381504 -0.078459 0.921032
vn -0.452591 -0.078459 0.888260
vn -0.520888 -0.078459 0.850012
vn -0.585973 -0.078459 0.806523
vn -0.647446 -0.078459 0.758062
vn -0.704927 -0.078459 0.704927
vn -0.758062 -0.078459 0.647446
vn -0.806523 -0.078459 0.585973
vn -0.850012 -0.078459 0.520888
vn -0.888260 -0.078459 0.452591
vn -0.921032 -0.078459 0.381504
vn -0.948125 -0.078459 0.308064
vn -0.969372 -0.078459 0.232726
vn -0.984644 -0.078459 0.155952
vn -0.993844 -0.078459 0.078217
vn -0.996917 -0.078459 0.000000
vn -0.993844 -0.078459 -0.078217
vn -0.984644 -0.078459 -0.155952
vn -0.969372 -0.078459 -0.232726
vn -0.948125 -0.078459 -0.308064
vn -0.921032 -0.078459 -0.381504
vn -0.888260 -0.078459 -0.452591
vn -0.850012 -0.078459 -0.520888
vn -0.806523 -0.078459 -0.585973
vn -0.758062 -0.078459 -0.647446
vn -0.704927 -0.078459 -0.704927
vn -0.647446 -0.078459 -0.758062
vn -0.585973 -0.078459 -0.806523
vn -0.520888 -0.078459 -0.850012
vn -0.452591 -0.078459 -0.888260
vn -0.381504 -0.078459 -0.921032
vn -0.308064 -0.078459 -0.948125
vn -0.232726 -0.078459 -0.969372
vn -0.155952 -0.078459 -0.984644
vn -0.078217 -0.078459 -0.993844
vn -0.000000 -0.078459 -0.996917
vn 0.078217 -0.078459 -0.993844
vn 0.155952 -0.078459 -0.984644
vn 0.232726 -0.078459 -0.969372
vn 0.308064 -0.078459 -0.948125
vn 0.381504 -0.078459 -0.921032
vn 0.452591 -0.078459 -0.888260
vn 0.520888 -0.078459 -0.850012
vn 0.585973 -0.078459 -0.806523
vn 0.647446 -0.078459 -0.758062
vn 0.704927 -0.078459 -0.704927
vn 0.758062 -0.078459 -0.647446
vn 0.806523 -0.078459 -0.585973
vn 0.850012 -0.078459 -0.520888
vn 0.888260 -0.078459 -0.452591
vn 0.921032 -0.078459 -0.381504
vn 0.948125 -0.078459 -0.308064
vn 0.969372 -0.078459 -0.232726
vn 0.984644 -0.078459 -0.155952
vn 0.993844 -0.078459 -0.078217
vn 0.996917 -0.078459 -0.000000
vn 0.987688 -0.156434 0.000000
vn 0.984644 -0.156434 0.077493
vn 0.975528 -0.156434 0.154508
vn 0.960398 -0.156434 0.230571
vn 0.939347 -0.156434 0.305212
vn 0.912505 -0.156434 0.377972
vn 0.880037 -0.156434 0.448401
vn 0.842143 -0.156434 0.516066
vn 0.799057 -0.156434 0.580549
vn 0.751044 -0.156434 0.641452
vn 0.698401 -0.156434 0.698401
vn 0.641452 -0.156434 0.751044
vn 0.580549 -0.156434 0.799057
vn 0.516066 -0.156434 0.842143
vn 0.448401 -0.156434 0.880037
vn 0.377972 -0.156434 0.912505
vn 0.305212 -0.156434 0.939347
vn 0.230571 -0.156434 0.960398
vn 0.154508 -0.156434 0.975528
vn 0.077493 -0.156434 0.984644
vn 0.000000 -0.156434 0.987688
vn -0.077493 -0.156434 0.984644
vn -0.154508 -0.156434 0.975528
vn -0.230571 -0.156434 0.960398
vn -0.305212 -0.156434 0.939347
vn -0.377972 -0.156434 0.912505
vn -0.448401 -0.156434 0.880037
vn -0.516066 -0.156434 0.842143
vn -0.580549 -0.156434 0.799057
vn -0.641452 -0.156434 0.751044
vn -0.698401 -0.156434 0.698401
vn -0.751044 -0.156434 0.641452
vn -0.799057 -0.156434 0.580549
vn -0.842143 -0.156434 0.516066
vn -0.880037 -0.156434 0.448401
vn -0.912505 -0.156434 0.377972
vn -0.939347 -0.156434 0.305212
vn -0.960398 -0.156434 0.230571
vn -0.975528 -0.156434 0.154508
vn -0.984644 -0.156434 0.077493
vn -0.987688 -0.156434 0.000000
vn -0.984644 -0.156434 -0.077493
vn -0.975528 -0.156434 -0.154508
vn -0.960398 -0.156434 -0.230571
vn -0.939347 -0.156434 -0.305212
vn -0.912505 -0.156434 -0.377972
vn -0.880037 -0.156434 -0.448401
vn -0.842143 -0.156434 -0.516066
vn -0.799057 -0.156434 -0.580549
vn -0.751044 -0.156434 -0.641452
vn -0.698401 -0.156434 -0.698401
vn -0.641452 -0.156434 -0.751044
vn -0.580549 -0.156434 -0.799057
vn -0.516066 -0.156434 -0.842143
vn -0.448401 -0.156434 -0.880037
vn -0.377972 -0.156434 -0.912505
vn -0.305212 -0.156434 -0.939347
vn -0.230571 -0.156434 -0.960398
vn -0.154508 -0.156434 -0.975528
vn -0.077493 -0.156434 -0.984644
vn -0.000000 -0.156434 -0.987688
vn 0.077493 -0.156434 -0.984644
vn 0.154508 -0.156434 -0.975528
vn 0.230571 -0.156434 -0.960398
vn 0.305212 -0.156434 -0.939347
vn 0.377972 -0.156434 -0.912505
vn 0.448401 -0.156434 -0.880037
vn 0.516066 -0.156434 -0.842143
vn 0.580549 -0.156434 -0.799057
vn 0.641452 -0.156434 -0.751044
vn 0.698401 -0.156434 -0.698401
vn 0.751044 -0.156434 -0.641452
vn 0.799057 -0.156434 -0.580549
vn 0.842143 -0.156434 -0.516066
vn 0.880037 -0.156434 -0.448401
vn 0.912505 -0.156434 -0.377972
vn 0.939347 -0.156434 -0.305212
vn 0.960398 -0.156434 -0.230571
vn 0.975528 -0.156434 -0.154508
vn 0.984644 -0.156434 -0.077493
vn 0.987688 -0.156434 -0.000000
vn 0.972370 -0.233445 0.000000
vn 0.969372 -0.233445 0.076291
vn 0.960398 -0.233445 0.152112
vn 0.945503 -0.233445 0.226995
vn 0.924779 -0.233445 0.300479
vn 0.898353 -0.233445 0.372110
vn 0.866388 -0.233445 0.441447
vn 0.829082 -0.233445 0.508062
vn 0.786664 -0.233445 0.571545
vn 0.739396 -0.233445 0.631504
vn 0.687569 -0.233445 0.687569
vn 0.631504 -0.233445 0.739396
vn 0.571545 -0.233445 0.786664
vn 0.508062 -0.233445 0.829082
vn 0.441447 -0.233445 0.866388
vn 0.372110 -0.233445 0.898353
vn 0.300479 -0.233445 0.924779
vn 0.226995 -0.233445 0.945503
vn 0.152112 -0.233445 0.960398
vn 0.076291 -0.233445 0.969372
vn 0.000000 -0.233445 0.972370
vn -0.076291 -0.233445 0.969372
vn -0.152112 -0.233445 0.960398
vn -0.226995 -0.233445 0.945503
vn -0.300479 -0.233445 0.924779
vn -0.372110 -0.233445 0.898353
vn -0.441447 -0.233445 0.866388
vn -0.508062 -0.233445 0.829082
vn -0.571545 -0.233445 0.786664
vn -0.631504 -0.233445 0.739396
vn -0.687569 -0.233445 0.687569
vn -0.739396 -0.233445 0.631504
vn -0.786664 -0.233445 0.571545
vn -0.829082 -0.233445 0.508062
vn -0.866388 -0.233445 0.441447
vn -0.898353 -0.233445 0.372110
vn -0.924779 -0.233445 0.300479
vn -0.945503 -0.233445 0.226995
vn -0.960398 -0.233445 0.152112
vn -0.969372 -0.233445 0.076291
vn -0.972370 -0.233445 0.000000
vn -0.969372 -0.233445 -0.076291
vn -0.960398 -0.233445 -0.152112
vn -0.945503 -0.233445 -0.226995
vn -0.924779 -0.233445 -0.300479
vn -0.898353 -0.233445 -0.372110
vn -0.866388 -0.233445 -0.441447
vn -0.829082 -0.233445 -0.508062
vn -0.786664 -0.233445 -0.571545
vn -0.739396 -0.233445 -0.631504
vn -0.687569 -0.233445 -0.687569
vn -0.631504 -0.233445 -0.739396
vn -0.571545 -0.233445 -0.786664
vn -0.508062 -0.233445 -0.829082
vn -0.441447 -0.233445 -0.866388
vn -0.372110 -0.233445 -0.898353
vn -0.300479 -0.233445 -0.924779
vn -0.226995 -0.233445 -0.945503
vn -0.152112 -0.233445 -0.960398
vn -0.076291 -0.233445 -0.969372
vn -0.000000 -0.233445 -0.972370
vn 0.076291 -0.233445 -0.969372
vn 0.152112 -0.233445 -0.960398
vn 0.226995 -0.233445 -0.945503
vn 0.300479 -0.233445 -0.924779
vn 0.372110 -0.233445 -0.898353
vn 0.441447 -0.233445 -0.866388
vn 0.508062 -0.233445 -0.829082
vn 0.571545 -0.233445 -0.786664
vn 0.631504 -0.233445 -0.739396
vn 0.687569 -0.233445 -0.687569
vn 0.739396 -0.233445 -0.631504
vn 0.786664 -0.233445 -0.571545
vn 0.829082 -0.233445 -0.508062
vn 0.866388 -0.233445 -0.441447
vn 0.898353 -0.233445 -0.372110
vn 0.924779 -0.233445 -0.300479
vn 0.945503 -0.233445 -0.226995
vn 0.960398 -0.233445 -0.152112
vn 0.969372 -0.233445 -0.076291
vn 0.972370 -0.233445 -0.000000
vn 0.951057 -0.309017 0.000000
vn 0.948125 -0.309017 0.074619
vn 0.939347 -0.309017 0.148778
vn 0.924779 -0.309017 0.222020
vn 0.904508 -0.309017 0.293893
vn 0.878662 -0.309017 0.363954
vn 0.847398 -0.309017 0.431771
vn 0.810909 -0.309017 0.496926
vn 0.769421 -0.309017 0.559017
vn 0.723189 -0.309017 0.617662
vn 0.672499 -0.309017 0.672499
vn 0.617662 -0.309017 0.723189
vn 0.559017 -0.309017 0.769421
vn 0.496926 -0.309017 0.810909
vn 0.431771 -0.309017 0.847398
vn 0.363954 -0.309017 0.878662
vn 0.293893 -0.309017 0.904508
vn 0.222020 -0.309017 0.924779
vn 0.148778 -0.309017 0.939347
vn 0.074619 -0.309017 0.948125
vn 0.000000 -0.309017 0.951057
vn -0.074619 -0.309017 0.948125
vn -0.148778 -0.309017 0.939347
vn -0.222020 -0.309017 0.924779
vn -0.293893 -0.309017 0.904508
vn -0.363954 -0.309017 0.878662
vn -0.431771 -0.309017 0.847398
vn -0.496926 -0.309017 0.810909
vn -0.559017 -0.309017 0.769421
vn -0.617662 -0.309017 0.723189
vn -0.672499 -0.309017 0.672499
vn -0.723189 -0.309017 0.617662
vn -0.769421 -0.309017 0.559017
vn -0.810909 -0.309017 0.496926
vn -0.847398 -0.309017 0.431771
vn -0.878662 -0.309017 0.363954
vn -0.904508 -0.309017 0.293893
vn -0.924779 -0.309017 0.222020
vn -0.939347 -0.309017 0.148778
vn -0.948125 -0.309017 0.074619
vn -0.951057 -0.309017 0.000000
vn -0.948125 -0.309017 -0.074619
vn -0.939347 -0.309017 -0.148778
vn -0.924779 -0.309017 -0.222020
vn -0.904508 -0.309017 -0.293893
vn -0.878662 -0.309017 -0.363954
vn -0.847398 -0.309017 -0.431771
vn -0.810909 -0.309017 -0.496926
vn -0.769421 -0.309017 -0.559017
vn -0.723189 -0.309017 -0.617662
vn -0.672499 -0.309017 -0.672499
vn -0.617662 -0.309017 -0.723189
vn -0.559017 -0.309017 -0.769421
vn -0.496926 -0.309017 -0.810909
vn -0.431771 -0.309017 -0.847398
vn -0.363954 -0.309017 -0.878662
vn -0.293893 -0.309017 -0.904508
vn -0.222020 -0.309017 -0.924779
vn -0.148778 -0.309017 -0.939347
vn -0.074619 -0.309017 -0.948125
vn -0.000000 -0.309017 -0.951057
vn 0.074619 -0.309017 -0.948125
vn 0.148778 -0.309017 -0.939347
vn 0.222020 -0.309017 -0.924779
vn 0.293893 -0.309017 -0.904508
vn 0.363954 -0.309017 -0.878662
vn 0.431771 -0.309017 -0.847398
vn 0.496926 -0.309017 -0.810909
vn 0.559017 -0.309017 -0.769421
vn 0.617662 -0.309017 -0.723189
vn 0.672499 -0.309017 -0.672499
vn 0.723189 -0.309017 -0.617662
vn 0.769421 -0.309017 -0.559017
vn 0.810909 -0.309017 -0.496926
vn 0.847398 -0.309017 -0.431771
vn 0.878662 -0.309017 -0.363954
vn 0.904508 -0.309017 -0.293893
vn 0.924779 -0.309017 -0.222020
vn 0.939347 -0.309017 -0.148778
vn 0.948125 -0.309017 -0.074619
vn 0.951057 -0.309017 -0.000000
vn 0.923880 -0.382683 0.000000
vn 0.921032 -0.382683 0.072487
vn 0.912505 -0.382683 0.144527
vn 0.898353 -0.382683 0.215675
vn 0.878662 -0.382683 0.285494
vn 0.853553 -0.382683 0.353553
vn 0.823183 -0.382683 0.419433
vn 0.787737 -0.382683 0.482726
vn 0.747434 -0.382683 0.543043
vn 0.702524 -0.382683 0.600012
vn 0.653281 -0.382683 0.653281
vn 0.600012 -0.382683 0.702524
vn 0.543043 -0.382683 0.747434
vn 0.482726 -0.382683 0.787737
vn 0.419433 -0.382683 0.823183
vn 0.353553 -0.382683 0.853553
vn 0.285494 -0.382683 0.878662
vn 0.215675 -0.382683 0.898353
vn 0.144527 -0.382683 0.912505
vn 0.072487 -0.382683 0.921032
vn 0.000000 -0.382683 0.923880
vn -0.072487 -0.382683 0.921032
vn -0.144527 -0.382683 0.912505
vn -0.215675 -0.382683 0.898353
vn -0.285494 -0.382683 0.878662
vn -0.353553 -0.382683 0.853553
vn -0.419433 -0.382683 0.823183
vn -0.482726 -0.382683 0.787737
vn -0.543043 -0.382683 0.747434
vn -0.600012 -0.382683 0.702524
vn -0.653281 -0.382683 0.653281
vn -0.702524 -0.382683 0.600012
vn -0.747434 -0.382683 0.543043
vn -0.787737 -0.382683 0.482726
vn -0.823183 -0.382683 0.419433
vn -0.853553 -0.382683 0.353553
vn -0.878662 -0.382683 0.285494
vn -0.898353 -0.382683 0.215675
vn -0.912505 -0.382683 0.144527
vn -0.921032 -0.382683 0.072487
vn -0.923880 -0.382683 0.000000
vn -0.921032 -0.382683 -0.072487
vn -0.912505 -0.382683 -0.144527
vn -0.898353 -0.382683 -0.215675
vn -0.878662 -0.382683 -0.285494
vn -0.853553 -0.382683 -0.353553
vn -0.823183 -0.382683 -0.419433
vn -0.787737 -0.382683 -0.482726
vn -0.747434 -0.382683 -0.543043
vn -0.702524 -0.382683 -0.600012
vn -0.653281 -0.382683 -0.653281
vn -0.600012 -0.382683 -0.702524
vn -0.543043 -0.382683 -0.747434
vn -0.482726 -0.382683 -0.787737
vn -0.419433 -0.382683 -0.823183
vn -0.353553 -0.382683 -0.853553
vn -0.285494 -0.382683 -0.878662
vn -0.215675 -0.382683 -0.898353
vn -0.144527 -0.382683 -0.912505
vn -0.072487 -0.382683 -0.921032
vn -0.000000 -0.382683 -0.923880
vn 0.072487 -0.382683 -0.921032
vn 0.144527 -0.382683 -0.912505
vn 0.215675 -0.382683 -0.898353
vn 0.285494 -0.382683 -0.878662
vn 0.353553 -0.382683 -0.853553
vn 0.419433 -0.382683 -0.823183
vn 0.482726 -0.382683 -0.787737
vn 0.543043 -0.382683 -0.747434
vn 0.600012 -0.382683 -0.702524
vn 0.653281 -0.382683 -0.653281
vn 0.702524 -0.382683 -0.600012
vn 0.747434 -0.382683 -0.543043
vn 0.787737 -0.382683 -0.482726
vn 0.823183 -0.382683 -0.419433
vn 0.853553 -0.382683 -0.353553
vn 0.878662 -0.382683 -0.285494
vn 0.898353 -0.382683 -0.215675
vn 0.912505 -0.382683 -0.144527
vn 0.921032 -0.382683 -0.072487
vn 0.923880 -0.382683 -0.000000
vn 0.891007 -0.453990 0.000000
vn 0.888260 -0.453990 0.069908
vn 0.880037 -0.453990 0.139384
vn 0.866388 -0.453990 0.208001
vn 0.847398 -0.453990 0.275336
vn 0.823183 -0.453990 0.340973
vn 0.793893 -0.453990 0.404508
vn 0.759708 -0.453990 0.465550
vn 0.720839 -0.453990 0.523720
vn 0.677527 -0.453990 0.578662
vn 0.630037 -0.453990 0.630037
vn 0.578662 -0.453990 0.677527
vn 0.523720 -0.453990 0.720839
vn 0.465550 -0.453990 0.759708
vn 0.404508 -0.453990 0.793893
vn 0.340973 -0.453990 0.823183
vn 0.275336 -0.453990 0.847398
vn 0.208001 -0.453990 0.866388
vn 0.139384 -0.453990 0.880037
vn 0.069908 -0.453990 0.888260
vn 0.000000 -0.453990 0.891007
vn -0.069908 -0.453990 0.888260
vn -0.139384 -0.453990 0.880037
vn -0.208001 -0.453990 0.866388
vn -0.275336 -0.453990 0.847398
vn -0.340973 -0.453990 0.823183
vn -0.404508 -0.453990 0.793893
vn -0.465550 -0.453990 0.759708
vn -0.523720 -0.453990 0.720839
vn -0.578662 -0.453990 0.677527
vn -0.630037 -0.453990 0.630037
vn -0.677527 -0.453990 0.578662
vn -0.720839 -0.453990 0.523720
vn -0.759708 -0.453990 0.465550
vn -0.793893 -0.453990 0.404508
vn -0.823183 -0.453990 0.340973
vn -0.847398 -0.453990 0.275336
vn -0.866388 -0.453990 0.208001
vn -0.880037 -0.453990 0.139384
vn -0.888260 -0.453990 0.069908
vn -0.891007 -0.453990 0.000000
vn -0.888260 -0.453990 -0.069908
vn -0.880037 -0.453990 -0.139384
vn -0.866388 -0.453990 -0.208001
vn -0.847398 -0.453990 -0.275336
vn -0.823183 -0.453990 -0.340973
vn -0.793893 -0.453990 -0.404508
vn -0.759708 -0.453990 -0.465550
vn -0.720839 -0.453990 -0.523720
vn -0.677527 -0.453990 -0.578662
vn -0.630037 -0.453990 -0.630037
vn -0.578662 -0.453990 -0.677527
vn -0.523720 -0.453990 -0.720839
vn -0.465550 -0.453990 -0.759708
vn -0.404508 -0.453990 -0.793893
vn -0.340973 -0.453990 -0.823183
vn -0.275336 -0.453990 -0.847398
vn -0.208001 -0.453990 -0.866388
vn -0.139384 -0.453990 -0.880037
vn -0.069908 -0.453990 -0.888260
vn -0.000000 -0.453990 -0.891007
vn 0.069908 -0.453990 -0.888260
vn 0.139384 -0.453990 -0.880037
vn 0.208001 -0.453990 -0.866388
vn 0.275336 -0.453990 -0.847398
vn 0.340973 -0.453990 -0.823183
vn 0.404508 -0.453990 -0.793893
vn 0.465550 -0.453990 -0.759708
vn 0.523720 -0.453990 -0.720839
vn 0.578662 -0.453990 -0.677527
vn 0.630037 -0.453990 -0.630037
vn 0.677527 -0.453990 -0.578662
vn 0.720839 -0.453990 -0.523720
vn 0.759708 -0.453990 -0.465550
vn 0.793893 -0.453990 -0.404508
vn 0.823183 -0.453990 -0.340973
vn 0.847398 -0.453990 -0.275336
vn 0.866388 -0.453990 -0.208001
vn 0.880037 -0.453990 -0.139384
vn 0.888260 -0.453990 -0.069908
vn 0.891007 -0.453990 -0.000000
vn 0.852640 -0.522499 0.000000
vn 0.850012 -0.522499 0.066897
vn 0.842143 -0.522499 0.133382
vn 0.829082 -0.522499 0.199045
vn 0.810909 -0.522499 0.263480
vn 0.787737 -0.522499 0.326291
vn 0.759708 -0.522499 0.387091
vn 0.726995 -0.522499 0.445503
vn 0.689800 -0.522499 0.501169
vn 0.648353 -0.522499 0.553745
vn 0.602908 -0.522499 0.602908
vn 0.553745 -0.522499 0.648353
vn 0.501169 -0.522499 0.689800
vn 0.445503 -0.522499 0.726995
vn 0.387091 -0.522499 0.759708
vn 0.326291 -0.522499 0.787737
vn 0.263480 -0.522499 0.810909
vn 0.199045 -0.522499 0.829082
vn 0.133382 -0.522499 0.842143
vn 0.066897 -0.522499 0.850012
vn 0.000000 -0.522499 0.852640
vn -0.066897 -0.522499 0.850012
vn -0.133382 -0.522499 0.842143
vn -0.199045 -0.522499 0.829082
vn -0.263480 -0.522499 0.810909
vn -0.326291 -0.522499 0.787737
vn -0.387091 -0.522499 0.759708
vn -0.445503 -0.522499 0.726995
vn -0.501169 -0.522499 0.689800
vn -0.553745 -0.522499 0.648353
vn -0.602908 -0.522499 0.602908
vn -0.648353 -0.522499 0.553745
vn -0.689800 -0.522499 0.501169
vn -0.726995 -0.522499 0.445503
vn -0.759708 -0.522499 0.387091
vn -0.787737 -0.522499 0.326291
vn -0.810909 -0.522499 0.263480
vn -0.829082 -0.522499 0.199045
vn -0.842143 -0.522499 0.133382
vn -0.850012 -0.522499 0.066897
vn -0.852640 -0.522499 0.000000
vn -0.850012 -0.522499 -0.066897
vn -0.842143 -0.522499 -0.133382
vn -0.829082 -0.522499 -0.199045
vn -0.810909 -0.522499 -0.263480
vn -0.787737 -0.522499 -0.326291
vn -0.759708 -0.522499 -0.387091
vn -0.726995 -0.522499 -0.445503
vn -0.689800 -0.522499 -0.501169
vn -0.648353 -0.522499 -0.553745
vn -0.602908 -0.522499 -0.602908
vn -0.553745 -0.522499 -0.648353
vn -0.501169 -0.522499 -0.689800
vn -0.445503 -0.522499 -0.726995
vn -0.387091 -0.522499 -0.759708
vn -0.326291 -0.522499 -0.787737
vn -0.263480 -0.522499 -0.810909
vn -0.199045 -0.522499 -0.829082
vn -0.133382 -0.522499 -0.842143
vn -0.066897 -0.522499 -0.850012
vn -0.000000 -0.522499 -0.852640
vn 0.066897 -0.522499 -0.850012
vn 0.133382 -0.522499 -0.842143
vn 0.199045 -0.522499 -0.829082
vn 0.263480 -0.522499 -0.810909
vn 0.326291 -0.522499 -0.787737
vn 0.387091 -0.522499 -0.759708
vn 0.445503 -0.522499 -0.726995
vn 0.501169 -0.522499 -0.689800
vn 0.553745 -0.522499 -0.648353
vn 0.602908 -0.522499 -0.602908
vn 0.648353 -0.522499 -0.553745
vn 0.689800 -0.522499 -0.501169
vn 0.726995 -0.522499 -0.445503
vn 0.759708 -0.522499 -0.387091
vn 0.787737 -0.522499 -0.326291
vn 0.810909 -0.522499 -0.263480
vn 0.829082 -0.522499 -0.199045
vn 0.842143 -0.522499 -0.133382
vn 0.850012 -0.522499 -0.066897
vn 0.852640 -0.522499 -0.000000
vn 0.809017 -0.587785 0.000000
vn 0.806523 -0.587785 0.063475
vn 0.799057 -0.587785 0.126558
vn 0.786664 -0.587785 0.188861
vn 0.769421 -0.587785 0.250000
vn 0.747434 -0.587785 0.309597
vn 0.720839 -0.587785 0.367286
vn 0.689800 -0.587785 0.422710
vn 0.654508 -0.587785 0.475528
vn 0.615181 -0.587785 0.525415
vn 0.572061 -0.587785 0.572061
vn 0.525415 -0.587785 0.615181
vn 0.475528 -0.587785 0.654508
vn 0.422710 -0.587785 0.689800
vn 0.367286 -0.587785 0.720839
vn 0.309597 -0.587785 0.747434
vn 0.250000 -0.587785 0.769421
vn 0.188861 -0.587785 0.786664
vn 0.126558 -0.587785 0.799057
vn 0.063475 -0.587785 0.806523
vn 0.000000 -0.587785 0.809017
vn -0.063475 -0.587785 0.806523
vn -0.126558 -0.587785 0.799057
vn -0.188861 -0.587785 0.786664
vn -0.250000 -0.587785 0.769421
vn -0.309597 -0.587785 0.747434
vn -0.367286 -0.587785 0.720839
vn -0.422710 -0.587785 0.689800
vn -0.475528 -0.587785 0.654508
vn -0.525415 -0.587785 0.615181
vn -0.572061 -0.587785 0.572061
vn -0.615181 -0.587785 0.525415
vn -0.654508 -0.587785 0.475528
vn -0.689800 -0.587785 0.422710
vn -0.720839 -0.587785 0.367286
vn -0.747434 -0.587785 0.309597
vn -0.769421 -0.587785 0.250000
vn -0.786664 -0.587785 0.188861
vn -0.799057 -0.587785 0.126558
vn -0.806523 -0.587785 0.063475
vn -0.809017 -0.587785 0.000000
vn -0.806523 -0.587785 -0.063475
vn -0.799057 -0.587785 -0.126558
vn -0.786664 -0.587785 -0.188861
vn -0.769421 -0.587785 -0.250000
vn -0.747434 -0.587785 -0.309597
vn -0.720839 -0.587785 -0.367286
vn -0.689800 -0.587785 -0.422710
vn -0.654508 -0.587785 -0.475528
vn -0.615181 -0.587785 -0.525415
vn -0.572061 -0.587785 -0.572061
vn -0.525415 -0.587785 -0.615181
vn -0.475528 -0.587785 -0.654508
vn -0.422710 -0.587785 -0.689800
vn -0.367286 -0.587785 -0.720839
vn -0.309597 -0.587785 -0.747434
vn -0.250000 -0.587785 -0.769421
vn -0.188861 -0.587785 -0.786664
vn -0.126558 -0.587785 -0.799057
vn -0.063475 -0.587785 -0.806523
vn -0.000000 -0.587785 -0.809017
vn 0.063475 -0.587785 -0.806523
vn 0.126558 -0.587785 -0.799057
vn 0.188861 -0.587785 -0.786664
vn 0.250000 -0.587785 -0.769421
vn 0.309597 -0.587785 -0.747434
vn 0.367286 -0.587785 -0.720839
vn 0.422710 -0.587785 -0.689800
vn 0.475528 -0.587785 -0.654508
vn 0.525415 -0.587785 -0.615181
vn 0.572061 -0.587785 -0.572061
vn 0.615181 -0.587785 -0.525415
vn 0.654508 -0.587785 -0.475528
vn 0.689800 -0.587785 -0.422710
vn 0.720839 -0.587785 -0.367286
vn 0.747434 -0.587785 -0.309597
vn 0.769421 -0.587785 -0.250000
vn 0.786664 -0.587785 -0.188861
vn 0.799057 -0.587785 -0.126558
vn 0.806523 -0.587785 -0.063475
vn 0.809017 -0.587785 -0.000000
vn 0.760406 -0.649448 0.000000
vn 0.758062 -0.649448 0.059661
vn 0.751044 -0.649448 0.118954
vn 0.739396 -0.649448 0.177513
vn 0.723189 -0.649448 0.234978
vn 0.702524 -0.649448 0.290995
vn 0.677527 -0.649448 0.345217
vn 0.648353 -0.649448 0.397311
vn 0.615181 -0.649448 0.446955
vn 0.578217 -0.649448 0.493844
vn 0.537688 -0.649448 0.537688
vn 0.493844 -0.649448 0.578217
vn 0.446955 -0.649448 0.615181
vn 0.397311 -0.649448 0.648353
vn 0.345217 -0.649448 0.677527
vn 0.290995 -0.649448 0.702524
vn 0.234978 -0.649448 0.723189
vn 0.177513 -0.649448 0.739396
vn 0.118954 -0.649448 0.751044
vn 0.059661 -0.649448 0.758062
vn 0.000000 -0.649448 0.760406
vn -0.059661 -0.649448 0.758062
vn -0.118954 -0.649448 0.751044
vn -0.177513 -0.649448 0.739396
vn -0.234978 -0.649448 0.723189
vn -0.290995 -0.649448 0.702524
vn -0.345217 -0.649448 0.677527
vn -0.397311 -0.649448 0.648353
vn -0.446955 -0.649448 0.615181
vn -0.493844 -0.649448 0.578217
vn -0.537688 -0.649448 0.537688
vn -0.578217 -0.649448 0.493844
vn -0.615181 -0.649448 0.446955
vn -0.648353 -0.649448 0.397311
vn -0.677527 -0.649448 0.345217
vn -0.702524 -0.649448 0.290995
vn -0.723189 -0.649448 0.234978
vn -0.739396 -0.649448 0.177513
vn -0.751044 -0.649448 0.118954
vn -0.758062 -0.649448 0.059661
vn -0.760406 -0.649448 0.000000
vn -0.758062 -0.649448 -0.059661
vn -0.751044 -0.649448 -0.118954
vn -0.739396 -0.649448 -0.177513
vn -0.723189 -0.649448 -0.234978
vn -0.702524 -0.649448 -0.290995
vn -0.677527 -0.649448 -0.345217
vn -0.648353 -0.649448 -0.397311
vn -0.615181 -0.649448 -0.446955
vn -0.578217 -0.649448 -0.493844
vn -0.537688 -0.649448 -0.537688
vn -0.493844 -0.649448 -0.578217
vn -0.446955 -0.649448 -0.615181
vn -0.397311 -0.649448 -0.648353
vn -0.345217 -0.649448 -0.677527
vn -0.290995 -0.649448 -0.702524
vn -0.234978 -0.649448 -0.723189
vn -0.177513 -0.649448 -0.739396
vn -0.118954 -0.649448 -0.751044
vn -0.059661 -0.649448 -0.758062
vn -0.000000 -0.649448 -0.760406
vn 0.059661 -0.649448 -0.758062
vn 0.118954 -0.649448 -0.751044
vn 0.177513 -0.649448 -0.739396
vn 0.234978 -0.649448 -0.723189
vn 0.290995 -0.649448 -0.702524
vn 0.345217 -0.649448 -0.677527
vn 0.397311 -0.649448 -0.648353
vn 0.446955 -0.649448 -0.615181
vn 0.493844 -0.649448 -0.578217
vn 0.537688 -0.649448 -0.537688
vn 0.578217 -0.649448 -0.493844
vn 0.615181 -0.649448 -0.446955
vn 0.648353 -0.649448 -0.397311
vn 0.677527 -0.649448 -0.345217
vn 0.702524 -0.649448 -0.290995
vn 0.723189 -0.649448 -0.234978
vn 0.739396 -0.649448 -0.177513
vn 0.751044 -0.649448 -0.118954
vn 0.758062 -0.649448 -0.059661
vn 0.760406 -0.649448 -0.000000
vn 0.707107 -0.707107 0.000000
vn 0.704927 -0.707107 0.055479
vn 0.698401 -0.707107 0.110616
vn 0.687569 -0.707107 0.165071
vn 0.672499 -0.707107 0.218508
vn 0.653281 -0.707107 0.270598
vn 0.630037 -0.707107 0.321020
vn 0.602908 -0.707107 0.369462
vn 0.572061 -0.707107 0.415627
vn 0.537688 -0.707107 0.459229
vn 0.500000 -0.707107 0.500000
vn 0.459229 -0.707107 0.537688
vn 0.415627 -0.707107 0.572061
vn 0.369462 -0.707107 0.602908
vn 0.321020 -0.707107 0.630037
vn 0.270598 -0.707107 0.653281
vn 0.218508 -0.707107 0.672499
vn 0.165071 -0.707107 0.687569
vn 0.110616 -0.707107 0.698401
vn 0.055479 -0.707107 0.704927
vn 0.000000 -0.707107 0.707107
vn -0.055479 -0.707107 0.704927
vn -0.110616 -0.707107 0.698401
vn -0.165071 -0.707107 0.687569
vn -0.218508 -0.707107 0.672499
vn -0.270598 -0.707107 0.653281
vn -0.321020 -0.707107 0.630037
vn -0.369462 -0.707107 0.602908
vn -0.415627 -0.707107 0.572061
vn -0.459229 -0.707107 0.537688
vn -0.500000 -0.707107 0.500000
vn -0.537688 -0.707107 0.459229
vn -0.572061 -0.707107 0.415627
vn -0.602908 -0.707107 0.369462
vn -0.630037 -0.707107 0.321020
vn -0.653281 -0.707107 0.270598
vn -0.672499 -0.707107 0.218508
vn -0.687569 -0.707107 0.165071
vn -0.698401 -0.707107 0.110616
vn -0.704927 -0.707107 0.055479
vn -0.707107 -0.707107 0.000000
vn -0.704927 -0.707107 -0.055479
vn -0.698401 -0.707107 -0.110616
vn -0.687569 -0.707107 -0.165071
vn -0.672499 -0.707107 -0.218508
vn -0.653281 -0.707107 -0.270598
vn -0.630037 -0.707107 -0.321020
vn -0.602908 -0.707107 -0.369462
vn -0.572061 -0.707107 -0.415627
vn -0.537688 -0.707107 -0.459229
vn -0.500000 -0.707107 -0.500000
vn -0.459229 -0.707107 -0.537688
vn -0.415627 -0.707107 -0.572061
vn -0.369462 -0.707107 -0.602908
vn -0.321020 -0.707107 -0.630037
vn -0.270598 -0.707107 -0.653281
vn -0.218508 -0.707107 -0.672499
vn -0.165071 -0.707107 -0.687569
vn -0.110616 -0.707107 -0.698401
vn -0.055479 -0.707107 -0.704927
vn -0.000000 -0.707107 -0.707107
vn 0.055479 -0.707107 -0.704927
vn 0.110616 -0.707107 -0.698401
vn 0.165071 -0.707107 -0.687569
vn 0.218508 -0.707107 -0.672499
vn 0.270598 -0.707107 -0.653281
vn 0.321020 -0.707107 -0.630037
vn 0.369462 -0.707107 -0.602908
vn 0.415627 -0.707107 -0.572061
vn 0.459229 -0.707107 -0.537688
vn 0.500000 -0.707107 -0.500000
vn 0.537688 -0.707107 -0.459229
vn 0.572061 -0.707107 -0.415627
vn 0.602908 -0.707107 -0.369462
vn 0.630037 -0.707107 -0.321020
vn 0.653281 -0.707107 -0.270598
vn 0.672499 -0.707107 -0.218508
vn 0.687569 -0.707107 -0.165071
vn 0.698401 -0.707107 -0.110616
vn 0.704927 -0.707107 -0.055479
vn 0.707107 -0.707107 -0.000000
vn 0.649448 -0.760406 0.000000
vn 0.647446 -0.760406 0.050955
vn 0.641452 -0.760406 0.101596
vn 0.631504 -0.760406 0.151611
vn 0.617662 -0.760406 0.200690
vn 0.600012 -0.760406 0.248533
vn 0.578662 -0.760406 0.294843
vn 0.553745 -0.760406 0.339336
vn 0.525415 -0.760406 0.381736
vn 0.493844 -0.760406 0.421783
vn 0.459229 -0.760406 0.459229
vn 0.421783 -0.760406 0.493844
vn 0.381736 -0.760406 0.525415
vn 0.339336 -0.760406 0.553745
vn 0.294843 -0.760406 0.578662
vn 0.248533 -0.760406 0.600012
vn 0.200690 -0.760406 0.617662
vn 0.151611 -0.760406 0.631504
vn 0.101596 -0.760406 0.641452
vn 0.050955 -0.760406 0.647446
vn 0.000000 -0.760406 0.649448
vn -0.050955 -0.760406 0.647446
vn -0.101596 -0.760406 0.641452
vn -0.151611 -0.760406 0.631504
vn -0.200690 -0.760406 0.617662
vn -0.248533 -0.760406 0.600012
vn -0.294843 -0.760406 0.578662
vn -0.339336 -0.760406 0.553745
vn -0.381736 -0.760406 0.525415
vn -0.421783 -0.760406 0.493844
vn -0.459229 -0.760406 0.459229
vn -0.493844 -0.760406 0.421783
vn -0.525415 -0.760406 0.381736
vn -0.553745 -0.760406 0.339336
vn -0.578662 -0.760406 0.294843
vn -0.600012 -0.760406 0.248533
vn -0.617662 -0.760406 0.200690
vn -0.631504 -0.760406 0.151611
vn -0.641452 -0.760406 0.101596
vn -0.647446 -0.760406 0.050955
vn -0.649448 -0.760406 0.000000
vn -0.647446 -0.760406 -0.050955
vn -0.641452 -0.760406 -0.101596
vn -0.631504 -0.760406 -0.151611
vn -0.617662 -0.760406 -0.200690
vn -0.600012 -0.760406 -0.248533
vn -0.578662 -0.760406 -0.294843
vn -0.553745 -0.760406 -0.339336
vn -0.525415 -0.760406 -0.381736
vn -0.493844 -0.760406 -0.421783
vn -0.459229 -0.760406 -0.459229
vn -0.421783 -0.760406 -0.493844
vn -0.381736 -0.760406 -0.525415
vn -0.339336 -0.760406 -0.553745
vn -0.294843 -0.760406 -0.578662
vn -0.248533 -0.760406 -0.600012
vn -0.200690 -0.760406 -0.617662
vn -0.151611 -0.760406 -0.631504
vn -0.101596 -0.760406 -0.641452
vn -0.050955 -0.760406 -0.647446
vn -0.000000 -0.760406 -0.649448
vn 0.050955 -0.760406 -0.647446
vn 0.101596 -0.760406 -0.641452
vn 0.151611 -0.760406 -0.631504
vn 0.200690 -0.760406 -0.617662
vn 0.248533 -0.760406 -0.600012
vn 0.294843 -0.760406 -0.578662
vn 0.339336 -0.760406 -0.553745
vn 0.381736 -0.760406 -0.525415
vn 0.421783 -0.760406 -0.493844
vn 0.459229 -0.760406 -0.459229
vn 0.493844 -0.760406 -0.421783
vn 0.525415 -0.760406 -0.381736
vn 0.553745 -0.760406 -0.339336
vn 0.578662 -0.760406 -0.294843
vn 0.600012 -0.760406 -0.248533
vn 0.617662 -0.760406 -0.200690
vn 0.631504 -0.760406 -0.151611
vn 0.641452 -0.760406 -0.101596
vn 0.647446 -0.760406 -0.050955
vn 0.649448 -0.760406 -0.000000
vn 0.587785 -0.809017 0.000000
vn 0.585973 -0.809017 0.046117
vn 0.580549 -0.809017 0.091950
vn 0.571545 -0.809017 0.137216
vn 0.559017 -0.809017 0.181636
vn 0.543043 -0.809017 0.224936
vn 0.523720 -0.809017 0.266849
vn 0.501169 -0.809017 0.307117
vn 0.475528 -0.809017 0.345492
vn 0.446955 -0.809017 0.381736
vn 0.415627 -0.809017 0.415627
vn 0.381736 -0.809017 0.446955
vn 0.345492 -0.809017 0.475528
vn 0.307117 -0.809017 0.501169
vn 0.266849 -0.809017 0.523720
vn 0.224936 -0.809017 0.543043
vn 0.181636 -0.809017 0.559017
vn 0.137216 -0.809017 0.571545
vn 0.091950 -0.809017 0.580549
vn 0.046117 -0.809017 0.585973
vn 0.000000 -0.809017 0.587785
vn -0.046117 -0.809017 0.585973
vn -0.091950 -0.809017 0.580549
vn -0.137216 -0.809017 0.571545
vn -0.181636 -0.809017 0.559017
vn -0.224936 -0.809017 0.543043
vn -0.266849 -0.809017 0.523720
vn -0.307117 -0.809017 0.501169
vn -0.345492 -0.809017 0.475528
vn -0.381736 -0.809017 0.446955
vn -0.415627 -0.809017 0.415627
vn -0.446955 -0.809017 0.381736
vn -0.475528 -0.809017 0.345492
vn -0.501169 -0.809017 0.307117
vn -0.523720 -0.809017 0.266849
vn -0.543043 -0.809017 0.224936
vn -0.559017 -0.809017 0.181636
vn -0.571545 -0.809017 0.137216
vn -0.580549 -0.809017 0.091950
vn -0.585973 -0.809017 0.046117
vn -0.587785 -0.809017 0.000000
vn -0.585973 -0.809017 -0.046117
vn -0.580549 -0.809017 -0.091950
vn -0.571545 -0.809017 -0.137216
vn -0.559017 -0.809017 -0.181636
vn -0.543043 -0.809017 -0.224936
vn -0.523720 -0.809017 -0.266849
vn -0.501169 -0.809017 -0.307117
vn -0.475528 -0.809017 -0.345492
vn -0.446955 -0.809017 -0.381736
vn -0.415627 -0.809017 -0.415627
vn -0.381736 -0.809017 -0.446955
vn -0.345492 -0.809017 -0.475528
vn -0.307117 -0.809017 -0.501169
vn -0.266849 -0.809017 -0.523720
vn -0.224936 -0.809017 -0.543043
vn -0.181636 -0.809017 -0.559017
vn -0.137216 -0.809017 -0.571545
vn -0.091950 -0.809017 -0.580549
vn -0.046117 -0.809017 -0.585973
vn -0.000000 -0.809017 -0.587785
vn 0.046117 -0.809017 -0.585973
vn 0.091950 -0.809017 -0.580549
vn 0.137216 -0.809017 -0.571545
vn 0.181636 -0.809017 -0.559017
vn 0.224936 -0.809017 -0.543043
vn 0.266849 -0.809017 -0.523720
vn 0.307117 -0.809017 -0.501169
vn 0.345492 -0.809017 -0.475528
vn 0.381736 -0.809017 -0.446955
vn 0.415627 -0.809017 -0.415627
vn 0.446955 -0.809017 -0.381736
vn 0.475528 -0.809017 -0.345492
vn 0.501169 -0.809017 -0.307117
vn 0.523720 -0.809017 -0.266849
vn 0.543043 -0.809017 -0.224936
vn 0.559017 -0.809017 -0.181636
vn 0.571545 -0.809017 -0.137216
vn 0.580549 -0.809017 -0.091950
vn 0.585973 -0.809017 -0.046117
vn 0.587785 -0.809017 -0.000000
vn 0.522499 -0.852640 0.000000
vn 0.520888 -0.852640 0.040995
vn 0.516066 -0.852640 0.081737
vn 0.508062 -0.852640 0.121975
vn 0.496926 -0.852640 0.161461
vn 0.482726 -0.852640 0.199952
vn 0.465550 -0.852640 0.237209
vn 0.445503 -0.852640 0.273005
vn 0.422710 -0.852640 0.307117
vn 0.397311 -0.852640 0.339336
vn 0.369462 -0.852640 0.369462
vn 0.339336 -0.852640 0.397311
vn 0.307117 -0.852640 0.422710
vn 0.273005 -0.852640 0.445503
vn 0.237209 -0.852640 0.465550
vn 0.199952 -0.852640 0.482726
vn 0.161461 -0.852640 0.496926
vn 0.121975 -0.852640 0.508062
vn 0.081737 -0.852640 0.516066
vn 0.040995 -0.852640 0.520888
vn 0.000000 -0.852640 0.522499
vn -0.040995 -0.852640 0.520888
vn -0.081737 -0.852640 0.516066
vn -0.121975 -0.852640 0.508062
vn -0.161461 -0.852640 0.496926
vn -0.199952 -0.852640 0.482726
vn -0.237209 -0.852640 0.465550
vn -0.273005 -0.852640 0.445503
vn -0.307117 -0.852640 0.422710
vn -0.339336 -0.852640 0.397311
vn -0.369462 -0.852640 0.369462
vn -0.397311 -0.852640 0.339336
vn -0.422710 -0.852640 0.307117
vn -0.445503 -0.852640 0.273005
vn -0.465550 -0.852640 0.237209
vn -0.482726 -0.852640 0.199952
vn -0.496926 -0.852640 0.161461
vn -0.508062 -0.852640 0.121975
vn -0.516066 -0.852640 0.081737
vn -0.520888 -0.852640 0.040995
vn -0.522499 -0.852640 0.000000
vn -0.520888 -0.852640 -0.040995
vn -0.516066 -0.852640 -0.081737
vn -0.508062 -0.852640 -0.121975
vn -0.496926 -0.852640 -0.161461
vn -0.482726 -0.852640 -0.199952
vn -0.465550 -0.852640 -0.237209
vn -0.445503 -0.852640 -0.273005
vn -0.422710 -0.852640 -0.307117
vn -0.397311 -0.852640 -0.339336
vn -0.369462 -0.852640 -0.369462
vn -0.339336 -0.852640 -0.397311
vn -0.307117 -0.852640 -0.422710
vn -0.273005 -0.852640 -0.445503
vn -0.237209 -0.852640 -0.465550
vn -0.199952 -0.852640 -0.482726
vn -0.161461 -0.852640 -0.496926
vn -0.121975 -0.852640 -0.508062
vn -0.081737 -0.852640 -0.516066
vn -0.040995 -0.852640 -0.520888
vn -0.000000 -0.852640 -0.522499
vn 0.040995 -0.852640 -0.520888
vn 0.081737 -0.852640 -0.516066
vn 0.121975 -0.852640 -0.508062
vn 0.161461 -0.852640 -0.496926
vn 0.199952 -0.852640 -0.482726
vn 0.237209 -0.852640 -0.465550
vn 0.273005 -0.852640 -0.445503
vn 0.307117 -0.852640 -0.422710
vn 0.339336 -0.852640 -0.397311
vn 0.369462 -0.852640 -0.369462
vn 0.397311 -0.852640 -0.339336
vn 0.422710 -0.852640 -0.307117
vn 0.445503 -0.852640 -0.273005
vn 0.465550 -0.852640 -0.237209
vn 0.482726 -0.852640 -0.199952
vn 0.496926 -0.852640 -0.161461
vn 0.508062 -0.852640 -0.121975
vn 0.516066 -0.852640 -0.081737
vn 0.520888 -0.852640 -0.040995
vn 0.522499 -0.852640 -0.000000
vn 0.453990 -0.891007 0.000000
vn 0.452591 -0.891007 0.035620
vn 0.448401 -0.891007 0.071020
vn 0.441447 -0.891007 0.105982
vn 0.431771 -0.891007 0.140291
vn 0.419433 -0.891007 0.173735
vn 0.404508 -0.891007 0.206107
vn 0.387091 -0.891007 0.237209
vn 0.367286 -0.891007 0.266849
vn 0.345217 -0.891007 0.294843
vn 0.321020 -0.891007 0.321020
vn 0.294843 -0.891007 0.345217
vn 0.266849 -0.891007 0.367286
vn 0.237209 -0.891007 0.387091
vn 0.206107 -0.891007 0.404508
vn 0.173735 -0.891007 0.419433
vn 0.140291 -0.891007 0.431771
vn 0.105982 -0.891007 0.441447
vn 0.071020 -0.891007 0.448401
vn 0.035620 -0.891007 0.452591
vn 0.000000 -0.891007 0.453990
vn -0.035620 -0.891007 0.452591
vn -0.071020 -0.891007 0.448401
vn -0.105982 -0.891007 0.441447
vn -0.140291 -0.891007 0.431771
vn -0.173735 -0.891007 0.419433
vn -0.206107 -0.891007 0.404508
vn -0.237209 -0.891007 0.387091
vn -0.266849 -0.891007 0.367286
vn -0.294843 -0.891007 0.345217
vn -0.321020 -0.891007 0.321020
vn -0.345217 -0.891007 0.294843
vn -0.367286 -0.891007 0.266849
vn -0.387091 -0.891007 0.237209
vn -0.404508 -0.891007 0.206107
vn -0.419433 -0.891007 0.173735
vn -0.431771 -0.891007 0.140291
vn -0.441447 -0.891007 0.105982
vn -0.448401 -0.891007 0.071020
vn -0.452591 -0.891007 0.035620
vn -0.453990 -0.891007 0.000000
vn -0.452591 -0.891007 -0.035620
vn -0.448401 -0.891007 -0.071020
vn -0.441447 -0.891007 -0.105982
vn -0.431771 -0.891007 -0.140291
vn -0.419433 -0.891007 -0.173735
vn -0.404508 -0.891007 -0.206107
vn -0.387091 -0.891007 -0.237209
vn -0.367286 -0.891007 -0.266849
vn -0.345217 -0.891007 -0.294843
vn -0.321020 -0.891007 -0.321020
vn -0.294843 -0.891007 -0.345217
vn -0.266849 -0.891007 -0.367286
vn -0.237209 -0.891007 -0.387091
vn -0.206107 -0.891007 -0.404508
vn -0.173735 -0.891007 -0.419433
vn -0.140291 -0.891007 -0.431771
vn -0.105982 -0.891007 -0.441447
vn -0.071020 -0.891007 -0.448401
vn -0.035620 -0.891007 -0.452591
vn -0.000000 -0.891007 -0.453990
vn 0.035620 -0.891007 -0.452591
vn 0.071020 -0.891007 -0.448401
vn 0.105982 -0.891007 -0.441447
vn 0.140291 -0.891007 -0.431771
vn 0.173735 -0.891007 -0.419433
vn 0.206107 -0.891007 -0.404508
vn 0.237209 -0.891007 -0.387091
vn 0.266849 -0.891007 -0.367286
vn 0.294843 -0.891007 -0.345217
vn 0.321020 -0.891007 -0.321020
vn 0.345217 -0.891007 -0.294843
vn 0.367286 -0.891007 -0.266849
vn 0.387091 -0.891007 -0.237209
vn 0.404508 -0.891007 -0.206107
vn 0.419433 -0.891007 -0.173735
vn 0.431771 -0.891007 -0.140291
vn 0.441447 -0.891007 -0.105982
vn 0.448401 -0.891007 -0.071020
vn 0.452591 -0.891007 -0.035620
vn 0.453990 -0.891007 -0.000000
vn 0.382683 -0.923880 0.000000
vn 0.381504 -0.923880 0.030025
vn 0.377972 -0.923880 0.059865
vn 0.372110 -0.923880 0.089336
vn 0.363954 -0.923880 0.118256
vn 0.353553 -0.923880 0.146447
vn 0.340973 -0.923880 0.173735
vn 0.326291 -0.923880 0.199952
vn 0.309597 -0.923880 0.224936
vn 0.290995 -0.923880 0.248533
vn 0.270598 -0.923880 0.270598
vn 0.248533 -0.923880 0.290995
vn 0.224936 -0.923880 0.309597
vn 0.199952 -0.923880 0.326291
vn 0.173735 -0.923880 0.340973
vn 0.146447 -0.923880 0.353553
vn 0.118256 -0.923880 0.363954
vn 0.089336 -0.923880 0.372110
vn 0.059865 -0.923880 0.377972
vn 0.030025 -0.923880 0.381504
vn 0.000000 -0.923880 0.382683
vn -0.030025 -0.923880 0.381504
vn -0.059865 -0.923880 0.377972
vn -0.089336 -0.923880 0.372110
vn -0.118256 -0.923880 0.363954
vn -0.146447 -0.923880 0.353553
vn -0.173735 -0.923880 0.340973
vn -0.199952 -0.923880 0.326291
vn -0.224936 -0.923880 0.309597
vn -0.248533 -0.923880 0.290995
vn -0.270598 -0.923880 0.270598
vn -0.290995 -0.923880 0.248533
vn -0.309597 -0.923880 0.224936
vn -0.326291 -0.923880 0.199952
vn -0.340973 -0.923880 0.173735
vn -0.353553 -0.923880 0.146447
vn -0.363954 -0.923880 0.118256
vn -0.372110 -0.923880 0.089336
vn -0.377972 -0.923880 0.059865
vn -0.381504 -0.923880 0.030025
vn -0.382683 -0.923880 0.000000
vn -0.381504 -0.923880 -0.030025
vn -0.377972 -0.923880 -0.059865
vn -0.372110 -0.923880 -0.089336
vn -0.363954 -0.923880 -0.118256
vn -0.353553 -0.923880 -0.146447
vn -0.340973 -0.923880 -0.173735
vn -0.326291 -0.923880 -0.199952
vn -0.309597 -0.923880 -0.224936
vn -0.290995 -0.923880 -0.248533
vn -0.270598 -0.923880 -0.270598
vn -0.248533 -0.923880 -0.290995
vn -0.224936 -0.923880 -0.309597
vn -0.199952 -0.923880 -0.326291
vn -0.173735 -0.923880 -0.340973
vn -0.146447 -0.923880 -0.353553
vn -0.118256 -0.923880 -0.363954
vn -0.089336 -0.923880 -0.372110
vn -0.059865 -0.923880 -0.377972
vn -0.030025 -0.923880 -0.381504
vn -0.000000 -0.923880 -0.382683
vn 0.030025 -0.923880 -0.381504
vn 0.059865 -0.923880 -0.377972
vn 0.089336 -0.923880 -0.372110
vn 0.118256 -0.923880 -0.363954
vn 0.146447 -0.923880 -0.353553
vn 0.173735 -0.923880 -0.340973
vn 0.199952 -0.923880 -0.326291
vn 0.224936 -0.923880 -0.309597
vn 0.248533 -0.923880 -0.290995
vn 0.270598 -0.923880 -0.270598
vn 0.290995 -0.923880 -0.248533
vn 0.309597 -0.923880 -0.224936
vn 0.326291 -0.923880 -0.199952
vn 0.340973 -0.923880 -0.173735
vn 0.353553 -0.923880 -0.146447
vn 0.363954 -0.923880 -0.118256
vn 0.372110 -0.923880 -0.089336
vn 0.377972 -0.923880 -0.059865
vn 0.381504 -0.923880 -0.030025
vn 0.382683 -0.923880 -0.000000
vn 0.309017 -0.951057 0.000000
vn 0.308064 -0.951057 0.024245
vn 0.305212 -0.951057 0.048341
vn 0.300479 -0.951057 0.072139
vn 0.293893 -0.951057 0.095492
vn 0.285494 -0.951057 0.118256
vn 0.275336 -0.951057 0.140291
vn 0.263480 -0.951057 0.161461
vn 0.250000 -0.951057 0.181636
vn 0.234978 -0.951057 0.200690
vn 0.218508 -0.951057 0.218508
vn 0.200690 -0.951057 0.234978
vn 0.181636 -0.951057 0.250000
vn 0.161461 -0.951057 0.263480
vn 0.140291 -0.951057 0.275336
vn 0.118256 -0.951057 0.285494
vn 0.095492 -0.951057 0.293893
vn 0.072139 -0.951057 0.300479
vn 0.048341 -0.951057 0.305212
vn 0.024245 -0.951057 0.308064
vn 0.000000 -0.951057 0.309017
vn -0.024245 -0.951057 0.308064
vn -0.048341 -0.951057 0.305212
vn -0.072139 -0.951057 0.300479
vn -0.095492 -0.951057 0.293893
vn -0.118256 -0.951057 0.285494
vn -0.140291 -0.951057 0.275336
vn -0.161461 -0.951057 0.263480
vn -0.181636 -0.951057 0.250000
vn -0.200690 -0.951057 0.234978
vn -0.218508 -0.951057 0.218508
vn -0.234978 -0.951057 0.200690
vn -0.250000 -0.951057 0.181636
vn -0.263480 -0.951057 0.161461
vn -0.275336 -0.951057 0.140291
vn -0.285494 -0.951057 0.118256
vn -0.293893 -0.951057 0.095492
vn -0.300479 -0.951057 0.072139
vn -0.305212 -0.951057 0.048341
vn -0.308064 -0.951057 0.024245
vn -0.309017 -0.951057 0.000000
vn -0.308064 -0.951057 -0.024245
vn -0.305212 -0.951057 -0.048341
vn -0.300479 -0.951057 -0.072139
vn -0.293893 -0.951057 -0.095492
vn -0.285494 -0.951057 -0.118256
vn -0.275336 -0.951057 -0.140291
vn -0.263480 -0.951057 -0.161461
vn -0.250000 -0.951057 -0.181636
vn -0.234978 -0.951057 -0.200690
vn -0.218508 -0.951057 -0.218508
vn -0.200690 -0.951057 -0.234978
vn -0.181636 -0.951057 -0.250000
vn -0.161461 -0.951057 -0.263480
vn -0.140291 -0.951057 -0.275336
vn -0.118256 -0.951057 -0.285494
vn -0.095492 -0.951057 -0.293893
vn -0.072139 -0.951057 -0.300479
vn -0.048341 -0.951057 -0.305212
vn -0.024245 -0.951057 -0.308064
vn -0.000000 -0.951057 -0.309017
vn 0.024245 -0.951057 -0.308064
vn 0.048341 -0.951057 -0.305212
vn 0.072139 -0.951057 -0.300479
vn 0.095492 -0.951057 -0.293893
vn 0.118256 -0.951057 -0.285494
vn 0.140291 -0.951057 -0.275336
vn 0.161461 -0.951057 -0.263480
vn 0.181636 -0.951057 -0.250000
vn 0.200690 -0.951057 -0.234978
vn 0.218508 -0.951057 -0.218508
vn 0.234978 -0.951057 -0.200690
vn 0.250000 -0.951057 -0.181636
vn 0.263480 -0.951057 -0.161461
vn 0.275336 -0.951057 -0.140291
vn 0.285494 -0.951057 -0.118256
vn 0.293893 -0.951057 -0.095492
vn 0.300479 -0.951057 -0.072139
vn 0.305212 -0.951057 -0.048341
vn 0.308064 -0.951057 -0.024245
vn 0.309017 -0.951057 -0.000000
vn 0.233445 -0.972370 0.000000
vn 0.232726 -0.972370 0.018316
vn 0.230571 -0.972370 0.036519
vn 0.226995 -0.972370 0.054497
vn 0.222020 -0.972370 0.072139
vn 0.215675 -0.972370 0.089336
vn 0.208001 -0.972370 0.105982
vn 0.199045 -0.972370 0.121975
vn 0.188861 -0.972370 0.137216
vn 0.177513 -0.972370 0.151611
vn 0.165071 -0.972370 0.165071
vn 0.151611 -0.972370 0.177513
vn 0.137216 -0.972370 0.188861
vn 0.121975 -0.972370 0.199045
vn 0.105982 -0.972370 0.208001
vn 0.089336 -0.972370 0.215675
vn 0.072139 -0.972370 0.222020
vn 0.054497 -0.972370 0.226995
vn 0.036519 -0.972370 0.230571
vn 0.018316 -0.972370 0.232726
vn 0.000000 -0.972370 0.233445
vn -0.018316 -0.972370 0.232726
vn -0.036519 -0.972370 0.230571
vn -0.054497 -0.972370 0.226995
vn -0.072139 -0.972370 0.222020
vn -0.089336 -0.972370 0.215675
vn -0.105982 -0.972370 0.208001
vn -0.121975 -0.972370 0.199045
vn -0.137216 -0.972370 0.188861
vn -0.151611 -0.972370 0.177513
vn -0.165071 -0.972370 0.165071
vn -0.177513 -0.972370 0.151611
vn -0.188861 -0.972370 0.137216
vn -0.199045 -0.972370 0.121975
vn -0.208001 -0.972370 0.105982
vn -0.215675 -0.972370 0.089336
vn -0.222020 -0.972370 0.072139
vn -0.226995 -0.972370 0.054497
vn -0.230571 -0.972370 0.036519
vn -0.232726 -0.972370 0.018316
vn -0.233445 -0.972370 0.000000
vn -0.232726 -0.972370 -0.018316
vn -0.230571 -0.972370 -0.036519
vn -0.226995 -0.972370 -0.054497
vn -0.222020 -0.972370 -0.072139
vn -0.215675 -0.972370 -0.089336
vn -0.208001 -0.972370 -0.105982
vn -0.199045 -0.972370 -0.121975
vn -0.188861 -0.972370 -0.137216
vn -0.177513 -0.972370 -0.151611
vn -0.165071 -0.972370 -0.165071
vn -0.151611 -0.972370 -0.177513
vn -0.137216 -0.972370 -0.188861
vn -0.121975 -0.972370 -0.199045
vn -0.105982 -0.972370 -0.208001
vn -0.089336 -0.972370 -0.215675
vn -0.072139 -0.972370 -0.222020
vn -0.054497 -0.972370 -0.226995
vn -0.036519 -0.972370 -0.230571
vn -0.018316 -0.972370 -0.232726
vn -0.000000 -0.972370 -0.233445
vn 0.018316 -0.972370 -0.232726
vn 0.036519 -0.972370 -0.230571
vn 0.054497 -0.972370 -0.226995
vn 0.072139 -0.972370 -0.222020
vn 0.089336 -0.972370 -0.215675
vn 0.105982 -0.972370 -0.208001
vn 0.121975 -0.972370 -0.199045
vn 0.137216 -0.972370 -0.188861
vn 0.151611 -0.972370 -0.177513
vn 0.165071 -0.972370 -0.165071
vn 0.177513 -0.972370 -0.151611
vn 0.188861 -0.972370 -0.137216
vn 0.199045 -0.972370 -0.121975
vn 0.208001 -0.972370 -0.105982
vn 0.215675 -0.972370 -0.089336
vn 0.222020 -0.972370 -0.072139
vn 0.226995 -0.972370 -0.054497
vn 0.230571 -0.972370 -0.036519
vn 0.232726 -0.972370 -0.018316
vn 0.233445 -0.972370 -0.000000
vn 0.156434 -0.987688 0.000000
vn 0.155952 -0.987688 0.012274
vn 0.154508 -0.987688 0.024472
vn 0.152112 -0.987688 0.036519
vn 0.148778 -0.987688 0.048341
vn 0.144527 -0.987688 0.059865
vn 0.139384 -0.987688 0.071020
vn 0.133382 -0.987688 0.081737
vn 0.126558 -0.987688 0.091950
vn 0.118954 -0.987688 0.101596
vn 0.110616 -0.987688 0.110616
vn 0.101596 -0.987688 0.118954
vn 0.091950 -0.987688 0.126558
vn 0.081737 -0.987688 0.133382
vn 0.071020 -0.987688 0.139384
vn 0.059865 -0.987688 0.144527
vn 0.048341 -0.987688 0.148778
vn 0.036519 -0.987688 0.152112
vn 0.024472 -0.987688 0.154508
vn 0.012274 -0.987688 0.155952
vn 0.000000 -0.987688 0.156434
vn -0.012274 -0.987688 0.155952
vn -0.024472 -0.987688 0.154508
vn -0.036519 -0.987688 0.152112
vn -0.048341 -0.987688 0.148778
vn -0.059865 -0.987688 0.144527
vn -0.071020 -0.987688 0.139384
vn -0.081737 -0.987688 0.133382
vn -0.091950 -0.987688 0.126558
vn -0.101596 -0.987688 0.118954
vn -0.110616 -0.987688 0.110616
vn -0.118954 -0.987688 0.101596
vn -0.126558 -0.987688 0.091950
vn -0.133382 -0.987688 0.081737
vn -0.139384 -0.987688 0.071020
vn -0.144527 -0.987688 0.059865
vn -0.148778 -0.987688 0.048341
vn -0.152112 -0.987688 0.036519
vn -0.154508 -0.987688 0.024472
vn -0.155952 -0.987688 0.012274
vn -0.156434 -0.987688 0.000000
vn -0.155952 -0.987688 -0.012274
vn -0.154508 -0.987688 -0.024472
vn -0.152112 -0.987688 -0.036519
vn -0.148778 -0.987688 -0.048341
vn -0.144527 -0.987688 -0.059865
vn -0.139384 -0.987688 -0.071020
vn -0.133382 -0.987688 -0.081737
vn -0.126558 -0.987688 -0.091950
vn -0.118954 -0.987688 -0.101596
vn -0.110616 -0.987688 -0.110616
vn -0.101596 -0.987688 -0.118954
vn -0.091950 -0.987688 -0.126558
vn -0.081737 -0.987688 -0.133382
vn -0.071020 -0.987688 -0.139384
vn -0.059865 -0.987688 -0.144527
vn -0.048341 -0.987688 -0.148778
vn -0.036519 -0.987688 -0.152112
vn -0.024472 -0.987688 -0.154508
vn -0.012274 -0.987688 -0.155952
vn -0.000000 -0.987688 -0.156434
vn 0.012274 -0.987688 -0.155952
vn 0.024472 -0.987688 -0.154508
vn 0.036519 -0.987688 -0.152112
vn 0.048341 -0.987688 -0.148778
vn 0.059865 -0.987688 -0.144527
vn 0.071020 -0.987688 -0.139384
vn 0.081737 -0.987688 -0.133382
vn 0.091950 -0.987688 -0.126558
vn 0.101596 -0.987688 -0.118954
vn 0.110616 -0.987688 -0.110616
vn 0.118954 -0.987688 -0.101596
vn 0.126558 -0.987688 -0.091950
vn 0.133382 -0.987688 -0.081737
vn 0.139384 -0.987688 -0.071020
vn 0.144527 -0.987688 -0.059865
vn 0.148778 -0.987688 -0.048341
vn 0.152112 -0.987688 -0.036519
vn 0.154508 -0.987688 -0.024472
vn 0.155952 -0.987688 -0.012274
vn 0.156434 -0.987688 -0.000000
vn 0.078459 -0.996917 0.000000
vn 0.078217 -0.996917 0.006156
vn 0.077493 -0.996917 0.012274
vn 0.076291 -0.996917 0.018316
vn 0.074619 -0.996917 0.024245
vn 0.072487 -0.996917 0.030025
vn 0.069908 -0.996917 0.035620
vn 0.066897 -0.996917 0.040995
vn 0.063475 -0.996917 0.046117
vn 0.059661 -0.996917 0.050955
vn 0.055479 -0.996917 0.055479
vn 0.050955 -0.996917 0.059661
vn 0.046117 -0.996917 0.063475
vn 0.040995 -0.996917 0.066897
vn 0.035620 -0.996917 0.069908
vn 0.030025 -0.996917 0.072487
vn 0.024245 -0.996917 0.074619
vn 0.018316 -0.996917 0.076291
vn 0.012274 -0.996917 0.077493
vn 0.006156 -0.996917 0.078217
vn 0.000000 -0.996917 0.078459
vn -0.006156 -0.996917 0.078217
vn -0.012274 -0.996917 0.077493
vn -0.018316 -0.996917 0.076291
vn -0.024245 -0.996917 0.074619
vn -0.030025 -0.996917 0.072487
vn -0.035620 -0.996917 0.069908
vn -0.040995 -0.996917 0.066897
vn -0.046117 -0.996917 0.063475
vn -0.050955 -0.996917 0.059661
vn -0.055479 -0.996917 0.055479
vn -0.059661 -0.996917 0.050955
vn -0.063475 -0.996917 0.046117
vn -0.066897 -0.996917 0.040995
vn -0.069908 -0.996917 0.035620
vn -0.072487 -0.996917 0.030025
vn -0.074619 -0.996917 0.024245
vn -0.076291 -0.996917 0.018316
vn -0.077493 -0.996917 0.012274
vn -0.078217 -0.996917 0.006156
vn -0.078459 -0.996917 0.000000
vn -0.078217 -0.996917 -0.006156
vn -0.077493 -0.996917 -0.012274
vn -0.076291 -0.996917 -0.018316
vn -0.074619 -0.996917 -0.024245
vn -0.072487 -0.996917 -0.030025
vn -0.069908 -0.996917 -0.035620
vn -0.066897 -0.996917 -0.040995
vn -0.063475 -0.996917 -0.046117
vn -0.059661 -0.996917 -0.050955
vn -0.055479 -0.996917 -0.055479
vn -0.050955 -0.996917 -0.059661
vn -0.046117 -0.996917 -0.063475
vn -0.040995 -0.996917 -0.066897
vn -0.035620 -0.996917 -0.069908
vn -0.030025 -0.996917 -0.072487
vn -0.024245 -0.996917 -0.074619
vn -0.018316 -0.996917 -0.076291
vn -0.012274 -0.996917 -0.077493
vn -0.006156 -0.996917 -0.078217
vn -0.000000 -0.996917 -0.078459
vn 0.006156 -0.996917 -0.078217
vn 0.012274 -0.996917 -0.077493
vn 0.018316 -0.996917 -0.076291
vn 0.024245 -0.996917 -0.074619
vn 0.030025 -0.996917 -0.072487
vn 0.035620 -0.996917 -0.069908
vn 0.040995 -0.996917 -0.066897
vn 0.046117 -0.996917 -0.063475
vn 0.050955 -0.996917 -0.059661
vn 0.055479 -0.996917 -0.055479
vn 0.059661 -0.996917 -0.050955
vn 0.063475 -0.996917 -0.046117
vn 0.066897 -0.996917 -0.040995
vn 0.069908 -0.996917 -0.035620
vn 0.072487 -0.996917 -0.030025
vn 0.074619 -0.996917 -0.024245
vn 0.076291 -0.996917 -0.018316
vn 0.077493 -0.996917 -0.012274
vn 0.078217 -0.996917 -0.006156
vn 0.078459 -0.996917 -0.000000
vn 0.000000 -1.000000 0.000000
vn 0.000000 -1.000000 0.000000
vn 0.000000 -1.000000 0.000000
vn 0.000000 -1.000000 0.000000
vn 0.000000 -1.000000 0.000000
vn 0.000000 -1.000000 0.000000
vn 0.000000 -1.000000 0.000000
vn 0.000000 -1.000000 0.000000
vn 0.000000 -1.000000 0.000000
vn 0.000000 -1.000000 0.000000
vn 0.000000 -1.000000 0.000000
vn 0.000000 -1.000000 0.000000
vn 0.000000 -1.000000 0.000000
vn 0.000000 -1.000000 0.000000
vn 0.000000 -1.000000 0.000000
vn 0.000000 -1.000000 0.000000
vn 0.000000 -1.000000 0.000000
vn 0.000000 -1.000000 0.000000
vn 0.000000 -1.000000 0.000000
vn 0.000000 -1.000000 0.000000
vn 0.000000 -1.000000 0.000000
vn -0.000000 -1.000000 0.000000
vn -0.000000 -1.000000 0.000000
vn -0.000000 -1.000000 0.000000
vn -0.000000 -1.000000 0.000000
vn -0.000000 -1.000000 0.000000
vn -0.000000 -1.000000 0.000000
vn -0.000000 -1.000000 0.000000
vn -0.000000 -1.000000 0.000000
vn -0.000000 -1.000000 0.000000
vn -0.000000 -1.000000 0.000000
vn -0.000000 -1.000000 0.000000
vn -0.000000 -1.000000 0.000000
vn -0.000000 -1.000000 0.000000
vn -0.000000 -1.000000 0.000000
vn -0.000000 -1.000000 0.000000
vn -0.000000 -1.000000 0.000000
vn -0.000000 -1.000000 0.000000
vn -0.000000 -1.000000 0.000000
vn -0.000000 -1.000000 0.000000
vn -0.000000 -1.000000 0.000000
vn -0.000000 -1.000000 -0.000000
vn -0.000000 -1.000000 -0.000000
vn -0.000000 -1.000000 -0.000000
vn -0.000000 -1.000000 -0.000000
vn -0.000000 -1.000000 -0.000000
vn -0.000000 -1.000000 -0.000000
vn -0.000000 -1.000000 -0.000000
vn -0.000000 -1.000000 -0.000000
vn -0.000000 -1.000000 -0.000000
vn -0.000000 -1.000000 -0.000000
vn -0.000000 -1.000000 -0.000000
vn -0.000000 -1.000000 -0.000000
vn -0.000000 -1.000000 -0.000000
vn -0.000000 -1.000000 -0.000000
vn -0.000000 -1.000000 -0.000000
vn -0.000000 -1.000000 -0.000000
vn -0.000000 -1.000000 -0.000000
vn -0.000000 -1.000000 -0.000000
vn -0.000000 -1.000000 -0.000000
vn -0.000000 -1.000000 -0.000000
vn 0.000000 -1.000000 -0.000000
vn 0.000000 -1.000000 -0.000000
vn 0.000000 -1.000000 -0.000000
vn 0.000000 -1.000000 -0.000000
vn 0.000000 -1.000000 -0.000000
vn 0.000000 -1.000000 -0.000000
vn 0.000000 -1.000000 -0.000000
vn 0.000000 -1.000000 -0.000000
vn 0.000000 -1.000000 -0.000000
vn 0.000000 -1.000000 -0.000000
vn 0.000000 -1.000000 -0.000000
vn 0.000000 -1.000000 -0.000000
vn 0.000000 -1.000000 -0.000000
vn 0.000000 -1.000000 -0.000000
vn 0.000000 -1.000000 -0.000000
vn 0.000000 -1.000000 -0.000000
vn 0.000000 -1.000000 -0.000000
vn 0.000000 -1.000000 -0.000000
vn 0.000000 -1.000000 -0.000000
vn 0.000000 -1.000000 -0.000000

g MoonTitan
s 1
f 1/1/1 82/82/82 83/83/83
f 1/1/1 83/83/83 2/2/2
f 2/2/2 83/83/83 84/84/84
f 2/2/2 84/84/84 3/3/3
f 3/3/3 84/84/84 85/85/85
f 3/3/3 85/85/85 4/4/4
f 4/4/4 85/85/85 86/86/86
f 4/4/4 86/86/86 5/5/5
f 5/5/5 86/86/86 87/87/87
f 5/5/5 87/87/87 6/6/6
f 6/6/6 87/87/87 88/88/88
f 6/6/6 88/88/88 7/7/7
f 7/7/7 88/88/88 89/89/89
f 7/7/7 89/89/89 8/8/8
f 8/8/8 89/89/89 90/90/90
f 8/8/8 90/90/90 9/9/9
f 9/9/9 90/90/90 91/91/91
f 9/9/9 91/91/91 10/10/10
f 10/10/10 91/91/91 92/92/92
f 10/10/10 92/92/92 11/11/11
f 11/11/11 92/92/92 93/93/93
f 11/11/11 93/93/93 12/12/12
f 12/12/12 93/93/93 94/94/94
f 12/12/12 94/94/94 13/13/13
f 13/13/13 94/94/94 95/95/95
f 13/13/13 95/95/95 14/14/14
f 14/14/14 95/95/95 96/96/96
f 14/14/14 96/96/96 15/15/15
f 15/15/15 96/96/96 97/97/97
f 15/15/15 97/97/97 16/16/16
f 16/16/16 97/97/97 98/98/98
f 16/16/16 98/98/98 17/17/17
f 17/17/17 98/98/98 99/99/99
f 17/17/17 99/99/99 18/18/18
f 18/18/18 99/99/99 100/100/100
f 18/18/18 100/100/100 19/19/19
f 19/19/19 100/100/100 101/101/101
f 19/19/19 101/101/101 20/20/20
f 20/20/20 101/101/101 102/102/102
f 20/20/20 102/102/102 21/21/21
f 21/21/21 102/102/102 103/103/103
f 21/21/21 103/103/103 22/22/22
f 22/22/22 103/103/103 104/104/104
f 22/22/22 104/104/104 23/23/23
f 23/23/23 104/104/104 105/105/105
f 23/23/23 105/105/105 24/24/24
f 24/24/24 105/105/105 106/106/106
f 24/24/24 106/106/106 25/25/25
f 25/25/25 106/106/106 107/107/107
f 25/25/25 107/107/107 26/26/26
f 26/26/26 107/107/107 108/108/108
f 26/26/26 108/108/108 27/27/27
f 27/27/27 108/108/108 109/109/109
f 27/27/27 109/109/109 28/28/28
f 28/28/28 109/109/109 110/110/110
f 28/28/28 110/110/110 29/29/29
f 29/29/29 110/110/110 111/111/111
f 29/29/29 111/111/111 30/30/30
f 30/30/30 111/111/111 112/112/112
f 30/30/30 112/112/112 31/31/31
f 31/31/31 112/112/112 113/113/113
f 31/31/31 113/113/113 32/32/32
f 32/32/32 113/113/113 114/114/114
f 32/32/32 114/114/114 33/33/33
f 33/33/33 114/114/114 115/115/115
f 33/33/33 115/115/115 34/34/34
f 34/34/34 115/115/115 116/116/116
f 34/34/34 116/116/116 35/35/35
f 35/35/35 116/116/116 117/117/117
f 35/35/35 117/117/117 36/36/36
f 36/36/36 117/117/117 118/118/118
f 36/36/36 118/118/118 37/37/37
f 37/37/37 118/118/118 119/119/119
f 37/37/37 119/119/119 38/38/38
f 38/38/38 119/119/119 120/120/120
f 38/38/38 120/120/120 39/39/39
f 39/39/39 120/120/120 121/121/121
f 39/39/39 121/121/121 40/40/40
f 40/40/40 121/121/121 122/122/122
f 40/40/40 122/122/122 41/41/41
f 41/41/41 122/122/122 123/123/123
f 41/41/41 123/123/123 42/42/42
f 42/42/42 123/123/123 124/124/124
f 42/42/42 124/124/124 43/43/43
f 43/43/43 124/124/124 125/125/125
f 43/43/43 125/125/125 44/44/44
f 44/44/44 125/125/125 126/126/126
f 44/44/44 126/126/126 45/45/45
f 45/45/45 126/126/126 127/127/127
f 45/45/45 127/127/127 46/46/46
f 46/46/46 127/127/127 128/128/128
f 46/46/46 128/128/128 47/47/47
f 47/47/47 128/128/128 129/129/129
f 47/47/47 129/129/129 48/48/48
f 48/48/48 129/129/129 130/130/130
f 48/48/48 130/130/130 49/49/49
f 49/49/49 130/130/130 131/131/131
f 49/49/49 131/131/131 50/50/50
f 50/50/50 131/131/131 132/132/132
f 50/50/50 132/132/132 51/51/51
f 51/51/51 132/132/132 133/133/133
f 51/51/51 133/133/133 52/52/52
f 52/52/52 133/133/133 134/134/134
f 52/52/52 134/134/134 53/53/53
f 53/53/53 134/134/134 135/135/135
f 53/53/53 135/135/135 54/54/54
f 54/54/54 135/135/135 136/136/136
f 54/54/54 136/136/136 55/55/55
f 55/55/55 136/136/136 137/137/137
f 55/55/55 137/137/137 56/56/56
f 56/56/56 137/137/137 138/138/138
f 56/56/56 138/138/138 57/57/57
f 57/57/57 138/138/138 139/139/139
f 57/57/57 139/139/139 58/58/58
f 58/58/58 139/139/139 140/140/140
f 58/58/58 140/140/140 59/59/59
f 59/59/59 140/140/140 141/141/141
f 59/59/59 141/141/141 60/60/60
f 60/60/60 141/141/141 142/142/142
f 60/60/60 142/142/142 61/61/61
f 61/61/61 142/142/142 143/143/143
f 61/61/61 143/143/143 62/62/62
f 62/62/62 143/143/143 144/144/144
f 62/62/62 144/144/144 63/63/63
f 63/63/63 144/144/144 145/145/145
f 63/63/63 145/145/145 64/64/64
f 64/64/64 145/145/145 146/146/146
f 64/64/64 146/146/146 65/65/65
f 65/65/65 146/146/146 147/147/147
f 65/65/65 147/147/147 66/66/66
f 66/66/66 147/147/147 148/148/148
f 66/66/66 148/148/148 67/67/67
f 67/67/67 148/148/148 149/149/149
f 67/67/67 149/149/149 68/68/68
f 68/68/68 149/149/149 150/150/150
f 68/68/68 150/150/150 69/69/69
f 69/69/69 150/150/150 151/151/151
f 69/69/69 151/151/151 70/70/70
f 70/70/70 151/151/151 152/152/152
f 70/70/70 152/152/152 71/71/71
f 71/71/71 152/152/152 153/153/153
f 71/71/71 153/153/153 72/72/72
f 72/72/72 153/153/153 154/154/154
f 72/72/72 154/154/154 73/73/73
f 73/73/73 154/154/154 155/155/155
f 73/73/73 155/155/155 74/74/74
f 74/74/74 155/155/155 156/156/156
f 74/74/74 156/156/156 75/75/75
f 75/75/75 156/156/156 157/157/157
f 75/75/75 157/157/157 76/76/76
f 76/76/76 157/157/157 158/158/158
f 76/76/76 158/158/158 77/77/77
f 77/77/77 158/158/158 159/159/159
f 77/77/77 159/159/159 78/78/78
f 78/78/78 159/159/159 160/160/160
f 78/78/78 160/160/160 79/79/79
f 79/79/79 160/160/160 161/161/161
f 79/79/79 161/161/161 80/80/80
f 80/80/80 161/161/161 162/162/162
f 80/80/80 162/162/162 81/81/81
f 82/82/82 163/163/163 164/164/164
f 82/82/82 164/164/164 83/83/83
f 83/83/83 164/164/164 165/165/165
f 83/83/83 165/165/165 84/84/84
f 84/84/84 165/165/165 166/166/166
f 84/84/84 166/166/166 85/85/85
f 85/85/85 166/166/166 167/167/167
f 85/85/85 167/167/167 86/86/86
f 86/86/86 167/167/167 168/168/168
f 86/86/86 168/168/168 87/87/87
f 87/87/87 168/168/168 169/169/169
f 87/87/87 169/169/169 88/88/88
f 88/88/88 169/169/169 170/170/170
f 88/88/88 170/170/170 89/89/89
f 89/89/89 170/170/170 171/171/171
f 89/89/89 171/171/171 90/90/90
f 90/90/90 171/171/171 172/172/172
f 90/90/90 172/172/172 91/91/91
f 91/91/91 172/172/172 173/173/173
f 91/91/91 173/173/173 92/92/92
f 92/92/92 173/173/173 174/174/174
f 92/92/92 174/174/174 93/93/93
f 93/93/93 174/174/174 175/175/175
f 93/93/93 175/175/175 94/94/94
f 94/94/94 175/175/175 176/176/176
f 94/94/94 176/176/176 95/95/95
f 95/95/95 176/176/176 177/177/177
f 95/95/95 177/177/177 96/96/96
f 96/96/96 177/177/177 178/178/178
f 96/96/96 178/178/178 97/97/97
f 97/97/97 178/178/178 179/179/179
f 97/97/97 179/179/179 98/98/98
f 98/98/98 179/179/179 180/180/180
f 98/98/98 180/180/180 99/99/99
f 99/99/99 180/180/180 181/181/181
f 99/99/99 181/181/181 100/100/100
f 100/100/100 181/181/181 182/182/182
f 100/100/100 182/182/182 101/101/101
f 101/101/101 182/182/182 183/183/183
f 101/101/101 183/183/183 102/102/102
f 102/102/102 183/183/183 184/184/184
f 102/102/102 184/184/184 103/103/103
f 103/103/103 184/184/184 185/185/185
f 103/103/103 185/185/185 104/104/104
f 104/104/104 185/185/185 186/186/186
f 104/104/104 186/186/186 105/105/105
f 105/105/105 186/186/186 187/187/187
f 105/105/105 187/187/187 106/106/106
f 106/106/106 187/187/187 188/188/188
f 106/106/106 188/188/188 107/107/107
f 107/107/107 188/188/188 189/189/189
f 107/107/107 189/189/189 108/108/108
f 108/108/108 189/189/189 190/190/190
f 108/108/108 190/190/190 109/109/109
f 109/109/109 190/190/190 191/191/191
f 109/109/109 191/191/191 110/110/110
f 110/110/110 191/191/191 192/192/192
f 110/110/110 192/192/192 111/111/111
f 111/111/111 192/192/192 193/193/193
f 111/111/111 193/193/193 112/112/112
f 112/112/112 193/193/193 194/194/194
f 112/112/112 194/194/194 113/113/113
f 113/113/113 194/194/194 195/195/195
f 113/113/113 195/195/195 114/114/114
f 114/114/114 195/195/195 196/196/196
f 114/114/114 196/196/196 115/115/115
f 115/115/115 196/196/196 197/197/197
f 115/115/115 197/197/197 116/116/116
f 116/116/116 197/197/197 198/198/198
f 116/116/116 198/198/198 117/117/117
f 117/117/117 198/198/198 199/199/199
f 117/117/117 199/199/199 118/118/118
f 118/118/118 199/199/199 200/200/200
f 118/118/118 200/200/200 119/119/119
f 119/119/119 200/200/200 201/201/201
f 119/119/119 201/201/201 120/120/120
f 120/120/120 201/201/201 202/202/202
f 120/120/120 202/202/202 121/121/121
f 121/121/121 202/202/202 203/203/203
f 121/121/121 203/203/203 122/122/122
f 122/122/122 203/203/203 204/204/204
f 122/122/122 204/204/204 123/123/123
f 123/123/123 204/204/204 205/205/205
f 123/123/123 205/205/205 124/124/124
f 124/124/124 205/205/205 206/206/206
f 124/124/124 206/206/206 125/125/125
f 125/125/125 206/206/206 207/207/207
f 125/125/125 207/207/207 126/126/126
f 126/126/126 207/207/207 208/208/208
f 126/126/126 208/208/208 127/127/127
f 127/127/127 208/208/208 209/209/209
f 127/127/127 209/209/209 128/128/128
f 128/128/128 209/209/209 210/210/210
f 128/128/128 210/210/210 129/129/129
f 129/129/129 210/210/210 211/211/211
f 129/129/129 211/211/211 130/130/130
f 130/130/130 211/211/211 212/212/212
f 130/130/130 212/212/212 131/131/131
f 131/131/131 212/212/212 213/213/213
f 131/131/131 213/213/213 132/132/132
f 132/132/132 213/213/213 214/214/214
f 132/132/132 214/214/214 133/133/133
f 133/133/133 214/214/214 215/215/215
f 133/133/133 215/215/215 134/134/134
f 134/134/134 215/215/215 216/216/216
f 134/134/134 216/216/216 135/135/135
f 135/135/135 216/216/216 217/217/217
f 135/135/135 217/217/217 136/136/136
f 136/136/136 217/217/217 218/218/218
f 136/136/136 218/218/218 137/137/137
f 137/137/137 218/218/218 219/219/219
f 137/137/137 219/219/219 138/138/138
f 138/138/138 219/219/219 220/220/220
f 138/138/138 220/220/220 139/139/139
f 139/139/139 220/220/220 221/221/221
f 139/139/139 221/221/221 140/140/140
f 140/140/140 221/221/221 222/222/222
f 140/140/140 222/222/222 141/141/141
f 141/141/141 222/222/222 223/223/223
f 141/141/141 223/223/223 142/142/142
f 142/142/142 223/223/223 224/224/224
f 142/142/142 224/224/224 143/143/143
f 143/143/143 224/224/224 225/225/225
f 143/143/143 225/225/225 144/144/144
f 144/144/144 225/225/225 226/226/226
f 144/144/144 226/226/226 145/145/145
f 145/145/145 226/226/226 227/227/227
f 145/145/145 227/227/227 146/146/146
f 146/146/146 227/227/227 228/228/228
f 146/146/146 228/228/228 147/147/147
f 147/147/147 228/228/228 229/229/229
f 147/147/147 229/229/229 148/148/148
f 148/148/148 229/229/229 230/230/230
f 148/148/148 230/230/230 149/149/149
f 149/149/149 230/230/230 231/231/231
f 149/149/149 231/231/231 150/150/150
f 150/150/150 231/231/231 232/232/232
f 150/150/150 232/232/232 151/151/151
f 151/151/151 232/232/232 233/233/233
f 151/151/151 233/233/233 152/152/152
f 152/152/152 233/233/233 234/234/234
f 152/152/152 234/234/234 153/153/153
f 153/153/153 234/234/234 235/235/235
f 153/153/153 235/235/235 154/154/154
f 154/154/154 235/235/235 236/236/236
f 154/154/154 236/236/236 155/155/155
f 155/155/155 236/236/236 237/237/237
f 155/155/155 237/237/237 156/156/156
f 156/156/156 237/237/237 238/238/238
f 156/156/156 238/238/238 157/157/157
f 157/157/157 238/238/238 239/239/239
f 157/157/157 239/239/239 158/158/158
f 158/158/158 239/239/239 240/240/240
f 158/158/158 240/240/240 159/159/159
f 159/159/159 240/240/240 241/241/241
f 159/159/159 241/241/241 160/160/160
f 160/160/160 241/241/241 242/242/242
f 160/160/160 242/242/242 161/161/161
f 161/161/161 242/242/242 243/243/243
f 161/161/161 243/243/243 162/162/162
f 163/163/163 244/244/244 245/245/245
f 163/163/163 245/245/245 164/164/164
f 164/164/164 245/245/245 246/246/246
f 164/164/164 246/246/246 165/165/165
f 165/165/165 246/246/246 247/247/247
f 165/165/165 247/247/247 166/166/166
f 166/166/166 247/247/247 248/248/248
f 166/166/166 248/248/248 167/167/167
f 167/167/167 248/248/248 249/249/249
f 167/167/167 249/249/249 168/168/168
f 168/168/168 249/249/249 250/250/250
f 168/168/168 250/250/250 169/169/169
f 169/169/169 250/250/250 251/251/251
f 169/169/169 251/251/251 170/170/170
f 170/170/170 251/251/251 252/252/252
f 170/170/170 252/252/252 171/171/171
f 171/171/171 252/252/252 253/253/253
f 171/171/171 253/253/253 172/172/172
f 172/172/172 253/253/253 254/254/254
f 172/172/172 254/254/254 173/173/173
f 173/173/173 254/254/254 255/255/255
f 173/173/173 255/255/255 174/174/174
f 174/174/174 255/255/255 256/256/256
f 174/174/174 256/256/256 175/175/175
f 175/175/175 256/256/256 257/257/257
f 175/175/175 257/257/257 176/176/176
f 176/176/176 257/257/257 258/258/258
f 176/176/176 258/258/258 177/177/177
f 177/177/177 258/258/258 259/259/259
f 177/177/177 259/259/259 178/178/178
f 178/178/178 259/259/259 260/260/260
f 178/178/178 260/260/260 179/179/179
f 179/179/179 260/260/260 261/261/261
f 179/179/179 261/261/261 180/180/180
f 180/180/180 261/261/261 262/262/262
f 180/180/180 262/262/262 181/181/181
f 181/181/181 262/262/262 263/263/263
f 181/181/181 263/263/263 182/182/182
f 182/182/182 263/263/263 264/264/264
f 182/182/182 264/264/264 183/183/183
f 183/183/183 264/264/264 265/265/265
f 183/183/183 265/265/265 184/184/184
f 184/184/184 265/265/265 266/266/266
f 184/184/184 266/266/266 185/185/185
f 185/185/185 266/266/266 267/267/267
f 185/185/185 267/267/267 186/186/186
f 186/186/186 267/267/267 268/268/268
f 186/186/186 268/268/268 187/187/187
f 187/187/187 268/268/268 269/269/269
f 187/187/187 269/269/269 188/188/188
f 188/188/188 269/269/269 270/270/270
f 188/188/188 270/270/270 189/189/189
f 189/189/189 270/270/270 271/271/271
f 189/189/189 271/271/271 190/190/190
f 190/190/190 271/271/271 272/272/272
f 190/190/190 272/272/272 191/191/191
f 191/191/191 272/272/272 273/273/273
f 191/191/191 273/273/273 192/192/192
f 192/192/192 273/273/273 274/274/274
f 192/192/192 274/274/274 193/193/193
f 193/193/193 274/274/274 275/275/275
f 193/193/193 275/275/275 194/194/194
f 194/194/194 275/275/275 276/276/276
f 194/194/194 276/276/276 195/195/195
f 195/195/195 276/276/276 277/277/277
f 195/195/195 277/277/277 196/196/196
f 196/196/196 277/277/277 278/278/278
f 196/196/196 278/278/278 197/197/197
f 197/197/197 278/278/278 279/279/279
f 197/197/197 279/279/279 198/198/198
f 198/198/198 279/279/279 280/280/280
f 198/198/198 280/280/280 199/199/199
f 199/199/199 280/280/280 281/281/281
f 199/199/199 281/281/281 200/200/200
f 200/200/200 281/281/281 282/282/282
f 200/200/200 282/282/282 201/201/201
f 201/201/201 282/282/282 283/283/283
f 201/201/201 283/283/283 202/202/202
f 202/202/202 283/283/283 284/284/284
f 202/202/202 284/284/284 203/203/203
f 203/203/203 284/284/284 285/285/285
f 203/203/203 285/285/285 204/204/204
f 204/204/204 285/285/285 286/286/286
f 204/204/204 286/286/286 205/205/205
f 205/205/205 286/286/286 287/287/287
f 205/205/205 287/287/287 206/206/206
f 206/206/206 287/287/287 288/288/288
f 206/206/206 288/288/288 207/207/207
f 207/207/207 288/288/288 289/289/289
f 207/207/207 289/289/289 208/208/208
f 208/208/208 289/289/289 290/290/290
f 208/208/208 290/290/290 209/209/209
f 209/209/209 290/290/290 291/291/291
f 209/209/209 291/291/291 210/210/210
f 210/210/210 291/291/291 292/292/292
f 210/210/210 292/292/292 211/211/211
f 211/211/211 292/292/292 293/293/293
f 211/211/211 293/293/293 212/212/212
f 212/212/212 293/293/293 294/294/294
f 212/212/212 294/294/294 213/213/213
f 213/213/213 294/294/294 295/295/295
f 213/213/213 295/295/295 214/214/214
f 214/214/214 295/295/295 296/296/296
f 214/214/214 296/296/296 215/215/215
f 215/215/215 296/296/296 297/297/297
f 215/215/215 297/297/297 216/216/216
f 216/216/216 297/297/297 298/298/298
f 216/216/216 298/298/298 217/217/217
f 217/217/217 298/298/298 299/299/299
f 217/217/217 299/299/299 218/218/218
f 218/218/218 299/299/299 300/300/300
f 218/218/218 300/300/300 219/219/219
f 219/219/219 300/300/300 301/301/301
f 219/219/219 301/301/301 220/220/220
f 220/220/220 301/301/301 302/302/302
f 220/220/220 302/302/302 221/221/221
f 221/221/221 302/302/302 303/303/303
f 221/221/221 303/303/303 222/222/222
f 222/222/222 303/303/303 304/304/304
f 222/222/222 304/304/304 223/223/223
f 223/223/223 304/304/304 305/305/305
f 223/223/223 305/305/305 224/224/224
f 224/224/224 305/305/305 306/306/306
f 224/224/224 306/306/306 225/225/225
f 225/225/225 306/306/306 307/307/307
f 225/225/225 307/307/307 226/226/226
f 226/226/226 307/307/307 308/308/308
f 226/226/226 308/308/308 227/227/227
f 227/227/227 308/308/308 309/309/309
f 227/227/227 309/309/309 228/228/228
f 228/228/228 309/309/309 310/310/310
f 228/228/228 310/310/310 229/229/229
f 229/229/229 310/310/310 311/311/311
f 229/229/229 311/311/311 230/230/230
f 230/230/230 311/311/311 312/312/312
f 230/230/230 312/312/312 231/231/231
f 231/231/231 312/312/312 313/313/313
f 231/231/231 313/313/313 232/232/232
f 232/232/232 313/313/313 314/314/314
f 232/232/232 314/314/314 233/233/233
f 233/233/233 314/314/314 315/315/315
f 233/233/233 315/315/315 234/234/234
f 234/234/234 315/315/315 316/316/316
f 234/234/234 316/316/316 235/235/235
f 235/235/235 316/316/316 317/317/317
f 235/235/235 317/317/317 236/236/236
f 236/236/236 317/317/317 318/318/318
f 236/236/236 318/318/318 237/237/237
f 237/237/237 318/318/318 319/319/319
f 237/237/237 319/319/319 238/238/238
f 238/238/238 319/319/319 320/320/320
f 238/238/238 320/320/320 239/239/239
f 239/239/239 320/320/320 321/321/321
f 239/239/239 321/321/321 240/240/240
f 240/240/240 321/321/321 322/322/322
f 240/240/240 322/322/322 241/241/241
f 241/241/241 322/322/322 323/323/323
f 241/241/241 323/323/323 242/242/242
f 242/242/242 323/323/323 324/324/324
f 242/242/242 324/324/324 243/243/243
f 244/244/244 325/325/325 326/326/326
f 244/244/244 326/326/326 245/245/245
f 245/245/245 326/326/326 327/327/327
f 245/245/245 327/327/327 246/246/246
f 246/246/246 327/327/327 328/328/328
f 246/246/246 328/328/328 247/247/247
f 247/247/247 328/328/328 329/329/329
f 247/247/247 329/329/329 248/248/248
f 248/248/248 329/329/329 330/330/330
f 248/248/248 330/330/330 249/249/249
f 249/249/249 330/330/330 331/331/331
f 249/249/249 331/331/331 250/250/250
f 250/250/250 331/331/331 332/332/332
f 250/250/250 332/332/332 251/251/251
f 251/251/251 332/332/332 333/333/333
f 251/251/251 333/333/333 252/252/252
f 252/252/252 333/333/333 334/334/334
f 252/252/252 334/334/334 253/253/253
f 253/253/253 334/334/334 335/335/335
f 253/253/253 335/335/335 254/254/254
f 254/254/254 335/335/335 336/336/336
f 254/254/254 336/336/336 255/255/255
f 255/255/255 336/336/336 337/337/337
f 255/255/255 337/337/337 256/256/256
f 256/256/256 337/337/337 338/338/338
f 256/256/256 338/338/338 257/257/257
f 257/257/257 338/338/338 339/339/339
f 257/257/257 339/339/339 258/258/258
f 258/258/258 339/339/339 340/340/340
f 258/258/258 340/340/340 259/259/259
f 259/259/259 340/340/340 341/341/341
f 259/259/259 341/341/341 260/260/260
f 260/260/260 341/341/341 342/342/342
f 260/260/260 342/342/342 261/261/261
f 261/261/261 342/342/342 343/343/343
f 261/261/261 343/343/343 262/262/262
f 262/262/262 343/343/343 344/344/344
f 262/262/262 344/344/344 263/263/263
f 263/263/263 344/344/344 345/345/345
f 263/263/263 345/345/345 264/264/264
f 264/264/264 345/345/345 346/346/346
f 264/264/264 346/346/346 265/265/265
f 265/265/265 346/346/346 347/347/347
f 265/265/265 347/347/347 266/266/266
f 266/266/266 347/347/347 348/348/348
f 266/266/266 348/348/348 267/267/267
f 267/267/267 348/348/348 349/349/349
f 267/267/267 349/349/349 268/268/268
f 268/268/268 349/349/349 350/350/350
f 268/268/268 350/350/350 269/269/269
f 269/269/269 350/350/350 351/351/351
f 269/269/269 351/351/351 270/270/270
f 270/270/270 351/351/351 352/352/352
f 270/270/270 352/352/352 271/271/271
f 271/271/271 352/352/352 353/353/353
f 271/271/271 353/353/353 272/272/272
f 272/272/272 353/353/353 354/354/354
f 272/272/272 354/354/354 273/273/273
f 273/273/273 354/354/354 355/355/355
f 273/273/273 355/355/355 274/274/274
f 274/274/274 355/355/355 356/356/356
f 274/274/274 356/356/356 275/275/275
f 275/275/275 356/356/356 357/357/357
f 275/275/275 357/357/357 276/276/276
f 276/276/276 357/357/357 358/358/358
f 276/276/276 358/358/358 277/277/277
f 277/277/277 358/358/358 359/359/359
f 277/277/277 359/359/359 278/278/278
f 278/278/278 359/359/359 360/360/360
f 278/278/278 360/360/360 279/279/279
f 279/279/279 360/360/360 361/361/361
f 279/279/279 361/361/361 280/280/280
f 280/280/280 361/361/361 362/362/362
f 280/280/280 362/362/362 281/281/281
f 281/281/281 362/362/362 363/363/363
f 281/281/281 363/363/363 282/282/282
f 282/282/282 363/363/363 364/364/364
f 282/282/282 364/364/364 283/283/283
f 283/283/283 364/364/364 365/365/365
f 283/283/283 365/365/365 284/284/284
f 284/284/284 365/365/365 366/366/366
f 284/284/284 366/366/366 285/285/285
f 285/285/285 366/366/366 367/367/367
f 285/285/285 367/367/367 286/286/286
f 286/286/286 367/367/367 368/368/368
f 286/286/286 368/368/368 287/287/287
f 287/287/287 368/368/368 369/369/369
f 287/287/287 369/369/369 288/288/288
f 288/288/288 369/369/369 370/370/370
f 288/288/288 370/370/370 289/289/289
f 289/289/289 370/370/370 371/371/371
f 289/289/289 371/371/371 290/290/290
f 290/290/290 371/371/371 372/372/372
f 290/290/290 372/372/372 291/291/291
f 291/291/291 372/372/372 373/373/373
f 291/291/291 373/373/373 292/292/292
f 292/292/292 373/373/373 374/374/374
f 292/292/292 374/374/374 293/293/293
f 293/293/293 374/374/374 375/375/375
f 293/293/293 375/375/375 294/294/294
f 294/294/294 375/375/375 376/376/376
f 294/294/294 376/376/376 295/295/295
f 295/295/295 376/376/376 377/377/377
f 295/295/295 377/377/377 296/296/296
f 296/296/296 377/377/377 378/378/378
f 296/296/296 378/378/378 297/297/297
f 297/297/297 378/378/378 379/379/379
f 297/297/297 379/379/379 298/298/298
f 298/298/298 379/379/379 380/380/380
f 298/298/298 380/380/380 299/299/299
f 299/299/299 380/380/380 381/381/381
f 299/299/299 381/381/381 300/300/300
f 300/300/300 381/381/381 382/382/382
f 300/300/300 382/382/382 301/301/301
f 301/301/301 382/382/382 383/383/383
f 301/301/301 383/383/383 302/302/302
f 302/302/302 383/383/383 384/384/384
f 302/302/302 384/384/384 303/303/303
f 303/303/303 384/384/384 385/385/385
f 303/303/303 385/385/385 304/304/304
f 304/304/304 385/385/385 386/386/386
f 304/304/304 386/386/386 305/305/305
f 305/305/305 386/386/386 387/387/387
f 305/305/305 387/387/387 306/306/306
f 306/306/306 387/387/387 388/388/388
f 306/306/306 388/388/388 307/307/307
f 307/307/307 388/388/388 389/389/389
f 307/307/307 389/389/389 308/308/308
f 308/308/308 389/389/389 390/390/390
f 308/308/308 390/390/390 309/309/309
f 309/309/309 390/390/390 391/391/391
f 309/309/309 391/391/391 310/310/310
f 310/310/310 391/391/391 392/392/392
f 310/310/310 392/392/392 311/311/311
f 311/311/311 392/392/392 393/393/393
f 311/311/311 393/393/393 312/312/312
f 312/312/312 393/393/393 394/394/394
f 312/312/312 394/394/394 313/313/313
f 313/313/313 394/394/394 395/395/395
f 313/313/313 395/395/395 314/314/314
f 314/314/314 395/395/395 396/396/396
f 314/314/314 396/396/396 315/315/315
f 315/315/315 396/396/396 397/397/397
f 315/315/315 397/397/397 316/316/316
f 316/316/316 397/397/397 398/398/398
f 316/316/316 398/398/398 317/317/317
f 317/317/317 398/398/398 399/399/399
f 317/317/317 399/399/399 318/318/318
f 318/318/318 399/399/399 400/400/400
f 318/318/318 400/400/400 319/319/319
f 319/319/319 400/400/400 401/401/401
f 319/319/319 401/401/401 320/320/320
f 320/320/320 401/401/401 402/402/402
f 320/320/320 402/402/402 321/321/321
f 321/321/321 402/402/402 403/403/403
f 321/321/321 403/403/403 322/322/322
f 322/322/322 403/403/403 404/404/404
f 322/322/322 404/404/404 323/323/323
f 323/323/323 404/404/404 405/405/405
f 323/323/323 405/405/405 324/324/324
f 325/325/325 406/406/406 407/407/407
f 325/325/325 407/407/407 326/326/326
f 326/326/326 407/407/407 408/408/408
f 326/326/326 408/408/408 327/327/327
f 327/327/327 408/408/408 409/409/409
f 327/327/327 409/409/409 328/328/328
f 328/328/328 409/409/409 410/410/410
f 328/328/328 410/410/410 329/329/329
f 329/329/329 410/410/410 411/411/411
f 329/329/329 411/411/411 330/330/330
f 330/330/330 411/411/411 412/412/412
f 330/330/330 412/412/412 331/331/331
f 331/331/331 412/412/412 413/413/413
f 331/331/331 413/413/413 332/332/332
f 332/332/332 413/413/413 414/414/414
f 332/332/332 414/414/414 333/333/333
f 333/333/333 414/414/414 415/415/415
f 333/333/333 415/415/415 334/334/334
f 334/334/334 415/415/415 416/416/416
f 334/334/334 416/416/416 335/335/335
f 335/335/335 416/416/416 417/417/417
f 335/335/335 417/417/417 336/336/336
f 336/336/336 417/417/417 418/418/418
f 336/336/336 418/418/418 337/337/337
f 337/337/337 418/418/418 419/419/419
f 337/337/337 419/419/419 338/338/338
f 338/338/338 419/419/419 420/420/420
f 338/338/338 420/420/420 339/339/339
f 339/339/339 420/420/420 421/421/421
f 339/339/339 421/421/421 340/340/340
f 340/340/340 421/421/421 422/422/422
f 340/340/340 422/422/422 341/341/341
f 341/341/341 422/422/422 423/423/423
f 341/341/341 423/423/423 342/342/342
f 342/342/342 423/423/423 424/424/424
f 342/342/342 424/424/424 343/343/343
f 343/343/343 424/424/424 425/425/425
f 343/343/343 425/425/425 344/344/344
f 344/344/344 425/425/425 426/426/426
f 344/344/344 426/426/426 345/345/345
f 345/345/345 426/426/426 427/427/427
f 345/345/345 427/427/427 346/346/346
f 346/346/346 427/427/427 428/428/428
f 346/346/346 428/428/428 347/347/347
f 347/347/347 428/428/428 429/429/429
f 347/347/347 429/429/429 348/348/348
f 348/348/348 429/429/429 430/430/430
f 348/348/348 430/430/430 349/349/349
f 349/349/349 430/430/430 431/431/431
f 349/349/349 431/431/431 350/350/350
f 350/350/350 431/431/431 432/432/432
f 350/350/350 432/432/432 351/351/351
f 351/351/351 432/432/432 433/433/433
f 351/351/351 433/433/433 352/352/352
f 352/352/352 433/433/433 434/434/434
f 352/352/352 434/434/434 353/353/353
f 353/353/353 434/434/434 435/435/435
f 353/353/353 435/435/435 354/354/354
f 354/354/354 435/435/435 436/436/436
f 354/354/354 436/436/436 355/355/355
f 355/355/355 436/436/436 437/437/437
f 355/355/355 437/437/437 356/356/356
f 356/356/356 437/437/437 438/438/438
f 356/356/356 438/438/438 357/357/357
f 357/357/357 438/438/438 439/439/439
f 357/357/357 439/439/439 358/358/358
f 358/358/358 439/439/439 440/440/440
f 358/358/358 440/440/440 359/359/359
f 359/359/359 440/440/440 441/441/441
f 359/359/359 441/441/441 360/360/360
f 360/360/360 441/441/441 442/442/442
f 360/360/360 442/442/442 361/361/361
f 361/361/361 442/442/442 443/443/443
f 361/361/361 443/443/443 362/362/362
f 362/362/362 443/443/443 444/444/444
f 362/362/362 444/444/444 363/363/363
f 363/363/363 444/444/444 445/445/445
f 363/363/363 445/445/445 364/364/364
f 364/364/364 445/445/445 446/446/446
f 364/364/364 446/446/446 365/365/365
f 365/365/365 446/446/446 447/447/447
f 365/365/365 447/447/447 366/366/366
f 366/366/366 447/447/447 448/448/448
f 366/366/366 448/448/448 367/367/367
f 367/367/367 448/448/448 449/449/449
f 367/367/367 449/449/449 368/368/368
f 368/368/368 449/449/449 450/450/450
f 368/368/368 450/450/450 369/369/369
f 369/369/369 450/450/450 451/451/451
f 369/369/369 451/451/451 370/370/370
f 370/370/370 451/451/451 452/452/452
f 370/370/370 452/452/452 371/371/371
f 371/371/371 452/452/452 453/453/453
f 371/371/371 453/453/453 372/372/372
f 372/372/372 453/453/453 454/454/454
f 372/372/372 454/454/454 373/373/373
f 373/373/373 454/454/454 455/455/455
f 373/373/373 455/455/455 374/374/374
f 374/374/374 455/455/455 456/456/456
f 374/374/374 456/456/456 375/375/375
f 375/375/375 456/456/456 457/457/457
f 375/375/375 457/457/457 376/376/376
f 376/376/376 457/457/457 458/458/458
f 376/376/376 458/458/458 377/377/377
f 377/377/377 458/458/458 459/459/459
f 377/377/377 459/459/459 378/378/378
f 378/378/378 459/459/459 460/460/460
f 378/378/378 460/460/460 379/379/379
f 379/379/379 460/460/460 461/461/461
f 379/379/379 461/461/461 380/380/380
f 380/380/380 461/461/461 462/462/462
f 380/380/380 462/462/462 381/381/381
f 381/381/381 462/462/462 463/463/463
f 381/381/381 463/463/463 382/382/382
f 382/382/382 463/463/463 464/464/464
f 382/382/382 464/464/464 383/383/383
f 383/383/383 464/464/464 465/465/465
f 383/383/383 465/465/465 384/384/384
f 384/384/384 465/465/465 466/466/466
f 384/384/384 466/466/466 385/385/385
f 385/385/385 466/466/466 467/467/467
f 385/385/385 467/467/467 386/386/386
f 386/386/386 467/467/467 468/468/468
f 386/386/386 468/468/468 387/387/387
f 387/387/387 468/468/468 469/469/469
f 387/387/387 469/469/469 388/388/388
f 388/388/388 469/469/469 470/470/470
f 388/388/388 470/470/470 389/389/389
f 389/389/389 470/470/470 471/471/471
f 389/389/389 471/471/471 390/390/390
f 390/390/390 471/471/471 472/472/472
f 390/390/390 472/472/472 391/391/391
f 391/391/391 472/472/472 473/473/473
f 391/391/391 473/473/473 392/392/392
f 392/392/392 473/473/473 474/474/474
f 392/392/392 474/474/474 393/393/393
f 393/393/393 474/474/474 475/475/475
f 393/393/393 475/475/475 394/394/394
f 394/394/394 475/475/475 476/476/476
f 394/394/394 476/476/476 395/395/395
f 395/395/395 476/476/476 477/477/477
f 395/395/395 477/477/477 396/396/396
f 396/396/396 477/477/477 478/478/478
f 396/396/396 478/478/478 397/397/397
f 397/397/397 478/478/478 479/479/479
f 397/397/397 479/479/479 398/398/398
f 398/398/398 479/479/479 480/480/480
f 398/398/398 480/480/480 399/399/399
f 399/399/399 480/480/480 481/481/481
f 399/399/399 481/481/481 400/400/400
f 400/400/400 481/481/481 482/482/482
f 400/400/400 482/482/482 401/401/401
f 401/401/401 482/482/482 483/483/483
f 401/401/401 483/483/483 402/402/402
f 402/402/402 483/483/483 484/484/484
f 402/402/402 484/484/484 403/403/403
f 403/403/403 484/484/484 485/485/485
f 403/403/403 485/485/485 404/404/404
f 404/404/404 485/485/485 486/486/486
f 404/404/404 486/486/486 405/405/405
f 406/406/406 487/487/487 488/488/488
f 406/406/406 488/488/488 407/407/407
f 407/407/407 488/488/488 489/489/489
f 407/407/407 489/489/489 408/408/408
f 408/408/408 489/489/489 490/490/490
f 408/408/408 490/490/490 409/409/409
f 409/409/409 490/490/490 491/491/491
f 409/409/409 491/491/491 410/410/410
f 410/410/410 491/491/491 492/492/492
f 410/410/410 492/492/492 411/411/411
f 411/411/411 492/492/492 493/493/493
f 411/411/411 493/493/493 412/412/412
f 412/412/412 493/493/493 494/494/494
f 412/412/412 494/494/494 413/413/413
f 413/413/413 494/494/494 495/495/495
f 413/413/413 495/495/495 414/414/414
f 414/414/414 495/495/495 496/496/496
f 414/414/414 496/496/496 415/415/415
f 415/415/415 496/496/496 497/497/497
f 415/415/415 497/497/497 416/416/416
f 416/416/416 497/497/497 498/498/498
f 416/416/416 498/498/498 417/417/417
f 417/417/417 498/498/498 499/499/499
f 417/417/417 499/499/499 418/418/418
f 418/418/418 499/499/499 500/500/500
f 418/418/418 500/500/500 419/419/419
f 419/419/419 500/500/500 501/501/501
f 419/419/419 501/501/501 420/420/420
f 420/420/420 501/501/501 502/502/502
f 420/420/420 502/502/502 421/421/421
f 421/421/421 502/502/502 503/503/503
f 421/421/421 503/503/503 422/422/422
f 422/422/422 503/503/503 504/504/504
f 422/422/422 504/504/504 423/423/423
f 423/423/423 504/504/504 505/505/505
f 423/423/423 505/505/505 424/424/424
f 424/424/424 505/505/505 506/506/506
f 424/424/424 506/506/506 425/425/425
f 425/425/425 506/506/506 507/507/507
f 425/425/425 507/507/507 426/426/426
f 426/426/426 507/507/507 508/508/508
f 426/426/426 508/508/508 427/427/427
f 427/427/427 508/508/508 509/509/509
f 427/427/427 509/509/509 428/428/428
f 428/428/428 509/509/509 510/510/510
f 428/428/428 510/510/510 429/429/429
f 429/429/429 510/510/510 511/511/511
f 429/429/429 511/511/511 430/430/430
f 430/430/430 511/511/511 512/512/512
f 430/430/430 512/512/512 431/431/431
f 431/431/431 512/512/512 513/513/513
f 431/431/431 513/513/513 432/432/432
f 432/432/432 513/513/513 514/514/514
f 432/432/432 514/514/514 433/433/433
f 433/433/433 514/514/514 515/515/515
f 433/433/433 515/515/515 434/434/434
f 434/434/434 515/515/515 516/516/516
f 434/434/434 516/516/516 435/435/435
f 435/435/435 516/516/516 517/517/517
f 435/435/435 517/517/517 436/436/436
f 436/436/436 517/517/517 518/518/518
f 436/436/436 518/518/518 437/437/437
f 437/437/437 518/518/518 519/519/519
f 437/437/437 519/519/519 438/438/438
f 438/438/438 519/519/519 520/520/520
f 438/438/438 520/520/520 439/439/439
f 439/439/439 520/520/520 521/521/521
f 439/439/439 521/521/521 440/440/440
f 440/440/440 521/521/521 522/522/522
f 440/440/440 522/522/522 441/441/441
f 441/441/441 522/522/522 523/523/523
f 441/441/441 523/523/523 442/442/442
f 442/442/442 523/523/523 524/524/524
f 442/442/442 524/524/524 443/443/443
f 443/443/443 524/524/524 525/525/525
f 443/443/443 525/525/525 444/444/444
f 444/444/444 525/525/525 526/526/526
f 444/444/444 526/526/526 445/445/445
f 445/445/445 526/526/526 527/527/527
f 445/445/445 527/527/527 446/446/446
f 446/446/446 527/527/527 528/528/528
f 446/446/446 528/528/528 447/447/447
f 447/447/447 528/528/528 529/529/529
f 447/447/447 529/529/529 448/448/448
f 448/448/448 529/529/529 530/530/530
f 448/448/448 530/530/530 449/449/449
f 449/449/449 530/530/530 531/531/531
f 449/449/449 531/531/531 450/450/450
f 450/450/450 531/531/531 532/532/532
f 450/450/450 532/532/532 451/451/451
f 451/451/451 532/532/532 533/533/533
f 451/451/451 533/533/533 452/452/452
f 452/452/452 533/533/533 534/534/534
f 452/452/452 534/534/534 453/453/453
f 453/453/453 534/534/534 535/535/535
f 453/453/453 535/535/535 454/454/454
f 454/454/454 535/535/535 536/536/536
f 454/454/454 536/536/536 455/455/455
f 455/455/455 536/536/536 537/537/537
f 455/455/455 537/537/537 456/456/456
f 456/456/456 537/537/537 538/538/538
f 456/456/456 538/538/538 457/457/457
f 457/457/457 538/538/538 539/539/539
f 457/457/457 539/539/539 458/458/458
f 458/458/458 539/539/539 540/540/540
f 458/458/458 540/540/540 459/459/459
f 459/459/459 540/540/540 541/541/541
f 459/459/459 541/541/541 460/460/460
f 460/460/460 541/541/541 542/542/542
f 460/460/460 542/542/542 461/461/461
f 461/461/461 542/542/542 543/543/543
f 461/461/461 543/543/543 462/462/462
f 462/462/462 543/543/543 544/544/544
f 462/462/462 544/544/544 463/463/463
f 463/463/463 544/544/544 545/545/545
f 463/463/463 545/545/545 464/464/464
f 464/464/464 545/545/545 546/546/546
f 464/464/464 546/546/546 465/465/465
f 465/465/465 546/546/546 547/547/547
f 465/465/465 547/547/547 466/466/466
f 466/466/466 547/547/547 548/548/548
f 466/466/466 548/548/548 467/467/467
f 467/467/467 548/548/548 549/549/549
f 467/467/467 549/549/549 468/468/468
f 468/468/468 549/549/549 550/550/550
f 468/468/468 550/550/550 469/469/469
f 469/469/469 550/550/550 551/551/551
f 469/469/469 551/551/551 470/470/470
f 470/470/470 551/551/551 552/552/552
f 470/470/470 552/552/552 471/471/471
f 471/471/471 552/552/552 553/553/553
f 471/471/471 553/553/553 472/472/472
f 472/472/472 553/553/553 554/554/554
f 472/472/472 554/554/554 473/473/473
f 473/473/473 554/554/554 555/555/555
f 473/473/473 555/555/555 474/474/474
f 474/474/474 555/555/555 556/556/556
f 474/474/474 556/556/556 475/475/475
f 475/475/475 556/556/556 557/557/557
f 475/475/475 557/557/557 476/476/476
f 476/476/476 557/557/557 558/558/558
f 476/476/476 558/558/558 477/477/477
f 477/477/477 558/558/558 559/559/559
f 477/477/477 559/559/559 478/478/478
f 478/478/478 559/559/559 560/560/560
f 478/478/478 560/560/560 479/479/479
f 479/479/479 560/560/560 561/561/561
f 479/479/479 561/561/561 480/480/480
f 480/480/480 561/561/561 562/562/562
f 480/480/480 562/562/562 481/481/481
f 481/481/481 562/562/562 563/563/563
f 481/481/481 563/563/563 482/482/482
f 482/482/482 563/563/563 564/564/564
f 482/482/482 564/564/564 483/483/483
f 483/483/483 564/564/564 565/565/565
f 483/483/483 565/565/565 484/484/484
f 484/484/484 565/565/565 566/566/566
f 484/484/484 566/566/566 485/485/485
f 485/485/485 566/566/566 567/567/567
f 485/485/485 567/567/567 486/486/486
f 487/487/487 568/568/568 569/569/569
f 487/487/487 569/569/569 488/488/488
f 488/488/488 569/569/569 570/570/570
f 488/488/488 570/570/570 489/489/489
f 489/489/489 570/570/570 571/571/571
f 489/489/489 571/571/571 490/490/490
f 490/490/490 571/571/571 572/572/572
f 490/490/490 572/572/572 491/491/491
f 491/491/491 572/572/572 573/573/573
f 491/491/491 573/573/573 492/492/492
f 492/492/492 573/573/573 574/574/574
f 492/492/492 574/574/574 493/493/493
f 493/493/493 574/574/574 575/575/575
f 493/493/493 575/575/575 494/494/494
f 494/494/494 575/575/575 576/576/576
f 494/494/494 576/576/576 495/495/495
f 495/495/495 576/576/576 577/577/577
f 495/495/495 577/577/577 496/496/496
f 496/496/496 577/577/577 578/578/578
f 496/496/496 578/578/578 497/497/497
f 497/497/497 578/578/578 579/579/579
f 497/497/497 579/579/579 498/498/498
f 498/498/498 579/579/579 580/580/580
f 498/498/498 580/580/580 499/499/499
f 499/499/499 580/580/580 581/581/581
f 499/499/499 581/581/581 500/500/500
f 500/500/500 581/581/581 582/582/582
f 500/500/500 582/582/582 501/501/501
f 501/501/501 582/582/582 583/583/583
f 501/501/501 583/583/583 502/502/502
f 502/502/502 583/583/583 584/584/584
f 502/502/502 584/584/584 503/503/503
f 503/503/503 584/584/584 585/585/585
f 503/503/503 585/585/585 504/504/504
f 504/504/504 585/585/585 586/586/586
f 504/504/504 586/586/586 505/505/505
f 505/505/505 586/586/586 587/587/587
f 505/505/505 587/587/587 506/506/506
f 506/506/506 587/587/587 588/588/588
f 506/506/506 588/588/588 507/507/507
f 507/507/507 588/588/588 589/589/589
f 507/507/507 589/589/589 508/508/508
f 508/508/508 589/589/589 590/590/590
f 508/508/508 590/590/590 509/509/509
f 509/509/509 590/590/590 591/591/591
f 509/509/509 591/591/591 510/510/510
f 510/510/510 591/591/591 592/592/592
f 510/510/510 592/592/592 511/511/511
f 511/511/511 592/592/592 593/593/593
f 511/511/511 593/593/593 512/512/512
f 512/512/512 593/593/593 594/594/594
f 512/512/512 594/594/594 513/513/513
f 513/513/513 594/594/594 595/595/595
f 513/513/513 595/595/595 514/514/514
f 514/514/514 595/595/595 596/596/596
f 514/514/514 596/596/596 515/515/515
f 515/515/515 596/596/596 597/597/597
f 515/515/515 597/597/597 516/516/516
f 516/516/516 597/597/597 598/598/598
f 516/516/516 598/598/598 517/517/517
f 517/517/517 598/598/598 599/599/599
f 517/517/517 599/599/599 518/518/518
f 518/518/518 599/599/599 600/600/600
f 518/518/518 600/600/600 519/519/519
f 519/519/519 600/600/600 601/601/601
f 519/519/519 601/601/601 520/520/520
f 520/520/520 601/601/601 602/602/602
f 520/520/520 602/602/602 521/521/521
f 521/521/521 602/602/602 603/603/603
f 521/521/521 603/603/603 522/522/522
f 522/522/522 603/603/603 604/604/604
f 522/522/522 604/604/604 523/523/523
f 523/523/523 604/604/604 605/605/605
f 523/523/523 605/605/605 524/524/524
f 524/524/524 605/605/605 606/606/606
f 524/524/524 606/606/606 525/525/525
f 525/525/525 606/606/606 607/607/607
f 525/525/525 607/607/607 526/526/526
f 526/526/526 607/607/607 608/608/608
f 526/526/526 608/608/608 527/527/527
f 527/527/527 608/608/608 609/609/609
f 527/527/527 609/609/609 528/528/528
f 528/528/528 609/609/609 610/610/610
f 528/528/528 610/610/610 529/529/529
f 529/529/529 610/610/610 611/611/611
f 529/529/529 611/611/611 530/530/530
f 530/530/530 611/611/611 612/612/612
f 530/530/530 612/612/612 531/531/531
f 531/531/531 612/612/612 613/613/613
f 531/531/531 613/613/613 532/532/532
f 532/532/532 613/613/613 614/614/614
f 532/532/532 614/614/614 533/533/533
f 533/533/533 614/614/614 615/615/615
f 533/533/533 615/615/615 534/534/534
f 534/534/534 615/615/615 616/616/616
f 534/534/534 616/616/616 535/535/535
f 535/535/535 616/616/616 617/617/617
f 535/535/535 617/617/617 536/536/536
f 536/536/536 617/617/617 618/618/618
f 536/536/536 618/618/618 537/537/537
f 537/537/537 618/618/618 619/619/619
f 537/537/537 619/619/619 538/538/538
f 538/538/538 619/619/619 620/620/620
f 538/538/538 620/620/620 539/539/539
f 539/539/539 620/620/620 621/621/621
f 539/539/539 621/621/621 540/540/540
f 540/540/540 621/621/621 622/622/622
f 540/540/540 622/622/622 541/541/541
f 541/541/541 622/622/622 623/623/623
f 541/541/541 623/623/623 542/542/542
f 542/542/542 623/623/623 624/624/624
f 542/542/542 624/624/624 543/543/543
f 543/543/543 624/624/624 625/625/625
f 543/543/543 625/625/625 544/544/544
f 544/544/544 625/625/625 626/626/626
f 544/544/544 626/626/626 545/545/545
f 545/545/545 626/626/626 627/627/627
f 545/545/545 627/627/627 546/546/546
f 546/546/546 627/627/627 628/628/628
f 546/546/546 628/628/628 547/547/547
f 547/547/547 628/628/628 629/629/629
f 547/547/547 629/629/629 548/548/548
f 548/548/548 629/629/629 630/630/630
f 548/548/548 630/630/630 549/549/549
f 549/549/549 630/630/630 631/631/631
f 549/549/549 631/631/631 550/550/550
f 550/550/550 631/631/631 632/632/632
f 550/550/550 632/632/632 551/551/551
f 551/551/551 632/632/632 633/633/633
f 551/551/551 633/633/633 552/552/552
f 552/552/552 633/633/633 634/634/634
f 552/552/552 634/634/634 553/553/553
f 553/553/553 634/634/634 635/635/635
f 553/553/553 635/635/635 554/554/554
f 554/554/554 635/635/635 636/636/636
f 554/554/554 636/636/636 555/555/555
f 555/555/555 636/636/636 637/637/637
f 555/555/555 637/637/637 556/556/556
f 556/556/556 637/637/637 638/638/638
f 556/556/556 638/638/638 557/557/557
f 557/557/557 638/638/638 639/639/639
f 557/557/557 639/639/639 558/558/558
f 558/558/558 639/639/639 640/640/640
f 558/558/558 640/640/640 559/559/559
f 559/559/559 640/640/640 641/641/641
f 559/559/559 641/641/641 560/560/560
f 560/560/560 641/641/641 642/642/642
f 560/560/560 642/642/642 561/561/561
f 561/561/561 642/642/642 643/643/643
f 561/561/561 643/643/643 562/562/562
f 562/562/562 643/643/643 644/644/644
f 562/562/562 644/644/644 563/563/563
f 563/563/563 644/644/644 645/645/645
f 563/563/563 645/645/645 564/564/564
f 564/564/564 645/645/645 646/646/646
f 564/564/564 646/646/646 565/565/565
f 565/565/565 646/646/646 647/647/647
f 565/565/565 647/647/647 566/566/566
f 566/566/566 647/647/647 648/648/648
f 566/566/566 648/648/648 567/567/567
f 568/568/568 649/649/649 650/650/650
f 568/568/568 650/650/650 569/569/569
f 569/569/569 650/650/650 651/651/651
f 569/569/569 651/651/651 570/570/570
f 570/570/570 651/651/651 652/652/652
f 570/570/570 652/652/652 571/571/571
f 571/571/571 652/652/652 653/653/653
f 571/571/571 653/653/653 572/572/572
f 572/572/572 653/653/653 654/654/654
f 572/572/572 654/654/654 573/573/573
f 573/573/573 654/654/654 655/655/655
f 573/573/573 655/655/655 574/574/574
f 574/574/574 655/655/655 656/656/656
f 574/574/574 656/656/656 575/575/575
f 575/575/575 656/656/656 657/657/657
f 575/575/575 657/657/657 576/576/576
f 576/576/576 657/657/657 658/658/658
f 576/576/576 658/658/658 577/577/577
f 577/577/577 658/658/658 659/659/659
f 577/577/577 659/659/659 578/578/578
f 578/578/578 659/659/659 660/660/660
f 578/578/578 660/660/660 579/579/579
f 579/579/579 660/660/660 661/661/661
f 579/579/579 661/661/661 580/580/580
f 580/580/580 661/661/661 662/662/662
f 580/580/580 662/662/662 581/581/581
f 581/581/581 662/662/662 663/663/663
f 581/581/581 663/663/663 582/582/582
f 582/582/582 663/663/663 664/664/664
f 582/582/582 664/664/664 583/583/583
f 583/583/583 664/664/664 665/665/665
f 583/583/583 665/665/665 584/584/584
f 584/584/584 665/665/665 666/666/666
f 584/584/584 666/666/666 585/585/585
f 585/585/585 666/666/666 667/667/667
f 585/585/585 667/667/667 586/586/586
f 586/586/586 667/667/667 668/668/668
f 586/586/586 668/668/668 587/587/587
f 587/587/587 668/668/668 669/669/669
f 587/587/587 669/669/669 588/588/588
f 588/588/588 669/669/669 670/670/670
f 588/588/588 670/670/670 589/589/589
f 589/589/589 670/670/670 671/671/671
f 589/589/589 671/671/671 590/590/590
f 590/590/590 671/671/671 672/672/672
f 590/590/590 672/672/672 591/591/591
f 591/591/591 672/672/672 673/673/673
f 591/591/591 673/673/673 592/592/592
f 592/592/592 673/673/673 674/674/674
f 592/592/592 674/674/674 593/593/593
f 593/593/593 674/674/674 675/675/675
f 593/593/593 675/675/675 594/594/594
f 594/594/594 675/675/675 676/676/676
f 594/594/594 676/676/676 595/595/595
f 595/595/595 676/676/676 677/677/677
f 595/595/595 677/677/677 596/596/596
f 596/596/596 677/677/677 678/678/678
f 596/596/596 678/678/678 597/597/597
f 597/597/597 678/678/678 679/679/679
f 597/597/597 679/679/679 598/598/598
f 598/598/598 679/679/679 680/680/680
f 598/598/598 680/680/680 599/599/599
f 599/599/599 680/680/680 681/681/681
f 599/599/599 681/681/681 600/600/600
f 600/600/600 681/681/681 682/682/682
f 600/600/600 682/682/682 601/601/601
f 601/601/601 682/682/682 683/683/683
f 601/601/601 683/683/683 602/602/602
f 602/602/602 683/683/683 684/684/684
f 602/602/602 684/684/684 603/603/603
f 603/603/603 684/684/684 685/685/685
f 603/603/603 685/685/685 604/604/604
f 604/604/604 685/685/685 686/686/686
f 604/604/604 686/686/686 605/605/605
f 605/605/605 686/686/686 687/687/687
f 605/605/605 687/687/687 606/606/606
f 606/606/606 687/687/687 688/688/688
f 606/606/606 688/688/688 607/607/607
f 607/607/607 688/688/688 689/689/689
f 607/607/607 689/689/689 608/608/608
f 608/608/608 689/689/689 690/690/690
f 608/608/608 690/690/690 609/609/609
f 609/609/609 690/690/690 691/691/691
f 609/609/609 691/691/691 610/610/610
f 610/610/610 691/691/691 692/692/692
f 610/610/610 692/692/692 611/611/611
f 611/611/611 692/692/692 693/693/693
f 611/611/611 693/693/693 612/612/612
f 612/612/612 693/693/693 694/694/694
f 612/612/612 694/694/694 613/613/613
f 613/613/613 694/694/694 695/695/695
f 613/613/613 695/695/695 614/614/614
f 614/614/614 695/695/695 696/696/696
f 614/614/614 696/696/696 615/615/615
f 615/615/615 696/696/696 697/697/697
f 615/615/615 697/697/697 616/616/616
f 616/616/616 697/697/697 698/698/698
f 616/616/616 698/698/698 617/617/617
f 617/617/617 698/698/698 699/699/699
f 617/617/617 699/699/699 618/618/618
f 618/618/618 699/699/699 700/700/700
f 618/618/618 700/700/700 619/619/619
f 619/619/619 700/700/700 701/701/701
f 619/619/619 701/701/701 620/620/620
f 620/620/620 701/701/701 702/702/702
f 620/620/620 702/702/702 621/621/621
f 621/621/621 702/702/702 703/703/703
f 621/621/621 703/703/703 622/622/622
f 622/622/622 703/703/703 704/704/704
f 622/622/622 704/704/704 623/623/623
f 623/623/623 704/704/704 705/705/705
f 623/623/623 705/705/705 624/624/624
f 624/624/624 705/705/705 706/706/706
f 624/624/624 706/706/706 625/625/625
f 625/625/625 706/706/706 707/707/707
f 625/625/625 707/707/707 626/626/626
f 626/626/626 707/707/707 708/708/708
f 626/626/626 708/708/708 627/627/627
f 627/627/627 708/708/708 709/709/709
f 627/627/627 709/709/709 628/628/628
f 628/628/628 709/709/709 710/710/710
f 628/628/628 710/710/710 629/629/629
f 629/629/629 710/710/710 711/711/711
f 629/629/629 711/711/711 630/630/630
f 630/630/630 711/711/711 712/712/712
f 630/630/630 712/712/712 631/631/631
f 631/631/631 712/712/712 713/713/713
f 631/631/631 713/713/713 632/632/632
f 632/632/632 713/713/713 714/714/714
f 632/632/632 714/714/714 633/633/633
f 633/633/633 714/714/714 715/715/715
f 633/633/633 715/715/715 634/634/634
f 634/634/634 715/715/715 716/716/716
f 634/634/634 716/716/716 635/635/635
f 635/635/635 716/716/716 717/717/717
f 635/635/635 717/717/717 636/636/636
f 636/636/636 717/717/717 718/718/718
f 636/636/636 718/718/718 637/637/637
f 637/637/637 718/718/718 719/719/719
f 637/637/637 719/719/719 638/638/638
f 638/638/638 719/719/719 720/720/720
f 638/638/638 720/720/720 639/639/639
f 639/639/639 720/720/720 721/721/721
f 639/639/639 721/721/721 640/640/640
f 640/640/640 721/721/721 722/722/722
f 640/640/640 722/722/722 641/641/641
f 641/641/641 722/722/722 723/723/723
f 641/641/641 723/723/723 642/642/642
f 642/642/642 723/723/723 724/724/724
f 642/642/642 724/724/724 643/643/643
f 643/643/643 724/724/724 725/725/725
f 643/643/643 725/725/725 644/644/644
f 644/644/644 725/725/725 726/726/726
f 644/644/644 726/726/726 645/645/645
f 645/645/645 726/726/726 727/727/727
f 645/645/645 727/727/727 646/646/646
f 646/646/646 727/727/727 728/728/728
f 646/646/646 728/728/728 647/647/647
f 647/647/647 728/728/728 729/729/729
f 647/647/647 729/729/729 648/648/648
f 649/649/649 730/730/730 731/731/731
f 649/649/649 731/731/731 650/650/650
f 650/650/650 731/731/731 732/732/732
f 650/650/650 732/732/732 651/651/651
f 651/651/651 732/732/732 733/733/733
f 651/651/651 733/733/733 652/652/652
f 652/652/652 733/733/733 734/734/734
f 652/652/652 734/734/734 653/653/653
f 653/653/653 734/734/734 735/735/735
f 653/653/653 735/735/735 654/654/654
f 654/654/654 735/735/735 736/736/736
f 654/654/654 736/736/736 655/655/655
f 655/655/655 736/736/736 737/737/737
f 655/655/655 737/737/737 656/656/656
f 656/656/656 737/737/737 738/738/738
f 656/656/656 738/738/738 657/657/657
f 657/657/657 738/738/738 739/739/739
f 657/657/657 739/739/739 658/658/658
f 658/658/658 739/739/739 740/740/740
f 658/658/658 740/740/740 659/659/659
f 659/659/659 740/740/740 741/741/741
f 659/659/659 741/741/741 660/660/660
f 660/660/660 741/741/741 742/742/742
f 660/660/660 742/742/742 661/661/661
f 661/661/661 742/742/742 743/743/743
f 661/661/661 743/743/743 662/662/662
f 662/662/662 743/743/743 744/744/744
f 662/662/662 744/744/744 663/663/663
f 663/663/663 744/744/744 745/745/745
f 663/663/663 745/745/745 664/664/664
f 664/664/664 745/745/745 746/746/746
f 664/664/664 746/746/746 665/665/665
f 665/665/665 746/746/746 747/747/747
f 665/665/665 747/747/747 666/666/666
f 666/666/666 747/747/747 748/748/748
f 666/666/666 748/748/748 667/667/667
f 667/667/667 748/748/748 749/749/749
f 667/667/667 749/749/749 668/668/668
f 668/668/668 749/749/749 750/750/750
f 668/668/668 750/750/750 669/669/669
f 669/669/669 750/750/750 751/751/751
f 669/669/669 751/751/751 670/670/670
f 670/670/670 751/751/751 752/752/752
f 670/670/670 752/752/752 671/671/671
f 671/671/671 752/752/752 753/753/753
f 671/671/671 753/753/753 672/672/672
f 672/672/672 753/753/753 754/754/754
f 672/672/672 754/754/754 673/673/673
f 673/673/673 754/754/754 755/755/755
f 673/673/673 755/755/755 674/674/674
f 674/674/674 755/755/755 756/756/756
f 674/674/674 756/756/756 675/675/675
f 675/675/675 756/756/756 757/757/757
f 675/675/675 757/757/757 676/676/676
f 676/676/676 757/757/757 758/758/758
f 676/676/676 758/758/758 677/677/677
f 677/677/677 758/758/758 759/759/759
f 677/677/677 759/759/759 678/678/678
f 678/678/678 759/759/759 760/760/760
f 678/678/678 760/760/760 679/679/679
f 679/679/679 760/760/760 761/761/761
f 679/679/679 761/761/761 680/680/680
f 680/680/680 761/761/761 762/762/762
f 680/680/680 762/762/762 681/681/681
f 681/681/681 762/762/762 763/763/763
f 681/681/681 763/763/763 682/682/682
f 682/682/682 763/763/763 764/764/764
f 682/682/682 764/764/764 683/683/683
f 683/683/683 764/764/764 765/765/765
f 683/683/683 765/765/765 684/684/684
f 684/684/684 765/765/765 766/766/766
f 684/684/684 766/766/766 685/685/685
f 685/685/685 766/766/766 767/767/767
f 685/685/685 767/767/767 686/686/686
f 686/686/686 767/767/767 768/768/768
f 686/686/686 768/768/768 687/687/687
f 687/687/687 768/768/768 769/769/769
f 687/687/687 769/769/769 688/688/688
f 688/688/688 769/769/769 770/770/770
f 688/688/688 770/770/770 689/689/689
f 689/689/689 770/770/770 771/771/771
f 689/689/689 771/771/771 690/690/690
f 690/690/690 771/771/771 772/772/772
f 690/690/690 772/772/772 691/691/691
f 691/691/691 772/772/772 773/773/773
f 691/691/691 773/773/773 692/692/692
f 692/692/692 773/773/773 774/774/774
f 692/692/692 774/774/774 693/693/693
f 693/693/693 774/774/774 775/775/775
f 693/693/693 775/775/775 694/694/694
f 694/694/694 775/775/775 776/776/776
f 694/694/694 776/776/776 695/695/695
f 695/695/695 776/776/776 777/777/777
f 695/695/695 777/777/777 696/696/696
f 696/696/696 777/777/777 778/778/778
f 696/696/696 778/778/778 697/697/697
f 697/697/697 778/778/778 779/779/779
f 697/697/697 779/779/779 698/698/698
f 698/698/698 779/779/779 780/780/780
f 698/698/698 780/780/780 699/699/699
f 699/699/699 780/780/780 781/781/781
f 699/699/699 781/781/781 700/700/700
f 700/700/700 781/781/781 782/782/782
f 700/700/700 782/782/782 701/701/701
f 701/701/701 782/782/782 783/783/783
f 701/701/701 783/783/783 702/702/702
f 702/702/702 783/783/783 784/784/784
f 702/702/702 784/784/784 703/703/703
f 703/703/703 784/784/784 785/785/785
f 703/703/703 785/785/785 704/704/704
f 704/704/704 785/785/785 786/786/786
f 704/704/704 786/786/786 705/705/705
f 705/705/705 786/786/786 787/787/787
f 705/705/705 787/787/787 706/706/706
f 706/706/706 787/787/787 788/788/788
f 706/706/706 788/788/788 707/707/707
f 707/707/707 788/788/788 789/789/789
f 707/707/707 789/789/789 708/708/708
f 708/708/708 789/789/789 790/790/790
f 708/708/708 790/790/790 709/709/709
f 709/709/709 790/790/790 791/791/791
f 709/709/709 791/791/791 710/710/710
f 710/710/710 791/791/791 792/792/792
f 710/710/710 792/792/792 711/711/711
f 711/711/711 792/792/792 793/793/793
f 711/711/711 793/793/793 712/712/712
f 712/712/712 793/793/793 794/794/794
f 712/712/712 794/794/794 713/713/713
f 713/713/713 794/794/794 795/795/795
f 713/713/713 795/795/795 714/714/714
f 714/714/714 795/795/795 796/796/796
f 714/714/714 796/796/796 715/715/715
f 715/715/715 796/796/796 797/797/797
f 715/715/715 797/797/797 716/716/716
f 716/716/716 797/797/797 798/798/798
f 716/716/716 798/798/798 717/717/717
f 717/717/717 798/798/798 799/799/799
f 717/717/717 799/799/799 718/718/718
f 718/718/718 799/799/799 800/800/800
f 718/718/718 800/800/800 719/719/719
f 719/719/719 800/800/800 801/801/801
f 719/719/719 801/801/801 720/720/720
f 720/720/720 801/801/801 802/802/802
f 720/720/720 802/802/802 721/721/721
f 721/721/721 802/802/802 803/803/803
f 721/721/721 803/803/803 722/722/722
f 722/722/722 803/803/803 804/804/804
f 722/722/722 804/804/804 723/723/723
f 723/723/723 804/804/804 805/805/805
f 723/723/723 805/805/805 724/724/724
f 724/724/724 805/805/805 806/806/806
f 724/724/724 806/806/806 725/725/725
f 725/725/725 806/806/806 807/807/807
f 725/725/725 807/807/807 726/726/726
f 726/726/726 807/807/807 808/808/808
f 726/726/726 808/808/808 727/727/727
f 727/727/727 808/808/808 809/809/809
f 727/727/727 809/809/809 728/728/728
f 728/728/728 809/809/809 810/810/810
f 728/728/728 810/810/810 729/729/729
f 730/730/730 811/811/811 812/812/812
f 730/730/730 812/812/812 731/731/731
f 731/731/731 812/812/812 813/813/813
f 731/731/731 813/813/813 732/732/732
f 732/732/732 813/813/813 814/814/814
f 732/732/732 814/814/814 733/733/733
f 733/733/733 814/814/814 815/815/815
f 733/733/733 815/815/815 734/734/734
f 734/734/734 815/815/815 816/816/816
f 734/734/734 816/816/816 735/735/735
f 735/735/735 816/816/816 817/817/817
f 735/735/735 817/817/817 736/736/736
f 736/736/736 817/817/817 818/818/818
f 736/736/736 818/818/818 737/737/737
f 737/737/737 818/818/818 819/819/819
f 737/737/737 819/819/819 738/738/738
f 738/738/738 819/819/819 820/820/820
f 738/738/738 820/820/820 739/739/739
f 739/739/739 820/820/820 821/821/821
f 739/739/739 821/821/821 740/740/740
f 740/740/740 821/821/821 822/822/822
f 740/740/740 822/822/822 741/741/741
f 741/741/741 822/822/822 823/823/823
f 741/741/741 823/823/823 742/742/742
f 742/742/742 823/823/823 824/824/824
f 742/742/742 824/824/824 743/743/743
f 743/743/743 824/824/824 825/825/825
f 743/743/743 825/825/825 744/744/744
f 744/744/744 825/825/825 826/826/826
f 744/744/744 826/826/826 745/745/745
f 745/745/745 826/826/826 827/827/827
f 745/745/745 827/827/827 746/746/746
f 746/746/746 827/827/827 828/828/828
f 746/746/746 828/828/828 747/747/747
f 747/747/747 828/828/828 829/829/829
f 747/747/747 829/829/829 748/748/748
f 748/748/748 829/829/829 830/830/830
f 748/748/748 830/830/830 749/749/749
f 749/749/749 830/830/830 831/831/831
f 749/749/749 831/831/831 750/750/750
f 750/750/750 831/831/831 832/832/832
f 750/750/750 832/832/832 751/751/751
f 751/751/751 832/832/832 833/833/833
f 751/751/751 833/833/833 752/752/752
f 752/752/752 833/833/833 834/834/834
f 752/752/752 834/834/834 753/753/753
f 753/753/753 834/834/834 835/835/835
f 753/753/753 835/835/835 754/754/754
f 754/754/754 835/835/835 836/836/836
f 754/754/754 836/836/836 755/755/755
f 755/755/755 836/836/836 837/837/837
f 755/755/755 837/837/837 756/756/756
f 756/756/756 837/837/837 838/838/838
f 756/756/756 838/838/838 757/757/757
f 757/757/757 838/838/838 839/839/839
f 757/757/757 839/839/839 758/758/758
f 758/758/758 839/839/839 840/840/840
f 758/758/758 840/840/840 759/759/759
f 759/759/759 840/840/840 841/841/841
f 759/759/759 841/841/841 760/760/760
f 760/760/760 841/841/841 842/842/842
f 760/760/760 842/842/842 761/761/761
f 761/761/761 842/842/842 843/843/843
f 761/761/761 843/843/843 762/762/762
f 762/762/762 843/843/843 844/844/844
f 762/762/762 844/844/844 763/763/763
f 763/763/763 844/844/844 845/845/845
f 763/763/763 845/845/845 764/764/764
f 764/764/764 845/845/845 846/846/846
f 764/764/764 846/846/846 765/765/765
f 765/765/765 846/846/846 847/847/847
f 765/765/765 847/847/847 766/766/766
f 766/766/766 847/847/847 848/848/848
f 766/766/766 848/848/848 767/767/767
f 767/767/767 848/848/848 849/849/849
f 767/767/767 849/849/849 768/768/768
f 768/768/768 849/849/849 850/850/850
f 768/768/768 850/850/850 769/769/769
f 769/769/769 850/850/850 851/851/851
f 769/769/769 851/851/851 770/770/770
f 770/770/770 851/851/851 852/852/852
f 770/770/770 852/852/852 771/771/771
f 771/771/771 852/852/852 853/853/853
f 771/771/771 853/853/853 772/772/772
f 772/772/772 853/853/853 854/854/854
f 772/772/772 854/854/854 773/773/773
f 773/773/773 854/854/854 855/855/855
f 773/773/773 855/855/855 774/774/774
f 774/774/774 855/855/855 856/856/856
f 774/774/774 856/856/856 775/775/775
f 775/775/775 856/856/856 857/857/857
f 775/775/775 857/857/857 776/776/776
f 776/776/776 857/857/857 858/858/858
f 776/776/776 858/858/858 777/777/777
f 777/777/777 858/858/858 859/859/859
f 777/777/777 859/859/859 778/778/778
f 778/778/778 859/859/859 860/860/860
f 778/778/778 860/860/860 779/779/779
f 779/779/779 860/860/860 861/861/861
f 779/779/779 861/861/861 780/780/780
f 780/780/780 861/861/861 862/862/862
f 780/780/780 862/862/862 781/781/781
f 781/781/781 862/862/862 863/863/863
f 781/781/781 863/863/863 782/782/782
f 782/782/782 863/863/863 864/864/864
f 782/782/782 864/864/864 783/783/783
f 783/783/783 864/864/864 865/865/865
f 783/783/783 865/865/865 784/784/784
f 784/784/784 865/865/865 866/866/866
f 784/784/784 866/866/866 785/785/785
f 785/785/785 866/866/866 867/867/867
f 785/785/785 867/867/867 786/786/786
f 786/786/786 867/867/867 868/868/868
f 786/786/786 868/868/868 787/787/787
f 787/787/787 868/868/868 869/869/869
f 787/787/787 869/869/869 788/788/788
f 788/788/788 869/869/869 870/870/870
f 788/788/788 870/870/870 789/789/789
f 789/789/789 870/870/870 871/871/871
f 789/789/789 871/871/871 790/790/790
f 790/790/790 871/871/871 872/872/872
f 790/790/790 872/872/872 791/791/791
f 791/791/791 872/872/872 873/873/873
f 791/791/791 873/873/873 792/792/792
f 792/792/792 873/873/873 874/874/874
f 792/792/792 874/874/874 793/793/793
f 793/793/793 874/874/874 875/875/875
f 793/793/793 875/875/875 794/794/794
f 794/794/794 875/875/875 876/876/876
f 794/794/794 876/876/876 795/795/795
f 795/795/795 876/876/876 877/877/877
f 795/795/795 877/877/877 796/796/796
f 796/796/796 877/877/877 878/878/878
f 796/796/796 878/878/878 797/797/797
f 797/797/797 878/878/878 879/879/879
f 797/797/797 879/879/879 798/798/798
f 798/798/798 879/879/879 880/880/880
f 798/798/798 880/880/880 799/799/799
f 799/799/799 880/880/880 881/881/881
f 799/799/799 881/881/881 800/800/800
f 800/800/800 881/881/881 882/882/882
f 800/800/800 882/882/882 801/801/801
f 801/801/801 882/882/882 883/883/883
f 801/801/801 883/883/883 802/802/802
f 802/802/802 883/883/883 884/884/884
f 802/802/802 884/884/884 803/803/803
f 803/803/803 884/884/884 885/885/885
f 803/803/803 885/885/885 804/804/804
f 804/804/804 885/885/885 886/886/886
f 804/804/804 886/886/886 805/805/805
f 805/805/805 886/886/886 887/887/887
f 805/805/805 887/887/887 806/806/806
f 806/806/806 887/887/887 888/888/888
f 806/806/806 888/888/888 807/807/807
f 807/807/807 888/888/888 889/889/889
f 807/807/807 889/889/889 808/808/808
f 808/808/808 889/889/889 890/890/890
f 808/808/808 890/890/890 809/809/809
f 809/809/809 890/890/890 891/891/891
f 809/809/809 891/891/891 810/810/810
f 811/811/811 892/892/892 893/893/893
f 811/811/811 893/893/893 812/812/812
f 812/812/812 893/893/893 894/894/894
f 812/812/812 894/894/894 813/813/813
f 813/813/813 894/894/894 895/895/895
f 813/813/813 895/895/895 814/814/814
f 814/814/814 895/895/895 896/896/896
f 814/814/814 896/896/896 815/815/815
f 815/815/815 896/896/896 897/897/897
f 815/815/815 897/897/897 816/816/816
f 816/816/816 897/897/897 898/898/898
f 816/816/816 898/898/898 817/817/817
f 817/817/817 898/898/898 899/899/899
f 817/817/817 899/899/899 818/818/818
f 818/818/818 899/899/899 900/900/900
f 818/818/818 900/900/900 819/819/819
f 819/819/819 900/900/900 901/901/901
f 819/819/819 901/901/901 820/820/820
f 820/820/820 901/901/901 902/902/902
f 820/820/820 902/902/902 821/821/821
f 821/821/821 902/902/902 903/903/903
f 821/821/821 903/903/903 822/822/822
f 822/822/822 903/903/903 904/904/904
f 822/822/822 904/904/904 823/823/823
f 823/823/823 904/904/904 905/905/905
f 823/823/823 905/905/905 824/824/824
f 824/824/824 905/905/905 906/906/906
f 824/824/824 906/906/906 825/825/825
f 825/825/825 906/906/906 907/907/907
f 825/825/825 907/907/907 826/826/826
f 826/826/826 907/907/907 908/908/908
f 826/826/826 908/908/908 827/827/827
f 827/827/827 908/908/908 909/909/909
f 827/827/827 909/909/909 828/828/828
f 828/828/828 909/909/909 910/910/910
f 828/828/828 910/910/910 829/829/829
f 829/829/829 910/910/910 911/911/911
f 829/829/829 911/911/911 830/830/830
f 830/830/830 911/911/911 912/912/912
f 830/830/830 912/912/912 831/831/831
f 831/831/831 912/912/912 913/913/913
f 831/831/831 913/913/913 832/832/832
f 832/832/832 913/913/913 914/914/914
f 832/832/832 914/914/914 833/833/833
f 833/833/833 914/914/914 915/915/915
f 833/833/833 915/915/915 834/834/834
f 834/834/834 915/915/915 916/916/916
f 834/834/834 916/916/916 835/835/835
f 835/835/835 916/916/916 917/917/917
f 835/835/835 917/917/917 836/836/836
f 836/836/836 917/917/917 918/918/918
f 836/836/836 918/918/918 837/837/837
f 837/837/837 918/918/918 919/919/919
f 837/837/837 919/919/919 838/838/838
f 838/838/838 919/919/919 920/920/920
f 838/838/838 920/920/920 839/839/839
f 839/839/839 920/920/920 921/921/921
f 839/839/839 921/921/921 840/840/840
f 840/840/840 921/921/921 922/922/922
f 840/840/840 922/922/922 841/841/841
f 841/841/841 922/922/922 923/923/923
f 841/841/841 923/923/923 842/842/842
f 842/842/842 923/923/923 924/924/924
f 842/842/842 924/924/924 843/843/843
f 843/843/843 924/924/924 925/925/925
f 843/843/843 925/925/925 844/844/844
f 844/844/844 925/925/925 926/926/926
f 844/844/844 926/926/926 845/845/845
f 845/845/845 926/926/926 927/927/927
f 845/845/845 927/927/927 846/846/846
f 846/846/846 927/927/927 928/928/928
f 846/846/846 928/928/928 847/847/847
f 847/847/847 928/928/928 929/929/929
f 847/847/847 929/929/929 848/848/848
f 848/848/848 929/929/929 930/930/930
f 848/848/848 930/930/930 849/849/849
f 849/849/849 930/930/930 931/931/931
f 849/849/849 931/931/931 850/850/850
f 850/850/850 931/931/931 932/932/932
f 850/850/850 932/932/932 851/851/851
f 851/851/851 932/932/932 933/933/933
f 851/851/851 933/933/933 852/852/852
f 852/852/852 933/933/933 934/934/934
f 852/852/852 934/934/934 853/853/853
f 853/853/853 934/934/934 935/935/935
f 853/853/853 935/935/935 854/854/854
f 854/854/854 935/935/935 936/936/936
f 854/854/854 936/936/936 855/855/855
f 855/855/855 936/936/936 937/937/937
f 855/855/855 937/937/937 856/856/856
f 856/856/856 937/937/937 938/938/938
f 856/856/856 938/938/938 857/857/857
f 857/857/857 938/938/938 939/939/939
f 857/857/857 939/939/939 858/858/858
f 858/858/858 939/939/939 940/940/940
f 858/858/858 940/940/940 859/859/859
f 859/859/859 940/940/940 941/941/941
f 859/859/859 941/941/941 860/860/860
f 860/860/860 941/941/941 942/942/942
f 860/860/860 942/942/942 861/861/861
f 861/861/861 942/942/942 943/943/943
f 861/861/861 943/943/943 862/862/862
f 862/862/862 943/943/943 944/944/944
f 862/862/862 944/944/944 863/863/863
f 863/863/863 944/944/944 945/945/945
f 863/863/863 945/945/945 864/864/864
f 864/864/864 945/945/945 946/946/946
f 864/864/864 946/946/946 865/865/865
f 865/865/865 946/946/946 947/947/947
f 865/865/865 947/947/947 866/866/866
f 866/866/866 947/947/947 948/948/948
f 866/866/866 948/948/948 867/867/867
f 867/867/867 948/948/948 949/949/949
f 867/867/867 949/949/949 868/868/868
f 868/868/868 949/949/949 950/950/950
f 868/868/868 950/950/950 869/869/869
f 869/869/869 950/950/950 951/951/951
f 869/869/869 951/951/951 870/870/870
f 870/870/870 951/951/951 952/952/952
f 870/870/870 952/952/952 871/871/871
f 871/871/871 952/952/952 953/953/953
f 871/871/871 953/953/953 872/872/872
f 872/872/872 953/953/953 954/954/954
f 872/872/872 954/954/954 873/873/873
f 873/873/873 954/954/954 955/955/955
f 873/873/873 955/955/955 874/874/874
f 874/874/874 955/955/955 956/956/956
f 874/874/874 956/956/956 875/875/875
f 875/875/875 956/956/956 957/957/957
f 875/875/875 957/957/957 876/876/876
f 876/876/876 957/957/957 958/958/958
f 876/876/876 958/958/958 877/877/877
f 877/877/877 958/958/958 959/959/959
f 877/877/877 959/959/959 878/878/878
f 878/878/878 959/959/959 960/960/960
f 878/878/878 960/960/960 879/879/879
f 879/879/879 960/960/960 961/961/961
f 879/879/879 961/961/961 880/880/880
f 880/880/880 961/961/961 962/962/962
f 880/880/880 962/962/962 881/881/881
f 881/881/881 962/962/962 963/963/963
f 881/881/881 963/963/963 882/882/882
f 882/882/882 963/963/963 964/964/964
f 882/882/882 964/964/964 883/883/883
f 883/883/883 964/964/964 965/965/965
f 883/883/883 965/965/965 884/884/884
f 884/884/884 965/965/965 966/966/966
f 884/884/884 966/966/966 885/885/885
f 885/885/885 966/966/966 967/967/967
f 885/885/885 967/967/967 886/886/886
f 886/886/886 967/967/967 968/968/968
f 886/886/886 968/968/968 887/887/887
f 887/887/887 968/968/968 969/969/969
f 887/887/887 969/969/969 888/888/888
f 888/888/888 969/969/969 970/970/970
f 888/888/888 970/970/970 889/889/889
f 889/889/889 970/970/970 971/971/971
f 889/889/889 971/971/971 890/890/890
f 890/890/890 971/971/971 972/972/972
f 890/890/890 972/972/972 891/891/891
f 892/892/892 973/973/973 974/974/974
f 892/892/892 974/974/974 893/893/893
f 893/893/893 974/974/974 975/975/975
f 893/893/893 975/975/975 894/894/894
f 894/894/894 975/975/975 976/976/976
f 894/894/894 976/976/976 895/895/895
f 895/895/895 976/976/976 977/977/977
f 895/895/895 977/977/977 896/896/896
f 896/896/896 977/977/977 978/978/978
f 896/896/896 978/978/978 897/897/897
f 897/897/897 978/978/978 979/979/979
f 897/897/897 979/979/979 898/898/898
f 898/898/898 979/979/979 980/980/980
f 898/898/898 980/980/980 899/899/899
f 899/899/899 980/980/980 981/981/981
f 899/899/899 981/981/981 900/900/900
f 900/900/900 981/981/981 982/982/982
f 900/900/900 982/982/982 901/901/901
f 901/901/901 982/982/982 983/983/983
f 901/901/901 983/983/983 902/902/902
f 902/902/902 983/983/983 984/984/984
f 902/902/902 984/984/984 903/903/903
f 903/903/903 984/984/984 985/985/985
f 903/903/903 985/985/985 904/904/904
f 904/904/904 985/985/985 986/986/986
f 904/904/904 986/986/986 905/905/905
f 905/905/905 986/986/986 987/987/987
f 905/905/905 987/987/987 906/906/906
f 906/906/906 987/987/987 988/988/988
f 906/906/906 988/988/988 907/907/907
f 907/907/907 988/988/988 989/989/989
f 907/907/907 989/989/989 908/908/908
f 908/908/908 989/989/989 990/990/990
f 908/908/908 990/990/990 909/909/909
f 909/909/909 990/990/990 991/991/991
f 909/909/909 991/991/991 910/910/910
f 910/910/910 991/991/991 992/992/992
f 910/910/910 992/992/992 911/911/911
f 911/911/911 992/992/992 993/993/993
f 911/911/911 993/993/993 912/912/912
f 912/912/912 993/993/993 994/994/994
f 912/912/912 994/994/994 913/913/913
f 913/913/913 994/994/994 995/995/995
f 913/913/913 995/995/995 914/914/914
f 914/914/914 995/995/995 996/996/996
f 914/914/914 996/996/996 915/915/915
f 915/915/915 996/996/996 997/997/997
f 915/915/915 997/997/997 916/916/916
f 916/916/916 997/997/997 998/998/998
f 916/916/916 998/998/998 917/917/917
f 917/917/917 998/998/998 999/999/999
f 917/917/917 999/999/999 918/918/918
f 918/918/918 999/999/999 1000/1000/1000
f 918/918/918 1000/1000/1000 919/919/919
f 919/919/919 1000/1000/1000 1001/1001/1001
f 919/919/919 1001/1001/1001 920/920/920
f 920/920/920 1001/1001/1001 1002/1002/1002
f 920/920/920 1002/1002/1002 921/921/921
f 921/921/921 1002/1002/1002 1003/1003/1003
f 921/921/921 1003/1003/1003 922/922/922
f 922/922/922 1003/1003/1003 1004/1004/1004
f 922/922/922 1004/1004/1004 923/923/923
f 923/923/923 1004/1004/1004 1005/1005/1005
f 923/923/923 1005/1005/1005 924/924/924
f 924/924/924 1005/1005/1005 1006/1006/1006
f 924/924/924 1006/1006/1006 925/925/925
f 925/925/925 1006/1006/1006 1007/1007/1007
f 925/925/925 1007/1007/1007 926/926/926
f 926/926/926 1007/1007/1007 1008/1008/1008
f 926/926/926 1008/1008/1008 927/927/927
f 927/927/927 1008/1008/1008 1009/1009/1009
f 927/927/927 1009/1009/1009 928/928/928
f 928/928/928 1009/1009/1009 1010/1010/1010
f 928/928/928 1010/1010/1010 929/929/929
f 929/929/929 1010/1010/1010 1011/1011/1011
f 929/929/929 1011/1011/1011 930/930/930
f 930/930/930 1011/1011/1011 1012/1012/1012
f 930/930/930 1012/1012/1012 931/931/931
f 931/931/931 1012/1012/1012 1013/1013/1013
f 931/931/931 1013/1013/1013 932/932/932
f 932/932/932 1013/1013/1013 1014/1014/1014
f 932/932/932 1014/1014/1014 933/933/933
f 933/933/933 1014/1014/1014 1015/1015/1015
f 933/933/933 1015/1015/1015 934/934/934
f 934/934/934 1015/1015/1015 1016/1016/1016
f 934/934/934 1016/1016/1016 935/935/935
f 935/935/935 1016/1016/1016 1017/1017/1017
f 935/935/935 1017/1017/1017 936/936/936
f 936/936/936 1017/1017/1017 1018/1018/1018
f 936/936/936 1018/1018/1018 937/937/937
f 937/937/937 1018/1018/1018 1019/1019/1019
f 937/937/937 1019/1019/1019 938/938/938
f 938/938/938 1019/1019/1019 1020/1020/1020
f 938/938/938 1020/1020/1020 939/939/939
f 939/939/939 1020/1020/1020 1021/1021/1021
f 939/939/939 1021/1021/1021 940/940/940
f 940/940/940 1021/1021/1021 1022/1022/1022
f 940/940/940 1022/1022/1022 941/941/941
f 941/941/941 1022/1022/1022 1023/1023/1023
f 941/941/941 1023/1023/1023 942/942/942
f 942/942/942 1023/1023/1023 1024/1024/1024
f 942/942/942 1024/1024/1024 943/943/943
f 943/943/943 1024/1024/1024 1025/1025/1025
f 943/943/943 1025/1025/1025 944/944/944
f 944/944/944 1025/1025/1025 1026/1026/1026
f 944/944/944 1026/1026/1026 945/945/945
f 945/945/945 1026/1026/1026 1027/1027/1027
f 945/945/945 1027/1027/1027 946/946/946
f 946/946/946 1027/1027/1027 1028/1028/1028
f 946/946/946 1028/1028/1028 947/947/947
f 947/947/947 1028/1028/1028 1029/1029/1029
f 947/947/947 1029/1029/1029 948/948/948
f 948/948/948 1029/1029/1029 1030/1030/1030
f 948/948/948 1030/1030/1030 949/949/949
f 949/949/949 1030/1030/1030 1031/1031/1031
f 949/949/949 1031/1031/1031 950/950/950
f 950/950/950 1031/1031/1031 1032/1032/1032
f 950/950/950 1032/1032/1032 951/951/951
f 951/951/951 1032/1032/1032 1033/1033/1033
f 951/951/951 1033/1033/1033 952/952/952
f 952/952/952 1033/1033/1033 1034/1034/1034
f 952/952/952 1034/1034/1034 953/953/953
f 953/953/953 1034/1034/1034 1035/1035/1035
f 953/953/953 1035/1035/1035 954/954/954
f 954/954/954 1035/1035/1035 1036/1036/1036
f 954/954/954 1036/1036/1036 955/955/955
f 955/955/955 1036/1036/1036 1037/1037/1037
f 955/955/955 1037/1037/1037 956/956/956
f 956/956/956 1037/1037/1037 1038/1038/1038
f 956/956/956 1038/1038/1038 957/957/957
f 957/957/957 1038/1038/1038 1039/1039/1039
f 957/957/957 1039/1039/1039 958/958/958
f 958/958/958 1039/1039/1039 1040/1040/1040
f 958/958/958 1040/1040/1040 959/959/959
f 959/959/959 1040/1040/1040 1041/1041/1041
f 959/959/959 1041/1041/1041 960/960/960
f 960/960/960 1041/1041/1041 1042/1042/1042
f 960/960/960 1042/1042/1042 961/961/961
f 961/961/961 1042/1042/1042 1043/1043/1043
f 961/961/961 1043/1043/1043 962/962/962
f 962/962/962 1043/1043/1043 1044/1044/1044
f 962/962/962 1044/1044/1044 963/963/963
f 963/963/963 1044/1044/1044 1045/1045/1045
f 963/963/963 1045/1045/1045 964/964/964
f 964/964/964 1045/1045/1045 1046/1046/1046
f 964/964/964 1046/1046/1046 965/965/965
f 965/965/965 1046/1046/1046 1047/1047/1047
f 965/965/965 1047/1047/1047 966/966/966
f 966/966/966 1047/1047/1047 1048/1048/1048
f 966/966/966 1048/1048/1048 967/967/967
f 967/967/967 1048/1048/1048 1049/1049/1049
f 967/967/967 1049/1049/1049 968/968/968
f 968/968/968 1049/1049/1049 1050/1050/1050
f 968/968/968 1050/1050/1050 969/969/969
f 969/969/969 1050/1050/1050 1051/1051/1051
f 969/969/969 1051/1051/1051 970/970/970
f 970/970/970 1051/1051/1051 1052/1052/1052
f 970/970/970 1052/1052/1052 971/971/971
f 971/971/971 1052/1052/1052 1053/1053/1053
f 971/971/971 1053/1053/1053 972/972/972
f 973/973/973 1054/1054/1054 1055/1055/1055
f 973/973/973 1055/1055/1055 974/974/974
f 974/974/974 1055/1055/1055 1056/1056/1056
f 974/974/974 1056/1056/1056 975/975/975
f 975/975/975 1056/1056/1056 1057/1057/1057
f 975/975/975 1057/1057/1057 976/976/976
f 976/976/976 1057/1057/1057 1058/1058/1058
f 976/976/976 1058/1058/1058 977/977/977
f 977/977/977 1058/1058/1058 1059/1059/1059
f 977/977/977 1059/1059/1059 978/978/978
f 978/978/978 1059/1059/1059 1060/1060/1060
f 978/978/978 1060/1060/1060 979/979/979
f 979/979/979 1060/1060/1060 1061/1061/1061
f 979/979/979 1061/1061/1061 980/980/980
f 980/980/980 1061/1061/1061 1062/1062/1062
f 980/980/980 1062/1062/1062 981/981/981
f 981/981/981 1062/1062/1062 1063/1063/1063
f 981/981/981 1063/1063/1063 982/982/982
f 982/982/982 1063/1063/1063 1064/1064/1064
f 982/982/982 1064/1064/1064 983/983/983
f 983/983/983 1064/1064/1064 1065/1065/1065
f 983/983/983 1065/1065/1065 984/984/984
f 984/984/984 1065/1065/1065 1066/1066/1066
f 984/984/984 1066/1066/1066 985/985/985
f 985/985/985 1066/1066/1066 1067/1067/1067
f 985/985/985 1067/1067/1067 986/986/986
f 986/986/986 1067/1067/1067 1068/1068/1068
f 986/986/986 1068/1068/1068 987/987/987
f 987/987/987 1068/1068/1068 1069/1069/1069
f 987/987/987 1069/1069/1069 988/988/988
f 988/988/988 1069/1069/1069 1070/1070/1070
f 988/988/988 1070/1070/1070 989/989/989
f 989/989/989 1070/1070/1070 1071/1071/1071
f 989/989/989 1071/1071/1071 990/990/990
f 990/990/990 1071/1071/1071 1072/1072/1072
f 990/990/990 1072/1072/1072 991/991/991
f 991/991/991 1072/1072/1072 1073/1073/1073
f 991/991/991 1073/1073/1073 992/992/992
f 992/992/992 1073/1073/1073 1074/1074/1074
f 992/992/992 1074/1074/1074 993/993/993
f 993/993/993 1074/1074/1074 1075/1075/1075
f 993/993/993 1075/1075/1075 994/994/994
f 994/994/994 1075/1075/1075 1076/1076/1076
f 994/994/994 1076/1076/1076 995/995/995
f 995/995/995 1076/1076/1076 1077/1077/1077
f 995/995/995 1077/1077/1077 996/996/996
f 996/996/996 1077/1077/1077 1078/1078/1078
f 996/996/996 1078/1078/1078 997/997/997
f 997/997/997 1078/1078/1078 1079/1079/1079
f 997/997/997 1079/1079/1079 998/998/998
f 998/998/998 1079/1079/1079 1080/1080/1080
f 998/998/998 1080/1080/1080 999/999/999
f 999/999/999 1080/1080/1080 1081/1081/1081
f 999/999/999 1081/1081/1081 1000/1000/1000
f 1000/1000/1000 1081/1081/1081 1082/1082/1082
f 1000/1000/1000 1082/1082/1082 1001/1001/1001
f 1001/1001/1001 1082/1082/1082 1083/1083/1083
f 1001/1001/1001 1083/1083/1083 1002/1002/1002
f 1002/1002/1002 1083/1083/1083 1084/1084/1084
f 1002/1002/1002 1084/1084/1084 1003/1003/1003
f 1003/1003/1003 1084/1084/1084 1085/1085/1085
f 1003/1003/1003 1085/1085/1085 1004/1004/1004
f 1004/1004/1004 1085/1085/1085 1086/1086/1086
f 1004/1004/1004 1086/1086/1086 1005/1005/1005
f 1005/1005/1005 1086/1086/1086 1087/1087/1087
f 1005/1005/1005 1087/1087/1087 1006/1006/1006
f 1006/1006/1006 1087/1087/1087 1088/1088/1088
f 1006/1006/1006 1088/1088/1088 1007/1007/1007
f 1007/1007/1007 1088/1088/1088 1089/1089/1089
f 1007/1007/1007 1089/1089/1089 1008/1008/1008
f 1008/1008/1008 1089/1089/1089 1090/1090/1090
f 1008/1008/1008 1090/1090/1090 1009/1009/1009
f 1009/1009/1009 1090/1090/1090 1091/1091/1091
f 1009/1009/1009 1091/1091/1091 1010/1010/1010
f 1010/1010/1010 1091/1091/1091 1092/1092/1092
f 1010/1010/1010 1092/1092/1092 1011/1011/1011
f 1011/1011/1011 1092/1092/1092 1093/1093/1093
f 1011/1011/1011 1093/1093/1093 1012/1012/1012
f 1012/1012/1012 1093/1093/1093 1094/1094/1094
f 1012/1012/1012 1094/1094/1094 1013/1013/1013
f 1013/1013/1013 1094/1094/1094 1095/1095/1095
f 1013/1013/1013 1095/1095/1095 1014/1014/1014
f 1014/1014/1014 1095/1095/1095 1096/1096/1096
f 1014/1014/1014 1096/1096/1096 1015/1015/1015
f 1015/1015/1015 1096/1096/1096 1097/1097/1097
f 1015/1015/1015 1097/1097/1097 1016/1016/1016
f 1016/1016/1016 1097/1097/1097 1098/1098/1098
f 1016/1016/1016 1098/1098/1098 1017/1017/1017
f 1017/1017/1017 1098/1098/1098 1099/1099/1099
f 1017/1017/1017 1099/1099/1099 1018/1018/1018
f 1018/1018/1018 1099/1099/1099 1100/1100/1100
f 1018/1018/1018 1100/1100/1100 1019/1019/1019
f 1019/1019/1019 1100/1100/1100 1101/1101/1101
f 1019/1019/1019 1101/1101/1101 1020/1020/1020
f 1020/1020/1020 1101/1101/1101 1102/1102/1102
f 1020/1020/1020 1102/1102/1102 1021/1021/1021
f 1021/1021/1021 1102/1102/1102 1103/1103/1103
f 1021/1021/1021 1103/1103/1103 1022/1022/1022
f 1022/1022/1022 1103/1103/1103 1104/1104/1104
f 1022/1022/1022 1104/1104/1104 1023/1023/1023
f 1023/1023/1023 1104/1104/1104 1105/1105/1105
f 1023/1023/1023 1105/1105/1105 1024/1024/1024
f 1024/1024/1024 1105/1105/1105 1106/1106/1106
f 1024/1024/1024 1106/1106/1106 1025/1025/1025
f 1025/1025/1025 1106/1106/1106 1107/1107/1107
f 1025/1025/1025 1107/1107/1107 1026/1026/1026
f 1026/1026/1026 1107/1107/1107 1108/1108/1108
f 1026/1026/1026 1108/1108/1108 1027/1027/1027
f 1027/1027/1027 1108/1108/1108 1109/1109/1109
f 1027/1027/1027 1109/1109/1109 1028/1028/1028
f 1028/1028/1028 1109/1109/1109 1110/1110/1110
f 1028/1028/1028 1110/1110/1110 1029/1029/1029
f 1029/1029/1029 1110/1110/1110 1111/1111/1111
f 1029/1029/1029 1111/1111/1111 1030/1030/1030
f 1030/1030/1030 1111/1111/1111 1112/1112/1112
f 1030/1030/1030 1112/1112/1112 1031/1031/1031
f 1031/1031/1031 1112/1112/1112 1113/1113/1113
f 1031/1031/1031 1113/1113/1113 1032/1032/1032
f 1032/1032/1032 1113/1113/1113 1114/1114/1114
f 1032/1032/1032 1114/1114/1114 1033/1033/1033
f 1033/1033/1033 1114/1114/1114 1115/1115/1115
f 1033/1033/1033 1115/1115/1115 1034/1034/1034
f 1034/1034/1034 1115/1115/1115 1116/1116/1116
f 1034/1034/1034 1116/1116/1116 1035/1035/1035
f 1035/1035/1035 1116/1116/1116 1117/1117/1117
f 1035/1035/1035 1117/1117/1117 1036/1036/1036
f 1036/1036/1036 1117/1117/1117 1118/1118/1118
f 1036/1036/1036 1118/1118/1118 1037/1037/1037
f 1037/1037/1037 1118/1118/1118 1119/1119/1119
f 1037/1037/1037 1119/1119/1119 1038/1038/1038
f 1038/1038/1038 1119/1119/1119 1120/1120/1120
f 1038/1038/1038 1120/1120/1120 1039/1039/1039
f 1039/1039/1039 1120/1120/1120 1121/1121/1121
f 1039/1039/1039 1121/1121/1121 1040/1040/1040
f 1040/1040/1040 1121/1121/1121 1122/1122/1122
f 1040/1040/1040 1122/1122/1122 1041/1041/1041
f 1041/1041/1041 1122/1122/1122 1123/1123/1123
f 1041/1041/1041 1123/1123/1123 1042/1042/1042
f 1042/1042/1042 1123/1123/1123 1124/1124/1124
f 1042/1042/1042 1124/1124/1124 1043/1043/1043
f 1043/1043/1043 1124/1124/1124 1125/1125/1125
f 1043/1043/1043 1125/1125/1125 1044/1044/1044
f 1044/1044/1044 1125/1125/1125 1126/1126/1126
f 1044/1044/1044 1126/1126/1126 1045/1045/1045
f 1045/1045/1045 1126/1126/1126 1127/1127/1127
f 1045/1045/1045 1127/1127/1127 1046/1046/1046
f 1046/1046/1046 1127/1127/1127 1128/1128/1128
f 1046/1046/1046 1128/1128/1128 1047/1047/1047
f 1047/1047/1047 1128/1128/1128 1129/1129/1129
f 1047/1047/1047 1129/1129/1129 1048/1048/1048
f 1048/1048/1048 1129/1129/1129 1130/1130/1130
f 1048/1048/1048 1130/1130/1130 1049/1049/1049
f 1049/1049/1049 1130/1130/1130 1131/1131/1131
f 1049/1049/1049 1131/1131/1131 1050/1050/1050
f 1050/1050/1050 1131/1131/1131 1132/1132/1132
f 1050/1050/1050 1132/1132/1132 1051/1051/1051
f 1051/1051/1051 1132/1132/1132 1133/1133/1133
f 1051/1051/1051 1133/1133/1133 1052/1052/1052
f 1052/1052/1052 1133/1133/1133 1134/1134/1134
f 1052/1052/1052 1134/1134/1134 1053/1053/1053
f 1054/1054/1054 1135/1135/1135 1136/1136/1136
f 1054/1054/1054 1136/1136/1136 1055/1055/1055
f 1055/1055/1055 1136/1136/1136 1137/1137/1137
f 1055/1055/1055 1137/1137/1137 1056/1056/1056
f 1056/1056/1056 1137/1137/1137 1138/1138/1138
f 1056/1056/1056 1138/1138/1138 1057/1057/1057
f 1057/1057/1057 1138/1138/1138 1139/1139/1139
f 1057/1057/1057 1139/1139/1139 1058/1058/1058
f 1058/1058/1058 1139/1139/1139 1140/1140/1140
f 1058/1058/1058 1140/1140/1140 1059/1059/1059
f 1059/1059/1059 1140/1140/1140 1141/1141/1141
f 1059/1059/1059 1141/1141/1141 1060/1060/1060
f 1060/1060/1060 1141/1141/1141 1142/1142/1142
f 1060/1060/1060 1142/1142/1142 1061/1061/1061
f 1061/1061/1061 1142/1142/1142 1143/1143/1143
f 1061/1061/1061 1143/1143/1143 1062/1062/1062
f 1062/1062/1062 1143/1143/1143 1144/1144/1144
f 1062/1062/1062 1144/1144/1144 1063/1063/1063
f 1063/1063/1063 1144/1144/1144 1145/1145/1145
f 1063/1063/1063 1145/1145/1145 1064/1064/1064
f 1064/1064/1064 1145/1145/1145 1146/1146/1146
f 1064/1064/1064 1146/1146/1146 1065/1065/1065
f 1065/1065/1065 1146/1146/1146 1147/1147/1147
f 1065/1065/1065 1147/1147/1147 1066/1066/1066
f 1066/1066/1066 1147/1147/1147 1148/1148/1148
f 1066/1066/1066 1148/1148/1148 1067/1067/1067
f 1067/1067/1067 1148/1148/1148 1149/1149/1149
f 1067/1067/1067 1149/1149/1149 1068/1068/1068
f 1068/1068/1068 1149/1149/1149 1150/1150/1150
f 1068/1068/1068 1150/1150/1150 1069/1069/1069
f 1069/1069/1069 1150/1150/1150 1151/1151/1151
f 1069/1069/1069 1151/1151/1151 1070/1070/1070
f 1070/1070/1070 1151/1151/1151 1152/1152/1152
f 1070/1070/1070 1152/1152/1152 1071/1071/1071
f 1071/1071/1071 1152/1152/1152 1153/1153/1153
f 1071/1071/1071 1153/1153/1153 1072/1072/1072
f 1072/1072/1072 1153/1153/1153 1154/1154/1154
f 1072/1072/1072 1154/1154/1154 1073/1073/1073
f 1073/1073/1073 1154/1154/1154 1155/1155/1155
f 1073/1073/1073 1155/1155/1155 1074/1074/1074
f 1074/1074/1074 1155/1155/1155 1156/1156/1156
f 1074/1074/1074 1156/1156/1156 1075/1075/1075
f 1075/1075/1075 1156/1156/1156 1157/1157/1157
f 1075/1075/1075 1157/1157/1157 1076/1076/1076
f 1076/1076/1076 1157/1157/1157 1158/1158/1158
f 1076/1076/1076 1158/1158/1158 1077/1077/1077
f 1077/1077/1077 1158/1158/1158 1159/1159/1159
f 1077/1077/1077 1159/1159/1159 1078/1078/1078
f 1078/1078/1078 1159/1159/1159 1160/1160/1160
f 1078/1078/1078 1160/1160/1160 1079/1079/1079
f 1079/1079/1079 1160/1160/1160 1161/1161/1161
f 1079/1079/1079 1161/1161/1161 1080/1080/1080
f 1080/1080/1080 1161/1161/1161 1162/1162/1162
f 1080/1080/1080 1162/1162/1162 1081/1081/1081
f 1081/1081/1081 1162/1162/1162 1163/1163/1163
f 1081/1081/1081 1163/1163/1163 1082/1082/1082
f 1082/1082/1082 1163/1163/1163 1164/1164/1164
f 1082/1082/1082 1164/1164/1164 1083/1083/1083
f 1083/1083/1083 1164/1164/1164 1165/1165/1165
f 1083/1083/1083 1165/1165/1165 1084/1084/1084
f 1084/1084/1084 1165/1165/1165 1166/1166/1166
f 1084/1084/1084 1166/1166/1166 1085/1085/1085
f 1085/1085/1085 1166/1166/1166 1167/1167/1167
f 1085/1085/1085 1167/1167/1167 1086/1086/1086
f 1086/1086/1086 1167/1167/1167 1168/1168/1168
f 1086/1086/1086 1168/1168/1168 1087/1087/1087
f 1087/1087/1087 1168/1168/1168 1169/1169/1169
f 1087/1087/1087 1169/1169/1169 1088/1088/1088
f 1088/1088/1088 1169/1169/1169 1170/1170/1170
f 1088/1088/1088 1170/1170/1170 1089/1089/1089
f 1089/1089/1089 1170/1170/1170 1171/1171/1171
f 1089/1089/1089 1171/1171/1171 1090/1090/1090
f 1090/1090/1090 1171/1171/1171 1172/1172/1172
f 1090/1090/1090 1172/1172/1172 1091/1091/1091
f 1091/1091/1091 1172/1172/1172 1173/1173/1173
f 1091/1091/1091 1173/1173/1173 1092/1092/1092
f 1092/1092/1092 1173/1173/1173 1174/1174/1174
f 1092/1092/1092 1174/1174/1174 1093/1093/1093
f 1093/1093/1093 1174/1174/1174 1175/1175/1175
f 1093/1093/1093 1175/1175/1175 1094/1094/1094
f 1094/1094/1094 1175/1175/1175 1176/1176/1176
f 1094/1094/1094 1176/1176/1176 1095/1095/1095
f 1095/1095/1095 1176/1176/1176 1177/1177/1177
f 1095/1095/1095 1177/1177/1177 1096/1096/1096
f 1096/1096/1096 1177/1177/1177 1178/1178/1178
f 1096/1096/1096 1178/1178/1178 1097/1097/1097
f 1097/1097/1097 1178/1178/1178 1179/1179/1179
f 1097/1097/1097 1179/1179/1179 1098/1098/1098
f 1098/1098/1098 1179/1179/1179 1180/1180/1180
f 1098/1098/1098 1180/1180/1180 1099/1099/1099
f 1099/1099/1099 1180/1180/1180 1181/1181/1181
f 1099/1099/1099 1181/1181/1181 1100/1100/1100
f 1100/1100/1100 1181/1181/1181 1182/1182/1182
f 1100/1100/1100 1182/1182/1182 1101/1101/1101
f 1101/1101/1101 1182/1182/1182 1183/1183/1183
f 1101/1101/1101 1183/1183/1183 1102/1102/1102
f 1102/1102/1102 1183/1183/1183 1184/1184/1184
f 1102/1102/1102 1184/1184/1184 1103/1103/1103
f 1103/1103/1103 1184/1184/1184 1185/1185/1185
f 1103/1103/1103 1185/1185/1185 1104/1104/1104
f 1104/1104/1104 1185/1185/1185 1186/1186/1186
f 1104/1104/1104 1186/1186/1186 1105/1105/1105
f 1105/1105/1105 1186/1186/1186 1187/1187/1187
f 1105/1105/1105 1187/1187/1187 1106/1106/1106
f 1106/1106/1106 1187/1187/1187 1188/1188/1188
f 1106/1106/1106 1188/1188/1188 1107/1107/1107
f 1107/1107/1107 1188/1188/1188 1189/1189/1189
f 1107/1107/1107 1189/1189/1189 1108/1108/1108
f 1108/1108/1108 1189/1189/1189 1190/1190/1190
f 1108/1108/1108 1190/1190/1190 1109/1109/1109
f 1109/1109/1109 1190/1190/1190 1191/1191/1191
f 1109/1109/1109 1191/1191/1191 1110/1110/1110
f 1110/1110/1110 1191/1191/1191 1192/1192/1192
f 1110/1110/1110 1192/1192/1192 1111/1111/1111
f 1111/1111/1111 1192/1192/1192 1193/1193/1193
f 1111/1111/1111 1193/1193/1193 1112/1112/1112
f 1112/1112/1112 1193/1193/1193 1194/1194/1194
f 1112/1112/1112 1194/1194/1194 1113/1113/1113
f 1113/1113/1113 1194/1194/1194 1195/1195/1195
f 1113/1113/1113 1195/1195/1195 1114/1114/1114
f 1114/1114/1114 1195/1195/1195 1196/1196/1196
f 1114/1114/1114 1196/1196/1196 1115/1115/1115
f 1115/1115/1115 1196/1196/1196 1197/1197/1197
f 1115/1115/1115 1197/1197/1197 1116/1116/1116
f 1116/1116/1116 1197/1197/1197 1198/1198/1198
f 1116/1116/1116 1198/1198/1198 1117/1117/1117
f 1117/1117/1117 1198/1198/1198 1199/1199/1199
f 1117/1117/1117 1199/1199/1199 1118/1118/1118
f 1118/1118/1118 1199/1199/1199 1200/1200/1200
f 1118/1118/1118 1200/1200/1200 1119/1119/1119
f 1119/1119/1119 1200/1200/1200 1201/1201/1201
f 1119/1119/1119 1201/1201/1201 1120/1120/1120
f 1120/1120/1120 1201/1201/1201 1202/1202/1202
f 1120/1120/1120 1202/1202/1202 1121/1121/1121
f 1121/1121/1121 1202/1202/1202 1203/1203/1203
f 1121/1121/1121 1203/1203/1203 1122/1122/1122
f 1122/1122/1122 1203/1203/1203 1204/1204/1204
f 1122/1122/1122 1204/1204/1204 1123/1123/1123
f 1123/1123/1123 1204/1204/1204 1205/1205/1205
f 1123/1123/1123 1205/1205/1205 1124/1124/1124
f 1124/1124/1124 1205/1205/1205 1206/1206/1206
f 1124/1124/1124 1206/1206/1206 1125/1125/1125
f 1125/1125/1125 1206/1206/1206 1207/1207/1207
f 1125/1125/1125 1207/1207/1207 1126/1126/1126
f 1126/1126/1126 1207/1207/1207 1208/1208/1208
f 1126/1126/1126 1208/1208/1208 1127/1127/1127
f 1127/1127/1127 1208/1208/1208 1209/1209/1209
f 1127/1127/1127 1209/1209/1209 1128/1128/1128
f 1128/1128/1128 1209/1209/1209 1210/1210/1210
f 1128/1128/1128 1210/1210/1210 1129/1129/1129
f 1129/1129/1129 1210/1210/1210 1211/1211/1211
f 1129/1129/1129 1211/1211/1211 1130/1130/1130
f 1130/1130/1130 1211/1211/1211 1212/1212/1212
f 1130/1130/1130 1212/1212/1212 1131/1131/1131
f 1131/1131/1131 1212/1212/1212 1213/1213/1213
f 1131/1131/1131 1213/1213/1213 1132/1132/1132
f 1132/1132/1132 1213/1213/1213 1214/1214/1214
f 1132/1132/1132 1214/1214/1214 1133/1133/1133
f 1133/1133/1133 1214/1214/1214 1215/1215/1215
f 1133/1133/1133 1215/1215/1215 1134/1134/1134
f 1135/1135/1135 1216/1216/1216 1217/1217/1217
f 1135/1135/1135 1217/1217/1217 1136/1136/1136
f 1136/1136/1136 1217/1217/1217 1218/1218/1218
f 1136/1136/1136 1218/1218/1218 1137/1137/1137
f 1137/1137/1137 1218/1218/1218 1219/1219/1219
f 1137/1137/1137 1219/1219/1219 1138/1138/1138
f 1138/1138/1138 1219/1219/1219 1220/1220/1220
f 1138/1138/1138 1220/1220/1220 1139/1139/1139
f 1139/1139/1139 1220/1220/1220 1221/1221/1221
f 1139/1139/1139 1221/1221/1221 1140/1140/1140
f 1140/1140/1140 1221/1221/1221 1222/1222/1222
f 1140/1140/1140 1222/1222/1222 1141/1141/1141
f 1141/1141/1141 1222/1222/1222 1223/1223/1223
f 1141/1141/1141 1223/1223/1223 1142/1142/1142
f 1142/1142/1142 1223/1223/1223 1224/1224/1224
f 1142/1142/1142 1224/1224/1224 1143/1143/1143
f 1143/1143/1143 1224/1224/1224 1225/1225/1225
f 1143/1143/1143 1225/1225/1225 1144/1144/1144
f 1144/1144/1144 1225/1225/1225 1226/1226/1226
f 1144/1144/1144 1226/1226/1226 1145/1145/1145
f 1145/1145/1145 1226/1226/1226 1227/1227/1227
f 1145/1145/1145 1227/1227/1227 1146/1146/1146
f 1146/1146/1146 1227/1227/1227 1228/1228/1228
f 1146/1146/1146 1228/1228/1228 1147/1147/1147
f 1147/1147/1147 1228/1228/1228 1229/1229/1229
f 1147/1147/1147 1229/1229/1229 1148/1148/1148
f 1148/1148/1148 1229/1229/1229 1230/1230/1230
f 1148/1148/1148 1230/1230/1230 1149/1149/1149
f 1149/1149/1149 1230/1230/1230 1231/1231/1231
f 1149/1149/1149 1231/1231/1231 1150/1150/1150
f 1150/1150/1150 1231/1231/1231 1232/1232/1232
f 1150/1150/1150 1232/1232/1232 1151/1151/1151
f 1151/1151/1151 1232/1232/1232 1233/1233/1233
f 1151/1151/1151 1233/1233/1233 1152/1152/1152
f 1152/1152/1152 1233/1233/1233 1234/1234/1234
f 1152/1152/1152 1234/1234/1234 1153/1153/1153
f 1153/1153/1153 1234/1234/1234 1235/1235/1235
f 1153/1153/1153 1235/1235/1235 1154/1154/1154
f 1154/1154/1154 1235/1235/1235 1236/1236/1236
f 1154/1154/1154 1236/1236/1236 1155/1155/1155
f 1155/1155/1155 1236/1236/1236 1237/1237/1237
f 1155/1155/1155 1237/1237/1237 1156/1156/1156
f 1156/1156/1156 1237/1237/1237 1238/1238/1238
f 1156/1156/1156 1238/1238/1238 1157/1157/1157
f 1157/1157/1157 1238/1238/1238 1239/1239/1239
f 1157/1157/1157 1239/1239/1239 1158/1158/1158
f 1158/1158/1158 1239/1239/1239 1240/1240/1240
f 1158/1158/1158 1240/1240/1240 1159/1159/1159
f 1159/1159/1159 1240/1240/1240 1241/1241/1241
f 1159/1159/1159 1241/1241/1241 1160/1160/1160
f 1160/1160/1160 1241/1241/1241 1242/1242/1242
f 1160/1160/1160 1242/1242/1242 1161/1161/1161
f 1161/1161/1161 1242/1242/1242 1243/1243/1243
f 1161/1161/1161 1243/1243/1243 1162/1162/1162
f 1162/1162/1162 1243/1243/1243 1244/1244/1244
f 1162/1162/1162 1244/1244/1244 1163/1163/1163
f 1163/1163/1163 1244/1244/1244 1245/1245/1245
f 1163/1163/1163 1245/1245/1245 1164/1164/1164
f 1164/1164/1164 1245/1245/1245 1246/1246/1246
f 1164/1164/1164 1246/1246/1246 1165/1165/1165
f 1165/1165/1165 1246/1246/1246 1247/1247/1247
f 1165/1165/1165 1247/1247/1247 1166/1166/1166
f 1166/1166/1166 1247/1247/1247 1248/1248/1248
f 1166/1166/1166 1248/1248/1248 1167/1167/1167
f 1167/1167/1167 1248/1248/1248 1249/1249/1249
f 1167/1167/1167 1249/1249/1249 1168/1168/1168
f 1168/1168/1168 1249/1249/1249 1250/1250/1250
f 1168/1168/1168 1250/1250/1250 1169/1169/1169
f 1169/1169/1169 1250/1250/1250 1251/1251/1251
f 1169/1169/1169 1251/1251/1251 1170/1170/1170
f 1170/1170/1170 1251/1251/1251 1252/1252/1252
f 1170/1170/1170 1252/1252/1252 1171/1171/1171
f 1171/1171/1171 1252/1252/1252 1253/1253/1253
f 1171/1171/1171 1253/1253/1253 1172/1172/1172
f 1172/1172/1172 1253/1253/1253 1254/1254/1254
f 1172/1172/1172 1254/1254/1254 1173/1173/1173
f 1173/1173/1173 1254/1254/1254 1255/1255/1255
f 1173/1173/1173 1255/1255/1255 1174/1174/1174
f 1174/1174/1174 1255/1255/1255 1256/1256/1256
f 1174/1174/1174 1256/1256/1256 1175/1175/1175
f 1175/1175/1175 1256/1256/1256 1257/1257/1257
f 1175/1175/1175 1257/1257/1257 1176/1176/1176
f 1176/1176/1176 1257/1257/1257 1258/1258/1258
f 1176/1176/1176 1258/1258/1258 1177/1177/1177
f 1177/1177/1177 1258/1258/1258 1259/1259/1259
f 1177/1177/1177 1259/1259/1259 1178/1178/1178
f 1178/1178/1178 1259/1259/1259 1260/1260/1260
f 1178/1178/1178 1260/1260/1260 1179/1179/1179
f 1179/1179/1179 1260/1260/1260 1261/1261/1261
f 1179/1179/1179 1261/1261/1261 1180/1180/1180
f 1180/1180/1180 1261/1261/1261 1262/1262/1262
f 1180/1180/1180 1262/1262/1262 1181/1181/1181
f 1181/1181/1181 1262/1262/1262 1263/1263/1263
f 1181/1181/1181 1263/1263/1263 1182/1182/1182
f 1182/1182/1182 1263/1263/1263 1264/1264/1264
f 1182/1182/1182 1264/1264/1264 1183/1183/1183
f 1183/1183/1183 1264/1264/1264 1265/1265/1265
f 1183/1183/1183 1265/1265/1265 1184/1184/1184
f 1184/1184/1184 1265/1265/1265 1266/1266/1266
f 1184/1184/1184 1266/1266/1266 1185/1185/1185
f 1185/1185/1185 1266/1266/1266 1267/1267/1267
f 1185/1185/1185 1267/1267/1267 1186/1186/1186
f 1186/1186/1186 1267/1267/1267 1268/1268/1268
f 1186/1186/1186 1268/1268/1268 1187/1187/1187
f 1187/1187/1187 1268/1268/1268 1269/1269/1269
f 1187/1187/1187 1269/1269/1269 1188/1188/1188
f 1188/1188/1188 1269/1269/1269 1270/1270/1270
f 1188/1188/1188 1270/1270/1270 1189/1189/1189
f 1189/1189/1189 1270/1270/1270 1271/1271/1271
f 1189/1189/1189 1271/1271/1271 1190/1190/1190
f 1190/1190/1190 1271/1271/1271 1272/1272/1272
f 1190/1190/1190 1272/1272/1272 1191/1191/1191
f 1191/1191/1191 1272/1272/1272 1273/1273/1273
f 1191/1191/1191 1273/1273/1273 1192/1192/1192
f 1192/1192/1192 1273/1273/1273 1274/1274/1274
f 1192/1192/1192 1274/1274/1274 1193/1193/1193
f 1193/1193/1193 1274/1274/1274 1275/1275/1275
f 1193/1193/1193 1275/1275/1275 1194/1194/1194
f 1194/1194/1194 1275/1275/1275 1276/1276/1276
f 1194/1194/1194 1276/1276/1276 1195/1195/1195
f 1195/1195/1195 1276/1276/1276 1277/1277/1277
f 1195/1195/1195 1277/1277/1277 1196/1196/1196
f 1196/1196/1196 1277/1277/1277 1278/1278/1278
f 1196/1196/1196 1278/1278/1278 1197/1197/1197
f 1197/1197/1197 1278/1278/1278 1279/1279/1279
f 1197/1197/1197 1279/1279/1279 1198/1198/1198
f 1198/1198/1198 1279/1279/1279 1280/1280/1280
f 1198/1198/1198 1280/1280/1280 1199/1199/1199
f 1199/1199/1199 1280/1280/1280 1281/1281/1281
f 1199/1199/1199 1281/1281/1281 1200/1200/1200
f 1200/1200/1200 1281/1281/1281 1282/1282/1282
f 1200/1200/1200 1282/1282/1282 1201/1201/1201
f 1201/1201/1201 1282/1282/1282 1283/1283/1283
f 1201/1201/1201 1283/1283/1283 1202/1202/1202
f 1202/1202/1202 1283/1283/1283 1284/1284/1284
f 1202/1202/1202 1284/1284/1284 1203/1203/1203
f 1203/1203/1203 1284/1284/1284 1285/1285/1285
f 1203/1203/1203 1285/1285/1285 1204/1204/1204
f 1204/1204/1204 1285/1285/1285 1286/1286/1286
f 1204/1204/1204 1286/1286/1286 1205/1205/1205
f 1205/1205/1205 1286/1286/1286 1287/1287/1287
f 1205/1205/1205 1287/1287/1287 1206/1206/1206
f 1206/1206/1206 1287/1287/1287 1288/1288/1288
f 1206/1206/1206 1288/1288/1288 1207/1207/1207
f 1207/1207/1207 1288/1288/1288 1289/1289/1289
f 1207/1207/1207 1289/1289/1289 1208/1208/1208
f 1208/1208/1208 1289/1289/1289 1290/1290/1290
f 1208/1208/1208 1290/1290/1290 1209/1209/1209
f 1209/1209/1209 1290/1290/1290 1291/1291/1291
f 1209/1209/1209 1291/1291/1291 1210/1210/1210
f 1210/1210/1210 1291/1291/1291 1292/1292/1292
f 1210/1210/1210 1292/1292/1292 1211/1211/1211
f 1211/1211/1211 1292/1292/1292 1293/1293/1293
f 1211/1211/1211 1293/1293/1293 1212/1212/1212
f 1212/1212/1212 1293/1293/1293 1294/1294/1294
f 1212/1212/1212 1294/1294/1294 1213/1213/1213
f 1213/1213/1213 1294/1294/1294 1295/1295/1295
f 1213/1213/1213 1295/1295/1295 1214/1214/1214
f 1214/1214/1214 1295/1295/1295 1296/1296/1296
f 1214/1214/1214 1296/1296/1296 1215/1215/1215
f 1216/1216/1216 1297/1297/1297 1298/1298/1298
f 1216/1216/1216 1298/1298/1298 1217/1217/1217
f 1217/1217/1217 1298/1298/1298 1299/1299/1299
f 1217/1217/1217 1299/1299/1299 1218/1218/1218
f 1218/1218/1218 1299/1299/1299 1300/1300/1300
f 1218/1218/1218 1300/1300/1300 1219/1219/1219
f 1219/1219/1219 1300/1300/1300 1301/1301/1301
f 1219/1219/1219 1301/1301/1301 1220/1220/1220
f 1220/1220/1220 1301/1301/1301 1302/1302/1302
f 1220/1220/1220 1302/1302/1302 1221/1221/1221
f 1221/1221/1221 1302/1302/1302 1303/1303/1303
f 1221/1221/1221 1303/1303/1303 1222/1222/1222
f 1222/1222/1222 1303/1303/1303 1304/1304/1304
f 1222/1222/1222 1304/1304/1304 1223/1223/1223
f 1223/1223/1223 1304/1304/1304 1305/1305/1305
f 1223/1223/1223 1305/1305/1305 1224/1224/1224
f 1224/1224/1224 1305/1305/1305 1306/1306/1306
f 1224/1224/1224 1306/1306/1306 1225/1225/1225
f 1225/1225/1225 1306/1306/1306 1307/1307/1307
f 1225/1225/1225 1307/1307/1307 1226/1226/1226
f 1226/1226/1226 1307/1307/1307 1308/1308/1308
f 1226/1226/1226 1308/1308/1308 1227/1227/1227
f 1227/1227/1227 1308/1308/1308 1309/1309/1309
f 1227/1227/1227 1309/1309/1309 1228/1228/1228
f 1228/1228/1228 1309/1309/1309 1310/1310/1310
f 1228/1228/1228 1310/1310/1310 1229/1229/1229
f 1229/1229/1229 1310/1310/1310 1311/1311/1311
f 1229/1229/1229 1311/1311/1311 1230/1230/1230
f 1230/1230/1230 1311/1311/1311 1312/1312/1312
f 1230/1230/1230 1312/1312/1312 1231/1231/1231
f 1231/1231/1231 1312/1312/1312 1313/1313/1313
f 1231/1231/1231 1313/1313/1313 1232/1232/1232
f 1232/1232/1232 1313/1313/1313 1314/1314/1314
f 1232/1232/1232 1314/1314/1314 1233/1233/1233
f 1233/1233/1233 1314/1314/1314 1315/1315/1315
f 1233/1233/1233 1315/1315/1315 1234/1234/1234
f 1234/1234/1234 1315/1315/1315 1316/1316/1316
f 1234/1234/1234 1316/1316/1316 1235/1235/1235
f 1235/1235/1235 1316/1316/1316 1317/1317/1317
f 1235/1235/1235 1317/1317/1317 1236/1236/1236
f 1236/1236/1236 1317/1317/1317 1318/1318/1318
f 1236/1236/1236 1318/1318/1318 1237/1237/1237
f 1237/1237/1237 1318/1318/1318 1319/1319/1319
f 1237/1237/1237 1319/1319/1319 1238/1238/1238
f 1238/1238/1238 1319/1319/1319 1320/1320/1320
f 1238/1238/1238 1320/1320/1320 1239/1239/1239
f 1239/1239/1239 1320/1320/1320 1321/1321/1321
f 1239/1239/1239 1321/1321/1321 1240/1240/1240
f 1240/1240/1240 1321/1321/1321 1322/1322/1322
f 1240/1240/1240 1322/1322/1322 1241/1241/1241
f 1241/1241/1241 1322/1322/1322 1323/1323/1323
f 1241/1241/1241 1323/1323/1323 1242/1242/1242
f 1242/1242/1242 1323/1323/1323 1324/1324/1324
f 1242/1242/1242 1324/1324/1324 1243/1243/1243
f 1243/1243/1243 1324/1324/1324 1325/1325/1325
f 1243/1243/1243 1325/1325/1325 1244/1244/1244
f 1244/1244/1244 1325/1325/1325 1326/1326/1326
f 1244/1244/1244 1326/1326/1326 1245/1245/1245
f 1245/1245/1245 1326/1326/1326 1327/1327/1327
f 1245/1245/1245 1327/1327/1327 1246/1246/1246
f 1246/1246/1246 1327/1327/1327 1328/1328/1328
f 1246/1246/1246 1328/1328/1328 1247/1247/1247
f 1247/1247/1247 1328/1328/1328 1329/1329/1329
f 1247/1247/1247 1329/1329/1329 1248/1248/1248
f 1248/1248/1248 1329/1329/1329 1330/1330/1330
f 1248/1248/1248 1330/1330/1330 1249/1249/1249
f 1249/1249/1249 1330/1330/1330 1331/1331/1331
f 1249/1249/1249 1331/1331/1331 1250/1250/1250
f 1250/1250/1250 1331/1331/1331 1332/1332/1332
f 1250/1250/1250 1332/1332/1332 1251/1251/1251
f 1251/1251/1251 1332/1332/1332 1333/1333/1333
f 1251/1251/1251 1333/1333/1333 1252/1252/1252
f 1252/1252/1252 1333/1333/1333 1334/1334/1334
f 1252/1252/1252 1334/1334/1334 1253/1253/1253
f 1253/1253/1253 1334/1334/1334 1335/1335/1335
f 1253/1253/1253 1335/1335/1335 1254/1254/1254
f 1254/1254/1254 1335/1335/1335 1336/1336/1336
f 1254/1254/1254 1336/1336/1336 1255/1255/1255
f 1255/1255/1255 1336/1336/1336 1337/1337/1337
f 1255/1255/1255 1337/1337/1337 1256/1256/1256
f 1256/1256/1256 1337/1337/1337 1338/1338/1338
f 1256/1256/1256 1338/1338/1338 1257/1257/1257
f 1257/1257/1257 1338/1338/1338 1339/1339/1339
f 1257/1257/1257 1339/1339/1339 1258/1258/1258
f 1258/1258/1258 1339/1339/1339 1340/1340/1340
f 1258/1258/1258 1340/1340/1340 1259/1259/1259
f 1259/1259/1259 1340/1340/1340 1341/1341/1341
f 1259/1259/1259 1341/1341/1341 1260/1260/1260
f 1260/1260/1260 1341/1341/1341 1342/1342/1342
f 1260/1260/1260 1342/1342/1342 1261/1261/1261
f 1261/1261/1261 1342/1342/1342 1343/1343/1343
f 1261/1261/1261 1343/1343/1343 1262/1262/1262
f 1262/1262/1262 1343/1343/1343 1344/1344/1344
f 1262/1262/1262 1344/1344/1344 1263/1263/1263
f 1263/1263/1263 1344/1344/1344 1345/1345/1345
f 1263/1263/1263 1345/1345/1345 1264/1264/1264
f 1264/1264/1264 1345/1345/1345 1346/1346/1346
f 1264/1264/1264 1346/1346/1346 1265/1265/1265
f 1265/1265/1265 1346/1346/1346 1347/1347/1347
f 1265/1265/1265 1347/1347/1347 1266/1266/1266
f 1266/1266/1266 1347/1347/1347 1348/1348/1348
f 1266/1266/1266 1348/1348/1348 1267/1267/1267
f 1267/1267/1267 1348/1348/1348 1349/1349/1349
f 1267/1267/1267 1349/1349/1349 1268/1268/1268
f 1268/1268/1268 1349/1349/1349 1350/1350/1350
f 1268/1268/1268 1350/1350/1350 1269/1269/1269
f 1269/1269/1269 1350/1350/1350 1351/1351/1351
f 1269/1269/1269 1351/1351/1351 1270/1270/1270
f 1270/1270/1270 1351/1351/1351 1352/1352/1352
f 1270/1270/1270 1352/1352/1352 1271/1271/1271
f 1271/1271/1271 1352/1352/1352 1353/1353/1353
f 1271/1271/1271 1353/1353/1353 1272/1272/1272
f 1272/1272/1272 1353/1353/1353 1354/1354/1354
f 1272/1272/1272 1354/1354/1354 1273/1273/1273
f 1273/1273/1273 1354/1354/1354 1355/1355/1355
f 1273/1273/1273 1355/1355/1355 1274/1274/1274
f 1274/1274/1274 1355/1355/1355 1356/1356/1356
f 1274/1274/1274 1356/1356/1356 1275/1275/1275
f 1275/1275/1275 1356/1356/1356 1357/1357/1357
f 1275/1275/1275 1357/1357/1357 1276/1276/1276
f 1276/1276/1276 1357/1357/1357 1358/1358/1358
f 1276/1276/1276 1358/1358/1358 1277/1277/1277
f 1277/1277/1277 1358/1358/1358 1359/1359/1359
f 1277/1277/1277 1359/1359/1359 1278/1278/1278
f 1278/1278/1278 1359/1359/1359 1360/1360/1360
f 1278/1278/1278 1360/1360/1360 1279/1279/1279
f 1279/1279/1279 1360/1360/1360 1361/1361/1361
f 1279/1279/1279 1361/1361/1361 1280/1280/1280
f 1280/1280/1280 1361/1361/1361 1362/1362/1362
f 1280/1280/1280 1362/1362/1362 1281/1281/1281
f 1281/1281/1281 1362/1362/1362 1363/1363/1363
f 1281/1281/1281 1363/1363/1363 1282/1282/1282
f 1282/1282/1282 1363/1363/1363 1364/1364/1364
f 1282/1282/1282 1364/1364/1364 1283/1283/1283
f 1283/1283/1283 1364/1364/1364 1365/1365/1365
f 1283/1283/1283 1365/1365/1365 1284/1284/1284
f 1284/1284/1284 1365/1365/1365 1366/1366/1366
f 1284/1284/1284 1366/1366/1366 1285/1285/1285
f 1285/1285/1285 1366/1366/1366 1367/1367/1367
f 1285/1285/1285 1367/1367/1367 1286/1286/1286
f 1286/1286/1286 1367/1367/1367 1368/1368/1368
f 1286/1286/1286 1368/1368/1368 1287/1287/1287
f 1287/1287/1287 1368/1368/1368 1369/1369/1369
f 1287/1287/1287 1369/1369/1369 1288/1288/1288
f 1288/1288/1288 1369/1369/1369 1370/1370/1370
f 1288/1288/1288 1370/1370/1370 1289/1289/1289
f 1289/1289/1289 1370/1370/1370 1371/1371/1371
f 1289/1289/1289 1371/1371/1371 1290/1290/1290
f 1290/1290/1290 1371/1371/1371 1372/1372/1372
f 1290/1290/1290 1372/1372/1372 1291/1291/1291
f 1291/1291/1291 1372/1372/1372 1373/1373/1373
f 1291/1291/1291 1373/1373/1373 1292/1292/1292
f 1292/1292/1292 1373/1373/1373 1374/1374/1374
f 1292/1292/1292 1374/1374/1374 1293/1293/1293
f 1293/1293/1293 1374/1374/1374 1375/1375/1375
f 1293/1293/1293 1375/1375/1375 1294/1294/1294
f 1294/1294/1294 1375/1375/1375 1376/1376/1376
f 1294/1294/1294 1376/1376/1376 1295/1295/1295
f 1295/1295/1295 1376/1376/1376 1377/1377/1377
f 1295/1295/1295 1377/1377/1377 1296/1296/1296
f 1297/1297/1297 1378/1378/1378 1379/1379/1379
f 1297/1297/1297 1379/1379/1379 1298/1298/1298
f 1298/1298/1298 1379/1379/1379 1380/1380/1380
f 1298/1298/1298 1380/1380/1380 1299/1299/1299
f 1299/1299/1299 1380/1380/1380 1381/1381/1381
f 1299/1299/1299 1381/1381/1381 1300/1300/1300
f 1300/1300/1300 1381/1381/1381 1382/1382/1382
f 1300/1300/1300 1382/1382/1382 1301/1301/1301
f 1301/1301/1301 1382/1382/1382 1383/1383/1383
f 1301/1301/1301 1383/1383/1383 1302/1302/1302
f 1302/1302/1302 1383/1383/1383 1384/1384/1384
f 1302/1302/1302 1384/1384/1384 1303/1303/1303
f 1303/1303/1303 1384/1384/1384 1385/1385/1385
f 1303/1303/1303 1385/1385/1385 1304/1304/1304
f 1304/1304/1304 1385/1385/1385 1386/1386/1386
f 1304/1304/1304 1386/1386/1386 1305/1305/1305
f 1305/1305/1305 1386/1386/1386 1387/1387/1387
f 1305/1305/1305 1387/1387/1387 1306/1306/1306
f 1306/1306/1306 1387/1387/1387 1388/1388/1388
f 1306/1306/1306 1388/1388/1388 1307/1307/1307
f 1307/1307/1307 1388/1388/1388 1389/1389/1389
f 1307/1307/1307 1389/1389/1389 1308/1308/1308
f 1308/1308/1308 1389/1389/1389 1390/1390/1390
f 1308/1308/1308 1390/1390/1390 1309/1309/1309
f 1309/1309/1309 1390/1390/1390 1391/1391/1391
f 1309/1309/1309 1391/1391/1391 1310/1310/1310
f 1310/1310/1310 1391/1391/1391 1392/1392/1392
f 1310/1310/1310 1392/1392/1392 1311/1311/1311
f 1311/1311/1311 1392/1392/1392 1393/1393/1393
f 1311/1311/1311 1393/1393/1393 1312/1312/1312
f 1312/1312/1312 1393/1393/1393 1394/1394/1394
f 1312/1312/1312 1394/1394/1394 1313/1313/1313
f 1313/1313/1313 1394/1394/1394 1395/1395/1395
f 1313/1313/1313 1395/1395/1395 1314/1314/1314
f 1314/1314/1314 1395/1395/1395 1396/1396/1396
f 1314/1314/1314 1396/1396/1396 1315/1315/1315
f 1315/1315/1315 1396/1396/1396 1397/1397/1397
f 1315/1315/1315 1397/1397/1397 1316/1316/1316
f 1316/1316/1316 1397/1397/1397 1398/1398/1398
f 1316/1316/1316 1398/1398/1398 1317/1317/1317
f 1317/1317/1317 1398/1398/1398 1399/1399/1399
f 1317/1317/1317 1399/1399/1399 1318/1318/1318
f 1318/1318/1318 1399/1399/1399 1400/1400/1400
f 1318/1318/1318 1400/1400/1400 1319/1319/1319
f 1319/1319/1319 1400/1400/1400 1401/1401/1401
f 1319/1319/1319 1401/1401/1401 1320/1320/1320
f 1320/1320/1320 1401/1401/1401 1402/1402/1402
f 1320/1320/1320 1402/1402/1402 1321/1321/1321
f 1321/1321/1321 1402/1402/1402 1403/1403/1403
f 1321/1321/1321 1403/1403/1403 1322/1322/1322
f 1322/1322/1322 1403/1403/1403 1404/1404/1404
f 1322/1322/1322 1404/1404/1404 1323/1323/1323
f 1323/1323/1323 1404/1404/1404 1405/1405/1405
f 1323/1323/1323 1405/1405/1405 1324/1324/1324
f 1324/1324/1324 1405/1405/1405 1406/1406/1406
f 1324/1324/1324 1406/1406/1406 1325/1325/1325
f 1325/1325/1325 1406/1406/1406 1407/1407/1407
f 1325/1325/1325 1407/1407/1407 1326/1326/1326
f 1326/1326/1326 1407/1407/1407 1408/1408/1408
f 1326/1326/1326 1408/1408/1408 1327/1327/1327
f 1327/1327/1327 1408/1408/1408 1409/1409/1409
f 1327/1327/1327 1409/1409/1409 1328/1328/1328
f 1328/1328/1328 1409/1409/1409 1410/1410/1410
f 1328/1328/1328 1410/1410/1410 1329/1329/1329
f 1329/1329/1329 1410/1410/1410 1411/1411/1411
f 1329/1329/1329 1411/1411/1411 1330/1330/1330
f 1330/1330/1330 1411/1411/1411 1412/1412/1412
f 1330/1330/1330 1412/1412/1412 1331/1331/1331
f 1331/1331/1331 1412/1412/1412 1413/1413/1413
f 1331/1331/1331 1413/1413/1413 1332/1332/1332
f 1332/1332/1332 1413/1413/1413 1414/1414/1414
f 1332/1332/1332 1414/1414/1414 1333/1333/1333
f 1333/1333/1333 1414/1414/1414 1415/1415/1415
f 1333/1333/1333 1415/1415/1415 1334/1334/1334
f 1334/1334/1334 1415/1415/1415 1416/1416/1416
f 1334/1334/1334 1416/1416/1416 1335/1335/1335
f 1335/1335/1335 1416/1416/1416 1417/1417/1417
f 1335/1335/1335 1417/1417/1417 1336/1336/1336
f 1336/1336/1336 1417/1417/1417 1418/1418/1418
f 1336/1336/1336 1418/1418/1418 1337/1337/1337
f 1337/1337/1337 1418/1418/1418 1419/1419/1419
f 1337/1337/1337 1419/1419/1419 1338/1338/1338
f 1338/1338/1338 1419/1419/1419 1420/1420/1420
f 1338/1338/1338 1420/1420/1420 1339/1339/1339
f 1339/1339/1339 1420/1420/1420 1421/1421/1421
f 1339/1339/1339 1421/1421/1421 1340/1340/1340
f 1340/1340/1340 1421/1421/1421 1422/1422/1422
f 1340/1340/1340 1422/1422/1422 1341/1341/1341
f 1341/1341/1341 1422/1422/1422 1423/1423/1423
f 1341/1341/1341 1423/1423/1423 1342/1342/1342
f 1342/1342/1342 1423/1423/1423 1424/1424/1424
f 1342/1342/1342 1424/1424/1424 1343/1343/1343
f 1343/1343/1343 1424/1424/1424 1425/1425/1425
f 1343/1343/1343 1425/1425/1425 1344/1344/1344
f 1344/1344/1344 1425/1425/1425 1426/1426/1426
f 1344/1344/1344 1426/1426/1426 1345/1345/1345
f 1345/1345/1345 1426/1426/1426 1427/1427/1427
f 1345/1345/1345 1427/1427/1427 1346/1346/1346
f 1346/1346/1346 1427/1427/1427 1428/1428/1428
f 1346/1346/1346 1428/1428/1428 1347/1347/1347
f 1347/1347/1347 1428/1428/1428 1429/1429/1429
f 1347/1347/1347 1429/1429/1429 1348/1348/1348
f 1348/1348/1348 1429/1429/1429 1430/1430/1430
f 1348/1348/1348 1430/1430/1430 1349/1349/1349
f 1349/1349/1349 1430/1430/1430 1431/1431/1431
f 1349/1349/1349 1431/1431/1431 1350/1350/1350
f 1350/1350/1350 1431/1431/1431 1432/1432/1432
f 1350/1350/1350 1432/1432/1432 1351/1351/1351
f 1351/1351/1351 1432/1432/1432 1433/1433/1433
f 1351/1351/1351 1433/1433/1433 1352/1352/1352
f 1352/1352/1352 1433/1433/1433 1434/1434/1434
f 1352/1352/1352 1434/1434/1434 1353/1353/1353
f 1353/1353/1353 1434/1434/1434 1435/1435/1435
f 1353/1353/1353 1435/1435/1435 1354/1354/1354
f 1354/1354/1354 1435/1435/1435 1436/1436/1436
f 1354/1354/1354 1436/1436/1436 1355/1355/1355
f 1355/1355/1355 1436/1436/1436 1437/1437/1437
f 1355/1355/1355 1437/1437/1437 1356/1356/1356
f 1356/1356/1356 1437/1437/1437 1438/1438/1438
f 1356/1356/1356 1438/1438/1438 1357/1357/1357
f 1357/1357/1357 1438/1438/1438 1439/1439/1439
f 1357/1357/1357 1439/1439/1439 1358/1358/1358
f 1358/1358/1358 1439/1439/1439 1440/1440/1440
f 1358/1358/1358 1440/1440/1440 1359/1359/1359
f 1359/1359/1359 1440/1440/1440 1441/1441/1441
f 1359/1359/1359 1441/1441/1441 1360/1360/1360
f 1360/1360/1360 1441/1441/1441 1442/1442/1442
f 1360/1360/1360 1442/1442/1442 1361/1361/1361
f 1361/1361/1361 1442/1442/1442 1443/1443/1443
f 1361/1361/1361 1443/1443/1443 1362/1362/1362
f 1362/1362/1362 1443/1443/1443 1444/1444/1444
f 1362/1362/1362 1444/1444/1444 1363/1363/1363
f 1363/1363/1363 1444/1444/1444 1445/1445/1445
f 1363/1363/1363 1445/1445/1445 1364/1364/1364
f 1364/1364/1364 1445/1445/1445 1446/1446/1446
f 1364/1364/1364 1446/1446/1446 1365/1365/1365
f 1365/1365/1365 1446/1446/1446 1447/1447/1447
f 1365/1365/1365 1447/1447/1447 1366/1366/1366
f 1366/1366/1366 1447/1447/1447 1448/1448/1448
f 1366/1366/1366 1448/1448/1448 1367/1367/1367
f 1367/1367/1367 1448/1448/1448 1449/1449/1449
f 1367/1367/1367 1449/1449/1449 1368/1368/1368
f 1368/1368/1368 1449/1449/1449 1450/1450/1450
f 1368/1368/1368 1450/1450/1450 1369/1369/1369
f 1369/1369/1369 1450/1450/1450 1451/1451/1451
f 1369/1369/1369 1451/1451/1451 1370/1370/1370
f 1370/1370/1370 1451/1451/1451 1452/1452/1452
f 1370/1370/1370 1452/1452/1452 1371/1371/1371
f 1371/1371/1371 1452/1452/1452 1453/1453/1453
f 1371/1371/1371 1453/1453/1453 1372/1372/1372
f 1372/1372/1372 1453/1453/1453 1454/1454/1454
f 1372/1372/1372 1454/1454/1454 1373/1373/1373
f 1373/1373/1373 1454/1454/1454 1455/1455/1455
f 1373/1373/1373 1455/1455/1455 1374/1374/1374
f 1374/1374/1374 1455/1455/1455 1456/1456/1456
f 1374/1374/1374 1456/1456/1456 1375/1375/1375
f 1375/1375/1375 1456/1456/1456 1457/1457/1457
f 1375/1375/1375 1457/1457/1457 1376/1376/1376
f 1376/1376/1376 1457/1457/1457 1458/1458/1458
f 1376/1376/1376 1458/1458/1458 1377/1377/1377
f 1378/1378/1378 1459/1459/1459 1460/1460/1460
f 1378/1378/1378 1460/1460/1460 1379/1379/1379
f 1379/1379/1379 1460/1460/1460 1461/1461/1461
f 1379/1379/1379 1461/1461/1461 1380/1380/1380
f 1380/1380/1380 1461/1461/1461 1462/1462/1462
f 1380/1380/1380 1462/1462/1462 1381/1381/1381
f 1381/1381/1381 1462/1462/1462 1463/1463/1463
f 1381/1381/1381 1463/1463/1463 1382/1382/1382
f 1382/1382/1382 1463/1463/1463 1464/1464/1464
f 1382/1382/1382 1464/1464/1464 1383/1383/1383
f 1383/1383/1383 1464/1464/1464 1465/1465/1465
f 1383/1383/1383 1465/1465/1465 1384/1384/1384
f 1384/1384/1384 1465/1465/1465 1466/1466/1466
f 1384/1384/1384 1466/1466/1466 1385/1385/1385
f 1385/1385/1385 1466/1466/1466 1467/1467/1467
f 1385/1385/1385 1467/1467/1467 1386/1386/1386
f 1386/1386/1386 1467/1467/1467 1468/1468/1468
f 1386/1386/1386 1468/1468/1468 1387/1387/1387
f 1387/1387/1387 1468/1468/1468 1469/1469/1469
f 1387/1387/1387 1469/1469/1469 1388/1388/1388
f 1388/1388/1388 1469/1469/1469 1470/1470/1470
f 1388/1388/1388 1470/1470/1470 1389/1389/1389
f 1389/1389/1389 1470/1470/1470 1471/1471/1471
f 1389/1389/1389 1471/1471/1471 1390/1390/1390
f 1390/1390/1390 1471/1471/1471 1472/1472/1472
f 1390/1390/1390 1472/1472/1472 1391/1391/1391
f 1391/1391/1391 1472/1472/1472 1473/1473/1473
f 1391/1391/1391 1473/1473/1473 1392/1392/1392
f 1392/1392/1392 1473/1473/1473 1474/1474/1474
f 1392/1392/1392 1474/1474/1474 1393/1393/1393
f 1393/1393/1393 1474/1474/1474 1475/1475/1475
f 1393/1393/1393 1475/1475/1475 1394/1394/1394
f 1394/1394/1394 1475/1475/1475 1476/1476/1476
f 1394/1394/1394 1476/1476/1476 1395/1395/1395
f 1395/1395/1395 1476/1476/1476 1477/1477/1477
f 1395/1395/1395 1477/1477/1477 1396/1396/1396
f 1396/1396/1396 1477/1477/1477 1478/1478/1478
f 1396/1396/1396 1478/1478/1478 1397/1397/1397
f 1397/1397/1397 1478/1478/1478 1479/1479/1479
f 1397/1397/1397 1479/1479/1479 1398/1398/1398
f 1398/1398/1398 1479/1479/1479 1480/1480/1480
f 1398/1398/1398 1480/1480/1480 1399/1399/1399
f 1399/1399/1399 1480/1480/1480 1481/1481/1481
f 1399/1399/1399 1481/1481/1481 1400/1400/1400
f 1400/1400/1400 1481/1481/1481 1482/1482/1482
f 1400/1400/1400 1482/1482/1482 1401/1401/1401
f 1401/1401/1401 1482/1482/1482 1483/1483/1483
f 1401/1401/1401 1483/1483/1483 1402/1402/1402
f 1402/1402/1402 1483/1483/1483 1484/1484/1484
f 1402/1402/1402 1484/1484/1484 1403/1403/1403
f 1403/1403/1403 1484/1484/1484 1485/1485/1485
f 1403/1403/1403 1485/1485/1485 1404/1404/1404
f 1404/1404/1404 1485/1485/1485 1486/1486/1486
f 1404/1404/1404 1486/1486/1486 1405/1405/1405
f 1405/1405/1405 1486/1486/1486 1487/1487/1487
f 1405/1405/1405 1487/1487/1487 1406/1406/1406
f 1406/1406/1406 1487/1487/1487 1488/1488/1488
f 1406/1406/1406 1488/1488/1488 1407/1407/1407
f 1407/1407/1407 1488/1488/1488 1489/1489/1489
f 1407/1407/1407 1489/1489/1489 1408/1408/1408
f 1408/1408/1408 1489/1489/1489 1490/1490/1490
f 1408/1408/1408 1490/1490/1490 1409/1409/1409
f 1409/1409/1409 1490/1490/1490 1491/1491/1491
f 1409/1409/1409 1491/1491/1491 1410/1410/1410
f 1410/1410/1410 1491/1491/1491 1492/1492/1492
f 1410/1410/1410 1492/1492/1492 1411/1411/1411
f 1411/1411/1411 1492/1492/1492 1493/1493/1493
f 1411/1411/1411 1493/1493/1493 1412/1412/1412
f 1412/1412/1412 1493/1493/1493 1494/1494/1494
f 1412/1412/1412 1494/1494/1494 1413/1413/1413
f 1413/1413/1413 1494/1494/1494 1495/1495/1495
f 1413/1413/1413 1495/1495/1495 1414/1414/1414
f 1414/1414/1414 1495/1495/1495 1496/1496/1496
f 1414/1414/1414 1496/1496/1496 1415/1415/1415
f 1415/1415/1415 1496/1496/1496 1497/1497/1497
f 1415/1415/1415 1497/1497/1497 1416/1416/1416
f 1416/1416/1416 1497/1497/1497 1498/1498/1498
f 1416/1416/1416 1498/1498/1498 1417/1417/1417
f 1417/1417/1417 1498/1498/1498 1499/1499/1499
f 1417/1417/1417 1499/1499/1499 1418/1418/1418
f 1418/1418/1418 1499/1499/1499 1500/1500/1500
f 1418/1418/1418 1500/1500/1500 1419/1419/1419
f 1419/1419/1419 1500/1500/1500 1501/1501/1501
f 1419/1419/1419 1501/1501/1501 1420/1420/1420
f 1420/1420/1420 1501/1501/1501 1502/1502/1502
f 1420/1420/1420 1502/1502/1502 1421/1421/1421
f 1421/1421/1421 1502/1502/1502 1503/1503/1503
f 1421/1421/1421 1503/1503/1503 1422/1422/1422
f 1422/1422/1422 1503/1503/1503 1504/1504/1504
f 1422/1422/1422 1504/1504/1504 1423/1423/1423
f 1423/1423/1423 1504/1504/1504 1505/1505/1505
f 1423/1423/1423 1505/1505/1505 1424/1424/1424
f 1424/1424/1424 1505/1505/1505 1506/1506/1506
f 1424/1424/1424 1506/1506/1506 1425/1425/1425
f 1425/1425/1425 1506/1506/1506 1507/1507/1507
f 1425/1425/1425 1507/1507/1507 1426/1426/1426
f 1426/1426/1426 1507/1507/1507 1508/1508/1508
f 1426/1426/1426 1508/1508/1508 1427/1427/1427
f 1427/1427/1427 1508/1508/1508 1509/1509/1509
f 1427/1427/1427 1509/1509/1509 1428/1428/1428
f 1428/1428/1428 1509/1509/1509 1510/1510/1510
f 1428/1428/1428 1510/1510/1510 1429/1429/1429
f 1429/1429/1429 1510/1510/1510 1511/1511/1511
f 1429/1429/1429 1511/1511/1511 1430/1430/1430
f 1430/1430/1430 1511/1511/1511 1512/1512/1512
f 1430/1430/1430 1512/1512/1512 1431/1431/1431
f 1431/1431/1431 1512/1512/1512 1513/1513/1513
f 1431/1431/1431 1513/1513/1513 1432/1432/1432
f 1432/1432/1432 1513/1513/1513 1514/1514/1514
f 1432/1432/1432 1514/1514/1514 1433/1433/1433
f 1433/1433/1433 1514/1514/1514 1515/1515/1515
f 1433/1433/1433 1515/1515/1515 1434/1434/1434
f 1434/1434/1434 1515/1515/1515 1516/1516/1516
f 1434/1434/1434 1516/1516/1516 1435/1435/1435
f 1435/1435/1435 1516/1516/1516 1517/1517/1517
f 1435/1435/1435 1517/1517/1517 1436/1436/1436
f 1436/1436/1436 1517/1517/1517 1518/1518/1518
f 1436/1436/1436 1518/1518/1518 1437/1437/1437
f 1437/1437/1437 1518/1518/1518 1519/1519/1519
f 1437/1437/1437 1519/1519/1519 1438/1438/1438
f 1438/1438/1438 1519/1519/1519 1520/1520/1520
f 1438/1438/1438 1520/1520/1520 1439/1439/1439
f 1439/1439/1439 1520/1520/1520 1521/1521/1521
f 1439/1439/1439 1521/1521/1521 1440/1440/1440
f 1440/1440/1440 1521/1521/1521 1522/1522/1522
f 1440/1440/1440 1522/1522/1522 1441/1441/1441
f 1441/1441/1441 1522/1522/1522 1523/1523/1523
f 1441/1441/1441 1523/1523/1523 1442/1442/1442
f 1442/1442/1442 1523/1523/1523 1524/1524/1524
f 1442/1442/1442 1524/1524/1524 1443/1443/1443
f 1443/1443/1443 1524/1524/1524 1525/1525/1525
f 1443/1443/1443 1525/1525/1525 1444/1444/1444
f 1444/1444/1444 1525/1525/1525 1526/1526/1526
f 1444/1444/1444 1526/1526/1526 1445/1445/1445
f 1445/1445/1445 1526/1526/1526 1527/1527/1527
f 1445/1445/1445 1527/1527/1527 1446/1446/1446
f 1446/1446/1446 1527/1527/1527 1528/1528/1528
f 1446/1446/1446 1528/1528/1528 1447/1447/1447
f 1447/1447/1447 1528/1528/1528 1529/1529/1529
f 1447/1447/1447 1529/1529/1529 1448/1448/1448
f 1448/1448/1448 1529/1529/1529 1530/1530/1530
f 1448/1448/1448 1530/1530/1530 1449/1449/1449
f 1449/1449/1449 1530/1530/1530 1531/1531/1531
f 1449/1449/1449 1531/1531/1531 1450/1450/1450
f 1450/1450/1450 1531/1531/1531 1532/1532/1532
f 1450/1450/1450 1532/1532/1532 1451/1451/1451
f 1451/1451/1451 1532/1532/1532 1533/1533/1533
f 1451/1451/1451 1533/1533/1533 1452/1452/1452
f 1452/1452/1452 1533/1533/1533 1534/1534/1534
f 1452/1452/1452 1534/1534/1534 1453/1453/1453
f 1453/1453/1453 1534/1534/1534 1535/1535/1535
f 1453/1453/1453 1535/1535/1535 1454/1454/1454
f 1454/1454/1454 1535/1535/1535 1536/1536/1536
f 1454/1454/1454 1536/1536/1536 1455/1455/1455
f 1455/1455/1455 1536/1536/1536 1537/1537/1537
f 1455/1455/1455 1537/1537/1537 1456/1456/1456
f 1456/1456/1456 1537/1537/1537 1538/1538/1538
f 1456/1456/1456 1538/1538/1538 1457/1457/1457
f 1457/1457/1457 1538/1538/1538 1539/1539/1539
f 1457/1457/1457 1539/1539/1539 1458/1458/1458
f 1459/1459/1459 1540/1540/1540 1541/1541/1541
f 1459/1459/1459 1541/1541/1541 1460/1460/1460
f 1460/1460/1460 1541/1541/1541 1542/1542/1542
f 1460/1460/1460 1542/1542/1542 1461/1461/1461
f 1461/1461/1461 1542/1542/1542 1543/1543/1543
f 1461/1461/1461 1543/1543/1543 1462/1462/1462
f 1462/1462/1462 1543/1543/1543 1544/1544/1544
f 1462/1462/1462 1544/1544/1544 1463/1463/1463
f 1463/1463/1463 1544/1544/1544 1545/1545/1545
f 1463/1463/1463 1545/1545/1545 1464/1464/1464
f 1464/1464/1464 1545/1545/1545 1546/1546/1546
f 1464/1464/1464 1546/1546/1546 1465/1465/1465
f 1465/1465/1465 1546/1546/1546 1547/1547/1547
f 1465/1465/1465 1547/1547/1547 1466/1466/1466
f 1466/1466/1466 1547/1547/1547 1548/1548/1548
f 1466/1466/1466 1548/1548/1548 1467/1467/1467
f 1467/1467/1467 1548/1548/1548 1549/1549/1549
f 1467/1467/1467 1549/1549/1549 1468/1468/1468
f 1468/1468/1468 1549/1549/1549 1550/1550/1550
f 1468/1468/1468 1550/1550/1550 1469/1469/1469
f 1469/1469/1469 1550/1550/1550 1551/1551/1551
f 1469/1469/1469 1551/1551/1551 1470/1470/1470
f 1470/1470/1470 1551/1551/1551 1552/1552/1552
f 1470/1470/1470 1552/1552/1552 1471/1471/1471
f 1471/1471/1471 1552/1552/1552 1553/1553/1553
f 1471/1471/1471 1553/1553/1553 1472/1472/1472
f 1472/1472/1472 1553/1553/1553 1554/1554/1554
f 1472/1472/1472 1554/1554/1554 1473/1473/1473
f 1473/1473/1473 1554/1554/1554 1555/1555/1555
f 1473/1473/1473 1555/1555/1555 1474/1474/1474
f 1474/1474/1474 1555/1555/1555 1556/1556/1556
f 1474/1474/1474 1556/1556/1556 1475/1475/1475
f 1475/1475/1475 1556/1556/1556 1557/1557/1557
f 1475/1475/1475 1557/1557/1557 1476/1476/1476
f 1476/1476/1476 1557/1557/1557 1558/1558/1558
f 1476/1476/1476 1558/1558/1558 1477/1477/1477
f 1477/1477/1477 1558/1558/1558 1559/1559/1559
f 1477/1477/1477 1559/1559/1559 1478/1478/1478
f 1478/1478/1478 1559/1559/1559 1560/1560/1560
f 1478/1478/1478 1560/1560/1560 1479/1479/1479
f 1479/1479/1479 1560/1560/1560 1561/1561/1561
f 1479/1479/1479 1561/1561/1561 1480/1480/1480
f 1480/1480/1480 1561/1561/1561 1562/1562/1562
f 1480/1480/1480 1562/1562/1562 1481/1481/1481
f 1481/1481/1481 1562/1562/1562 1563/1563/1563
f 1481/1481/1481 1563/1563/1563 1482/1482/1482
f 1482/1482/1482 1563/1563/1563 1564/1564/1564
f 1482/1482/1482 1564/1564/1564 1483/1483/1483
f 1483/1483/1483 1564/1564/1564 1565/1565/1565
f 1483/1483/1483 1565/1565/1565 1484/1484/1484
f 1484/1484/1484 1565/1565/1565 1566/1566/1566
f 1484/1484/1484 1566/1566/1566 1485/1485/1485
f 1485/1485/1485 1566/1566/1566 1567/1567/1567
f 1485/1485/1485 1567/1567/1567 1486/1486/1486
f 1486/1486/1486 1567/1567/1567 1568/1568/1568
f 1486/1486/1486 1568/1568/1568 1487/1487/1487
f 1487/1487/1487 1568/1568/1568 1569/1569/1569
f 1487/1487/1487 1569/1569/1569 1488/1488/1488
f 1488/1488/1488 1569/1569/1569 1570/1570/1570
f 1488/1488/1488 1570/1570/1570 1489/1489/1489
f 1489/1489/1489 1570/1570/1570 1571/1571/1571
f 1489/1489/1489 1571/1571/1571 1490/1490/1490
f 1490/1490/1490 1571/1571/1571 1572/1572/1572
f 1490/1490/1490 1572/1572/1572 1491/1491/1491
f 1491/1491/1491 1572/1572/1572 1573/1573/1573
f 1491/1491/1491 1573/1573/1573 1492/1492/1492
f 1492/1492/1492 1573/1573/1573 1574/1574/1574
f 1492/1492/1492 1574/1574/1574 1493/1493/1493
f 1493/1493/1493 1574/1574/1574 1575/1575/1575
f 1493/1493/1493 1575/1575/1575 1494/1494/1494
f 1494/1494/1494 1575/1575/1575 1576/1576/1576
f 1494/1494/1494 1576/1576/1576 1495/1495/1495
f 1495/1495/1495 1576/1576/1576 1577/1577/1577
f 1495/1495/1495 1577/1577/1577 1496/1496/1496
f 1496/1496/1496 1577/1577/1577 1578/1578/1578
f 1496/1496/1496 1578/1578/1578 1497/1497/1497
f 1497/1497/1497 1578/1578/1578 1579/1579/1579
f 1497/1497/1497 1579/1579/1579 1498/1498/1498
f 1498/1498/1498 1579/1579/1579 1580/1580/1580
f 1498/1498/1498 1580/1580/1580 1499/1499/1499
f 1499/1499/1499 1580/1580/1580 1581/1581/1581
f 1499/1499/1499 1581/1581/1581 1500/1500/1500
f 1500/1500/1500 1581/1581/1581 1582/1582/1582
f 1500/1500/1500 1582/1582/1582 1501/1501/1501
f 1501/1501/1501 1582/1582/1582 1583/1583/1583
f 1501/1501/1501 1583/1583/1583 1502/1502/1502
f 1502/1502/1502 1583/1583/1583 1584/1584/1584
f 1502/1502/1502 1584/1584/1584 1503/1503/1503
f 1503/1503/1503 1584/1584/1584 1585/1585/1585
f 1503/1503/1503 1585/1585/1585 1504/1504/1504
f 1504/1504/1504 1585/1585/1585 1586/1586/1586
f 1504/1504/1504 1586/1586/1586 1505/1505/1505
f 1505/1505/1505 1586/1586/1586 1587/1587/1587
f 1505/1505/1505 1587/1587/1587 1506/1506/1506
f 1506/1506/1506 1587/1587/1587 1588/1588/1588
f 1506/1506/1506 1588/1588/1588 1507/1507/1507
f 1507/1507/1507 1588/1588/1588 1589/1589/1589
f 1507/1507/1507 1589/1589/1589 1508/1508/1508
f 1508/1508/1508 1589/1589/1589 1590/1590/1590
f 1508/1508/1508 1590/1590/1590 1509/1509/1509
f 1509/1509/1509 1590/1590/1590 1591/1591/1591
f 1509/1509/1509 1591/1591/1591 1510/1510/1510
f 1510/1510/1510 1591/1591/1591 1592/1592/1592
f 1510/1510/1510 1592/1592/1592 1511/1511/1511
f 1511/1511/1511 1592/1592/1592 1593/1593/1593
f 1511/1511/1511 1593/1593/1593 1512/1512/1512
f 1512/1512/1512 1593/1593/1593 1594/1594/1594
f 1512/1512/1512 1594/1594/1594 1513/1513/1513
f 1513/1513/1513 1594/1594/1594 1595/1595/1595
f 1513/1513/1513 1595/1595/1595 1514/1514/1514
f 1514/1514/1514 1595/1595/1595 1596/1596/1596
f 1514/1514/1514 1596/1596/1596 1515/1515/1515
f 1515/1515/1515 1596/1596/1596 1597/1597/1597
f 1515/1515/1515 1597/1597/1597 1516/1516/1516
f 1516/1516/1516 1597/1597/1597 1598/1598/1598
f 1516/1516/1516 1598/1598/1598 1517/1517/1517
f 1517/1517/1517 1598/1598/1598 1599/1599/1599
f 1517/1517/1517 1599/1599/1599 1518/1518/1518
f 1518/1518/1518 1599/1599/1599 1600/1600/1600
f 1518/1518/1518 1600/1600/1600 1519/1519/1519
f 1519/1519/1519 1600/1600/1600 1601/1601/1601
f 1519/1519/1519 1601/1601/1601 1520/1520/1520
f 1520/1520/1520 1601/1601/1601 1602/1602/1602
f 1520/1520/1520 1602/1602/1602 1521/1521/1521
f 1521/1521/1521 1602/1602/1602 1603/1603/1603
f 1521/1521/1521 1603/1603/1603 1522/1522/1522
f 1522/1522/1522 1603/1603/1603 1604/1604/1604
f 1522/1522/1522 1604/1604/1604 1523/1523/1523
f 1523/1523/1523 1604/1604/1604 1605/1605/1605
f 1523/1523/1523 1605/1605/1605 1524/1524/1524
f 1524/1524/1524 1605/1605/1605 1606/1606/1606
f 1524/1524/1524 1606/1606/1606 1525/1525/1525
f 1525/1525/1525 1606/1606/1606 1607/1607/1607
f 1525/1525/1525 1607/1607/1607 1526/1526/1526
f 1526/1526/1526 1607/1607/1607 1608/1608/1608
f 1526/1526/1526 1608/1608/1608 1527/1527/1527
f 1527/1527/1527 1608/1608/1608 1609/1609/1609
f 1527/1527/1527 1609/1609/1609 1528/1528/1528
f 1528/1528/1528 1609/1609/1609 1610/1610/1610
f 1528/1528/1528 1610/1610/1610 1529/1529/1529
f 1529/1529/1529 1610/1610/1610 1611/1611/1611
f 1529/1529/1529 1611/1611/1611 1530/1530/1530
f 1530/1530/1530 1611/1611/1611 1612/1612/1612
f 1530/1530/1530 1612/1612/1612 1531/1531/1531
f 1531/1531/1531 1612/1612/1612 1613/1613/1613
f 1531/1531/1531 1613/1613/1613 1532/1532/1532
f 1532/1532/1532 1613/1613/1613 1614/1614/1614
f 1532/1532/1532 1614/1614/1614 1533/1533/1533
f 1533/1533/1533 1614/1614/1614 1615/1615/1615
f 1533/1533/1533 1615/1615/1615 1534/1534/1534
f 1534/1534/1534 1615/1615/1615 1616/1616/1616
f 1534/1534/1534 1616/1616/1616 1535/1535/1535
f 1535/1535/1535 1616/1616/1616 1617/1617/1617
f 1535/1535/1535 1617/1617/1617 1536/1536/1536
f 1536/1536/1536 1617/1617/1617 1618/1618/1618
f 1536/1536/1536 1618/1618/1618 1537/1537/1537
f 1537/1537/1537 1618/1618/1618 1619/1619/1619
f 1537/1537/1537 1619/1619/1619 1538/1538/1538
f 1538/1538/1538 1619/1619/1619 1620/1620/1620
f 1538/1538/1538 1620/1620/1620 1539/1539/1539
f 1540/1540/1540 1621/1621/1621 1622/1622/1622
f 1540/1540/1540 1622/1622/1622 1541/1541/1541
f 1541/1541/1541 1622/1622/1622 1623/1623/1623
f 1541/1541/1541 1623/1623/1623 1542/1542/1542
f 1542/1542/1542 1623/1623/1623 1624/1624/1624
f 1542/1542/1542 1624/1624/1624 1543/1543/1543
f 1543/1543/1543 1624/1624/1624 1625/1625/1625
f 1543/1543/1543 1625/1625/1625 1544/1544/1544
f 1544/1544/1544 1625/1625/1625 1626/1626/1626
f 1544/1544/1544 1626/1626/1626 1545/1545/1545
f 1545/1545/1545 1626/1626/1626 1627/1627/1627
f 1545/1545/1545 1627/1627/1627 1546/1546/1546
f 1546/1546/1546 1627/1627/1627 1628/1628/1628
f 1546/1546/1546 1628/1628/1628 1547/1547/1547
f 1547/1547/1547 1628/1628/1628 1629/1629/1629
f 1547/1547/1547 1629/1629/1629 1548/1548/1548
f 1548/1548/1548 1629/1629/1629 1630/1630/1630
f 1548/1548/1548 1630/1630/1630 1549/1549/1549
f 1549/1549/1549 1630/1630/1630 1631/1631/1631
f 1549/1549/1549 1631/1631/1631 1550/1550/1550
f 1550/1550/1550 1631/1631/1631 1632/1632/1632
f 1550/1550/1550 1632/1632/1632 1551/1551/1551
f 1551/1551/1551 1632/1632/1632 1633/1633/1633
f 1551/1551/1551 1633/1633/1633 1552/1552/1552
f 1552/1552/1552 1633/1633/1633 1634/1634/1634
f 1552/1552/1552 1634/1634/1634 1553/1553/1553
f 1553/1553/1553 1634/1634/1634 1635/1635/1635
f 1553/1553/1553 1635/1635/1635 1554/1554/1554
f 1554/1554/1554 1635/1635/1635 1636/1636/1636
f 1554/1554/1554 1636/1636/1636 1555/1555/1555
f 1555/1555/1555 1636/1636/1636 1637/1637/1637
f 1555/1555/1555 1637/1637/1637 1556/1556/1556
f 1556/1556/1556 1637/1637/1637 1638/1638/1638
f 1556/1556/1556 1638/1638/1638 1557/1557/1557
f 1557/1557/1557 1638/1638/1638 1639/1639/1639
f 1557/1557/1557 1639/1639/1639 1558/1558/1558
f 1558/1558/1558 1639/1639/1639 1640/1640/1640
f 1558/1558/1558 1640/1640/1640 1559/1559/1559
f 1559/1559/1559 1640/1640/1640 1641/1641/1641
f 1559/1559/1559 1641/1641/1641 1560/1560/1560
f 1560/1560/1560 1641/1641/1641 1642/1642/1642
f 1560/1560/1560 1642/1642/1642 1561/1561/1561
f 1561/1561/1561 1642/1642/1642 1643/1643/1643
f 1561/1561/1561 1643/1643/1643 1562/1562/1562
f 1562/1562/1562 1643/1643/1643 1644/1644/1644
f 1562/1562/1562 1644/1644/1644 1563/1563/1563
f 1563/1563/1563 1644/1644/1644 1645/1645/1645
f 1563/1563/1563 1645/1645/1645 1564/1564/1564
f 1564/1564/1564 1645/1645/1645 1646/1646/1646
f 1564/1564/1564 1646/1646/1646 1565/1565/1565
f 1565/1565/1565 1646/1646/1646 1647/1647/1647
f 1565/1565/1565 1647/1647/1647 1566/1566/1566
f 1566/1566/1566 1647/1647/1647 1648/1648/1648
f 1566/1566/1566 1648/1648/1648 1567/1567/1567
f 1567/1567/1567 1648/1648/1648 1649/1649/1649
f 1567/1567/1567 1649/1649/1649 1568/1568/1568
f 1568/1568/1568 1649/1649/1649 1650/1650/1650
f 1568/1568/1568 1650/1650/1650 1569/1569/1569
f 1569/1569/1569 1650/1650/1650 1651/1651/1651
f 1569/1569/1569 1651/1651/1651 1570/1570/1570
f 1570/1570/1570 1651/1651/1651 1652/1652/1652
f 1570/1570/1570 1652/1652/1652 1571/1571/1571
f 1571/1571/1571 1652/1652/1652 1653/1653/1653
f 1571/1571/1571 1653/1653/1653 1572/1572/1572
f 1572/1572/1572 1653/1653/1653 1654/1654/1654
f 1572/1572/1572 1654/1654/1654 1573/1573/1573
f 1573/1573/1573 1654/1654/1654 1655/1655/1655
f 1573/1573/1573 1655/1655/1655 1574/1574/1574
f 1574/1574/1574 1655/1655/1655 1656/1656/1656
f 1574/1574/1574 1656/1656/1656 1575/1575/1575
f 1575/1575/1575 1656/1656/1656 1657/1657/1657
f 1575/1575/1575 1657/1657/1657 1576/1576/1576
f 1576/1576/1576 1657/1657/1657 1658/1658/1658
f 1576/1576/1576 1658/1658/1658 1577/1577/1577
f 1577/1577/1577 1658/1658/1658 1659/1659/1659
f 1577/1577/1577 1659/1659/1659 1578/1578/1578
f 1578/1578/1578 1659/1659/1659 1660/1660/1660
f 1578/1578/1578 1660/1660/1660 1579/1579/1579
f 1579/1579/1579 1660/1660/1660 1661/1661/1661
f 1579/1579/1579 1661/1661/1661 1580/1580/1580
f 1580/1580/1580 1661/1661/1661 1662/1662/1662
f 1580/1580/1580 1662/1662/1662 1581/1581/1581
f 1581/1581/1581 1662/1662/1662 1663/1663/1663
f 1581/1581/1581 1663/1663/1663 1582/1582/1582
f 1582/1582/1582 1663/1663/1663 1664/1664/1664
f 1582/1582/1582 1664/1664/1664 1583/1583/1583
f 1583/1583/1583 1664/1664/1664 1665/1665/1665
f 1583/1583/1583 1665/1665/1665 1584/1584/1584
f 1584/1584/1584 1665/1665/1665 1666/1666/1666
f 1584/1584/1584 1666/1666/1666 1585/1585/1585
f 1585/1585/1585 1666/1666/1666 1667/1667/1667
f 1585/1585/1585 1667/1667/1667 1586/1586/1586
f 1586/1586/1586 1667/1667/1667 1668/1668/1668
f 1586/1586/1586 1668/1668/1668 1587/1587/1587
f 1587/1587/1587 1668/1668/1668 1669/1669/1669
f 1587/1587/1587 1669/1669/1669 1588/1588/1588
f 1588/1588/1588 1669/1669/1669 1670/1670/1670
f 1588/1588/1588 1670/1670/1670 1589/1589/1589
f 1589/1589/1589 1670/1670/1670 1671/1671/1671
f 1589/1589/1589 1671/1671/1671 1590/1590/1590
f 1590/1590/1590 1671/1671/1671 1672/1672/1672
f 1590/1590/1590 1672/1672/1672 1591/1591/1591
f 1591/1591/1591 1672/1672/1672 1673/1673/1673
f 1591/1591/1591 1673/1673/1673 1592/1592/1592
f 1592/1592/1592 1673/1673/1673 1674/1674/1674
f 1592/1592/1592 1674/1674/1674 1593/1593/1593
f 1593/1593/1593 1674/1674/1674 1675/1675/1675
f 1593/1593/1593 1675/1675/1675 1594/1594/1594
f 1594/1594/1594 1675/1675/1675 1676/1676/1676
f 1594/1594/1594 1676/1676/1676 1595/1595/1595
f 1595/1595/1595 1676/1676/1676 1677/1677/1677
f 1595/1595/1595 1677/1677/1677 1596/1596/1596
f 1596/1596/1596 1677/1677/1677 1678/1678/1678
f 1596/1596/1596 1678/1678/1678 1597/1597/1597
f 1597/1597/1597 1678/1678/1678 1679/1679/1679
f 1597/1597/1597 1679/1679/1679 1598/1598/1598
f 1598/1598/1598 1679/1679/1679 1680/1680/1680
f 1598/1598/1598 1680/1680/1680 1599/1599/1599
f 1599/1599/1599 1680/1680/1680 1681/1681/1681
f 1599/1599/1599 1681/1681/1681 1600/1600/1600
f 1600/1600/1600 1681/1681/1681 1682/1682/1682
f 1600/1600/1600 1682/1682/1682 1601/1601/1601
f 1601/1601/1601 1682/1682/1682 1683/1683/1683
f 1601/1601/1601 1683/1683/1683 1602/1602/1602
f 1602/1602/1602 1683/1683/1683 1684/1684/1684
f 1602/1602/1602 1684/1684/1684 1603/1603/1603
f 1603/1603/1603 1684/1684/1684 1685/1685/1685
f 1603/1603/1603 1685/1685/1685 1604/1604/1604
f 1604/1604/1604 1685/1685/1685 1686/1686/1686
f 1604/1604/1604 1686/1686/1686 1605/1605/1605
f 1605/1605/1605 1686/1686/1686 1687/1687/1687
f 1605/1605/1605 1687/1687/1687 1606/1606/1606
f 1606/1606/1606 1687/1687/1687 1688/1688/1688
f 1606/1606/1606 1688/1688/1688 1607/1607/1607
f 1607/1607/1607 1688/1688/1688 1689/1689/1689
f 1607/1607/1607 1689/1689/1689 1608/1608/1608
f 1608/1608/1608 1689/1689/1689 1690/1690/1690
f 1608/1608/1608 1690/1690/1690 1609/1609/1609
f 1609/1609/1609 1690/1690/1690 1691/1691/1691
f 1609/1609/1609 1691/1691/1691 1610/1610/1610
f 1610/1610/1610 1691/1691/1691 1692/1692/1692
f 1610/1610/1610 1692/1692/1692 1611/1611/1611
f 1611/1611/1611 1692/1692/1692 1693/1693/1693
f 1611/1611/1611 1693/1693/1693 1612/1612/1612
f 1612/1612/1612 1693/1693/1693 1694/1694/1694
f 1612/1612/1612 1694/1694/1694 1613/1613/1613
f 1613/1613/1613 1694/1694/1694 1695/1695/1695
f 1613/1613/1613 1695/1695/1695 1614/1614/1614
f 1614/1614/1614 1695/1695/1695 1696/1696/1696
f 1614/1614/1614 1696/1696/1696 1615/1615/1615
f 1615/1615/1615 1696/1696/1696 1697/1697/1697
f 1615/1615/1615 1697/1697/1697 1616/1616/1616
f 1616/1616/1616 1697/1697/1697 1698/1698/1698
f 1616/1616/1616 1698/1698/1698 1617/1617/1617
f 1617/1617/1617 1698/1698/1698 1699/1699/1699
f 1617/1617/1617 1699/1699/1699 1618/1618/1618
f 1618/1618/1618 1699/1699/1699 1700/1700/1700
f 1618/1618/1618 1700/1700/1700 1619/1619/1619
f 1619/1619/1619 1700/1700/1700 1701/1701/1701
f 1619/1619/1619 1701/1701/1701 1620/1620/1620
f 1621/1621/1621 1702/1702/1702 1703/1703/1703
f 1621/1621/1621 1703/1703/1703 1622/1622/1622
f 1622/1622/1622 1703/1703/1703 1704/1704/1704
f 1622/1622/1622 1704/1704/1704 1623/1623/1623
f 1623/1623/1623 1704/1704/1704 1705/1705/1705
f 1623/1623/1623 1705/1705/1705 1624/1624/1624
f 1624/1624/1624 1705/1705/1705 1706/1706/1706
f 1624/1624/1624 1706/1706/1706 1625/1625/1625
f 1625/1625/1625 1706/1706/1706 1707/1707/1707
f 1625/1625/1625 1707/1707/1707 1626/1626/1626
f 1626/1626/1626 1707/1707/1707 1708/1708/1708
f 1626/1626/1626 1708/1708/1708 1627/1627/1627
f 1627/1627/1627 1708/1708/1708 1709/1709/1709
f 1627/1627/1627 1709/1709/1709 1628/1628/1628
f 1628/1628/1628 1709/1709/1709 1710/1710/1710
f 1628/1628/1628 1710/1710/1710 1629/1629/1629
f 1629/1629/1629 1710/1710/1710 1711/1711/1711
f 1629/1629/1629 1711/1711/1711 1630/1630/1630
f 1630/1630/1630 1711/1711/1711 1712/1712/1712
f 1630/1630/1630 1712/1712/1712 1631/1631/1631
f 1631/1631/1631 1712/1712/1712 1713/1713/1713
f 1631/1631/1631 1713/1713/1713 1632/1632/1632
f 1632/1632/1632 1713/1713/1713 1714/1714/1714
f 1632/1632/1632 1714/1714/1714 1633/1633/1633
f 1633/1633/1633 1714/1714/1714 1715/1715/1715
f 1633/1633/1633 1715/1715/1715 1634/1634/1634
f 1634/1634/1634 1715/1715/1715 1716/1716/1716
f 1634/1634/1634 1716/1716/1716 1635/1635/1635
f 1635/1635/1635 1716/1716/1716 1717/1717/1717
f 1635/1635/1635 1717/1717/1717 1636/1636/1636
f 1636/1636/1636 1717/1717/1717 1718/1718/1718
f 1636/1636/1636 1718/1718/1718 1637/1637/1637
f 1637/1637/1637 1718/1718/1718 1719/1719/1719
f 1637/1637/1637 1719/1719/1719 1638/1638/1638
f 1638/1638/1638 1719/1719/1719 1720/1720/1720
f 1638/1638/1638 1720/1720/1720 1639/1639/1639
f 1639/1639/1639 1720/1720/1720 1721/1721/1721
f 1639/1639/1639 1721/1721/1721 1640/1640/1640
f 1640/1640/1640 1721/1721/1721 1722/1722/1722
f 1640/1640/1640 1722/1722/1722 1641/1641/1641
f 1641/1641/1641 1722/1722/1722 1723/1723/1723
f 1641/1641/1641 1723/1723/1723 1642/1642/1642
f 1642/1642/1642 1723/1723/1723 1724/1724/1724
f 1642/1642/1642 1724/1724/1724 1643/1643/1643
f 1643/1643/1643 1724/1724/1724 1725/1725/1725
f 1643/1643/1643 1725/1725/1725 1644/1644/1644
f 1644/1644/1644 1725/1725/1725 1726/1726/1726
f 1644/1644/1644 1726/1726/1726 1645/1645/1645
f 1645/1645/1645 1726/1726/1726 1727/1727/1727
f 1645/1645/1645 1727/1727/1727 1646/1646/1646
f 1646/1646/1646 1727/1727/1727 1728/1728/1728
f 1646/1646/1646 1728/1728/1728 1647/1647/1647
f 1647/1647/1647 1728/1728/1728 1729/1729/1729
f 1647/1647/1647 1729/1729/1729 1648/1648/1648
f 1648/1648/1648 1729/1729/1729 1730/1730/1730
f 1648/1648/1648 1730/1730/1730 1649/1649/1649
f 1649/1649/1649 1730/1730/1730 1731/1731/1731
f 1649/1649/1649 1731/1731/1731 1650/1650/1650
f 1650/1650/1650 1731/1731/1731 1732/1732/1732
f 1650/1650/1650 1732/1732/1732 1651/1651/1651
f 1651/1651/1651 1732/1732/1732 1733/1733/1733
f 1651/1651/1651 1733/1733/1733 1652/1652/1652
f 1652/1652/1652 1733/1733/1733 1734/1734/1734
f 1652/1652/1652 1734/1734/1734 1653/1653/1653
f 1653/1653/1653 1734/1734/1734 1735/1735/1735
f 1653/1653/1653 1735/1735/1735 1654/1654/1654
f 1654/1654/1654 1735/1735/1735 1736/1736/1736
f 1654/1654/1654 1736/1736/1736 1655/1655/1655
f 1655/1655/1655 1736/1736/1736 1737/1737/1737
f 1655/1655/1655 1737/1737/1737 1656/1656/1656
f 1656/1656/1656 1737/1737/1737 1738/1738/1738
f 1656/1656/1656 1738/1738/1738 1657/1657/1657
f 1657/1657/1657 1738/1738/1738 1739/1739/1739
f 1657/1657/1657 1739/1739/1739 1658/1658/1658
f 1658/1658/1658 1739/1739/1739 1740/1740/1740
f 1658/1658/1658 1740/1740/1740 1659/1659/1659
f 1659/1659/1659 1740/1740/1740 1741/1741/1741
f 1659/1659/1659 1741/1741/1741 1660/1660/1660
f 1660/1660/1660 1741/1741/1741 1742/1742/1742
f 1660/1660/1660 1742/1742/1742 1661/1661/1661
f 1661/1661/1661 1742/1742/1742 1743/1743/1743
f 1661/1661/1661 1743/1743/1743 1662/1662/1662
f 1662/1662/1662 1743/1743/1743 1744/1744/1744
f 1662/1662/1662 1744/1744/1744 1663/1663/1663
f 1663/1663/1663 1744/1744/1744 1745/1745/1745
f 1663/1663/1663 1745/1745/1745 1664/1664/1664
f 1664/1664/1664 1745/1745/1745 1746/1746/1746
f 1664/1664/1664 1746/1746/1746 1665/1665/1665
f 1665/1665/1665 1746/1746/1746 1747/1747/1747
f 1665/1665/1665 1747/1747/1747 1666/1666/1666
f 1666/1666/1666 1747/1747/1747 1748/1748/1748
f 1666/1666/1666 1748/1748/1748 1667/1667/1667
f 1667/1667/1667 1748/1748/1748 1749/1749/1749
f 1667/1667/1667 1749/1749/1749 1668/1668/1668
f 1668/1668/1668 1749/1749/1749 1750/1750/1750
f 1668/1668/1668 1750/1750/1750 1669/1669/1669
f 1669/1669/1669 1750/1750/1750 1751/1751/1751
f 1669/1669/1669 1751/1751/1751 1670/1670/1670
f 1670/1670/1670 1751/1751/1751 1752/1752/1752
f 1670/1670/1670 1752/1752/1752 1671/1671/1671
f 1671/1671/1671 1752/1752/1752 1753/1753/1753
f 1671/1671/1671 1753/1753/1753 1672/1672/1672
f 1672/1672/1672 1753/1753/1753 1754/1754/1754
f 1672/1672/1672 1754/1754/1754 1673/1673/1673
f 1673/1673/1673 1754/1754/1754 1755/1755/1755
f 1673/1673/1673 1755/1755/1755 1674/1674/1674
f 1674/1674/1674 1755/1755/1755 1756/1756/1756
f 1674/1674/1674 1756/1756/1756 1675/1675/1675
f 1675/1675/1675 1756/1756/1756 1757/1757/1757
f 1675/1675/1675 1757/1757/1757 1676/1676/1676
f 1676/1676/1676 1757/1757/1757 1758/1758/1758
f 1676/1676/1676 1758/1758/1758 1677/1677/1677
f 1677/1677/1677 1758/1758/1758 1759/1759/1759
f 1677/1677/1677 1759/1759/1759 1678/1678/1678
f 1678/1678/1678 1759/1759/1759 1760/1760/1760
f 1678/1678/1678 1760/1760/1760 1679/1679/1679
f 1679/1679/1679 1760/1760/1760 1761/1761/1761
f 1679/1679/1679 1761/1761/1761 1680/1680/1680
f 1680/1680/1680 1761/1761/1761 1762/1762/1762
f 1680/1680/1680 1762/1762/1762 1681/1681/1681
f 1681/1681/1681 1762/1762/1762 1763/1763/1763
f 1681/1681/1681 1763/1763/1763 1682/1682/1682
f 1682/1682/1682 1763/1763/1763 1764/1764/1764
f 1682/1682/1682 1764/1764/1764 1683/1683/1683
f 1683/1683/1683 1764/1764/1764 1765/1765/1765
f 1683/1683/1683 1765/1765/1765 1684/1684/1684
f 1684/1684/1684 1765/1765/1765 1766/1766/1766
f 1684/1684/1684 1766/1766/1766 1685/1685/1685
f 1685/1685/1685 1766/1766/1766 1767/1767/1767
f 1685/1685/1685 1767/1767/1767 1686/1686/1686
f 1686/1686/1686 1767/1767/1767 1768/1768/1768
f 1686/1686/1686 1768/1768/1768 1687/1687/1687
f 1687/1687/1687 1768/1768/1768 1769/1769/1769
f 1687/1687/1687 1769/1769/1769 1688/1688/1688
f 1688/1688/1688 1769/1769/1769 1770/1770/1770
f 1688/1688/1688 1770/1770/1770 1689/1689/1689
f 1689/1689/1689 1770/1770/1770 1771/1771/1771
f 1689/1689/1689 1771/1771/1771 1690/1690/1690
f 1690/1690/1690 1771/1771/1771 1772/1772/1772
f 1690/1690/1690 1772/1772/1772 1691/1691/1691
f 1691/1691/1691 1772/1772/1772 1773/1773/1773
f 1691/1691/1691 1773/1773/1773 1692/1692/1692
f 1692/1692/1692 1773/1773/1773 1774/1774/1774
f 1692/1692/1692 1774/1774/1774 1693/1693/1693
f 1693/1693/1693 1774/1774/1774 1775/1775/1775
f 1693/1693/1693 1775/1775/1775 1694/1694/1694
f 1694/1694/1694 1775/1775/1775 1776/1776/1776
f 1694/1694/1694 1776/1776/1776 1695/1695/1695
f 1695/1695/1695 1776/1776/1776 1777/1777/1777
f 1695/1695/1695 1777/1777/1777 1696/1696/1696
f 1696/1696/1696 1777/1777/1777 1778/1778/1778
f 1696/1696/1696 1778/1778/1778 1697/1697/1697
f 1697/1697/1697 1778/1778/1778 1779/1779/1779
f 1697/1697/1697 1779/1779/1779 1698/1698/1698
f 1698/1698/1698 1779/1779/1779 1780/1780/1780
f 1698/1698/1698 1780/1780/1780 1699/1699/1699
f 1699/1699/1699 1780/1780/1780 1781/1781/1781
f 1699/1699/1699 1781/1781/1781 1700/1700/1700
f 1700/1700/1700 1781/1781/1781 1782/1782/1782
f 1700/1700/1700 1782/1782/1782 1701/1701/1701
f 1702/1702/1702 1783/1783/1783 1784/1784/1784
f 1702/1702/1702 1784/1784/1784 1703/1703/1703
f 1703/1703/1703 1784/1784/1784 1785/1785/1785
f 1703/1703/1703 1785/1785/1785 1704/1704/1704
f 1704/1704/1704 1785/1785/1785 1786/1786/1786
f 1704/1704/1704 1786/1786/1786 1705/1705/1705
f 1705/1705/1705 1786/1786/1786 1787/1787/1787
f 1705/1705/1705 1787/1787/1787 1706/1706/1706
f 1706/1706/1706 1787/1787/1787 1788/1788/1788
f 1706/1706/1706 1788/1788/1788 1707/1707/1707
f 1707/1707/1707 1788/1788/1788 1789/1789/1789
f 1707/1707/1707 1789/1789/1789 1708/1708/1708
f 1708/1708/1708 1789/1789/1789 1790/1790/1790
f 1708/1708/1708 1790/1790/1790 1709/1709/1709
f 1709/1709/1709 1790/1790/1790 1791/1791/1791
f 1709/1709/1709 1791/1791/1791 1710/1710/1710
f 1710/1710/1710 1791/1791/1791 1792/1792/1792
f 1710/1710/1710 1792/1792/1792 1711/1711/1711
f 1711/1711/1711 1792/1792/1792 1793/1793/1793
f 1711/1711/1711 1793/1793/1793 1712/1712/1712
f 1712/1712/1712 1793/1793/1793 1794/1794/1794
f 1712/1712/1712 1794/1794/1794 1713/1713/1713
f 1713/1713/1713 1794/1794/1794 1795/1795/1795
f 1713/1713/1713 1795/1795/1795 1714/1714/1714
f 1714/1714/1714 1795/1795/1795 1796/1796/1796
f 1714/1714/1714 1796/1796/1796 1715/1715/1715
f 1715/1715/1715 1796/1796/1796 1797/1797/1797
f 1715/1715/1715 1797/1797/1797 1716/1716/1716
f 1716/1716/1716 1797/1797/1797 1798/1798/1798
f 1716/1716/1716 1798/1798/1798 1717/1717/1717
f 1717/1717/1717 1798/1798/1798 1799/1799/1799
f 1717/1717/1717 1799/1799/1799 1718/1718/1718
f 1718/1718/1718 1799/1799/1799 1800/1800/1800
f 1718/1718/1718 1800/1800/1800 1719/1719/1719
f 1719/1719/1719 1800/1800/1800 1801/1801/1801
f 1719/1719/1719 1801/1801/1801 1720/1720/1720
f 1720/1720/1720 1801/1801/1801 1802/1802/1802
f 1720/1720/1720 1802/1802/1802 1721/1721/1721
f 1721/1721/1721 1802/1802/1802 1803/1803/1803
f 1721/1721/1721 1803/1803/1803 1722/1722/1722
f 1722/1722/1722 1803/1803/1803 1804/1804/1804
f 1722/1722/1722 1804/1804/1804 1723/1723/1723
f 1723/1723/1723 1804/1804/1804 1805/1805/1805
f 1723/1723/1723 1805/1805/1805 1724/1724/1724
f 1724/1724/1724 1805/1805/1805 1806/1806/1806
f 1724/1724/1724 1806/1806/1806 1725/1725/1725
f 1725/1725/1725 1806/1806/1806 1807/1807/1807
f 1725/1725/1725 1807/1807/1807 1726/1726/1726
f 1726/1726/1726 1807/1807/1807 1808/1808/1808
f 1726/1726/1726 1808/1808/1808 1727/1727/1727
f 1727/1727/1727 1808/1808/1808 1809/1809/1809
f 1727/1727/1727 1809/1809/1809 1728/1728/1728
f 1728/1728/1728 1809/1809/1809 1810/1810/1810
f 1728/1728/1728 1810/1810/1810 1729/1729/1729
f 1729/1729/1729 1810/1810/1810 1811/1811/1811
f 1729/1729/1729 1811/1811/1811 1730/1730/1730
f 1730/1730/1730 1811/1811/1811 1812/1812/1812
f 1730/1730/1730 1812/1812/1812 1731/1731/1731
f 1731/1731/1731 1812/1812/1812 1813/1813/1813
f 1731/1731/1731 1813/1813/1813 1732/1732/1732
f 1732/1732/1732 1813/1813/1813 1814/1814/1814
f 1732/1732/1732 1814/1814/1814 1733/1733/1733
f 1733/1733/1733 1814/1814/1814 1815/1815/1815
f 1733/1733/1733 1815/1815/1815 1734/1734/1734
f 1734/1734/1734 1815/1815/1815 1816/1816/1816
f 1734/1734/1734 1816/1816/1816 1735/1735/1735
f 1735/1735/1735 1816/1816/1816 1817/1817/1817
f 1735/1735/1735 1817/1817/1817 1736/1736/1736
f 1736/1736/1736 1817/1817/1817 1818/1818/1818
f 1736/1736/1736 1818/1818/1818 1737/1737/1737
f 1737/1737/1737 1818/1818/1818 1819/1819/1819
f 1737/1737/1737 1819/1819/1819 1738/1738/1738
f 1738/1738/1738 1819/1819/1819 1820/1820/1820
f 1738/1738/1738 1820/1820/1820 1739/1739/1739
f 1739/1739/1739 1820/1820/1820 1821/1821/1821
f 1739/1739/1739 1821/1821/1821 1740/1740/1740
f 1740/1740/1740 1821/1821/1821 1822/1822/1822
f 1740/1740/1740 1822/1822/1822 1741/1741/1741
f 1741/1741/1741 1822/1822/1822 1823/1823/1823
f 1741/1741/1741 1823/1823/1823 1742/1742/1742
f 1742/1742/1742 1823/1823/1823 1824/1824/1824
f 1742/1742/1742 1824/1824/1824 1743/1743/1743
f 1743/1743/1743 1824/1824/1824 1825/1825/1825
f 1743/1743/1743 1825/1825/1825 1744/1744/1744
f 1744/1744/1744 1825/1825/1825 1826/1826/1826
f 1744/1744/1744 1826/1826/1826 1745/1745/1745
f 1745/1745/1745 1826/1826/1826 1827/1827/1827
f 1745/1745/1745 1827/1827/1827 1746/1746/1746
f 1746/1746/1746 1827/1827/1827 1828/1828/1828
f 1746/1746/1746 1828/1828/1828 1747/1747/1747
f 1747/1747/1747 1828/1828/1828 1829/1829/1829
f 1747/1747/1747 1829/1829/1829 1748/1748/1748
f 1748/1748/1748 1829/1829/1829 1830/1830/1830
f 1748/1748/1748 1830/1830/1830 1749/1749/1749
f 1749/1749/1749 1830/1830/1830 1831/1831/1831
f 1749/1749/1749 1831/1831/1831 1750/1750/1750
f 1750/1750/1750 1831/1831/1831 1832/1832/1832
f 1750/1750/1750 1832/1832/1832 1751/1751/1751
f 1751/1751/1751 1832/1832/1832 1833/1833/1833
f 1751/1751/1751 1833/1833/1833 1752/1752/1752
f 1752/1752/1752 1833/1833/1833 1834/1834/1834
f 1752/1752/1752 1834/1834/1834 1753/1753/1753
f 1753/1753/1753 1834/1834/1834 1835/1835/1835
f 1753/1753/1753 1835/1835/1835 1754/1754/1754
f 1754/1754/1754 1835/1835/1835 1836/1836/1836
f 1754/1754/1754 1836/1836/1836 1755/1755/1755
f 1755/1755/1755 1836/1836/1836 1837/1837/1837
f 1755/1755/1755 1837/1837/1837 1756/1756/1756
f 1756/1756/1756 1837/1837/1837 1838/1838/1838
f 1756/1756/1756 1838/1838/1838 1757/1757/1757
f 1757/1757/1757 1838/1838/1838 1839/1839/1839
f 1757/1757/1757 1839/1839/1839 1758/1758/1758
f 1758/1758/1758 1839/1839/1839 1840/1840/1840
f 1758/1758/1758 1840/1840/1840 1759/1759/1759
f 1759/1759/1759 1840/1840/1840 1841/1841/1841
f 1759/1759/1759 1841/1841/1841 1760/1760/1760
f 1760/1760/1760 1841/1841/1841 1842/1842/1842
f 1760/1760/1760 1842/1842/1842 1761/1761/1761
f 1761/1761/1761 1842/1842/1842 1843/1843/1843
f 1761/1761/1761 1843/1843/1843 1762/1762/1762
f 1762/1762/1762 1843/1843/1843 1844/1844/1844
f 1762/1762/1762 1844/1844/1844 1763/1763/1763
f 1763/1763/1763 1844/1844/1844 1845/1845/1845
f 1763/1763/1763 1845/1845/1845 1764/1764/1764
f 1764/1764/1764 1845/1845/1845 1846/1846/1846
f 1764/1764/1764 1846/1846/1846 1765/1765/1765
f 1765/1765/1765 1846/1846/1846 1847/1847/1847
f 1765/1765/1765 1847/1847/1847 1766/1766/1766
f 1766/1766/1766 1847/1847/1847 1848/1848/1848
f 1766/1766/1766 1848/1848/1848 1767/1767/1767
f 1767/1767/1767 1848/1848/1848 1849/1849/1849
f 1767/1767/1767 1849/1849/1849 1768/1768/1768
f 1768/1768/1768 1849/1849/1849 1850/1850/1850
f 1768/1768/1768 1850/1850/1850 1769/1769/1769
f 1769/1769/1769 1850/1850/1850 1851/1851/1851
f 1769/1769/1769 1851/1851/1851 1770/1770/1770
f 1770/1770/1770 1851/1851/1851 1852/1852/1852
f 1770/1770/1770 1852/1852/1852 1771/1771/1771
f 1771/1771/1771 1852/1852/1852 1853/1853/1853
f 1771/1771/1771 1853/1853/1853 1772/1772/1772
f 1772/1772/1772 1853/1853/1853 1854/1854/1854
f 1772/1772/1772 1854/1854/1854 1773/1773/1773
f 1773/1773/1773 1854/1854/1854 1855/1855/1855
f 1773/1773/1773 1855/1855/1855 1774/1774/1774
f 1774/1774/1774 1855/1855/1855 1856/1856/1856
f 1774/1774/1774 1856/1856/1856 1775/1775/1775
f 1775/1775/1775 1856/1856/1856 1857/1857/1857
f 1775/1775/1775 1857/1857/1857 1776/1776/1776
f 1776/1776/1776 1857/1857/1857 1858/1858/1858
f 1776/1776/1776 1858/1858/1858 1777/1777/1777
f 1777/1777/1777 1858/1858/1858 1859/1859/1859
f 1777/1777/1777 1859/1859/1859 1778/1778/1778
f 1778/1778/1778 1859/1859/1859 1860/1860/1860
f 1778/1778/1778 1860/1860/1860 1779/1779/1779
f 1779/1779/1779 1860/1860/1860 1861/1861/1861
f 1779/1779/1779 1861/1861/1861 1780/1780/1780
f 1780/1780/1780 1861/1861/1861 1862/1862/1862
f 1780/1780/1780 1862/1862/1862 1781/1781/1781
f 1781/1781/1781 1862/1862/1862 1863/1863/1863
f 1781/1781/1781 1863/1863/1863 1782/1782/1782
f 1783/1783/1783 1864/1864/1864 1865/1865/1865
f 1783/1783/1783 1865/1865/1865 1784/1784/1784
f 1784/1784/1784 1865/1865/1865 1866/1866/1866
f 1784/1784/1784 1866/1866/1866 1785/1785/1785
f 1785/1785/1785 1866/1866/1866 1867/1867/1867
f 1785/1785/1785 1867/1867/1867 1786/1786/1786
f 1786/1786/1786 1867/1867/1867 1868/1868/1868
f 1786/1786/1786 1868/1868/1868 1787/1787/1787
f 1787/1787/1787 1868/1868/1868 1869/1869/1869
f 1787/1787/1787 1869/1869/1869 1788/1788/1788
f 1788/1788/1788 1869/1869/1869 1870/1870/1870
f 1788/1788/1788 1870/1870/1870 1789/1789/1789
f 1789/1789/1789 1870/1870/1870 1871/1871/1871
f 1789/1789/1789 1871/1871/1871 1790/1790/1790
f 1790/1790/1790 1871/1871/1871 1872/1872/1872
f 1790/1790/1790 1872/1872/1872 1791/1791/1791
f 1791/1791/1791 1872/1872/1872 1873/1873/1873
f 1791/1791/1791 1873/1873/1873 1792/1792/1792
f 1792/1792/1792 1873/1873/1873 1874/1874/1874
f 1792/1792/1792 1874/1874/1874 1793/1793/1793
f 1793/1793/1793 1874/1874/1874 1875/1875/1875
f 1793/1793/1793 1875/1875/1875 1794/1794/1794
f 1794/1794/1794 1875/1875/1875 1876/1876/1876
f 1794/1794/1794 1876/1876/1876 1795/1795/1795
f 1795/1795/1795 1876/1876/1876 1877/1877/1877
f 1795/1795/1795 1877/1877/1877 1796/1796/1796
f 1796/1796/1796 1877/1877/1877 1878/1878/1878
f 1796/1796/1796 1878/1878/1878 1797/1797/1797
f 1797/1797/1797 1878/1878/1878 1879/1879/1879
f 1797/1797/1797 1879/1879/1879 1798/1798/1798
f 1798/1798/1798 1879/1879/1879 1880/1880/1880
f 1798/1798/1798 1880/1880/1880 1799/1799/1799
f 1799/1799/1799 1880/1880/1880 1881/1881/1881
f 1799/1799/1799 1881/1881/1881 1800/1800/1800
f 1800/1800/1800 1881/1881/1881 1882/1882/1882
f 1800/1800/1800 1882/1882/1882 1801/1801/1801
f 1801/1801/1801 1882/1882/1882 1883/1883/1883
f 1801/1801/1801 1883/1883/1883 1802/1802/1802
f 1802/1802/1802 1883/1883/1883 1884/1884/1884
f 1802/1802/1802 1884/1884/1884 1803/1803/1803
f 1803/1803/1803 1884/1884/1884 1885/1885/1885
f 1803/1803/1803 1885/1885/1885 1804/1804/1804
f 1804/1804/1804 1885/1885/1885 1886/1886/1886
f 1804/1804/1804 1886/1886/1886 1805/1805/1805
f 1805/1805/1805 1886/1886/1886 1887/1887/1887
f 1805/1805/1805 1887/1887/1887 1806/1806/1806
f 1806/1806/1806 1887/1887/1887 1888/1888/1888
f 1806/1806/1806 1888/1888/1888 1807/1807/1807
f 1807/1807/1807 1888/1888/1888 1889/1889/1889
f 1807/1807/1807 1889/1889/1889 1808/1808/1808
f 1808/1808/1808 1889/1889/1889 1890/1890/1890
f 1808/1808/1808 1890/1890/1890 1809/1809/1809
f 1809/1809/1809 1890/1890/1890 1891/1891/1891
f 1809/1809/1809 1891/1891/1891 1810/1810/1810
f 1810/1810/1810 1891/1891/1891 1892/1892/1892
f 1810/1810/1810 1892/1892/1892 1811/1811/1811
f 1811/1811/1811 1892/1892/1892 1893/1893/1893
f 1811/1811/1811 1893/1893/1893 1812/1812/1812
f 1812/1812/1812 1893/1893/1893 1894/1894/1894
f 1812/1812/1812 1894/1894/1894 1813/1813/1813
f 1813/1813/1813 1894/1894/1894 1895/1895/1895
f 1813/1813/1813 1895/1895/1895 1814/1814/1814
f 1814/1814/1814 1895/1895/1895 1896/1896/1896
f 1814/1814/1814 1896/1896/1896 1815/1815/1815
f 1815/1815/1815 1896/1896/1896 1897/1897/1897
f 1815/1815/1815 1897/1897/1897 1816/1816/1816
f 1816/1816/1816 1897/1897/1897 1898/1898/1898
f 1816/1816/1816 1898/1898/1898 1817/1817/1817
f 1817/1817/1817 1898/1898/1898 1899/1899/1899
f 1817/1817/1817 1899/1899/1899 1818/1818/1818
f 1818/1818/1818 1899/1899/1899 1900/1900/1900
f 1818/1818/1818 1900/1900/1900 1819/1819/1819
f 1819/1819/1819 1900/1900/1900 1901/1901/1901
f 1819/1819/1819 1901/1901/1901 1820/1820/1820
f 1820/1820/1820 1901/1901/1901 1902/1902/1902
f 1820/1820/1820 1902/1902/1902 1821/1821/1821
f 1821/1821/1821 1902/1902/1902 1903/1903/1903
f 1821/1821/1821 1903/1903/1903 1822/1822/1822
f 1822/1822/1822 1903/1903/1903 1904/1904/1904
f 1822/1822/1822 1904/1904/1904 1823/1823/1823
f 1823/1823/1823 1904/1904/1904 1905/1905/1905
f 1823/1823/1823 1905/1905/1905 1824/1824/1824
f 1824/1824/1824 1905/1905/1905 1906/1906/1906
f 1824/1824/1824 1906/1906/1906 1825/1825/1825
f 1825/1825/1825 1906/1906/1906 1907/1907/1907
f 1825/1825/1825 1907/1907/1907 1826/1826/1826
f 1826/1826/1826 1907/1907/1907 1908/1908/1908
f 1826/1826/1826 1908/1908/1908 1827/1827/1827
f 1827/1827/1827 1908/1908/1908 1909/1909/1909
f 1827/1827/1827 1909/1909/1909 1828/1828/1828
f 1828/1828/1828 1909/1909/1909 1910/1910/1910
f 1828/1828/1828 1910/1910/1910 1829/1829/1829
f 1829/1829/1829 1910/1910/1910 1911/1911/1911
f 1829/1829/1829 1911/1911/1911 1830/1830/1830
f 1830/1830/1830 1911/1911/1911 1912/1912/1912
f 1830/1830/1830 1912/1912/1912 1831/1831/1831
f 1831/1831/1831 1912/1912/1912 1913/1913/1913
f 1831/1831/1831 1913/1913/1913 1832/1832/1832
f 1832/1832/1832 1913/1913/1913 1914/1914/1914
f 1832/1832/1832 1914/1914/1914 1833/1833/1833
f 1833/1833/1833 1914/1914/1914 1915/1915/1915
f 1833/1833/1833 1915/1915/1915 1834/1834/1834
f 1834/1834/1834 1915/1915/1915 1916/1916/1916
f 1834/1834/1834 1916/1916/1916 1835/1835/1835
f 1835/1835/1835 1916/1916/1916 1917/1917/1917
f 1835/1835/1835 1917/1917/1917 1836/1836/1836
f 1836/1836/1836 1917/1917/1917 1918/1918/1918
f 1836/1836/1836 1918/1918/1918 1837/1837/1837
f 1837/1837/1837 1918/1918/1918 1919/1919/1919
f 1837/1837/1837 1919/1919/1919 1838/1838/1838
f 1838/1838/1838 1919/1919/1919 1920/1920/1920
f 1838/1838/1838 1920/1920/1920 1839/1839/1839
f 1839/1839/1839 1920/1920/1920 1921/1921/1921
f 1839/1839/1839 1921/1921/1921 1840/1840/1840
f 1840/1840/1840 1921/1921/1921 1922/1922/1922
f 1840/1840/1840 1922/1922/1922 1841/1841/1841
f 1841/1841/1841 1922/1922/1922 1923/1923/1923
f 1841/1841/1841 1923/1923/1923 1842/1842/1842
f 1842/1842/1842 1923/1923/1923 1924/1924/1924
f 1842/1842/1842 1924/1924/1924 1843/1843/1843
f 1843/1843/1843 1924/1924/1924 1925/1925/1925
f 1843/1843/1843 1925/1925/1925 1844/1844/1844
f 1844/1844/1844 1925/1925/1925 1926/1926/1926
f 1844/1844/1844 1926/1926/1926 1845/1845/1845
f 1845/1845/1845 1926/1926/1926 1927/1927/1927
f 1845/1845/1845 1927/1927/1927 1846/1846/1846
f 1846/1846/1846 1927/1927/1927 1928/1928/1928
f 1846/1846/1846 1928/1928/1928 1847/1847/1847
f 1847/1847/1847 1928/1928/1928 1929/1929/1929
f 1847/1847/1847 1929/1929/1929 1848/1848/1848
f 1848/1848/1848 1929/1929/1929 1930/1930/1930
f 1848/1848/1848 1930/1930/1930 1849/1849/1849
f 1849/1849/1849 1930/1930/1930 1931/1931/1931
f 1849/1849/1849 1931/1931/1931 1850/1850/1850
f 1850/1850/1850 1931/1931/1931 1932/1932/1932
f 1850/1850/1850 1932/1932/1932 1851/1851/1851
f 1851/1851/1851 1932/1932/1932 1933/1933/1933
f 1851/1851/1851 1933/1933/1933 1852/1852/1852
f 1852/1852/1852 1933/1933/1933 1934/1934/1934
f 1852/1852/1852 1934/1934/1934 1853/1853/1853
f 1853/1853/1853 1934/1934/1934 1935/1935/1935
f 1853/1853/1853 1935/1935/1935 1854/1854/1854
f 1854/1854/1854 1935/1935/1935 1936/1936/1936
f 1854/1854/1854 1936/1936/1936 1855/1855/1855
f 1855/1855/1855 1936/1936/1936 1937/1937/1937
f 1855/1855/1855 1937/1937/1937 1856/1856/1856
f 1856/1856/1856 1937/1937/1937 1938/1938/1938
f 1856/1856/1856 1938/1938/1938 1857/1857/1857
f 1857/1857/1857 1938/1938/1938 1939/1939/1939
f 1857/1857/1857 1939/1939/1939 1858/1858/1858
f 1858/1858/1858 1939/1939/1939 1940/1940/1940
f 1858/1858/1858 1940/1940/1940 1859/1859/1859
f 1859/1859/1859 1940/1940/1940 1941/1941/1941
f 1859/1859/1859 1941/1941/1941 1860/1860/1860
f 1860/1860/1860 1941/1941/1941 1942/1942/1942
f 1860/1860/1860 1942/1942/1942 1861/1861/1861
f 1861/1861/1861 1942/1942/1942 1943/1943/1943
f 1861/1861/1861 1943/1943/1943 1862/1862/1862
f 1862/1862/1862 1943/1943/1943 1944/1944/1944
f 1862/1862/1862 1944/1944/1944 1863/1863/1863
f 1864/1864/1864 1945/1945/1945 1946/1946/1946
f 1864/1864/1864 1946/1946/1946 1865/1865/1865
f 1865/1865/1865 1946/1946/1946 1947/1947/1947
f 1865/1865/1865 1947/1947/1947 1866/1866/1866
f 1866/1866/1866 1947/1947/1947 1948/1948/1948
f 1866/1866/1866 1948/1948/1948 1867/1867/1867
f 1867/1867/1867 1948/1948/1948 1949/1949/1949
f 1867/1867/1867 1949/1949/1949 1868/1868/1868
f 1868/1868/1868 1949/1949/1949 1950/1950/1950
f 1868/1868/1868 1950/1950/1950 1869/1869/1869
f 1869/1869/1869 1950/1950/1950 1951/1951/1951
f 1869/1869/1869 1951/1951/1951 1870/1870/1870
f 1870/1870/1870 1951/1951/1951 1952/1952/1952
f 1870/1870/1870 1952/1952/1952 1871/1871/1871
f 1871/1871/1871 1952/1952/1952 1953/1953/1953
f 1871/1871/1871 1953/1953/1953 1872/1872/1872
f 1872/1872/1872 1953/1953/1953 1954/1954/1954
f 1872/1872/1872 1954/1954/1954 1873/1873/1873
f 1873/1873/1873 1954/1954/1954 1955/1955/1955
f 1873/1873/1873 1955/1955/1955 1874/1874/1874
f 1874/1874/1874 1955/1955/1955 1956/1956/1956
f 1874/1874/1874 1956/1956/1956 1875/1875/1875
f 1875/1875/1875 1956/1956/1956 1957/1957/1957
f 1875/1875/1875 1957/1957/1957 1876/1876/1876
f 1876/1876/1876 1957/1957/1957 1958/1958/1958
f 1876/1876/1876 1958/1958/1958 1877/1877/1877
f 1877/1877/1877 1958/1958/1958 1959/1959/1959
f 1877/1877/1877 1959/1959/1959 1878/1878/1878
f 1878/1878/1878 1959/1959/1959 1960/1960/1960
f 1878/1878/1878 1960/1960/1960 1879/1879/1879
f 1879/1879/1879 1960/1960/1960 1961/1961/1961
f 1879/1879/1879 1961/1961/1961 1880/1880/1880
f 1880/1880/1880 1961/1961/1961 1962/1962/1962
f 1880/1880/1880 1962/1962/1962 1881/1881/1881
f 1881/1881/1881 1962/1962/1962 1963/1963/1963
f 1881/1881/1881 1963/1963/1963 1882/1882/1882
f 1882/1882/1882 1963/1963/1963 1964/1964/1964
f 1882/1882/1882 1964/1964/1964 1883/1883/1883
f 1883/1883/1883 1964/1964/1964 1965/1965/1965
f 1883/1883/1883 1965/1965/1965 1884/1884/1884
f 1884/1884/1884 1965/1965/1965 1966/1966/1966
f 1884/1884/1884 1966/1966/1966 1885/1885/1885
f 1885/1885/1885 1966/1966/1966 1967/1967/1967
f 1885/1885/1885 1967/1967/1967 1886/1886/1886
f 1886/1886/1886 1967/1967/1967 1968/1968/1968
f 1886/1886/1886 1968/1968/1968 1887/1887/1887
f 1887/1887/1887 1968/1968/1968 1969/1969/1969
f 1887/1887/1887 1969/1969/1969 1888/1888/1888
f 1888/1888/1888 1969/1969/1969 1970/1970/1970
f 1888/1888/1888 1970/1970/1970 1889/1889/1889
f 1889/1889/1889 1970/1970/1970 1971/1971/1971
f 1889/1889/1889 1971/1971/1971 1890/1890/1890
f 1890/1890/1890 1971/1971/1971 1972/1972/1972
f 1890/1890/1890 1972/1972/1972 1891/1891/1891
f 1891/1891/1891 1972/1972/1972 1973/1973/1973
f 1891/1891/1891 1973/1973/1973 1892/1892/1892
f 1892/1892/1892 1973/1973/1973 1974/1974/1974
f 1892/1892/1892 1974/1974/1974 1893/1893/1893
f 1893/1893/1893 1974/1974/1974 1975/1975/1975
f 1893/1893/1893 1975/1975/1975 1894/1894/1894
f 1894/1894/1894 1975/1975/1975 1976/1976/1976
f 1894/1894/1894 1976/1976/1976 1895/1895/1895
f 1895/1895/1895 1976/1976/1976 1977/1977/1977
f 1895/1895/1895 1977/1977/1977 1896/1896/1896
f 1896/1896/1896 1977/1977/1977 1978/1978/1978
f 1896/1896/1896 1978/1978/1978 1897/1897/1897
f 1897/1897/1897 1978/1978/1978 1979/1979/1979
f 1897/1897/1897 1979/1979/1979 1898/1898/1898
f 1898/1898/1898 1979/1979/1979 1980/1980/1980
f 1898/1898/1898 1980/1980/1980 1899/1899/1899
f 1899/1899/1899 1980/1980/1980 1981/1981/1981
f 1899/1899/1899 1981/1981/1981 1900/1900/1900
f 1900/1900/1900 1981/1981/1981 1982/1982/1982
f 1900/1900/1900 1982/1982/1982 1901/1901/1901
f 1901/1901/1901 1982/1982/1982 1983/1983/1983
f 1901/1901/1901 1983/1983/1983 1902/1902/1902
f 1902/1902/1902 1983/1983/1983 1984/1984/1984
f 1902/1902/1902 1984/1984/1984 1903/1903/1903
f 1903/1903/1903 1984/1984/1984 1985/1985/1985
f 1903/1903/1903 1985/1985/1985 1904/1904/1904
f 1904/1904/1904 1985/1985/1985 1986/1986/1986
f 1904/1904/1904 1986/1986/1986 1905/1905/1905
f 1905/1905/1905 1986/1986/1986 1987/1987/1987
f 1905/1905/1905 1987/1987/1987 1906/1906/1906
f 1906/1906/1906 1987/1987/1987 1988/1988/1988
f 1906/1906/1906 1988/1988/1988 1907/1907/1907
f 1907/1907/1907 1988/1988/1988 1989/1989/1989
f 1907/1907/1907 1989/1989/1989 1908/1908/1908
f 1908/1908/1908 1989/1989/1989 1990/1990/1990
f 1908/1908/1908 1990/1990/1990 1909/1909/1909
f 1909/1909/1909 1990/1990/1990 1991/1991/1991
f 1909/1909/1909 1991/1991/1991 1910/1910/1910
f 1910/1910/1910 1991/1991/1991 1992/1992/1992
f 1910/1910/1910 1992/1992/1992 1911/1911/1911
f 1911/1911/1911 1992/1992/1992 1993/1993/1993
f 1911/1911/1911 1993/1993/1993 1912/1912/1912
f 1912/1912/1912 1993/1993/1993 1994/1994/1994
f 1912/1912/1912 1994/1994/1994 1913/1913/1913
f 1913/1913/1913 1994/1994/1994 1995/1995/1995
f 1913/1913/1913 1995/1995/1995 1914/1914/1914
f 1914/1914/1914 1995/1995/1995 1996/1996/1996
f 1914/1914/1914 1996/1996/1996 1915/1915/1915
f 1915/1915/1915 1996/1996/1996 1997/1997/1997
f 1915/1915/1915 1997/1997/1997 1916/1916/1916
f 1916/1916/1916 1997/1997/1997 1998/1998/1998
f 1916/1916/1916 1998/1998/1998 1917/1917/1917
f 1917/1917/1917 1998/1998/1998 1999/1999/1999
f 1917/1917/1917 1999/1999/1999 1918/1918/1918
f 1918/1918/1918 1999/1999/1999 2000/2000/2000
f 1918/1918/1918 2000/2000/2000 1919/1919/1919
f 1919/1919/1919 2000/2000/2000 2001/2001/2001
f 1919/1919/1919 2001/2001/2001 1920/1920/1920
f 1920/1920/1920 2001/2001/2001 2002/2002/2002
f 1920/1920/1920 2002/2002/2002 1921/1921/1921
f 1921/1921/1921 2002/2002/2002 2003/2003/2003
f 1921/1921/1921 2003/2003/2003 1922/1922/1922
f 1922/1922/1922 2003/2003/2003 2004/2004/2004
f 1922/1922/1922 2004/2004/2004 1923/1923/1923
f 1923/1923/1923 2004/2004/2004 2005/2005/2005
f 1923/1923/1923 2005/2005/2005 1924/1924/1924
f 1924/1924/1924 2005/2005/2005 2006/2006/2006
f 1924/1924/1924 2006/2006/2006 1925/1925/1925
f 1925/1925/1925 2006/2006/2006 2007/2007/2007
f 1925/1925/1925 2007/2007/2007 1926/1926/1926
f 1926/1926/1926 2007/2007/2007 2008/2008/2008
f 1926/1926/1926 2008/2008/2008 1927/1927/1927
f 1927/1927/1927 2008/2008/2008 2009/2009/2009
f 1927/1927/1927 2009/2009/2009 1928/1928/1928
f 1928/1928/1928 2009/2009/2009 2010/2010/2010
f 1928/1928/1928 2010/2010/2010 1929/1929/1929
f 1929/1929/1929 2010/2010/2010 2011/2011/2011
f 1929/1929/1929 2011/2011/2011 1930/1930/1930
f 1930/1930/1930 2011/2011/2011 2012/2012/2012
f 1930/1930/1930 2012/2012/2012 1931/1931/1931
f 1931/1931/1931 2012/2012/2012 2013/2013/2013
f 1931/1931/1931 2013/2013/2013 1932/1932/1932
f 1932/1932/1932 2013/2013/2013 2014/2014/2014
f 1932/1932/1932 2014/2014/2014 1933/1933/1933
f 1933/1933/1933 2014/2014/2014 2015/2015/2015
f 1933/1933/1933 2015/2015/2015 1934/1934/1934
f 1934/1934/1934 2015/2015/2015 2016/2016/2016
f 1934/1934/1934 2016/2016/2016 1935/1935/1935
f 1935/1935/1935 2016/2016/2016 2017/2017/2017
f 1935/1935/1935 2017/2017/2017 1936/1936/1936
f 1936/1936/1936 2017/2017/2017 2018/2018/2018
f 1936/1936/1936 2018/2018/2018 1937/1937/1937
f 1937/1937/1937 2018/2018/2018 2019/2019/2019
f 1937/1937/1937 2019/2019/2019 1938/1938/1938
f 1938/1938/1938 2019/2019/2019 2020/2020/2020
f 1938/1938/1938 2020/2020/2020 1939/1939/1939
f 1939/1939/1939 2020/2020/2020 2021/2021/2021
f 1939/1939/1939 2021/2021/2021 1940/1940/1940
f 1940/1940/1940 2021/2021/2021 2022/2022/2022
f 1940/1940/1940 2022/2022/2022 1941/1941/1941
f 1941/1941/1941 2022/2022/2022 2023/2023/2023
f 1941/1941/1941 2023/2023/2023 1942/1942/1942
f 1942/1942/1942 2023/2023/2023 2024/2024/2024
f 1942/1942/1942 2024/2024/2024 1943/1943/1943
f 1943/1943/1943 2024/2024/2024 2025/2025/2025
f 1943/1943/1943 2025/2025/2025 1944/1944/1944
f 1945/1945/1945 2026/2026/2026 2027/2027/2027
f 1945/1945/1945 2027/2027/2027 1946/1946/1946
f 1946/1946/1946 2027/2027/2027 2028/2028/2028
f 1946/1946/1946 2028/2028/2028 1947/1947/1947
f 1947/1947/1947 2028/2028/2028 2029/2029/2029
f 1947/1947/1947 2029/2029/2029 1948/1948/1948
f 1948/1948/1948 2029/2029/2029 2030/2030/2030
f 1948/1948/1948 2030/2030/2030 1949/1949/1949
f 1949/1949/1949 2030/2030/2030 2031/2031/2031
f 1949/1949/1949 2031/2031/2031 1950/1950/1950
f 1950/1950/1950 2031/2031/2031 2032/2032/2032
f 1950/1950/1950 2032/2032/2032 1951/1951/1951
f 1951/1951/1951 2032/2032/2032 2033/2033/2033
f 1951/1951/1951 2033/2033/2033 1952/1952/1952
f 1952/1952/1952 2033/2033/2033 2034/2034/2034
f 1952/1952/1952 2034/2034/2034 1953/1953/1953
f 1953/1953/1953 2034/2034/2034 2035/2035/2035
f 1953/1953/1953 2035/2035/2035 1954/1954/1954
f 1954/1954/1954 2035/2035/2035 2036/2036/2036
f 1954/1954/1954 2036/2036/2036 1955/1955/1955
f 1955/1955/1955 2036/2036/2036 2037/2037/2037
f 1955/1955/1955 2037/2037/2037 1956/1956/1956
f 1956/1956/1956 2037/2037/2037 2038/2038/2038
f 1956/1956/1956 2038/2038/2038 1957/1957/1957
f 1957/1957/1957 2038/2038/2038 2039/2039/2039
f 1957/1957/1957 2039/2039/2039 1958/1958/1958
f 1958/1958/1958 2039/2039/2039 2040/2040/2040
f 1958/1958/1958 2040/2040/2040 1959/1959/1959
f 1959/1959/1959 2040/2040/2040 2041/2041/2041
f 1959/1959/1959 2041/2041/2041 1960/1960/1960
f 1960/1960/1960 2041/2041/2041 2042/2042/2042
f 1960/1960/1960 2042/2042/2042 1961/1961/1961
f 1961/1961/1961 2042/2042/2042 2043/2043/2043
f 1961/1961/1961 2043/2043/2043 1962/1962/1962
f 1962/1962/1962 2043/2043/2043 2044/2044/2044
f 1962/1962/1962 2044/2044/2044 1963/1963/1963
f 1963/1963/1963 2044/2044/2044 2045/2045/2045
f 1963/1963/1963 2045/2045/2045 1964/1964/1964
f 1964/1964/1964 2045/2045/2045 2046/2046/2046
f 1964/1964/1964 2046/2046/2046 1965/1965/1965
f 1965/1965/1965 2046/2046/2046 2047/2047/2047
f 1965/1965/1965 2047/2047/2047 1966/1966/1966
f 1966/1966/1966 2047/2047/2047 2048/2048/2048
f 1966/1966/1966 2048/2048/2048 1967/1967/1967
f 1967/1967/1967 2048/2048/2048 2049/2049/2049
f 1967/1967/1967 2049/2049/2049 1968/1968/1968
f 1968/1968/1968 2049/2049/2049 2050/2050/2050
f 1968/1968/1968 2050/2050/2050 1969/1969/1969
f 1969/1969/1969 2050/2050/2050 2051/2051/2051
f 1969/1969/1969 2051/2051/2051 1970/1970/1970
f 1970/1970/1970 2051/2051/2051 2052/2052/2052
f 1970/1970/1970 2052/2052/2052 1971/1971/1971
f 1971/1971/1971 2052/2052/2052 2053/2053/2053
f 1971/1971/1971 2053/2053/2053 1972/1972/1972
f 1972/1972/1972 2053/2053/2053 2054/2054/2054
f 1972/1972/1972 2054/2054/2054 1973/1973/1973
f 1973/1973/1973 2054/2054/2054 2055/2055/2055
f 1973/1973/1973 2055/2055/2055 1974/1974/1974
f 1974/1974/1974 2055/2055/2055 2056/2056/2056
f 1974/1974/1974 2056/2056/2056 1975/1975/1975
f 1975/1975/1975 2056/2056/2056 2057/2057/2057
f 1975/1975/1975 2057/2057/2057 1976/1976/1976
f 1976/1976/1976 2057/2057/2057 2058/2058/2058
f 1976/1976/1976 2058/2058/2058 1977/1977/1977
f 1977/1977/1977 2058/2058/2058 2059/2059/2059
f 1977/1977/1977 2059/2059/2059 1978/1978/1978
f 1978/1978/1978 2059/2059/2059 2060/2060/2060
f 1978/1978/1978 2060/2060/2060 1979/1979/1979
f 1979/1979/1979 2060/2060/2060 2061/2061/2061
f 1979/1979/1979 2061/2061/2061 1980/1980/1980
f 1980/1980/1980 2061/2061/2061 2062/2062/2062
f 1980/1980/1980 2062/2062/2062 1981/1981/1981
f 1981/1981/1981 2062/2062/2062 2063/2063/2063
f 1981/1981/1981 2063/2063/2063 1982/1982/1982
f 1982/1982/1982 2063/2063/2063 2064/2064/2064
f 1982/1982/1982 2064/2064/2064 1983/1983/1983
f 1983/1983/1983 2064/2064/2064 2065/2065/2065
f 1983/1983/1983 2065/2065/2065 1984/1984/1984
f 1984/1984/1984 2065/2065/2065 2066/2066/2066
f 1984/1984/1984 2066/2066/2066 1985/1985/1985
f 1985/1985/1985 2066/2066/2066 2067/2067/2067
f 1985/1985/1985 2067/2067/2067 1986/1986/1986
f 1986/1986/1986 2067/2067/2067 2068/2068/2068
f 1986/1986/1986 2068/2068/2068 1987/1987/1987
f 1987/1987/1987 2068/2068/2068 2069/2069/2069
f 1987/1987/1987 2069/2069/2069 1988/1988/1988
f 1988/1988/1988 2069/2069/2069 2070/2070/2070
f 1988/1988/1988 2070/2070/2070 1989/1989/1989
f 1989/1989/1989 2070/2070/2070 2071/2071/2071
f 1989/1989/1989 2071/2071/2071 1990/1990/1990
f 1990/1990/1990 2071/2071/2071 2072/2072/2072
f 1990/1990/1990 2072/2072/2072 1991/1991/1991
f 1991/1991/1991 2072/2072/2072 2073/2073/2073
f 1991/1991/1991 2073/2073/2073 1992/1992/1992
f 1992/1992/1992 2073/2073/2073 2074/2074/2074
f 1992/1992/1992 2074/2074/2074 1993/1993/1993
f 1993/1993/1993 2074/2074/2074 2075/2075/2075
f 1993/1993/1993 2075/2075/2075 1994/1994/1994
f 1994/1994/1994 2075/2075/2075 2076/2076/2076
f 1994/1994/1994 2076/2076/2076 1995/1995/1995
f 1995/1995/1995 2076/2076/2076 2077/2077/2077
f 1995/1995/1995 2077/2077/2077 1996/1996/1996
f 1996/1996/1996 2077/2077/2077 2078/2078/2078
f 1996/1996/1996 2078/2078/2078 1997/1997/1997
f 1997/1997/1997 2078/2078/2078 2079/2079/2079
f 1997/1997/1997 2079/2079/2079 1998/1998/1998
f 1998/1998/1998 2079/2079/2079 2080/2080/2080
f 1998/1998/1998 2080/2080/2080 1999/1999/1999
f 1999/1999/1999 2080/2080/2080 2081/2081/2081
f 1999/1999/1999 2081/2081/2081 2000/2000/2000
f 2000/2000/2000 2081/2081/2081 2082/2082/2082
f 2000/2000/2000 2082/2082/2082 2001/2001/2001
f 2001/2001/2001 2082/2082/2082 2083/2083/2083
f 2001/2001/2001 2083/2083/2083 2002/2002/2002
f 2002/2002/2002 2083/2083/2083 2084/2084/2084
f 2002/2002/2002 2084/2084/2084 2003/2003/2003
f 2003/2003/2003 2084/2084/2084 2085/2085/2085
f 2003/2003/2003 2085/2085/2085 2004/2004/2004
f 2004/2004/2004 2085/2085/2085 2086/2086/2086
f 2004/2004/2004 2086/2086/2086 2005/2005/2005
f 2005/2005/2005 2086/2086/2086 2087/2087/2087
f 2005/2005/2005 2087/2087/2087 2006/2006/2006
f 2006/2006/2006 2087/2087/2087 2088/2088/2088
f 2006/2006/2006 2088/2088/2088 2007/2007/2007
f 2007/2007/2007 2088/2088/2088 2089/2089/2089
f 2007/2007/2007 2089/2089/2089 2008/2008/2008
f 2008/2008/2008 2089/2089/2089 2090/2090/2090
f 2008/2008/2008 2090/2090/2090 2009/2009/2009
f 2009/2009/2009 2090/2090/2090 2091/2091/2091
f 2009/2009/2009 2091/2091/2091 2010/2010/2010
f 2010/2010/2010 2091/2091/2091 2092/2092/2092
f 2010/2010/2010 2092/2092/2092 2011/2011/2011
f 2011/2011/2011 2092/2092/2092 2093/2093/2093
f 2011/2011/2011 2093/2093/2093 2012/2012/2012
f 2012/2012/2012 2093/2093/2093 2094/2094/2094
f 2012/2012/2012 2094/2094/2094 2013/2013/2013
f 2013/2013/2013 2094/2094/2094 2095/2095/2095
f 2013/2013/2013 2095/2095/2095 2014/2014/2014
f 2014/2014/2014 2095/2095/2095 2096/2096/2096
f 2014/2014/2014 2096/2096/2096 2015/2015/2015
f 2015/2015/2015 2096/2096/2096 2097/2097/2097
f 2015/2015/2015 2097/2097/2097 2016/2016/2016
f 2016/2016/2016 2097/2097/2097 2098/2098/2098
f 2016/2016/2016 2098/2098/2098 2017/2017/2017
f 2017/2017/2017 2098/2098/2098 2099/2099/2099
f 2017/2017/2017 2099/2099/2099 2018/2018/2018
f 2018/2018/2018 2099/2099/2099 2100/2100/2100
f 2018/2018/2018 2100/2100/2100 2019/2019/2019
f 2019/2019/2019 2100/2100/2100 2101/2101/2101
f 2019/2019/2019 2101/2101/2101 2020/2020/2020
f 2020/2020/2020 2101/2101/2101 2102/2102/2102
f 2020/2020/2020 2102/2102/2102 2021/2021/2021
f 2021/2021/2021 2102/2102/2102 2103/2103/2103
f 2021/2021/2021 2103/2103/2103 2022/2022/2022
f 2022/2022/2022 2103/2103/2103 2104/2104/2104
f 2022/2022/2022 2104/2104/2104 2023/2023/2023
f 2023/2023/2023 2104/2104/2104 2105/2105/2105
f 2023/2023/2023 2105/2105/2105 2024/2024/2024
f 2024/2024/2024 2105/2105/2105 2106/2106/2106
f 2024/2024/2024 2106/2106/2106 2025/2025/2025
f 2026/2026/2026 2107/2107/2107 2108/2108/2108
f 2026/2026/2026 2108/2108/2108 2027/2027/2027
f 2027/2027/2027 2108/2108/2108 2109/2109/2109
f 2027/2027/2027 2109/2109/2109 2028/2028/2028
f 2028/2028/2028 2109/2109/2109 2110/2110/2110
f 2028/2028/2028 2110/2110/2110 2029/2029/2029
f 2029/2029/2029 2110/2110/2110 2111/2111/2111
f 2029/2029/2029 2111/2111/2111 2030/2030/2030
f 2030/2030/2030 2111/2111/2111 2112/2112/2112
f 2030/2030/2030 2112/2112/2112 2031/2031/2031
f 2031/2031/2031 2112/2112/2112 2113/2113/2113
f 2031/2031/2031 2113/2113/2113 2032/2032/2032
f 2032/2032/2032 2113/2113/2113 2114/2114/2114
f 2032/2032/2032 2114/2114/2114 2033/2033/2033
f 2033/2033/2033 2114/2114/2114 2115/2115/2115
f 2033/2033/2033 2115/2115/2115 2034/2034/2034
f 2034/2034/2034 2115/2115/2115 2116/2116/2116
f 2034/2034/2034 2116/2116/2116 2035/2035/2035
f 2035/2035/2035 2116/2116/2116 2117/2117/2117
f 2035/2035/2035 2117/2117/2117 2036/2036/2036
f 2036/2036/2036 2117/2117/2117 2118/2118/2118
f 2036/2036/2036 2118/2118/2118 2037/2037/2037
f 2037/2037/2037 2118/2118/2118 2119/2119/2119
f 2037/2037/2037 2119/2119/2119 2038/2038/2038
f 2038/2038/2038 2119/2119/2119 2120/2120/2120
f 2038/2038/2038 2120/2120/2120 2039/2039/2039
f 2039/2039/2039 2120/2120/2120 2121/2121/2121
f 2039/2039/2039 2121/2121/2121 2040/2040/2040
f 2040/2040/2040 2121/2121/2121 2122/2122/2122
f 2040/2040/2040 2122/2122/2122 2041/2041/2041
f 2041/2041/2041 2122/2122/2122 2123/2123/2123
f 2041/2041/2041 2123/2123/2123 2042/2042/2042
f 2042/2042/2042 2123/2123/2123 2124/2124/2124
f 2042/2042/2042 2124/2124/2124 2043/2043/2043
f 2043/2043/2043 2124/2124/2124 2125/2125/2125
f 2043/2043/2043 2125/2125/2125 2044/2044/2044
f 2044/2044/2044 2125/2125/2125 2126/2126/2126
f 2044/2044/2044 2126/2126/2126 2045/2045/2045
f 2045/2045/2045 2126/2126/2126 2127/2127/2127
f 2045/2045/2045 2127/2127/2127 2046/2046/2046
f 2046/2046/2046 2127/2127/2127 2128/2128/2128
f 2046/2046/2046 2128/2128/2128 2047/2047/2047
f 2047/2047/2047 2128/2128/2128 2129/2129/2129
f 2047/2047/2047 2129/2129/2129 2048/2048/2048
f 2048/2048/2048 2129/2129/2129 2130/2130/2130
f 2048/2048/2048 2130/2130/2130 2049/2049/2049
f 2049/2049/2049 2130/2130/2130 2131/2131/2131
f 2049/2049/2049 2131/2131/2131 2050/2050/2050
f 2050/2050/2050 2131/2131/2131 2132/2132/2132
f 2050/2050/2050 2132/2132/2132 2051/2051/2051
f 2051/2051/2051 2132/2132/2132 2133/2133/2133
f 2051/2051/2051 2133/2133/2133 2052/2052/2052
f 2052/2052/2052 2133/2133/2133 2134/2134/2134
f 2052/2052/2052 2134/2134/2134 2053/2053/2053
f 2053/2053/2053 2134/2134/2134 2135/2135/2135
f 2053/2053/2053 2135/2135/2135 2054/2054/2054
f 2054/2054/2054 2135/2135/2135 2136/2136/2136
f 2054/2054/2054 2136/2136/2136 2055/2055/2055
f 2055/2055/2055 2136/2136/2136 2137/2137/2137
f 2055/2055/2055 2137/2137/2137 2056/2056/2056
f 2056/2056/2056 2137/2137/2137 2138/2138/2138
f 2056/2056/2056 2138/2138/2138 2057/2057/2057
f 2057/2057/2057 2138/2138/2138 2139/2139/2139
f 2057/2057/2057 2139/2139/2139 2058/2058/2058
f 2058/2058/2058 2139/2139/2139 2140/2140/2140
f 2058/2058/2058 2140/2140/2140 2059/2059/2059
f 2059/2059/2059 2140/2140/2140 2141/2141/2141
f 2059/2059/2059 2141/2141/2141 2060/2060/2060
f 2060/2060/2060 2141/2141/2141 2142/2142/2142
f 2060/2060/2060 2142/2142/2142 2061/2061/2061
f 2061/2061/2061 2142/2142/2142 2143/2143/2143
f 2061/2061/2061 2143/2143/2143 2062/2062/2062
f 2062/2062/2062 2143/2143/2143 2144/2144/2144
f 2062/2062/2062 2144/2144/2144 2063/2063/2063
f 2063/2063/2063 2144/2144/2144 2145/2145/2145
f 2063/2063/2063 2145/2145/2145 2064/2064/2064
f 2064/2064/2064 2145/2145/2145 2146/2146/2146
f 2064/2064/2064 2146/2146/2146 2065/2065/2065
f 2065/2065/2065 2146/2146/2146 2147/2147/2147
f 2065/2065/2065 2147/2147/2147 2066/2066/2066
f 2066/2066/2066 2147/2147/2147 2148/2148/2148
f 2066/2066/2066 2148/2148/2148 2067/2067/2067
f 2067/2067/2067 2148/2148/2148 2149/2149/2149
f 2067/2067/2067 2149/2149/2149 2068/2068/2068
f 2068/2068/2068 2149/2149/2149 2150/2150/2150
f 2068/2068/2068 2150/2150/2150 2069/2069/2069
f 2069/2069/2069 2150/2150/2150 2151/2151/2151
f 2069/2069/2069 2151/2151/2151 2070/2070/2070
f 2070/2070/2070 2151/2151/2151 2152/2152/2152
f 2070/2070/2070 2152/2152/2152 2071/2071/2071
f 2071/2071/2071 2152/2152/2152 2153/2153/2153
f 2071/2071/2071 2153/2153/2153 2072/2072/2072
f 2072/2072/2072 2153/2153/2153 2154/2154/2154
f 2072/2072/2072 2154/2154/2154 2073/2073/2073
f 2073/2073/2073 2154/2154/2154 2155/2155/2155
f 2073/2073/2073 2155/2155/2155 2074/2074/2074
f 2074/2074/2074 2155/2155/2155 2156/2156/2156
f 2074/2074/2074 2156/2156/2156 2075/2075/2075
f 2075/2075/2075 2156/2156/2156 2157/2157/2157
f 2075/2075/2075 2157/2157/2157 2076/2076/2076
f 2076/2076/2076 2157/2157/2157 2158/2158/2158
f 2076/2076/2076 2158/2158/2158 2077/2077/2077
f 2077/2077/2077 2158/2158/2158 2159/2159/2159
f 2077/2077/2077 2159/2159/2159 2078/2078/2078
f 2078/2078/2078 2159/2159/2159 2160/2160/2160
f 2078/2078/2078 2160/2160/2160 2079/2079/2079
f 2079/2079/2079 2160/2160/2160 2161/2161/2161
f 2079/2079/2079 2161/2161/2161 2080/2080/2080
f 2080/2080/2080 2161/2161/2161 2162/2162/2162
f 2080/2080/2080 2162/2162/2162 2081/2081/2081
f 2081/2081/2081 2162/2162/2162 2163/2163/2163
f 2081/2081/2081 2163/2163/2163 2082/2082/2082
f 2082/2082/2082 2163/2163/2163 2164/2164/2164
f 2082/2082/2082 2164/2164/2164 2083/2083/2083
f 2083/2083/2083 2164/2164/2164 2165/2165/2165
f 2083/2083/2083 2165/2165/2165 2084/2084/2084
f 2084/2084/2084 2165/2165/2165 2166/2166/2166
f 2084/2084/2084 2166/2166/2166 2085/2085/2085
f 2085/2085/2085 2166/2166/2166 2167/2167/2167
f 2085/2085/2085 2167/2167/2167 2086/2086/2086
f 2086/2086/2086 2167/2167/2167 2168/2168/2168
f 2086/2086/2086 2168/2168/2168 2087/2087/2087
f 2087/2087/2087 2168/2168/2168 2169/2169/2169
f 2087/2087/2087 2169/2169/2169 2088/2088/2088
f 2088/2088/2088 2169/2169/2169 2170/2170/2170
f 2088/2088/2088 2170/2170/2170 2089/2089/2089
f 2089/2089/2089 2170/2170/2170 2171/2171/2171
f 2089/2089/2089 2171/2171/2171 2090/2090/2090
f 2090/2090/2090 2171/2171/2171 2172/2172/2172
f 2090/2090/2090 2172/2172/2172 2091/2091/2091
f 2091/2091/2091 2172/2172/2172 2173/2173/2173
f 2091/2091/2091 2173/2173/2173 2092/2092/2092
f 2092/2092/2092 2173/2173/2173 2174/2174/2174
f 2092/2092/2092 2174/2174/2174 2093/2093/2093
f 2093/2093/2093 2174/2174/2174 2175/2175/2175
f 2093/2093/2093 2175/2175/2175 2094/2094/2094
f 2094/2094/2094 2175/2175/2175 2176/2176/2176
f 2094/2094/2094 2176/2176/2176 2095/2095/2095
f 2095/2095/2095 2176/2176/2176 2177/2177/2177
f 2095/2095/2095 2177/2177/2177 2096/2096/2096
f 2096/2096/2096 2177/2177/2177 2178/2178/2178
f 2096/2096/2096 2178/2178/2178 2097/2097/2097
f 2097/2097/2097 2178/2178/2178 2179/2179/2179
f 2097/2097/2097 2179/2179/2179 2098/2098/2098
f 2098/2098/2098 2179/2179/2179 2180/2180/2180
f 2098/2098/2098 2180/2180/2180 2099/2099/2099
f 2099/2099/2099 2180/2180/2180 2181/2181/2181
f 2099/2099/2099 2181/2181/2181 2100/2100/2100
f 2100/2100/2100 2181/2181/2181 2182/2182/2182
f 2100/2100/2100 2182/2182/2182 2101/2101/2101
f 2101/2101/2101 2182/2182/2182 2183/2183/2183
f 2101/2101/2101 2183/2183/2183 2102/2102/2102
f 2102/2102/2102 2183/2183/2183 2184/2184/2184
f 2102/2102/2102 2184/2184/2184 2103/2103/2103
f 2103/2103/2103 2184/2184/2184 2185/2185/2185
f 2103/2103/2103 2185/2185/2185 2104/2104/2104
f 2104/2104/2104 2185/2185/2185 2186/2186/2186
f 2104/2104/2104 2186/2186/2186 2105/2105/2105
f 2105/2105/2105 2186/2186/2186 2187/2187/2187
f 2105/2105/2105 2187/2187/2187 2106/2106/2106
f 2107/2107/2107 2188/2188/2188 2189/2189/2189
f 2107/2107/2107 2189/2189/2189 2108/2108/2108
f 2108/2108/2108 2189/2189/2189 2190/2190/2190
f 2108/2108/2108 2190/2190/2190 2109/2109/2109
f 2109/2109/2109 2190/2190/2190 2191/2191/2191
f 2109/2109/2109 2191/2191/2191 2110/2110/2110
f 2110/2110/2110 2191/2191/2191 2192/2192/2192
f 2110/2110/2110 2192/2192/2192 2111/2111/2111
f 2111/2111/2111 2192/2192/2192 2193/2193/2193
f 2111/2111/2111 2193/2193/2193 2112/2112/2112
f 2112/2112/2112 2193/2193/2193 2194/2194/2194
f 2112/2112/2112 2194/2194/2194 2113/2113/2113
f 2113/2113/2113 2194/2194/2194 2195/2195/2195
f 2113/2113/2113 2195/2195/2195 2114/2114/2114
f 2114/2114/2114 2195/2195/2195 2196/2196/2196
f 2114/2114/2114 2196/2196/2196 2115/2115/2115
f 2115/2115/2115 2196/2196/2196 2197/2197/2197
f 2115/2115/2115 2197/2197/2197 2116/2116/2116
f 2116/2116/2116 2197/2197/2197 2198/2198/2198
f 2116/2116/2116 2198/2198/2198 2117/2117/2117
f 2117/2117/2117 2198/2198/2198 2199/2199/2199
f 2117/2117/2117 2199/2199/2199 2118/2118/2118
f 2118/2118/2118 2199/2199/2199 2200/2200/2200
f 2118/2118/2118 2200/2200/2200 2119/2119/2119
f 2119/2119/2119 2200/2200/2200 2201/2201/2201
f 2119/2119/2119 2201/2201/2201 2120/2120/2120
f 2120/2120/2120 2201/2201/2201 2202/2202/2202
f 2120/2120/2120 2202/2202/2202 2121/2121/2121
f 2121/2121/2121 2202/2202/2202 2203/2203/2203
f 2121/2121/2121 2203/2203/2203 2122/2122/2122
f 2122/2122/2122 2203/2203/2203 2204/2204/2204
f 2122/2122/2122 2204/2204/2204 2123/2123/2123
f 2123/2123/2123 2204/2204/2204 2205/2205/2205
f 2123/2123/2123 2205/2205/2205 2124/2124/2124
f 2124/2124/2124 2205/2205/2205 2206/2206/2206
f 2124/2124/2124 2206/2206/2206 2125/2125/2125
f 2125/2125/2125 2206/2206/2206 2207/2207/2207
f 2125/2125/2125 2207/2207/2207 2126/2126/2126
f 2126/2126/2126 2207/2207/2207 2208/2208/2208
f 2126/2126/2126 2208/2208/2208 2127/2127/2127
f 2127/2127/2127 2208/2208/2208 2209/2209/2209
f 2127/2127/2127 2209/2209/2209 2128/2128/2128
f 2128/2128/2128 2209/2209/2209 2210/2210/2210
f 2128/2128/2128 2210/2210/2210 2129/2129/2129
f 2129/2129/2129 2210/2210/2210 2211/2211/2211
f 2129/2129/2129 2211/2211/2211 2130/2130/2130
f 2130/2130/2130 2211/2211/2211 2212/2212/2212
f 2130/2130/2130 2212/2212/2212 2131/2131/2131
f 2131/2131/2131 2212/2212/2212 2213/2213/2213
f 2131/2131/2131 2213/2213/2213 2132/2132/2132
f 2132/2132/2132 2213/2213/2213 2214/2214/2214
f 2132/2132/2132 2214/2214/2214 2133/2133/2133
f 2133/2133/2133 2214/2214/2214 2215/2215/2215
f 2133/2133/2133 2215/2215/2215 2134/2134/2134
f 2134/2134/2134 2215/2215/2215 2216/2216/2216
f 2134/2134/2134 2216/2216/2216 2135/2135/2135
f 2135/2135/2135 2216/2216/2216 2217/2217/2217
f 2135/2135/2135 2217/2217/2217 2136/2136/2136
f 2136/2136/2136 2217/2217/2217 2218/2218/2218
f 2136/2136/2136 2218/2218/2218 2137/2137/2137
f 2137/2137/2137 2218/2218/2218 2219/2219/2219
f 2137/2137/2137 2219/2219/2219 2138/2138/2138
f 2138/2138/2138 2219/2219/2219 2220/2220/2220
f 2138/2138/2138 2220/2220/2220 2139/2139/2139
f 2139/2139/2139 2220/2220/2220 2221/2221/2221
f 2139/2139/2139 2221/2221/2221 2140/2140/2140
f 2140/2140/2140 2221/2221/2221 2222/2222/2222
f 2140/2140/2140 2222/2222/2222 2141/2141/2141
f 2141/2141/2141 2222/2222/2222 2223/2223/2223
f 2141/2141/2141 2223/2223/2223 2142/2142/2142
f 2142/2142/2142 2223/2223/2223 2224/2224/2224
f 2142/2142/2142 2224/2224/2224 2143/2143/2143
f 2143/2143/2143 2224/2224/2224 2225/2225/2225
f 2143/2143/2143 2225/2225/2225 2144/2144/2144
f 2144/2144/2144 2225/2225/2225 2226/2226/2226
f 2144/2144/2144 2226/2226/2226 2145/2145/2145
f 2145/2145/2145 2226/2226/2226 2227/2227/2227
f 2145/2145/2145 2227/2227/2227 2146/2146/2146
f 2146/2146/2146 2227/2227/2227 2228/2228/2228
f 2146/2146/2146 2228/2228/2228 2147/2147/2147
f 2147/2147/2147 2228/2228/2228 2229/2229/2229
f 2147/2147/2147 2229/2229/2229 2148/2148/2148
f 2148/2148/2148 2229/2229/2229 2230/2230/2230
f 2148/2148/2148 2230/2230/2230 2149/2149/2149
f 2149/2149/2149 2230/2230/2230 2231/2231/2231
f 2149/2149/2149 2231/2231/2231 2150/2150/2150
f 2150/2150/2150 2231/2231/2231 2232/2232/2232
f 2150/2150/2150 2232/2232/2232 2151/2151/2151
f 2151/2151/2151 2232/2232/2232 2233/2233/2233
f 2151/2151/2151 2233/2233/2233 2152/2152/2152
f 2152/2152/2152 2233/2233/2233 2234/2234/2234
f 2152/2152/2152 2234/2234/2234 2153/2153/2153
f 2153/2153/2153 2234/2234/2234 2235/2235/2235
f 2153/2153/2153 2235/2235/2235 2154/2154/2154
f 2154/2154/2154 2235/2235/2235 2236/2236/2236
f 2154/2154/2154 2236/2236/2236 2155/2155/2155
f 2155/2155/2155 2236/2236/2236 2237/2237/2237
f 2155/2155/2155 2237/2237/2237 2156/2156/2156
f 2156/2156/2156 2237/2237/2237 2238/2238/2238
f 2156/2156/2156 2238/2238/2238 2157/2157/2157
f 2157/2157/2157 2238/2238/2238 2239/2239/2239
f 2157/2157/2157 2239/2239/2239 2158/2158/2158
f 2158/2158/2158 2239/2239/2239 2240/2240/2240
f 2158/2158/2158 2240/2240/2240 2159/2159/2159
f 2159/2159/2159 2240/2240/2240 2241/2241/2241
f 2159/2159/2159 2241/2241/2241 2160/2160/2160
f 2160/2160/2160 2241/2241/2241 2242/2242/2242
f 2160/2160/2160 2242/2242/2242 2161/2161/2161
f 2161/2161/2161 2242/2242/2242 2243/2243/2243
f 2161/2161/2161 2243/2243/2243 2162/2162/2162
f 2162/2162/2162 2243/2243/2243 2244/2244/2244
f 2162/2162/2162 2244/2244/2244 2163/2163/2163
f 2163/2163/2163 2244/2244/2244 2245/2245/2245
f 2163/2163/2163 2245/2245/2245 2164/2164/2164
f 2164/2164/2164 2245/2245/2245 2246/2246/2246
f 2164/2164/2164 2246/2246/2246 2165/2165/2165
f 2165/2165/2165 2246/2246/2246 2247/2247/2247
f 2165/2165/2165 2247/2247/2247 2166/2166/2166
f 2166/2166/2166 2247/2247/2247 2248/2248/2248
f 2166/2166/2166 2248/2248/2248 2167/2167/2167
f 2167/2167/2167 2248/2248/2248 2249/2249/2249
f 2167/2167/2167 2249/2249/2249 2168/2168/2168
f 2168/2168/2168 2249/2249/2249 2250/2250/2250
f 2168/2168/2168 2250/2250/2250 2169/2169/2169
f 2169/2169/2169 2250/2250/2250 2251/2251/2251
f 2169/2169/2169 2251/2251/2251 2170/2170/2170
f 2170/2170/2170 2251/2251/2251 2252/2252/2252
f 2170/2170/2170 2252/2252/2252 2171/2171/2171
f 2171/2171/2171 2252/2252/2252 2253/2253/2253
f 2171/2171/2171 2253/2253/2253 2172/2172/2172
f 2172/2172/2172 2253/2253/2253 2254/2254/2254
f 2172/2172/2172 2254/2254/2254 2173/2173/2173
f 2173/2173/2173 2254/2254/2254 2255/2255/2255
f 2173/2173/2173 2255/2255/2255 2174/2174/2174
f 2174/2174/2174 2255/2255/2255 2256/2256/2256
f 2174/2174/2174 2256/2256/2256 2175/2175/2175
f 2175/2175/2175 2256/2256/2256 2257/2257/2257
f 2175/2175/2175 2257/2257/2257 2176/2176/2176
f 2176/2176/2176 2257/2257/2257 2258/2258/2258
f 2176/2176/2176 2258/2258/2258 2177/2177/2177
f 2177/2177/2177 2258/2258/2258 2259/2259/2259
f 2177/2177/2177 2259/2259/2259 2178/2178/2178
f 2178/2178/2178 2259/2259/2259 2260/2260/2260
f 2178/2178/2178 2260/2260/2260 2179/2179/2179
f 2179/2179/2179 2260/2260/2260 2261/2261/2261
f 2179/2179/2179 2261/2261/2261 2180/2180/2180
f 2180/2180/2180 2261/2261/2261 2262/2262/2262
f 2180/2180/2180 2262/2262/2262 2181/2181/2181
f 2181/2181/2181 2262/2262/2262 2263/2263/2263
f 2181/2181/2181 2263/2263/2263 2182/2182/2182
f 2182/2182/2182 2263/2263/2263 2264/2264/2264
f 2182/2182/2182 2264/2264/2264 2183/2183/2183
f 2183/2183/2183 2264/2264/2264 2265/2265/2265
f 2183/2183/2183 2265/2265/2265 2184/2184/2184
f 2184/2184/2184 2265/2265/2265 2266/2266/2266
f 2184/2184/2184 2266/2266/2266 2185/2185/2185
f 2185/2185/2185 2266/2266/2266 2267/2267/2267
f 2185/2185/2185 2267/2267/2267 2186/2186/2186
f 2186/2186/2186 2267/2267/2267 2268/2268/2268
f 2186/2186/2186 2268/2268/2268 2187/2187/2187
f 2188/2188/2188 2269/2269/2269 2270/2270/2270
f 2188/2188/2188 2270/2270/2270 2189/2189/2189
f 2189/2189/2189 2270/2270/2270 2271/2271/2271
f 2189/2189/2189 2271/2271/2271 2190/2190/2190
f 2190/2190/2190 2271/2271/2271 2272/2272/2272
f 2190/2190/2190 2272/2272/2272 2191/2191/2191
f 2191/2191/2191 2272/2272/2272 2273/2273/2273
f 2191/2191/2191 2273/2273/2273 2192/2192/2192
f 2192/2192/2192 2273/2273/2273 2274/2274/2274
f 2192/2192/2192 2274/2274/2274 2193/2193/2193
f 2193/2193/2193 2274/2274/2274 2275/2275/2275
f 2193/2193/2193 2275/2275/2275 2194/2194/2194
f 2194/2194/2194 2275/2275/2275 2276/2276/2276
f 2194/2194/2194 2276/2276/2276 2195/2195/2195
f 2195/2195/2195 2276/2276/2276 2277/2277/2277
f 2195/2195/2195 2277/2277/2277 2196/2196/2196
f 2196/2196/2196 2277/2277/2277 2278/2278/2278
f 2196/2196/2196 2278/2278/2278 2197/2197/2197
f 2197/2197/2197 2278/2278/2278 2279/2279/2279
f 2197/2197/2197 2279/2279/2279 2198/2198/2198
f 2198/2198/2198 2279/2279/2279 2280/2280/2280
f 2198/2198/2198 2280/2280/2280 2199/2199/2199
f 2199/2199/2199 2280/2280/2280 2281/2281/2281
f 2199/2199/2199 2281/2281/2281 2200/2200/2200
f 2200/2200/2200 2281/2281/2281 2282/2282/2282
f 2200/2200/2200 2282/2282/2282 2201/2201/2201
f 2201/2201/2201 2282/2282/2282 2283/2283/2283
f 2201/2201/2201 2283/2283/2283 2202/2202/2202
f 2202/2202/2202 2283/2283/2283 2284/2284/2284
f 2202/2202/2202 2284/2284/2284 2203/2203/2203
f 2203/2203/2203 2284/2284/2284 2285/2285/2285
f 2203/2203/2203 2285/2285/2285 2204/2204/2204
f 2204/2204/2204 2285/2285/2285 2286/2286/2286
f 2204/2204/2204 2286/2286/2286 2205/2205/2205
f 2205/2205/2205 2286/2286/2286 2287/2287/2287
f 2205/2205/2205 2287/2287/2287 2206/2206/2206
f 2206/2206/2206 2287/2287/2287 2288/2288/2288
f 2206/2206/2206 2288/2288/2288 2207/2207/2207
f 2207/2207/2207 2288/2288/2288 2289/2289/2289
f 2207/2207/2207 2289/2289/2289 2208/2208/2208
f 2208/2208/2208 2289/2289/2289 2290/2290/2290
f 2208/2208/2208 2290/2290/2290 2209/2209/2209
f 2209/2209/2209 2290/2290/2290 2291/2291/2291
f 2209/2209/2209 2291/2291/2291 2210/2210/2210
f 2210/2210/2210 2291/2291/2291 2292/2292/2292
f 2210/2210/2210 2292/2292/2292 2211/2211/2211
f 2211/2211/2211 2292/2292/2292 2293/2293/2293
f 2211/2211/2211 2293/2293/2293 2212/2212/2212
f 2212/2212/2212 2293/2293/2293 2294/2294/2294
f 2212/2212/2212 2294/2294/2294 2213/2213/2213
f 2213/2213/2213 2294/2294/2294 2295/2295/2295
f 2213/2213/2213 2295/2295/2295 2214/2214/2214
f 2214/2214/2214 2295/2295/2295 2296/2296/2296
f 2214/2214/2214 2296/2296/2296 2215/2215/2215
f 2215/2215/2215 2296/2296/2296 2297/2297/2297
f 2215/2215/2215 2297/2297/2297 2216/2216/2216
f 2216/2216/2216 2297/2297/2297 2298/2298/2298
f 2216/2216/2216 2298/2298/2298 2217/2217/2217
f 2217/2217/2217 2298/2298/2298 2299/2299/2299
f 2217/2217/2217 2299/2299/2299 2218/2218/2218
f 2218/2218/2218 2299/2299/2299 2300/2300/2300
f 2218/2218/2218 2300/2300/2300 2219/2219/2219
f 2219/2219/2219 2300/2300/2300 2301/2301/2301
f 2219/2219/2219 2301/2301/2301 2220/2220/2220
f 2220/2220/2220 2301/2301/2301 2302/2302/2302
f 2220/2220/2220 2302/2302/2302 2221/2221/2221
f 2221/2221/2221 2302/2302/2302 2303/2303/2303
f 2221/2221/2221 2303/2303/2303 2222/2222/2222
f 2222/2222/2222 2303/2303/2303 2304/2304/2304
f 2222/2222/2222 2304/2304/2304 2223/2223/2223
f 2223/2223/2223 2304/2304/2304 2305/2305/2305
f 2223/2223/2223 2305/2305/2305 2224/2224/2224
f 2224/2224/2224 2305/2305/2305 2306/2306/2306
f 2224/2224/2224 2306/2306/2306 2225/2225/2225
f 2225/2225/2225 2306/2306/2306 2307/2307/2307
f 2225/2225/2225 2307/2307/2307 2226/2226/2226
f 2226/2226/2226 2307/2307/2307 2308/2308/2308
f 2226/2226/2226 2308/2308/2308 2227/2227/2227
f 2227/2227/2227 2308/2308/2308 2309/2309/2309
f 2227/2227/2227 2309/2309/2309 2228/2228/2228
f 2228/2228/2228 2309/2309/2309 2310/2310/2310
f 2228/2228/2228 2310/2310/2310 2229/2229/2229
f 2229/2229/2229 2310/2310/2310 2311/2311/2311
f 2229/2229/2229 2311/2311/2311 2230/2230/2230
f 2230/2230/2230 2311/2311/2311 2312/2312/2312
f 2230/2230/2230 2312/2312/2312 2231/2231/2231
f 2231/2231/2231 2312/2312/2312 2313/2313/2313
f 2231/2231/2231 2313/2313/2313 2232/2232/2232
f 2232/2232/2232 2313/2313/2313 2314/2314/2314
f 2232/2232/2232 2314/2314/2314 2233/2233/2233
f 2233/2233/2233 2314/2314/2314 2315/2315/2315
f 2233/2233/2233 2315/2315/2315 2234/2234/2234
f 2234/2234/2234 2315/2315/2315 2316/2316/2316
f 2234/2234/2234 2316/2316/2316 2235/2235/2235
f 2235/2235/2235 2316/2316/2316 2317/2317/2317
f 2235/2235/2235 2317/2317/2317 2236/2236/2236
f 2236/2236/2236 2317/2317/2317 2318/2318/2318
f 2236/2236/2236 2318/2318/2318 2237/2237/2237
f 2237/2237/2237 2318/2318/2318 2319/2319/2319
f 2237/2237/2237 2319/2319/2319 2238/2238/2238
f 2238/2238/2238 2319/2319/2319 2320/2320/2320
f 2238/2238/2238 2320/2320/2320 2239/2239/2239
f 2239/2239/2239 2320/2320/2320 2321/2321/2321
f 2239/2239/2239 2321/2321/2321 2240/2240/2240
f 2240/2240/2240 2321/2321/2321 2322/2322/2322
f 2240/2240/2240 2322/2322/2322 2241/2241/2241
f 2241/2241/2241 2322/2322/2322 2323/2323/2323
f 2241/2241/2241 2323/2323/2323 2242/2242/2242
f 2242/2242/2242 2323/2323/2323 2324/2324/2324
f 2242/2242/2242 2324/2324/2324 2243/2243/2243
f 2243/2243/2243 2324/2324/2324 2325/2325/2325
f 2243/2243/2243 2325/2325/2325 2244/2244/2244
f 2244/2244/2244 2325/2325/2325 2326/2326/2326
f 2244/2244/2244 2326/2326/2326 2245/2245/2245
f 2245/2245/2245 2326/2326/2326 2327/2327/2327
f 2245/2245/2245 2327/2327/2327 2246/2246/2246
f 2246/2246/2246 2327/2327/2327 2328/2328/2328
f 2246/2246/2246 2328/2328/2328 2247/2247/2247
f 2247/2247/2247 2328/2328/2328 2329/2329/2329
f 2247/2247/2247 2329/2329/2329 2248/2248/2248
f 2248/2248/2248 2329/2329/2329 2330/2330/2330
f 2248/2248/2248 2330/2330/2330 2249/2249/2249
f 2249/2249/2249 2330/2330/2330 2331/2331/2331
f 2249/2249/2249 2331/2331/2331 2250/2250/2250
f 2250/2250/2250 2331/2331/2331 2332/2332/2332
f 2250/2250/2250 2332/2332/2332 2251/2251/2251
f 2251/2251/2251 2332/2332/2332 2333/2333/2333
f 2251/2251/2251 2333/2333/2333 2252/2252/2252
f 2252/2252/2252 2333/2333/2333 2334/2334/2334
f 2252/2252/2252 2334/2334/2334 2253/2253/2253
f 2253/2253/2253 2334/2334/2334 2335/2335/2335
f 2253/2253/2253 2335/2335/2335 2254/2254/2254
f 2254/2254/2254 2335/2335/2335 2336/2336/2336
f 2254/2254/2254 2336/2336/2336 2255/2255/2255
f 2255/2255/2255 2336/2336/2336 2337/2337/2337
f 2255/2255/2255 2337/2337/2337 2256/2256/2256
f 2256/2256/2256 2337/2337/2337 2338/2338/2338
f 2256/2256/2256 2338/2338/2338 2257/2257/2257
f 2257/2257/2257 2338/2338/2338 2339/2339/2339
f 2257/2257/2257 2339/2339/2339 2258/2258/2258
f 2258/2258/2258 2339/2339/2339 2340/2340/2340
f 2258/2258/2258 2340/2340/2340 2259/2259/2259
f 2259/2259/2259 2340/2340/2340 2341/2341/2341
f 2259/2259/2259 2341/2341/2341 2260/2260/2260
f 2260/2260/2260 2341/2341/2341 2342/2342/2342
f 2260/2260/2260 2342/2342/2342 2261/2261/2261
f 2261/2261/2261 2342/2342/2342 2343/2343/2343
f 2261/2261/2261 2343/2343/2343 2262/2262/2262
f 2262/2262/2262 2343/2343/2343 2344/2344/2344
f 2262/2262/2262 2344/2344/2344 2263/2263/2263
f 2263/2263/2263 2344/2344/2344 2345/2345/2345
f 2263/2263/2263 2345/2345/2345 2264/2264/2264
f 2264/2264/2264 2345/2345/2345 2346/2346/2346
f 2264/2264/2264 2346/2346/2346 2265/2265/2265
f 2265/2265/2265 2346/2346/2346 2347/2347/2347
f 2265/2265/2265 2347/2347/2347 2266/2266/2266
f 2266/2266/2266 2347/2347/2347 2348/2348/2348
f 2266/2266/2266 2348/2348/2348 2267/2267/2267
f 2267/2267/2267 2348/2348/2348 2349/2349/2349
f 2267/2267/2267 2349/2349/2349 2268/2268/2268
f 2269/2269/2269 2350/2350/2350 2351/2351/2351
f 2269/2269/2269 2351/2351/2351 2270/2270/2270
f 2270/2270/2270 2351/2351/2351 2352/2352/2352
f 2270/2270/2270 2352/2352/2352 2271/2271/2271
f 2271/2271/2271 2352/2352/2352 2353/2353/2353
f 2271/2271/2271 2353/2353/2353 2272/2272/2272
f 2272/2272/2272 2353/2353/2353 2354/2354/2354
f 2272/2272/2272 2354/2354/2354 2273/2273/2273
f 2273/2273/2273 2354/2354/2354 2355/2355/2355
f 2273/2273/2273 2355/2355/2355 2274/2274/2274
f 2274/2274/2274 2355/2355/2355 2356/2356/2356
f 2274/2274/2274 2356/2356/2356 2275/2275/2275
f 2275/2275/2275 2356/2356/2356 2357/2357/2357
f 2275/2275/2275 2357/2357/2357 2276/2276/2276
f 2276/2276/2276 2357/2357/2357 2358/2358/2358
f 2276/2276/2276 2358/2358/2358 2277/2277/2277
f 2277/2277/2277 2358/2358/2358 2359/2359/2359
f 2277/2277/2277 2359/2359/2359 2278/2278/2278
f 2278/2278/2278 2359/2359/2359 2360/2360/2360
f 2278/2278/2278 2360/2360/2360 2279/2279/2279
f 2279/2279/2279 2360/2360/2360 2361/2361/2361
f 2279/2279/2279 2361/2361/2361 2280/2280/2280
f 2280/2280/2280 2361/2361/2361 2362/2362/2362
f 2280/2280/2280 2362/2362/2362 2281/2281/2281
f 2281/2281/2281 2362/2362/2362 2363/2363/2363
f 2281/2281/2281 2363/2363/2363 2282/2282/2282
f 2282/2282/2282 2363/2363/2363 2364/2364/2364
f 2282/2282/2282 2364/2364/2364 2283/2283/2283
f 2283/2283/2283 2364/2364/2364 2365/2365/2365
f 2283/2283/2283 2365/2365/2365 2284/2284/2284
f 2284/2284/2284 2365/2365/2365 2366/2366/2366
f 2284/2284/2284 2366/2366/2366 2285/2285/2285
f 2285/2285/2285 2366/2366/2366 2367/2367/2367
f 2285/2285/2285 2367/2367/2367 2286/2286/2286
f 2286/2286/2286 2367/2367/2367 2368/2368/2368
f 2286/2286/2286 2368/2368/2368 2287/2287/2287
f 2287/2287/2287 2368/2368/2368 2369/2369/2369
f 2287/2287/2287 2369/2369/2369 2288/2288/2288
f 2288/2288/2288 2369/2369/2369 2370/2370/2370
f 2288/2288/2288 2370/2370/2370 2289/2289/2289
f 2289/2289/2289 2370/2370/2370 2371/2371/2371
f 2289/2289/2289 2371/2371/2371 2290/2290/2290
f 2290/2290/2290 2371/2371/2371 2372/2372/2372
f 2290/2290/2290 2372/2372/2372 2291/2291/2291
f 2291/2291/2291 2372/2372/2372 2373/2373/2373
f 2291/2291/2291 2373/2373/2373 2292/2292/2292
f 2292/2292/2292 2373/2373/2373 2374/2374/2374
f 2292/2292/2292 2374/2374/2374 2293/2293/2293
f 2293/2293/2293 2374/2374/2374 2375/2375/2375
f 2293/2293/2293 2375/2375/2375 2294/2294/2294
f 2294/2294/2294 2375/2375/2375 2376/2376/2376
f 2294/2294/2294 2376/2376/2376 2295/2295/2295
f 2295/2295/2295 2376/2376/2376 2377/2377/2377
f 2295/2295/2295 2377/2377/2377 2296/2296/2296
f 2296/2296/2296 2377/2377/2377 2378/2378/2378
f 2296/2296/2296 2378/2378/2378 2297/2297/2297
f 2297/2297/2297 2378/2378/2378 2379/2379/2379
f 2297/2297/2297 2379/2379/2379 2298/2298/2298
f 2298/2298/2298 2379/2379/2379 2380/2380/2380
f 2298/2298/2298 2380/2380/2380 2299/2299/2299
f 2299/2299/2299 2380/2380/2380 2381/2381/2381
f 2299/2299/2299 2381/2381/2381 2300/2300/2300
f 2300/2300/2300 2381/2381/2381 2382/2382/2382
f 2300/2300/2300 2382/2382/2382 2301/2301/2301
f 2301/2301/2301 2382/2382/2382 2383/2383/2383
f 2301/2301/2301 2383/2383/2383 2302/2302/2302
f 2302/2302/2302 2383/2383/2383 2384/2384/2384
f 2302/2302/2302 2384/2384/2384 2303/2303/2303
f 2303/2303/2303 2384/2384/2384 2385/2385/2385
f 2303/2303/2303 2385/2385/2385 2304/2304/2304
f 2304/2304/2304 2385/2385/2385 2386/2386/2386
f 2304/2304/2304 2386/2386/2386 2305/2305/2305
f 2305/2305/2305 2386/2386/2386 2387/2387/2387
f 2305/2305/2305 2387/2387/2387 2306/2306/2306
f 2306/2306/2306 2387/2387/2387 2388/2388/2388
f 2306/2306/2306 2388/2388/2388 2307/2307/2307
f 2307/2307/2307 2388/2388/2388 2389/2389/2389
f 2307/2307/2307 2389/2389/2389 2308/2308/2308
f 2308/2308/2308 2389/2389/2389 2390/2390/2390
f 2308/2308/2308 2390/2390/2390 2309/2309/2309
f 2309/2309/2309 2390/2390/2390 2391/2391/2391
f 2309/2309/2309 2391/2391/2391 2310/2310/2310
f 2310/2310/2310 2391/2391/2391 2392/2392/2392
f 2310/2310/2310 2392/2392/2392 2311/2311/2311
f 2311/2311/2311 2392/2392/2392 2393/2393/2393
f 2311/2311/2311 2393/2393/2393 2312/2312/2312
f 2312/2312/2312 2393/2393/2393 2394/2394/2394
f 2312/2312/2312 2394/2394/2394 2313/2313/2313
f 2313/2313/2313 2394/2394/2394 2395/2395/2395
f 2313/2313/2313 2395/2395/2395 2314/2314/2314
f 2314/2314/2314 2395/2395/2395 2396/2396/2396
f 2314/2314/2314 2396/2396/2396 2315/2315/2315
f 2315/2315/2315 2396/2396/2396 2397/2397/2397
f 2315/2315/2315 2397/2397/2397 2316/2316/2316
f 2316/2316/2316 2397/2397/2397 2398/2398/2398
f 2316/2316/2316 2398/2398/2398 2317/2317/2317
f 2317/2317/2317 2398/2398/2398 2399/2399/2399
f 2317/2317/2317 2399/2399/2399 2318/2318/2318
f 2318/2318/2318 2399/2399/2399 2400/2400/2400
f 2318/2318/2318 2400/2400/2400 2319/2319/2319
f 2319/2319/2319 2400/2400/2400 2401/2401/2401
f 2319/2319/2319 2401/2401/2401 2320/2320/2320
f 2320/2320/2320 2401/2401/2401 2402/2402/2402
f 2320/2320/2320 2402/2402/2402 2321/2321/2321
f 2321/2321/2321 2402/2402/2402 2403/2403/2403
f 2321/2321/2321 2403/2403/2403 2322/2322/2322
f 2322/2322/2322 2403/2403/2403 2404/2404/2404
f 2322/2322/2322 2404/2404/2404 2323/2323/2323
f 2323/2323/2323 2404/2404/2404 2405/2405/2405
f 2323/2323/2323 2405/2405/2405 2324/2324/2324
f 2324/2324/2324 2405/2405/2405 2406/2406/2406
f 2324/2324/2324 2406/2406/2406 2325/2325/2325
f 2325/2325/2325 2406/2406/2406 2407/2407/2407
f 2325/2325/2325 2407/2407/2407 2326/2326/2326
f 2326/2326/2326 2407/2407/2407 2408/2408/2408
f 2326/2326/2326 2408/2408/2408 2327/2327/2327
f 2327/2327/2327 2408/2408/2408 2409/2409/2409
f 2327/2327/2327 2409/2409/2409 2328/2328/2328
f 2328/2328/2328 2409/2409/2409 2410/2410/2410
f 2328/2328/2328 2410/2410/2410 2329/2329/2329
f 2329/2329/2329 2410/2410/2410 2411/2411/2411
f 2329/2329/2329 2411/2411/2411 2330/2330/2330
f 2330/2330/2330 2411/2411/2411 2412/2412/2412
f 2330/2330/2330 2412/2412/2412 2331/2331/2331
f 2331/2331/2331 2412/2412/2412 2413/2413/2413
f 2331/2331/2331 2413/2413/2413 2332/2332/2332
f 2332/2332/2332 2413/2413/2413 2414/2414/2414
f 2332/2332/2332 2414/2414/2414 2333/2333/2333
f 2333/2333/2333 2414/2414/2414 2415/2415/2415
f 2333/2333/2333 2415/2415/2415 2334/2334/2334
f 2334/2334/2334 2415/2415/2415 2416/2416/2416
f 2334/2334/2334 2416/2416/2416 2335/2335/2335
f 2335/2335/2335 2416/2416/2416 2417/2417/2417
f 2335/2335/2335 2417/2417/2417 2336/2336/2336
f 2336/2336/2336 2417/2417/2417 2418/2418/2418
f 2336/2336/2336 2418/2418/2418 2337/2337/2337
f 2337/2337/2337 2418/2418/2418 2419/2419/2419
f 2337/2337/2337 2419/2419/2419 2338/2338/2338
f 2338/2338/2338 2419/2419/2419 2420/2420/2420
f 2338/2338/2338 2420/2420/2420 2339/2339/2339
f 2339/2339/2339 2420/2420/2420 2421/2421/2421
f 2339/2339/2339 2421/2421/2421 2340/2340/2340
f 2340/2340/2340 2421/2421/2421 2422/2422/2422
f 2340/2340/2340 2422/2422/2422 2341/2341/2341
f 2341/2341/2341 2422/2422/2422 2423/2423/2423
f 2341/2341/2341 2423/2423/2423 2342/2342/2342
f 2342/2342/2342 2423/2423/2423 2424/2424/2424
f 2342/2342/2342 2424/2424/2424 2343/2343/2343
f 2343/2343/2343 2424/2424/2424 2425/2425/2425
f 2343/2343/2343 2425/2425/2425 2344/2344/2344
f 2344/2344/2344 2425/2425/2425 2426/2426/2426
f 2344/2344/2344 2426/2426/2426 2345/2345/2345
f 2345/2345/2345 2426/2426/2426 2427/2427/2427
f 2345/2345/2345 2427/2427/2427 2346/2346/2346
f 2346/2346/2346 2427/2427/2427 2428/2428/2428
f 2346/2346/2346 2428/2428/2428 2347/2347/2347
f 2347/2347/2347 2428/2428/2428 2429/2429/2429
f 2347/2347/2347 2429/2429/2429 2348/2348/2348
f 2348/2348/2348 2429/2429/2429 2430/2430/2430
f 2348/2348/2348 2430/2430/2430 2349/2349/2349
f 2350/2350/2350 2431/2431/2431 2432/2432/2432
f 2350/2350/2350 2432/2432/2432 2351/2351/2351
f 2351/2351/2351 2432/2432/2432 2433/2433/2433
f 2351/2351/2351 2433/2433/2433 2352/2352/2352
f 2352/2352/2352 2433/2433/2433 2434/2434/2434
f 2352/2352/2352 2434/2434/2434 2353/2353/2353
f 2353/2353/2353 2434/2434/2434 2435/2435/2435
f 2353/2353/2353 2435/2435/2435 2354/2354/2354
f 2354/2354/2354 2435/2435/2435 2436/2436/2436
f 2354/2354/2354 2436/2436/2436 2355/2355/2355
f 2355/2355/2355 2436/2436/2436 2437/2437/2437
f 2355/2355/2355 2437/2437/2437 2356/2356/2356
f 2356/2356/2356 2437/2437/2437 2438/2438/2438
f 2356/2356/2356 2438/2438/2438 2357/2357/2357
f 2357/2357/2357 2438/2438/2438 2439/2439/2439
f 2357/2357/2357 2439/2439/2439 2358/2358/2358
f 2358/2358/2358 2439/2439/2439 2440/2440/2440
f 2358/2358/2358 2440/2440/2440 2359/2359/2359
f 2359/2359/2359 2440/2440/2440 2441/2441/2441
f 2359/2359/2359 2441/2441/2441 2360/2360/2360
f 2360/2360/2360 2441/2441/2441 2442/2442/2442
f 2360/2360/2360 2442/2442/2442 2361/2361/2361
f 2361/2361/2361 2442/2442/2442 2443/2443/2443
f 2361/2361/2361 2443/2443/2443 2362/2362/2362
f 2362/2362/2362 2443/2443/2443 2444/2444/2444
f 2362/2362/2362 2444/2444/2444 2363/2363/2363
f 2363/2363/2363 2444/2444/2444 2445/2445/2445
f 2363/2363/2363 2445/2445/2445 2364/2364/2364
f 2364/2364/2364 2445/2445/2445 2446/2446/2446
f 2364/2364/2364 2446/2446/2446 2365/2365/2365
f 2365/2365/2365 2446/2446/2446 2447/2447/2447
f 2365/2365/2365 2447/2447/2447 2366/2366/2366
f 2366/2366/2366 2447/2447/2447 2448/2448/2448
f 2366/2366/2366 2448/2448/2448 2367/2367/2367
f 2367/2367/2367 2448/2448/2448 2449/2449/2449
f 2367/2367/2367 2449/2449/2449 2368/2368/2368
f 2368/2368/2368 2449/2449/2449 2450/2450/2450
f 2368/2368/2368 2450/2450/2450 2369/2369/2369
f 2369/2369/2369 2450/2450/2450 2451/2451/2451
f 2369/2369/2369 2451/2451/2451 2370/2370/2370
f 2370/2370/2370 2451/2451/2451 2452/2452/2452
f 2370/2370/2370 2452/2452/2452 2371/2371/2371
f 2371/2371/2371 2452/2452/2452 2453/2453/2453
f 2371/2371/2371 2453/2453/2453 2372/2372/2372
f 2372/2372/2372 2453/2453/2453 2454/2454/2454
f 2372/2372/2372 2454/2454/2454 2373/2373/2373
f 2373/2373/2373 2454/2454/2454 2455/2455/2455
f 2373/2373/2373 2455/2455/2455 2374/2374/2374
f 2374/2374/2374 2455/2455/2455 2456/2456/2456
f 2374/2374/2374 2456/2456/2456 2375/2375/2375
f 2375/2375/2375 2456/2456/2456 2457/2457/2457
f 2375/2375/2375 2457/2457/2457 2376/2376/2376
f 2376/2376/2376 2457/2457/2457 2458/2458/2458
f 2376/2376/2376 2458/2458/2458 2377/2377/2377
f 2377/2377/2377 2458/2458/2458 2459/2459/2459
f 2377/2377/2377 2459/2459/2459 2378/2378/2378
f 2378/2378/2378 2459/2459/2459 2460/2460/2460
f 2378/2378/2378 2460/2460/2460 2379/2379/2379
f 2379/2379/2379 2460/2460/2460 2461/2461/2461
f 2379/2379/2379 2461/2461/2461 2380/2380/2380
f 2380/2380/2380 2461/2461/2461 2462/2462/2462
f 2380/2380/2380 2462/2462/2462 2381/2381/2381
f 2381/2381/2381 2462/2462/2462 2463/2463/2463
f 2381/2381/2381 2463/2463/2463 2382/2382/2382
f 2382/2382/2382 2463/2463/2463 2464/2464/2464
f 2382/2382/2382 2464/2464/2464 2383/2383/2383
f 2383/2383/2383 2464/2464/2464 2465/2465/2465
f 2383/2383/2383 2465/2465/2465 2384/2384/2384
f 2384/2384/2384 2465/2465/2465 2466/2466/2466
f 2384/2384/2384 2466/2466/2466 2385/2385/2385
f 2385/2385/2385 2466/2466/2466 2467/2467/2467
f 2385/2385/2385 2467/2467/2467 2386/2386/2386
f 2386/2386/2386 2467/2467/2467 2468/2468/2468
f 2386/2386/2386 2468/2468/2468 2387/2387/2387
f 2387/2387/2387 2468/2468/2468 2469/2469/2469
f 2387/2387/2387 2469/2469/2469 2388/2388/2388
f 2388/2388/2388 2469/2469/2469 2470/2470/2470
f 2388/2388/2388 2470/2470/2470 2389/2389/2389
f 2389/2389/2389 2470/2470/2470 2471/2471/2471
f 2389/2389/2389 2471/2471/2471 2390/2390/2390
f 2390/2390/2390 2471/2471/2471 2472/2472/2472
f 2390/2390/2390 2472/2472/2472 2391/2391/2391
f 2391/2391/2391 2472/2472/2472 2473/2473/2473
f 2391/2391/2391 2473/2473/2473 2392/2392/2392
f 2392/2392/2392 2473/2473/2473 2474/2474/2474
f 2392/2392/2392 2474/2474/2474 2393/2393/2393
f 2393/2393/2393 2474/2474/2474 2475/2475/2475
f 2393/2393/2393 2475/2475/2475 2394/2394/2394
f 2394/2394/2394 2475/2475/2475 2476/2476/2476
f 2394/2394/2394 2476/2476/2476 2395/2395/2395
f 2395/2395/2395 2476/2476/2476 2477/2477/2477
f 2395/2395/2395 2477/2477/2477 2396/2396/2396
f 2396/2396/2396 2477/2477/2477 2478/2478/2478
f 2396/2396/2396 2478/2478/2478 2397/2397/2397
f 2397/2397/2397 2478/2478/2478 2479/2479/2479
f 2397/2397/2397 2479/2479/2479 2398/2398/2398
f 2398/2398/2398 2479/2479/2479 2480/2480/2480
f 2398/2398/2398 2480/2480/2480 2399/2399/2399
f 2399/2399/2399 2480/2480/2480 2481/2481/2481
f 2399/2399/2399 2481/2481/2481 2400/2400/2400
f 2400/2400/2400 2481/2481/2481 2482/2482/2482
f 2400/2400/2400 2482/2482/2482 2401/2401/2401
f 2401/2401/2401 2482/2482/2482 2483/2483/2483
f 2401/2401/2401 2483/2483/2483 2402/2402/2402
f 2402/2402/2402 2483/2483/2483 2484/2484/2484
f 2402/2402/2402 2484/2484/2484 2403/2403/2403
f 2403/2403/2403 2484/2484/2484 2485/2485/2485
f 2403/2403/2403 2485/2485/2485 2404/2404/2404
f 2404/2404/2404 2485/2485/2485 2486/2486/2486
f 2404/2404/2404 2486/2486/2486 2405/2405/2405
f 2405/2405/2405 2486/2486/2486 2487/2487/2487
f 2405/2405/2405 2487/2487/2487 2406/2406/2406
f 2406/2406/2406 2487/2487/2487 2488/2488/2488
f 2406/2406/2406 2488/2488/2488 2407/2407/2407
f 2407/2407/2407 2488/2488/2488 2489/2489/2489
f 2407/2407/2407 2489/2489/2489 2408/2408/2408
f 2408/2408/2408 2489/2489/2489 2490/2490/2490
f 2408/2408/2408 2490/2490/2490 2409/2409/2409
f 2409/2409/2409 2490/2490/2490 2491/2491/2491
f 2409/2409/2409 2491/2491/2491 2410/2410/2410
f 2410/2410/2410 2491/2491/2491 2492/2492/2492
f 2410/2410/2410 2492/2492/2492 2411/2411/2411
f 2411/2411/2411 2492/2492/2492 2493/2493/2493
f 2411/2411/2411 2493/2493/2493 2412/2412/2412
f 2412/2412/2412 2493/2493/2493 2494/2494/2494
f 2412/2412/2412 2494/2494/2494 2413/2413/2413
f 2413/2413/2413 2494/2494/2494 2495/2495/2495
f 2413/2413/2413 2495/2495/2495 2414/2414/2414
f 2414/2414/2414 2495/2495/2495 2496/2496/2496
f 2414/2414/2414 2496/2496/2496 2415/2415/2415
f 2415/2415/2415 2496/2496/2496 2497/2497/2497
f 2415/2415/2415 2497/2497/2497 2416/2416/2416
f 2416/2416/2416 2497/2497/2497 2498/2498/2498
f 2416/2416/2416 2498/2498/2498 2417/2417/2417
f 2417/2417/2417 2498/2498/2498 2499/2499/2499
f 2417/2417/2417 2499/2499/2499 2418/2418/2418
f 2418/2418/2418 2499/2499/2499 2500/2500/2500
f 2418/2418/2418 2500/2500/2500 2419/2419/2419
f 2419/2419/2419 2500/2500/2500 2501/2501/2501
f 2419/2419/2419 2501/2501/2501 2420/2420/2420
f 2420/2420/2420 2501/2501/2501 2502/2502/2502
f 2420/2420/2420 2502/2502/2502 2421/2421/2421
f 2421/2421/2421 2502/2502/2502 2503/2503/2503
f 2421/2421/2421 2503/2503/2503 2422/2422/2422
f 2422/2422/2422 2503/2503/2503 2504/2504/2504
f 2422/2422/2422 2504/2504/2504 2423/2423/2423
f 2423/2423/2423 2504/2504/2504 2505/2505/2505
f 2423/2423/2423 2505/2505/2505 2424/2424/2424
f 2424/2424/2424 2505/2505/2505 2506/2506/2506
f 2424/2424/2424 2506/2506/2506 2425/2425/2425
f 2425/2425/2425 2506/2506/2506 2507/2507/2507
f 2425/2425/2425 2507/2507/2507 2426/2426/2426
f 2426/2426/2426 2507/2507/2507 2508/2508/2508
f 2426/2426/2426 2508/2508/2508 2427/2427/2427
f 2427/2427/2427 2508/2508/2508 2509/2509/2509
f 2427/2427/2427 2509/2509/2509 2428/2428/2428
f 2428/2428/2428 2509/2509/2509 2510/2510/2510
f 2428/2428/2428 2510/2510/2510 2429/2429/2429
f 2429/2429/2429 2510/2510/2510 2511/2511/2511
f 2429/2429/2429 2511/2511/2511 2430/2430/2430
f 2431/2431/2431 2512/2512/2512 2513/2513/2513
f 2431/2431/2431 2513/2513/2513 2432/2432/2432
f 2432/2432/2432 2513/2513/2513 2514/2514/2514
f 2432/2432/2432 2514/2514/2514 2433/2433/2433
f 2433/2433/2433 2514/2514/2514 2515/2515/2515
f 2433/2433/2433 2515/2515/2515 2434/2434/2434
f 2434/2434/2434 2515/2515/2515 2516/2516/2516
f 2434/2434/2434 2516/2516/2516 2435/2435/2435
f 2435/2435/2435 2516/2516/2516 2517/2517/2517
f 2435/2435/2435 2517/2517/2517 2436/2436/2436
f 2436/2436/2436 2517/2517/2517 2518/2518/2518
f 2436/2436/2436 2518/2518/2518 2437/2437/2437
f 2437/2437/2437 2518/2518/2518 2519/2519/2519
f 2437/2437/2437 2519/2519/2519 2438/2438/2438
f 2438/2438/2438 2519/2519/2519 2520/2520/2520
f 2438/2438/2438 2520/2520/2520 2439/2439/2439
f 2439/2439/2439 2520/2520/2520 2521/2521/2521
f 2439/2439/2439 2521/2521/2521 2440/2440/2440
f 2440/2440/2440 2521/2521/2521 2522/2522/2522
f 2440/2440/2440 2522/2522/2522 2441/2441/2441
f 2441/2441/2441 2522/2522/2522 2523/2523/2523
f 2441/2441/2441 2523/2523/2523 2442/2442/2442
f 2442/2442/2442 2523/2523/2523 2524/2524/2524
f 2442/2442/2442 2524/2524/2524 2443/2443/2443
f 2443/2443/2443 2524/2524/2524 2525/2525/2525
f 2443/2443/2443 2525/2525/2525 2444/2444/2444
f 2444/2444/2444 2525/2525/2525 2526/2526/2526
f 2444/2444/2444 2526/2526/2526 2445/2445/2445
f 2445/2445/2445 2526/2526/2526 2527/2527/2527
f 2445/2445/2445 2527/2527/2527 2446/2446/2446
f 2446/2446/2446 2527/2527/2527 2528/2528/2528
f 2446/2446/2446 2528/2528/2528 2447/2447/2447
f 2447/2447/2447 2528/2528/2528 2529/2529/2529
f 2447/2447/2447 2529/2529/2529 2448/2448/2448
f 2448/2448/2448 2529/2529/2529 2530/2530/2530
f 2448/2448/2448 2530/2530/2530 2449/2449/2449
f 2449/2449/2449 2530/2530/2530 2531/2531/2531
f 2449/2449/2449 2531/2531/2531 2450/2450/2450
f 2450/2450/2450 2531/2531/2531 2532/2532/2532
f 2450/2450/2450 2532/2532/2532 2451/2451/2451
f 2451/2451/2451 2532/2532/2532 2533/2533/2533
f 2451/2451/2451 2533/2533/2533 2452/2452/2452
f 2452/2452/2452 2533/2533/2533 2534/2534/2534
f 2452/2452/2452 2534/2534/2534 2453/2453/2453
f 2453/2453/2453 2534/2534/2534 2535/2535/2535
f 2453/2453/2453 2535/2535/2535 2454/2454/2454
f 2454/2454/2454 2535/2535/2535 2536/2536/2536
f 2454/2454/2454 2536/2536/2536 2455/2455/2455
f 2455/2455/2455 2536/2536/2536 2537/2537/2537
f 2455/2455/2455 2537/2537/2537 2456/2456/2456
f 2456/2456/2456 2537/2537/2537 2538/2538/2538
f 2456/2456/2456 2538/2538/2538 2457/2457/2457
f 2457/2457/2457 2538/2538/2538 2539/2539/2539
f 2457/2457/2457 2539/2539/2539 2458/2458/2458
f 2458/2458/2458 2539/2539/2539 2540/2540/2540
f 2458/2458/2458 2540/2540/2540 2459/2459/2459
f 2459/2459/2459 2540/2540/2540 2541/2541/2541
f 2459/2459/2459 2541/2541/2541 2460/2460/2460
f 2460/2460/2460 2541/2541/2541 2542/2542/2542
f 2460/2460/2460 2542/2542/2542 2461/2461/2461
f 2461/2461/2461 2542/2542/2542 2543/2543/2543
f 2461/2461/2461 2543/2543/2543 2462/2462/2462
f 2462/2462/2462 2543/2543/2543 2544/2544/2544
f 2462/2462/2462 2544/2544/2544 2463/2463/2463
f 2463/2463/2463 2544/2544/2544 2545/2545/2545
f 2463/2463/2463 2545/2545/2545 2464/2464/2464
f 2464/2464/2464 2545/2545/2545 2546/2546/2546
f 2464/2464/2464 2546/2546/2546 2465/2465/2465
f 2465/2465/2465 2546/2546/2546 2547/2547/2547
f 2465/2465/2465 2547/2547/2547 2466/2466/2466
f 2466/2466/2466 2547/2547/2547 2548/2548/2548
f 2466/2466/2466 2548/2548/2548 2467/2467/2467
f 2467/2467/2467 2548/2548/2548 2549/2549/2549
f 2467/2467/2467 2549/2549/2549 2468/2468/2468
f 2468/2468/2468 2549/2549/2549 2550/2550/2550
f 2468/2468/2468 2550/2550/2550 2469/2469/2469
f 2469/2469/2469 2550/2550/2550 2551/2551/2551
f 2469/2469/2469 2551/2551/2551 2470/2470/2470
f 2470/2470/2470 2551/2551/2551 2552/2552/2552
f 2470/2470/2470 2552/2552/2552 2471/2471/2471
f 2471/2471/2471 2552/2552/2552 2553/2553/2553
f 2471/2471/2471 2553/2553/2553 2472/2472/2472
f 2472/2472/2472 2553/2553/2553 2554/2554/2554
f 2472/2472/2472 2554/2554/2554 2473/2473/2473
f 2473/2473/2473 2554/2554/2554 2555/2555/2555
f 2473/2473/2473 2555/2555/2555 2474/2474/2474
f 2474/2474/2474 2555/2555/2555 2556/2556/2556
f 2474/2474/2474 2556/2556/2556 2475/2475/2475
f 2475/2475/2475 2556/2556/2556 2557/2557/2557
f 2475/2475/2475 2557/2557/2557 2476/2476/2476
f 2476/2476/2476 2557/2557/2557 2558/2558/2558
f 2476/2476/2476 2558/2558/2558 2477/2477/2477
f 2477/2477/2477 2558/2558/2558 2559/2559/2559
f 2477/2477/2477 2559/2559/2559 2478/2478/2478
f 2478/2478/2478 2559/2559/2559 2560/2560/2560
f 2478/2478/2478 2560/2560/2560 2479/2479/2479
f 2479/2479/2479 2560/2560/2560 2561/2561/2561
f 2479/2479/2479 2561/2561/2561 2480/2480/2480
f 2480/2480/2480 2561/2561/2561 2562/2562/2562
f 2480/2480/2480 2562/2562/2562 2481/2481/2481
f 2481/2481/2481 2562/2562/2562 2563/2563/2563
f 2481/2481/2481 2563/2563/2563 2482/2482/2482
f 2482/2482/2482 2563/2563/2563 2564/2564/2564
f 2482/2482/2482 2564/2564/2564 2483/2483/2483
f 2483/2483/2483 2564/2564/2564 2565/2565/2565
f 2483/2483/2483 2565/2565/2565 2484/2484/2484
f 2484/2484/2484 2565/2565/2565 2566/2566/2566
f 2484/2484/2484 2566/2566/2566 2485/2485/2485
f 2485/2485/2485 2566/2566/2566 2567/2567/2567
f 2485/2485/2485 2567/2567/2567 2486/2486/2486
f 2486/2486/2486 2567/2567/2567 2568/2568/2568
f 2486/2486/2486 2568/2568/2568 2487/2487/2487
f 2487/2487/2487 2568/2568/2568 2569/2569/2569
f 2487/2487/2487 2569/2569/2569 2488/2488/2488
f 2488/2488/2488 2569/2569/2569 2570/2570/2570
f 2488/2488/2488 2570/2570/2570 2489/2489/2489
f 2489/2489/2489 2570/2570/2570 2571/2571/2571
f 2489/2489/2489 2571/2571/2571 2490/2490/2490
f 2490/2490/2490 2571/2571/2571 2572/2572/2572
f 2490/2490/2490 2572/2572/2572 2491/2491/2491
f 2491/2491/2491 2572/2572/2572 2573/2573/2573
f 2491/2491/2491 2573/2573/2573 2492/2492/2492
f 2492/2492/2492 2573/2573/2573 2574/2574/2574
f 2492/2492/2492 2574/2574/2574 2493/2493/2493
f 2493/2493/2493 2574/2574/2574 2575/2575/2575
f 2493/2493/2493 2575/2575/2575 2494/2494/2494
f 2494/2494/2494 2575/2575/2575 2576/2576/2576
f 2494/2494/2494 2576/2576/2576 2495/2495/2495
f 2495/2495/2495 2576/2576/2576 2577/2577/2577
f 2495/2495/2495 2577/2577/2577 2496/2496/2496
f 2496/2496/2496 2577/2577/2577 2578/2578/2578
f 2496/2496/2496 2578/2578/2578 2497/2497/2497
f 2497/2497/2497 2578/2578/2578 2579/2579/2579
f 2497/2497/2497 2579/2579/2579 2498/2498/2498
f 2498/2498/2498 2579/2579/2579 2580/2580/2580
f 2498/2498/2498 2580/2580/2580 2499/2499/2499
f 2499/2499/2499 2580/2580/2580 2581/2581/2581
f 2499/2499/2499 2581/2581/2581 2500/2500/2500
f 2500/2500/2500 2581/2581/2581 2582/2582/2582
f 2500/2500/2500 2582/2582/2582 2501/2501/2501
f 2501/2501/2501 2582/2582/2582 2583/2583/2583
f 2501/2501/2501 2583/2583/2583 2502/2502/2502
f 2502/2502/2502 2583/2583/2583 2584/2584/2584
f 2502/2502/2502 2584/2584/2584 2503/2503/2503
f 2503/2503/2503 2584/2584/2584 2585/2585/2585
f 2503/2503/2503 2585/2585/2585 2504/2504/2504
f 2504/2504/2504 2585/2585/2585 2586/2586/2586
f 2504/2504/2504 2586/2586/2586 2505/2505/2505
f 2505/2505/2505 2586/2586/2586 2587/2587/2587
f 2505/2505/2505 2587/2587/2587 2506/2506/2506
f 2506/2506/2506 2587/2587/2587 2588/2588/2588
f 2506/2506/2506 2588/2588/2588 2507/2507/2507
f 2507/2507/2507 2588/2588/2588 2589/2589/2589
f 2507/2507/2507 2589/2589/2589 2508/2508/2508
f 2508/2508/2508 2589/2589/2589 2590/2590/2590
f 2508/2508/2508 2590/2590/2590 2509/2509/2509
f 2509/2509/2509 2590/2590/2590 2591/2591/2591
f 2509/2509/2509 2591/2591/2591 2510/2510/2510
f 2510/2510/2510 2591/2591/2591 2592/2592/2592
f 2510/2510/2510 2592/2592/2592 2511/2511/2511
f 2512/2512/2512 2593/2593/2593 2594/2594/2594
f 2512/2512/2512 2594/2594/2594 2513/2513/2513
f 2513/2513/2513 2594/2594/2594 2595/2595/2595
f 2513/2513/2513 2595/2595/2595 2514/2514/2514
f 2514/2514/2514 2595/2595/2595 2596/2596/2596
f 2514/2514/2514 2596/2596/2596 2515/2515/2515
f 2515/2515/2515 2596/2596/2596 2597/2597/2597
f 2515/2515/2515 2597/2597/2597 2516/2516/2516
f 2516/2516/2516 2597/2597/2597 2598/2598/2598
f 2516/2516/2516 2598/2598/2598 2517/2517/2517
f 2517/2517/2517 2598/2598/2598 2599/2599/2599
f 2517/2517/2517 2599/2599/2599 2518/2518/2518
f 2518/2518/2518 2599/2599/2599 2600/2600/2600
f 2518/2518/2518 2600/2600/2600 2519/2519/2519
f 2519/2519/2519 2600/2600/2600 2601/2601/2601
f 2519/2519/2519 2601/2601/2601 2520/2520/2520
f 2520/2520/2520 2601/2601/2601 2602/2602/2602
f 2520/2520/2520 2602/2602/2602 2521/2521/2521
f 2521/2521/2521 2602/2602/2602 2603/2603/2603
f 2521/2521/2521 2603/2603/2603 2522/2522/2522
f 2522/2522/2522 2603/2603/2603 2604/2604/2604
f 2522/2522/2522 2604/2604/2604 2523/2523/2523
f 2523/2523/2523 2604/2604/2604 2605/2605/2605
f 2523/2523/2523 2605/2605/2605 2524/2524/2524
f 2524/2524/2524 2605/2605/2605 2606/2606/2606
f 2524/2524/2524 2606/2606/2606 2525/2525/2525
f 2525/2525/2525 2606/2606/2606 2607/2607/2607
f 2525/2525/2525 2607/2607/2607 2526/2526/2526
f 2526/2526/2526 2607/2607/2607 2608/2608/2608
f 2526/2526/2526 2608/2608/2608 2527/2527/2527
f 2527/2527/2527 2608/2608/2608 2609/2609/2609
f 2527/2527/2527 2609/2609/2609 2528/2528/2528
f 2528/2528/2528 2609/2609/2609 2610/2610/2610
f 2528/2528/2528 2610/2610/2610 2529/2529/2529
f 2529/2529/2529 2610/2610/2610 2611/2611/2611
f 2529/2529/2529 2611/2611/2611 2530/2530/2530
f 2530/2530/2530 2611/2611/2611 2612/2612/2612
f 2530/2530/2530 2612/2612/2612 2531/2531/2531
f 2531/2531/2531 2612/2612/2612 2613/2613/2613
f 2531/2531/2531 2613/2613/2613 2532/2532/2532
f 2532/2532/2532 2613/2613/2613 2614/2614/2614
f 2532/2532/2532 2614/2614/2614 2533/2533/2533
f 2533/2533/2533 2614/2614/2614 2615/2615/2615
f 2533/2533/2533 2615/2615/2615 2534/2534/2534
f 2534/2534/2534 2615/2615/2615 2616/2616/2616
f 2534/2534/2534 2616/2616/2616 2535/2535/2535
f 2535/2535/2535 2616/2616/2616 2617/2617/2617
f 2535/2535/2535 2617/2617/2617 2536/2536/2536
f 2536/2536/2536 2617/2617/2617 2618/2618/2618
f 2536/2536/2536 2618/2618/2618 2537/2537/2537
f 2537/2537/2537 2618/2618/2618 2619/2619/2619
f 2537/2537/2537 2619/2619/2619 2538/2538/2538
f 2538/2538/2538 2619/2619/2619 2620/2620/2620
f 2538/2538/2538 2620/2620/2620 2539/2539/2539
f 2539/2539/2539 2620/2620/2620 2621/2621/2621
f 2539/2539/2539 2621/2621/2621 2540/2540/2540
f 2540/2540/2540 2621/2621/2621 2622/2622/2622
f 2540/2540/2540 2622/2622/2622 2541/2541/2541
f 2541/2541/2541 2622/2622/2622 2623/2623/2623
f 2541/2541/2541 2623/2623/2623 2542/2542/2542
f 2542/2542/2542 2623/2623/2623 2624/2624/2624
f 2542/2542/2542 2624/2624/2624 2543/2543/2543
f 2543/2543/2543 2624/2624/2624 2625/2625/2625
f 2543/2543/2543 2625/2625/2625 2544/2544/2544
f 2544/2544/2544 2625/2625/2625 2626/2626/2626
f 2544/2544/2544 2626/2626/2626 2545/2545/2545
f 2545/2545/2545 2626/2626/2626 2627/2627/2627
f 2545/2545/2545 2627/2627/2627 2546/2546/2546
f 2546/2546/2546 2627/2627/2627 2628/2628/2628
f 2546/2546/2546 2628/2628/2628 2547/2547/2547
f 2547/2547/2547 2628/2628/2628 2629/2629/2629
f 2547/2547/2547 2629/2629/2629 2548/2548/2548
f 2548/2548/2548 2629/2629/2629 2630/2630/2630
f 2548/2548/2548 2630/2630/2630 2549/2549/2549
f 2549/2549/2549 2630/2630/2630 2631/2631/2631
f 2549/2549/2549 2631/2631/2631 2550/2550/2550
f 2550/2550/2550 2631/2631/2631 2632/2632/2632
f 2550/2550/2550 2632/2632/2632 2551/2551/2551
f 2551/2551/2551 2632/2632/2632 2633/2633/2633
f 2551/2551/2551 2633/2633/2633 2552/2552/2552
f 2552/2552/2552 2633/2633/2633 2634/2634/2634
f 2552/2552/2552 2634/2634/2634 2553/2553/2553
f 2553/2553/2553 2634/2634/2634 2635/2635/2635
f 2553/2553/2553 2635/2635/2635 2554/2554/2554
f 2554/2554/2554 2635/2635/2635 2636/2636/2636
f 2554/2554/2554 2636/2636/2636 2555/2555/2555
f 2555/2555/2555 2636/2636/2636 2637/2637/2637
f 2555/2555/2555 2637/2637/2637 2556/2556/2556
f 2556/2556/2556 2637/2637/2637 2638/2638/2638
f 2556/2556/2556 2638/2638/2638 2557/2557/2557
f 2557/2557/2557 2638/2638/2638 2639/2639/2639
f 2557/2557/2557 2639/2639/2639 2558/2558/2558
f 2558/2558/2558 2639/2639/2639 2640/2640/2640
f 2558/2558/2558 2640/2640/2640 2559/2559/2559
f 2559/2559/2559 2640/2640/2640 2641/2641/2641
f 2559/2559/2559 2641/2641/2641 2560/2560/2560
f 2560/2560/2560 2641/2641/2641 2642/2642/2642
f 2560/2560/2560 2642/2642/2642 2561/2561/2561
f 2561/2561/2561 2642/2642/2642 2643/2643/2643
f 2561/2561/2561 2643/2643/2643 2562/2562/2562
f 2562/2562/2562 2643/2643/2643 2644/2644/2644
f 2562/2562/2562 2644/2644/2644 2563/2563/2563
f 2563/2563/2563 2644/2644/2644 2645/2645/2645
f 2563/2563/2563 2645/2645/2645 2564/2564/2564
f 2564/2564/2564 2645/2645/2645 2646/2646/2646
f 2564/2564/2564 2646/2646/2646 2565/2565/2565
f 2565/2565/2565 2646/2646/2646 2647/2647/2647
f 2565/2565/2565 2647/2647/2647 2566/2566/2566
f 2566/2566/2566 2647/2647/2647 2648/2648/2648
f 2566/2566/2566 2648/2648/2648 2567/2567/2567
f 2567/2567/2567 2648/2648/2648 2649/2649/2649
f 2567/2567/2567 2649/2649/2649 2568/2568/2568
f 2568/2568/2568 2649/2649/2649 2650/2650/2650
f 2568/2568/2568 2650/2650/2650 2569/2569/2569
f 2569/2569/2569 2650/2650/2650 2651/2651/2651
f 2569/2569/2569 2651/2651/2651 2570/2570/2570
f 2570/2570/2570 2651/2651/2651 2652/2652/2652
f 2570/2570/2570 2652/2652/2652 2571/2571/2571
f 2571/2571/2571 2652/2652/2652 2653/2653/2653
f 2571/2571/2571 2653/2653/2653 2572/2572/2572
f 2572/2572/2572 2653/2653/2653 2654/2654/2654
f 2572/2572/2572 2654/2654/2654 2573/2573/2573
f 2573/2573/2573 2654/2654/2654 2655/2655/2655
f 2573/2573/2573 2655/2655/2655 2574/2574/2574
f 2574/2574/2574 2655/2655/2655 2656/2656/2656
f 2574/2574/2574 2656/2656/2656 2575/2575/2575
f 2575/2575/2575 2656/2656/2656 2657/2657/2657
f 2575/2575/2575 2657/2657/2657 2576/2576/2576
f 2576/2576/2576 2657/2657/2657 2658/2658/2658
f 2576/2576/2576 2658/2658/2658 2577/2577/2577
f 2577/2577/2577 2658/2658/2658 2659/2659/2659
f 2577/2577/2577 2659/2659/2659 2578/2578/2578
f 2578/2578/2578 2659/2659/2659 2660/2660/2660
f 2578/2578/2578 2660/2660/2660 2579/2579/2579
f 2579/2579/2579 2660/2660/2660 2661/2661/2661
f 2579/2579/2579 2661/2661/2661 2580/2580/2580
f 2580/2580/2580 2661/2661/2661 2662/2662/2662
f 2580/2580/2580 2662/2662/2662 2581/2581/2581
f 2581/2581/2581 2662/2662/2662 2663/2663/2663
f 2581/2581/2581 2663/2663/2663 2582/2582/2582
f 2582/2582/2582 2663/2663/2663 2664/2664/2664
f 2582/2582/2582 2664/2664/2664 2583/2583/2583
f 2583/2583/2583 2664/2664/2664 2665/2665/2665
f 2583/2583/2583 2665/2665/2665 2584/2584/2584
f 2584/2584/2584 2665/2665/2665 2666/2666/2666
f 2584/2584/2584 2666/2666/2666 2585/2585/2585
f 2585/2585/2585 2666/2666/2666 2667/2667/2667
f 2585/2585/2585 2667/2667/2667 2586/2586/2586
f 2586/2586/2586 2667/2667/2667 2668/2668/2668
f 2586/2586/2586 2668/2668/2668 2587/2587/2587
f 2587/2587/2587 2668/2668/2668 2669/2669/2669
f 2587/2587/2587 2669/2669/2669 2588/2588/2588
f 2588/2588/2588 2669/2669/2669 2670/2670/2670
f 2588/2588/2588 2670/2670/2670 2589/2589/2589
f 2589/2589/2589 2670/2670/2670 2671/2671/2671
f 2589/2589/2589 2671/2671/2671 2590/2590/2590
f 2590/2590/2590 2671/2671/2671 2672/2672/2672
f 2590/2590/2590 2672/2672/2672 2591/2591/2591
f 2591/2591/2591 2672/2672/2672 2673/2673/2673
f 2591/2591/2591 2673/2673/2673 2592/2592/2592
f 2593/2593/2593 2674/2674/2674 2675/2675/2675
f 2593/2593/2593 2675/2675/2675 2594/2594/2594
f 2594/2594/2594 2675/2675/2675 2676/2676/2676
f 2594/2594/2594 2676/2676/2676 2595/2595/2595
f 2595/2595/2595 2676/2676/2676 2677/2677/2677
f 2595/2595/2595 2677/2677/2677 2596/2596/2596
f 2596/2596/2596 2677/2677/2677 2678/2678/2678
f 2596/2596/2596 2678/2678/2678 2597/2597/2597
f 2597/2597/2597 2678/2678/2678 2679/2679/2679
f 2597/2597/2597 2679/2679/2679 2598/2598/2598
f 2598/2598/2598 2679/2679/2679 2680/2680/2680
f 2598/2598/2598 2680/2680/2680 2599/2599/2599
f 2599/2599/2599 2680/2680/2680 2681/2681/2681
f 2599/2599/2599 2681/2681/2681 2600/2600/2600
f 2600/2600/2600 2681/2681/2681 2682/2682/2682
f 2600/2600/2600 2682/2682/2682 2601/2601/2601
f 2601/2601/2601 2682/2682/2682 2683/2683/2683
f 2601/2601/2601 2683/2683/2683 2602/2602/2602
f 2602/2602/2602 2683/2683/2683 2684/2684/2684
f 2602/2602/2602 2684/2684/2684 2603/2603/2603
f 2603/2603/2603 2684/2684/2684 2685/2685/2685
f 2603/2603/2603 2685/2685/2685 2604/2604/2604
f 2604/2604/2604 2685/2685/2685 2686/2686/2686
f 2604/2604/2604 2686/2686/2686 2605/2605/2605
f 2605/2605/2605 2686/2686/2686 2687/2687/2687
f 2605/2605/2605 2687/2687/2687 2606/2606/2606
f 2606/2606/2606 2687/2687/2687 2688/2688/2688
f 2606/2606/2606 2688/2688/2688 2607/2607/2607
f 2607/2607/2607 2688/2688/2688 2689/2689/2689
f 2607/2607/2607 2689/2689/2689 2608/2608/2608
f 2608/2608/2608 2689/2689/2689 2690/2690/2690
f 2608/2608/2608 2690/2690/2690 2609/2609/2609
f 2609/2609/2609 2690/2690/2690 2691/2691/2691
f 2609/2609/2609 2691/2691/2691 2610/2610/2610
f 2610/2610/2610 2691/2691/2691 2692/2692/2692
f 2610/2610/2610 2692/2692/2692 2611/2611/2611
f 2611/2611/2611 2692/2692/2692 2693/2693/2693
f 2611/2611/2611 2693/2693/2693 2612/2612/2612
f 2612/2612/2612 2693/2693/2693 2694/2694/2694
f 2612/2612/2612 2694/2694/2694 2613/2613/2613
f 2613/2613/2613 2694/2694/2694 2695/2695/2695
f 2613/2613/2613 2695/2695/2695 2614/2614/2614
f 2614/2614/2614 2695/2695/2695 2696/2696/2696
f 2614/2614/2614 2696/2696/2696 2615/2615/2615
f 2615/2615/2615 2696/2696/2696 2697/2697/2697
f 2615/2615/2615 2697/2697/2697 2616/2616/2616
f 2616/2616/2616 2697/2697/2697 2698/2698/2698
f 2616/2616/2616 2698/2698/2698 2617/2617/2617
f 2617/2617/2617 2698/2698/2698 2699/2699/2699
f 2617/2617/2617 2699/2699/2699 2618/2618/2618
f 2618/2618/2618 2699/2699/2699 2700/2700/2700
f 2618/2618/2618 2700/2700/2700 2619/2619/2619
f 2619/2619/2619 2700/2700/2700 2701/2701/2701
f 2619/2619/2619 2701/2701/2701 2620/2620/2620
f 2620/2620/2620 2701/2701/2701 2702/2702/2702
f 2620/2620/2620 2702/2702/2702 2621/2621/2621
f 2621/2621/2621 2702/2702/2702 2703/2703/2703
f 2621/2621/2621 2703/2703/2703 2622/2622/2622
f 2622/2622/2622 2703/2703/2703 2704/2704/2704
f 2622/2622/2622 2704/2704/2704 2623/2623/2623
f 2623/2623/2623 2704/2704/2704 2705/2705/2705
f 2623/2623/2623 2705/2705/2705 2624/2624/2624
f 2624/2624/2624 2705/2705/2705 2706/2706/2706
f 2624/2624/2624 2706/2706/2706 2625/2625/2625
f 2625/2625/2625 2706/2706/2706 2707/2707/2707
f 2625/2625/2625 2707/2707/2707 2626/2626/2626
f 2626/2626/2626 2707/2707/2707 2708/2708/2708
f 2626/2626/2626 2708/2708/2708 2627/2627/2627
f 2627/2627/2627 2708/2708/2708 2709/2709/2709
f 2627/2627/2627 2709/2709/2709 2628/2628/2628
f 2628/2628/2628 2709/2709/2709 2710/2710/2710
f 2628/2628/2628 2710/2710/2710 2629/2629/2629
f 2629/2629/2629 2710/2710/2710 2711/2711/2711
f 2629/2629/2629 2711/2711/2711 2630/2630/2630
f 2630/2630/2630 2711/2711/2711 2712/2712/2712
f 2630/2630/2630 2712/2712/2712 2631/2631/2631
f 2631/2631/2631 2712/2712/2712 2713/2713/2713
f 2631/2631/2631 2713/2713/2713 2632/2632/2632
f 2632/2632/2632 2713/2713/2713 2714/2714/2714
f 2632/2632/2632 2714/2714/2714 2633/2633/2633
f 2633/2633/2633 2714/2714/2714 2715/2715/2715
f 2633/2633/2633 2715/2715/2715 2634/2634/2634
f 2634/2634/2634 2715/2715/2715 2716/2716/2716
f 2634/2634/2634 2716/2716/2716 2635/2635/2635
f 2635/2635/2635 2716/2716/2716 2717/2717/2717
f 2635/2635/2635 2717/2717/2717 2636/2636/2636
f 2636/2636/2636 2717/2717/2717 2718/2718/2718
f 2636/2636/2636 2718/2718/2718 2637/2637/2637
f 2637/2637/2637 2718/2718/2718 2719/2719/2719
f 2637/2637/2637 2719/2719/2719 2638/2638/2638
f 2638/2638/2638 2719/2719/2719 2720/2720/2720
f 2638/2638/2638 2720/2720/2720 2639/2639/2639
f 2639/2639/2639 2720/2720/2720 2721/2721/2721
f 2639/2639/2639 2721/2721/2721 2640/2640/2640
f 2640/2640/2640 2721/2721/2721 2722/2722/2722
f 2640/2640/2640 2722/2722/2722 2641/2641/2641
f 2641/2641/2641 2722/2722/2722 2723/2723/2723
f 2641/2641/2641 2723/2723/2723 2642/2642/2642
f 2642/2642/2642 2723/2723/2723 2724/2724/2724
f 2642/2642/2642 2724/2724/2724 2643/2643/2643
f 2643/2643/2643 2724/2724/2724 2725/2725/2725
f 2643/2643/2643 2725/2725/2725 2644/2644/2644
f 2644/2644/2644 2725/2725/2725 2726/2726/2726
f 2644/2644/2644 2726/2726/2726 2645/2645/2645
f 2645/2645/2645 2726/2726/2726 2727/2727/2727
f 2645/2645/2645 2727/2727/2727 2646/2646/2646
f 2646/2646/2646 2727/2727/2727 2728/2728/2728
f 2646/2646/2646 2728/2728/2728 2647/2647/2647
f 2647/2647/2647 2728/2728/2728 2729/2729/2729
f 2647/2647/2647 2729/2729/2729 2648/2648/2648
f 2648/2648/2648 2729/2729/2729 2730/2730/2730
f 2648/2648/2648 2730/2730/2730 2649/2649/2649
f 2649/2649/2649 2730/2730/2730 2731/2731/2731
f 2649/2649/2649 2731/2731/2731 2650/2650/2650
f 2650/2650/2650 2731/2731/2731 2732/2732/2732
f 2650/2650/2650 2732/2732/2732 2651/2651/2651
f 2651/2651/2651 2732/2732/2732 2733/2733/2733
f 2651/2651/2651 2733/2733/2733 2652/2652/2652
f 2652/2652/2652 2733/2733/2733 2734/2734/2734
f 2652/2652/2652 2734/2734/2734 2653/2653/2653
f 2653/2653/2653 2734/2734/2734 2735/2735/2735
f 2653/2653/2653 2735/2735/2735 2654/2654/2654
f 2654/2654/2654 2735/2735/2735 2736/2736/2736
f 2654/2654/2654 2736/2736/2736 2655/2655/2655
f 2655/2655/2655 2736/2736/2736 2737/2737/2737
f 2655/2655/2655 2737/2737/2737 2656/2656/2656
f 2656/2656/2656 2737/2737/2737 2738/2738/2738
f 2656/2656/2656 2738/2738/2738 2657/2657/2657
f 2657/2657/2657 2738/2738/2738 2739/2739/2739
f 2657/2657/2657 2739/2739/2739 2658/2658/2658
f 2658/2658/2658 2739/2739/2739 2740/2740/2740
f 2658/2658/2658 2740/2740/2740 2659/2659/2659
f 2659/2659/2659 2740/2740/2740 2741/2741/2741
f 2659/2659/2659 2741/2741/2741 2660/2660/2660
f 2660/2660/2660 2741/2741/2741 2742/2742/2742
f 2660/2660/2660 2742/2742/2742 2661/2661/2661
f 2661/2661/2661 2742/2742/2742 2743/2743/2743
f 2661/2661/2661 2743/2743/2743 2662/2662/2662
f 2662/2662/2662 2743/2743/2743 2744/2744/2744
f 2662/2662/2662 2744/2744/2744 2663/2663/2663
f 2663/2663/2663 2744/2744/2744 2745/2745/2745
f 2663/2663/2663 2745/2745/2745 2664/2664/2664
f 2664/2664/2664 2745/2745/2745 2746/2746/2746
f 2664/2664/2664 2746/2746/2746 2665/2665/2665
f 2665/2665/2665 2746/2746/2746 2747/2747/2747
f 2665/2665/2665 2747/2747/2747 2666/2666/2666
f 2666/2666/2666 2747/2747/2747 2748/2748/2748
f 2666/2666/2666 2748/2748/2748 2667/2667/2667
f 2667/2667/2667 2748/2748/2748 2749/2749/2749
f 2667/2667/2667 2749/2749/2749 2668/2668/2668
f 2668/2668/2668 2749/2749/2749 2750/2750/2750
f 2668/2668/2668 2750/2750/2750 2669/2669/2669
f 2669/2669/2669 2750/2750/2750 2751/2751/2751
f 2669/2669/2669 2751/2751/2751 2670/2670/2670
f 2670/2670/2670 2751/2751/2751 2752/2752/2752
f 2670/2670/2670 2752/2752/2752 2671/2671/2671
f 2671/2671/2671 2752/2752/2752 2753/2753/2753
f 2671/2671/2671 2753/2753/2753 2672/2672/2672
f 2672/2672/2672 2753/2753/2753 2754/2754/2754
f 2672/2672/2672 2754/2754/2754 2673/2673/2673
f 2674/2674/2674 2755/2755/2755 2756/2756/2756
f 2674/2674/2674 2756/2756/2756 2675/2675/2675
f 2675/2675/2675 2756/2756/2756 2757/2757/2757
f 2675/2675/2675 2757/2757/2757 2676/2676/2676
f 2676/2676/2676 2757/2757/2757 2758/2758/2758
f 2676/2676/2676 2758/2758/2758 2677/2677/2677
f 2677/2677/2677 2758/2758/2758 2759/2759/2759
f 2677/2677/2677 2759/2759/2759 2678/2678/2678
f 2678/2678/2678 2759/2759/2759 2760/2760/2760
f 2678/2678/2678 2760/2760/2760 2679/2679/2679
f 2679/2679/2679 2760/2760/2760 2761/2761/2761
f 2679/2679/2679 2761/2761/2761 2680/2680/2680
f 2680/2680/2680 2761/2761/2761 2762/2762/2762
f 2680/2680/2680 2762/2762/2762 2681/2681/2681
f 2681/2681/2681 2762/2762/2762 2763/2763/2763
f 2681/2681/2681 2763/2763/2763 2682/2682/2682
f 2682/2682/2682 2763/2763/2763 2764/2764/2764
f 2682/2682/2682 2764/2764/2764 2683/2683/2683
f 2683/2683/2683 2764/2764/2764 2765/2765/2765
f 2683/2683/2683 2765/2765/2765 2684/2684/2684
f 2684/2684/2684 2765/2765/2765 2766/2766/2766
f 2684/2684/2684 2766/2766/2766 2685/2685/2685
f 2685/2685/2685 2766/2766/2766 2767/2767/2767
f 2685/2685/2685 2767/2767/2767 2686/2686/2686
f 2686/2686/2686 2767/2767/2767 2768/2768/2768
f 2686/2686/2686 2768/2768/2768 2687/2687/2687
f 2687/2687/2687 2768/2768/2768 2769/2769/2769
f 2687/2687/2687 2769/2769/2769 2688/2688/2688
f 2688/2688/2688 2769/2769/2769 2770/2770/2770
f 2688/2688/2688 2770/2770/2770 2689/2689/2689
f 2689/2689/2689 2770/2770/2770 2771/2771/2771
f 2689/2689/2689 2771/2771/2771 2690/2690/2690
f 2690/2690/2690 2771/2771/2771 2772/2772/2772
f 2690/2690/2690 2772/2772/2772 2691/2691/2691
f 2691/2691/2691 2772/2772/2772 2773/2773/2773
f 2691/2691/2691 2773/2773/2773 2692/2692/2692
f 2692/2692/2692 2773/2773/2773 2774/2774/2774
f 2692/2692/2692 2774/2774/2774 2693/2693/2693
f 2693/2693/2693 2774/2774/2774 2775/2775/2775
f 2693/2693/2693 2775/2775/2775 2694/2694/2694
f 2694/2694/2694 2775/2775/2775 2776/2776/2776
f 2694/2694/2694 2776/2776/2776 2695/2695/2695
f 2695/2695/2695 2776/2776/2776 2777/2777/2777
f 2695/2695/2695 2777/2777/2777 2696/2696/2696
f 2696/2696/2696 2777/2777/2777 2778/2778/2778
f 2696/2696/2696 2778/2778/2778 2697/2697/2697
f 2697/2697/2697 2778/2778/2778 2779/2779/2779
f 2697/2697/2697 2779/2779/2779 2698/2698/2698
f 2698/2698/2698 2779/2779/2779 2780/2780/2780
f 2698/2698/2698 2780/2780/2780 2699/2699/2699
f 2699/2699/2699 2780/2780/2780 2781/2781/2781
f 2699/2699/2699 2781/2781/2781 2700/2700/2700
f 2700/2700/2700 2781/2781/2781 2782/2782/2782
f 2700/2700/2700 2782/2782/2782 2701/2701/2701
f 2701/2701/2701 2782/2782/2782 2783/2783/2783
f 2701/2701/2701 2783/2783/2783 2702/2702/2702
f 2702/2702/2702 2783/2783/2783 2784/2784/2784
f 2702/2702/2702 2784/2784/2784 2703/2703/2703
f 2703/2703/2703 2784/2784/2784 2785/2785/2785
f 2703/2703/2703 2785/2785/2785 2704/2704/2704
f 2704/2704/2704 2785/2785/2785 2786/2786/2786
f 2704/2704/2704 2786/2786/2786 2705/2705/2705
f 2705/2705/2705 2786/2786/2786 2787/2787/2787
f 2705/2705/2705 2787/2787/2787 2706/2706/2706
f 2706/2706/2706 2787/2787/2787 2788/2788/2788
f 2706/2706/2706 2788/2788/2788 2707/2707/2707
f 2707/2707/2707 2788/2788/2788 2789/2789/2789
f 2707/2707/2707 2789/2789/2789 2708/2708/2708
f 2708/2708/2708 2789/2789/2789 2790/2790/2790
f 2708/2708/2708 2790/2790/2790 2709/2709/2709
f 2709/2709/2709 2790/2790/2790 2791/2791/2791
f 2709/2709/2709 2791/2791/2791 2710/2710/2710
f 2710/2710/2710 2791/2791/2791 2792/2792/2792
f 2710/2710/2710 2792/2792/2792 2711/2711/2711
f 2711/2711/2711 2792/2792/2792 2793/2793/2793
f 2711/2711/2711 2793/2793/2793 2712/2712/2712
f 2712/2712/2712 2793/2793/2793 2794/2794/2794
f 2712/2712/2712 2794/2794/2794 2713/2713/2713
f 2713/2713/2713 2794/2794/2794 2795/2795/2795
f 2713/2713/2713 2795/2795/2795 2714/2714/2714
f 2714/2714/2714 2795/2795/2795 2796/2796/2796
f 2714/2714/2714 2796/2796/2796 2715/2715/2715
f 2715/2715/2715 2796/2796/2796 2797/2797/2797
f 2715/2715/2715 2797/2797/2797 2716/2716/2716
f 2716/2716/2716 2797/2797/2797 2798/2798/2798
f 2716/2716/2716 2798/2798/2798 2717/2717/2717
f 2717/2717/2717 2798/2798/2798 2799/2799/2799
f 2717/2717/2717 2799/2799/2799 2718/2718/2718
f 2718/2718/2718 2799/2799/2799 2800/2800/2800
f 2718/2718/2718 2800/2800/2800 2719/2719/2719
f 2719/2719/2719 2800/2800/2800 2801/2801/2801
f 2719/2719/2719 2801/2801/2801 2720/2720/2720
f 2720/2720/2720 2801/2801/2801 2802/2802/2802
f 2720/2720/2720 2802/2802/2802 2721/2721/2721
f 2721/2721/2721 2802/2802/2802 2803/2803/2803
f 2721/2721/2721 2803/2803/2803 2722/2722/2722
f 2722/2722/2722 2803/2803/2803 2804/2804/2804
f 2722/2722/2722 2804/2804/2804 2723/2723/2723
f 2723/2723/2723 2804/2804/2804 2805/2805/2805
f 2723/2723/2723 2805/2805/2805 2724/2724/2724
f 2724/2724/2724 2805/2805/2805 2806/2806/2806
f 2724/2724/2724 2806/2806/2806 2725/2725/2725
f 2725/2725/2725 2806/2806/2806 2807/2807/2807
f 2725/2725/2725 2807/2807/2807 2726/2726/2726
f 2726/2726/2726 2807/2807/2807 2808/2808/2808
f 2726/2726/2726 2808/2808/2808 2727/2727/2727
f 2727/2727/2727 2808/2808/2808 2809/2809/2809
f 2727/2727/2727 2809/2809/2809 2728/2728/2728
f 2728/2728/2728 2809/2809/2809 2810/2810/2810
f 2728/2728/2728 2810/2810/2810 2729/2729/2729
f 2729/2729/2729 2810/2810/2810 2811/2811/2811
f 2729/2729/2729 2811/2811/2811 2730/2730/2730
f 2730/2730/2730 2811/2811/2811 2812/2812/2812
f 2730/2730/2730 2812/2812/2812 2731/2731/2731
f 2731/2731/2731 2812/2812/2812 2813/2813/2813
f 2731/2731/2731 2813/2813/2813 2732/2732/2732
f 2732/2732/2732 2813/2813/2813 2814/2814/2814
f 2732/2732/2732 2814/2814/2814 2733/2733/2733
f 2733/2733/2733 2814/2814/2814 2815/2815/2815
f 2733/2733/2733 2815/2815/2815 2734/2734/2734
f 2734/2734/2734 2815/2815/2815 2816/2816/2816
f 2734/2734/2734 2816/2816/2816 2735/2735/2735
f 2735/2735/2735 2816/2816/2816 2817/2817/2817
f 2735/2735/2735 2817/2817/2817 2736/2736/2736
f 2736/2736/2736 2817/2817/2817 2818/2818/2818
f 2736/2736/2736 2818/2818/2818 2737/2737/2737
f 2737/2737/2737 2818/2818/2818 2819/2819/2819
f 2737/2737/2737 2819/2819/2819 2738/2738/2738
f 2738/2738/2738 2819/2819/2819 2820/2820/2820
f 2738/2738/2738 2820/2820/2820 2739/2739/2739
f 2739/2739/2739 2820/2820/2820 2821/2821/2821
f 2739/2739/2739 2821/2821/2821 2740/2740/2740
f 2740/2740/2740 2821/2821/2821 2822/2822/2822
f 2740/2740/2740 2822/2822/2822 2741/2741/2741
f 2741/2741/2741 2822/2822/2822 2823/2823/2823
f 2741/2741/2741 2823/2823/2823 2742/2742/2742
f 2742/2742/2742 2823/2823/2823 2824/2824/2824
f 2742/2742/2742 2824/2824/2824 2743/2743/2743
f 2743/2743/2743 2824/2824/2824 2825/2825/2825
f 2743/2743/2743 2825/2825/2825 2744/2744/2744
f 2744/2744/2744 2825/2825/2825 2826/2826/2826
f 2744/2744/2744 2826/2826/2826 2745/2745/2745
f 2745/2745/2745 2826/2826/2826 2827/2827/2827
f 2745/2745/2745 2827/2827/2827 2746/2746/2746
f 2746/2746/2746 2827/2827/2827 2828/2828/2828
f 2746/2746/2746 2828/2828/2828 2747/2747/2747
f 2747/2747/2747 2828/2828/2828 2829/2829/2829
f 2747/2747/2747 2829/2829/2829 2748/2748/2748
f 2748/2748/2748 2829/2829/2829 2830/2830/2830
f 2748/2748/2748 2830/2830/2830 2749/2749/2749
f 2749/2749/2749 2830/2830/2830 2831/2831/2831
f 2749/2749/2749 2831/2831/2831 2750/2750/2750
f 2750/2750/2750 2831/2831/2831 2832/2832/2832
f 2750/2750/2750 2832/2832/2832 2751/2751/2751
f 2751/2751/2751 2832/2832/2832 2833/2833/2833
f 2751/2751/2751 2833/2833/2833 2752/2752/2752
f 2752/2752/2752 2833/2833/2833 2834/2834/2834
f 2752/2752/2752 2834/2834/2834 2753/2753/2753
f 2753/2753/2753 2834/2834/2834 2835/2835/2835
f 2753/2753/2753 2835/2835/2835 2754/2754/2754
f 2755/2755/2755 2836/2836/2836 2837/2837/2837
f 2755/2755/2755 2837/2837/2837 2756/2756/2756
f 2756/2756/2756 2837/2837/2837 2838/2838/2838
f 2756/2756/2756 2838/2838/2838 2757/2757/2757
f 2757/2757/2757 2838/2838/2838 2839/2839/2839
f 2757/2757/2757 2839/2839/2839 2758/2758/2758
f 2758/2758/2758 2839/2839/2839 2840/2840/2840
f 2758/2758/2758 2840/2840/2840 2759/2759/2759
f 2759/2759/2759 2840/2840/2840 2841/2841/2841
f 2759/2759/2759 2841/2841/2841 2760/2760/2760
f 2760/2760/2760 2841/2841/2841 2842/2842/2842
f 2760/2760/2760 2842/2842/2842 2761/2761/2761
f 2761/2761/2761 2842/2842/2842 2843/2843/2843
f 2761/2761/2761 2843/2843/2843 2762/2762/2762
f 2762/2762/2762 2843/2843/2843 2844/2844/2844
f 2762/2762/2762 2844/2844/2844 2763/2763/2763
f 2763/2763/2763 2844/2844/2844 2845/2845/2845
f 2763/2763/2763 2845/2845/2845 2764/2764/2764
f 2764/2764/2764 2845/2845/2845 2846/2846/2846
f 2764/2764/2764 2846/2846/2846 2765/2765/2765
f 2765/2765/2765 2846/2846/2846 2847/2847/2847
f 2765/2765/2765 2847/2847/2847 2766/2766/2766
f 2766/2766/2766 2847/2847/2847 2848/2848/2848
f 2766/2766/2766 2848/2848/2848 2767/2767/2767
f 2767/2767/2767 2848/2848/2848 2849/2849/2849
f 2767/2767/2767 2849/2849/2849 2768/2768/2768
f 2768/2768/2768 2849/2849/2849 2850/2850/2850
f 2768/2768/2768 2850/2850/2850 2769/2769/2769
f 2769/2769/2769 2850/2850/2850 2851/2851/2851
f 2769/2769/2769 2851/2851/2851 2770/2770/2770
f 2770/2770/2770 2851/2851/2851 2852/2852/2852
f 2770/2770/2770 2852/2852/2852 2771/2771/2771
f 2771/2771/2771 2852/2852/2852 2853/2853/2853
f 2771/2771/2771 2853/2853/2853 2772/2772/2772
f 2772/2772/2772 2853/2853/2853 2854/2854/2854
f 2772/2772/2772 2854/2854/2854 2773/2773/2773
f 2773/2773/2773 2854/2854/2854 2855/2855/2855
f 2773/2773/2773 2855/2855/2855 2774/2774/2774
f 2774/2774/2774 2855/2855/2855 2856/2856/2856
f 2774/2774/2774 2856/2856/2856 2775/2775/2775
f 2775/2775/2775 2856/2856/2856 2857/2857/2857
f 2775/2775/2775 2857/2857/2857 2776/2776/2776
f 2776/2776/2776 2857/2857/2857 2858/2858/2858
f 2776/2776/2776 2858/2858/2858 2777/2777/2777
f 2777/2777/2777 2858/2858/2858 2859/2859/2859
f 2777/2777/2777 2859/2859/2859 2778/2778/2778
f 2778/2778/2778 2859/2859/2859 2860/2860/2860
f 2778/2778/2778 2860/2860/2860 2779/2779/2779
f 2779/2779/2779 2860/2860/2860 2861/2861/2861
f 2779/2779/2779 2861/2861/2861 2780/2780/2780
f 2780/2780/2780 2861/2861/2861 2862/2862/2862
f 2780/2780/2780 2862/2862/2862 2781/2781/2781
f 2781/2781/2781 2862/2862/2862 2863/2863/2863
f 2781/2781/2781 2863/2863/2863 2782/2782/2782
f 2782/2782/2782 2863/2863/2863 2864/2864/2864
f 2782/2782/2782 2864/2864/2864 2783/2783/2783
f 2783/2783/2783 2864/2864/2864 2865/2865/2865
f 2783/2783/2783 2865/2865/2865 2784/2784/2784
f 2784/2784/2784 2865/2865/2865 2866/2866/2866
f 2784/2784/2784 2866/2866/2866 2785/2785/2785
f 2785/2785/2785 2866/2866/2866 2867/2867/2867
f 2785/2785/2785 2867/2867/2867 2786/2786/2786
f 2786/2786/2786 2867/2867/2867 2868/2868/2868
f 2786/2786/2786 2868/2868/2868 2787/2787/2787
f 2787/2787/2787 2868/2868/2868 2869/2869/2869
f 2787/2787/2787 2869/2869/2869 2788/2788/2788
f 2788/2788/2788 2869/2869/2869 2870/2870/2870
f 2788/2788/2788 2870/2870/2870 2789/2789/2789
f 2789/2789/2789 2870/2870/2870 2871/2871/2871
f 2789/2789/2789 2871/2871/2871 2790/2790/2790
f 2790/2790/2790 2871/2871/2871 2872/2872/2872
f 2790/2790/2790 2872/2872/2872 2791/2791/2791
f 2791/2791/2791 2872/2872/2872 2873/2873/2873
f 2791/2791/2791 2873/2873/2873 2792/2792/2792
f 2792/2792/2792 2873/2873/2873 2874/2874/2874
f 2792/2792/2792 2874/2874/2874 2793/2793/2793
f 2793/2793/2793 2874/2874/2874 2875/2875/2875
f 2793/2793/2793 2875/2875/2875 2794/2794/2794
f 2794/2794/2794 2875/2875/2875 2876/2876/2876
f 2794/2794/2794 2876/2876/2876 2795/2795/2795
f 2795/2795/2795 2876/2876/2876 2877/2877/2877
f 2795/2795/2795 2877/2877/2877 2796/2796/2796
f 2796/2796/2796 2877/2877/2877 2878/2878/2878
f 2796/2796/2796 2878/2878/2878 2797/2797/2797
f 2797/2797/2797 2878/2878/2878 2879/2879/2879
f 2797/2797/2797 2879/2879/2879 2798/2798/2798
f 2798/2798/2798 2879/2879/2879 2880/2880/2880
f 2798/2798/2798 2880/2880/2880 2799/2799/2799
f 2799/2799/2799 2880/2880/2880 2881/2881/2881
f 2799/2799/2799 2881/2881/2881 2800/2800/2800
f 2800/2800/2800 2881/2881/2881 2882/2882/2882
f 2800/2800/2800 2882/2882/2882 2801/2801/2801
f 2801/2801/2801 2882/2882/2882 2883/2883/2883
f 2801/2801/2801 2883/2883/2883 2802/2802/2802
f 2802/2802/2802 2883/2883/2883 2884/2884/2884
f 2802/2802/2802 2884/2884/2884 2803/2803/2803
f 2803/2803/2803 2884/2884/2884 2885/2885/2885
f 2803/2803/2803 2885/2885/2885 2804/2804/2804
f 2804/2804/2804 2885/2885/2885 2886/2886/2886
f 2804/2804/2804 2886/2886/2886 2805/2805/2805
f 2805/2805/2805 2886/2886/2886 2887/2887/2887
f 2805/2805/2805 2887/2887/2887 2806/2806/2806
f 2806/2806/2806 2887/2887/2887 2888/2888/2888
f 2806/2806/2806 2888/2888/2888 2807/2807/2807
f 2807/2807/2807 2888/2888/2888 2889/2889/2889
f 2807/2807/2807 2889/2889/2889 2808/2808/2808
f 2808/2808/2808 2889/2889/2889 2890/2890/2890
f 2808/2808/2808 2890/2890/2890 2809/2809/2809
f 2809/2809/2809 2890/2890/2890 2891/2891/2891
f 2809/2809/2809 2891/2891/2891 2810/2810/2810
f 2810/2810/2810 2891/2891/2891 2892/2892/2892
f 2810/2810/2810 2892/2892/2892 2811/2811/2811
f 2811/2811/2811 2892/2892/2892 2893/2893/2893
f 2811/2811/2811 2893/2893/2893 2812/2812/2812
f 2812/2812/2812 2893/2893/2893 2894/2894/2894
f 2812/2812/2812 2894/2894/2894 2813/2813/2813
f 2813/2813/2813 2894/2894/2894 2895/2895/2895
f 2813/2813/2813 2895/2895/2895 2814/2814/2814
f 2814/2814/2814 2895/2895/2895 2896/2896/2896
f 2814/2814/2814 2896/2896/2896 2815/2815/2815
f 2815/2815/2815 2896/2896/2896 2897/2897/2897
f 2815/2815/2815 2897/2897/2897 2816/2816/2816
f 2816/2816/2816 2897/2897/2897 2898/2898/2898
f 2816/2816/2816 2898/2898/2898 2817/2817/2817
f 2817/2817/2817 2898/2898/2898 2899/2899/2899
f 2817/2817/2817 2899/2899/2899 2818/2818/2818
f 2818/2818/2818 2899/2899/2899 2900/2900/2900
f 2818/2818/2818 2900/2900/2900 2819/2819/2819
f 2819/2819/2819 2900/2900/2900 2901/2901/2901
f 2819/2819/2819 2901/2901/2901 2820/2820/2820
f 2820/2820/2820 2901/2901/2901 2902/2902/2902
f 2820/2820/2820 2902/2902/2902 2821/2821/2821
f 2821/2821/2821 2902/2902/2902 2903/2903/2903
f 2821/2821/2821 2903/2903/2903 2822/2822/2822
f 2822/2822/2822 2903/2903/2903 2904/2904/2904
f 2822/2822/2822 2904/2904/2904 2823/2823/2823
f 2823/2823/2823 2904/2904/2904 2905/2905/2905
f 2823/2823/2823 2905/2905/2905 2824/2824/2824
f 2824/2824/2824 2905/2905/2905 2906/2906/2906
f 2824/2824/2824 2906/2906/2906 2825/2825/2825
f 2825/2825/2825 2906/2906/2906 2907/2907/2907
f 2825/2825/2825 2907/2907/2907 2826/2826/2826
f 2826/2826/2826 2907/2907/2907 2908/2908/2908
f 2826/2826/2826 2908/2908/2908 2827/2827/2827
f 2827/2827/2827 2908/2908/2908 2909/2909/2909
f 2827/2827/2827 2909/2909/2909 2828/2828/2828
f 2828/2828/2828 2909/2909/2909 2910/2910/2910
f 2828/2828/2828 2910/2910/2910 2829/2829/2829
f 2829/2829/2829 2910/2910/2910 2911/2911/2911
f 2829/2829/2829 2911/2911/2911 2830/2830/2830
f 2830/2830/2830 2911/2911/2911 2912/2912/2912
f 2830/2830/2830 2912/2912/2912 2831/2831/2831
f 2831/2831/2831 2912/2912/2912 2913/2913/2913
f 2831/2831/2831 2913/2913/2913 2832/2832/2832
f 2832/2832/2832 2913/2913/2913 2914/2914/2914
f 2832/2832/2832 2914/2914/2914 2833/2833/2833
f 2833/2833/2833 2914/2914/2914 2915/2915/2915
f 2833/2833/2833 2915/2915/2915 2834/2834/2834
f 2834/2834/2834 2915/2915/2915 2916/2916/2916
f 2834/2834/2834 2916/2916/2916 2835/2835/2835
f 2836/2836/2836 2917/2917/2917 2918/2918/2918
f 2836/2836/2836 2918/2918/2918 2837/2837/2837
f 2837/2837/2837 2918/2918/2918 2919/2919/2919
f 2837/2837/2837 2919/2919/2919 2838/2838/2838
f 2838/2838/2838 2919/2919/2919 2920/2920/2920
f 2838/2838/2838 2920/2920/2920 2839/2839/2839
f 2839/2839/2839 2920/2920/2920 2921/2921/2921
f 2839/2839/2839 2921/2921/2921 2840/2840/2840
f 2840/2840/2840 2921/2921/2921 2922/2922/2922
f 2840/2840/2840 2922/2922/2922 2841/2841/2841
f 2841/2841/2841 2922/2922/2922 2923/2923/2923
f 2841/2841/2841 2923/2923/2923 2842/2842/2842
f 2842/2842/2842 2923/2923/2923 2924/2924/2924
f 2842/2842/2842 2924/2924/2924 2843/2843/2843
f 2843/2843/2843 2924/2924/2924 2925/2925/2925
f 2843/2843/2843 2925/2925/2925 2844/2844/2844
f 2844/2844/2844 2925/2925/2925 2926/2926/2926
f 2844/2844/2844 2926/2926/2926 2845/2845/2845
f 2845/2845/2845 2926/2926/2926 2927/2927/2927
f 2845/2845/2845 2927/2927/2927 2846/2846/2846
f 2846/2846/2846 2927/2927/2927 2928/2928/2928
f 2846/2846/2846 2928/2928/2928 2847/2847/2847
f 2847/2847/2847 2928/2928/2928 2929/2929/2929
f 2847/2847/2847 2929/2929/2929 2848/2848/2848
f 2848/2848/2848 2929/2929/2929 2930/2930/2930
f 2848/2848/2848 2930/2930/2930 2849/2849/2849
f 2849/2849/2849 2930/2930/2930 2931/2931/2931
f 2849/2849/2849 2931/2931/2931 2850/2850/2850
f 2850/2850/2850 2931/2931/2931 2932/2932/2932
f 2850/2850/2850 2932/2932/2932 2851/2851/2851
f 2851/2851/2851 2932/2932/2932 2933/2933/2933
f 2851/2851/2851 2933/2933/2933 2852/2852/2852
f 2852/2852/2852 2933/2933/2933 2934/2934/2934
f 2852/2852/2852 2934/2934/2934 2853/2853/2853
f 2853/2853/2853 2934/2934/2934 2935/2935/2935
f 2853/2853/2853 2935/2935/2935 2854/2854/2854
f 2854/2854/2854 2935/2935/2935 2936/2936/2936
f 2854/2854/2854 2936/2936/2936 2855/2855/2855
f 2855/2855/2855 2936/2936/2936 2937/2937/2937
f 2855/2855/2855 2937/2937/2937 2856/2856/2856
f 2856/2856/2856 2937/2937/2937 2938/2938/2938
f 2856/2856/2856 2938/2938/2938 2857/2857/2857
f 2857/2857/2857 2938/2938/2938 2939/2939/2939
f 2857/2857/2857 2939/2939/2939 2858/2858/2858
f 2858/2858/2858 2939/2939/2939 2940/2940/2940
f 2858/2858/2858 2940/2940/2940 2859/2859/2859
f 2859/2859/2859 2940/2940/2940 2941/2941/2941
f 2859/2859/2859 2941/2941/2941 2860/2860/2860
f 2860/2860/2860 2941/2941/2941 2942/2942/2942
f 2860/2860/2860 2942/2942/2942 2861/2861/2861
f 2861/2861/2861 2942/2942/2942 2943/2943/2943
f 2861/2861/2861 2943/2943/2943 2862/2862/2862
f 2862/2862/2862 2943/2943/2943 2944/2944/2944
f 2862/2862/2862 2944/2944/2944 2863/2863/2863
f 2863/2863/2863 2944/2944/2944 2945/2945/2945
f 2863/2863/2863 2945/2945/2945 2864/2864/2864
f 2864/2864/2864 2945/2945/2945 2946/2946/2946
f 2864/2864/2864 2946/2946/2946 2865/2865/2865
f 2865/2865/2865 2946/2946/2946 2947/2947/2947
f 2865/2865/2865 2947/2947/2947 2866/2866/2866
f 2866/2866/2866 2947/2947/2947 2948/2948/2948
f 2866/2866/2866 2948/2948/2948 2867/2867/2867
f 2867/2867/2867 2948/2948/2948 2949/2949/2949
f 2867/2867/2867 2949/2949/2949 2868/2868/2868
f 2868/2868/2868 2949/2949/2949 2950/2950/2950
f 2868/2868/2868 2950/2950/2950 2869/2869/2869
f 2869/2869/2869 2950/2950/2950 2951/2951/2951
f 2869/2869/2869 2951/2951/2951 2870/2870/2870
f 2870/2870/2870 2951/2951/2951 2952/2952/2952
f 2870/2870/2870 2952/2952/2952 2871/2871/2871
f 2871/2871/2871 2952/2952/2952 2953/2953/2953
f 2871/2871/2871 2953/2953/2953 2872/2872/2872
f 2872/2872/2872 2953/2953/2953 2954/2954/2954
f 2872/2872/2872 2954/2954/2954 2873/2873/2873
f 2873/2873/2873 2954/2954/2954 2955/2955/2955
f 2873/2873/2873 2955/2955/2955 2874/2874/2874
f 2874/2874/2874 2955/2955/2955 2956/2956/2956
f 2874/2874/2874 2956/2956/2956 2875/2875/2875
f 2875/2875/2875 2956/2956/2956 2957/2957/2957
f 2875/2875/2875 2957/2957/2957 2876/2876/2876
f 2876/2876/2876 2957/2957/2957 2958/2958/2958
f 2876/2876/2876 2958/2958/2958 2877/2877/2877
f 2877/2877/2877 2958/2958/2958 2959/2959/2959
f 2877/2877/2877 2959/2959/2959 2878/2878/2878
f 2878/2878/2878 2959/2959/2959 2960/2960/2960
f 2878/2878/2878 2960/2960/2960 2879/2879/2879
f 2879/2879/2879 2960/2960/2960 2961/2961/2961
f 2879/2879/2879 2961/2961/2961 2880/2880/2880
f 2880/2880/2880 2961/2961/2961 2962/2962/2962
f 2880/2880/2880 2962/2962/2962 2881/2881/2881
f 2881/2881/2881 2962/2962/2962 2963/2963/2963
f 2881/2881/2881 2963/2963/2963 2882/2882/2882
f 2882/2882/2882 2963/2963/2963 2964/2964/2964
f 2882/2882/2882 2964/2964/2964 2883/2883/2883
f 2883/2883/2883 2964/2964/2964 2965/2965/2965
f 2883/2883/2883 2965/2965/2965 2884/2884/2884
f 2884/2884/2884 2965/2965/2965 2966/2966/2966
f 2884/2884/2884 2966/2966/2966 2885/2885/2885
f 2885/2885/2885 2966/2966/2966 2967/2967/2967
f 2885/2885/2885 2967/2967/2967 2886/2886/2886
f 2886/2886/2886 2967/2967/2967 2968/2968/2968
f 2886/2886/2886 2968/2968/2968 2887/2887/2887
f 2887/2887/2887 2968/2968/2968 2969/2969/2969
f 2887/2887/2887 2969/2969/2969 2888/2888/2888
f 2888/2888/2888 2969/2969/2969 2970/2970/2970
f 2888/2888/2888 2970/2970/2970 2889/2889/2889
f 2889/2889/2889 2970/2970/2970 2971/2971/2971
f 2889/2889/2889 2971/2971/2971 2890/2890/2890
f 2890/2890/2890 2971/2971/2971 2972/2972/2972
f 2890/2890/2890 2972/2972/2972 2891/2891/2891
f 2891/2891/2891 2972/2972/2972 2973/2973/2973
f 2891/2891/2891 2973/2973/2973 2892/2892/2892
f 2892/2892/2892 2973/2973/2973 2974/2974/2974
f 2892/2892/2892 2974/2974/2974 2893/2893/2893
f 2893/2893/2893 2974/2974/2974 2975/2975/2975
f 2893/2893/2893 2975/2975/2975 2894/2894/2894
f 2894/2894/2894 2975/2975/2975 2976/2976/2976
f 2894/2894/2894 2976/2976/2976 2895/2895/2895
f 2895/2895/2895 2976/2976/2976 2977/2977/2977
f 2895/2895/2895 2977/2977/2977 2896/2896/2896
f 2896/2896/2896 2977/2977/2977 2978/2978/2978
f 2896/2896/2896 2978/2978/2978 2897/2897/2897
f 2897/2897/2897 2978/2978/2978 2979/2979/2979
f 2897/2897/2897 2979/2979/2979 2898/2898/2898
f 2898/2898/2898 2979/2979/2979 2980/2980/2980
f 2898/2898/2898 2980/2980/2980 2899/2899/2899
f 2899/2899/2899 2980/2980/2980 2981/2981/2981
f 2899/2899/2899 2981/2981/2981 2900/2900/2900
f 2900/2900/2900 2981/2981/2981 2982/2982/2982
f 2900/2900/2900 2982/2982/2982 2901/2901/2901
f 2901/2901/2901 2982/2982/2982 2983/2983/2983
f 2901/2901/2901 2983/2983/2983 2902/2902/2902
f 2902/2902/2902 2983/2983/2983 2984/2984/2984
f 2902/2902/2902 2984/2984/2984 2903/2903/2903
f 2903/2903/2903 2984/2984/2984 2985/2985/2985
f 2903/2903/2903 2985/2985/2985 2904/2904/2904
f 2904/2904/2904 2985/2985/2985 2986/2986/2986
f 2904/2904/2904 2986/2986/2986 2905/2905/2905
f 2905/2905/2905 2986/2986/2986 2987/2987/2987
f 2905/2905/2905 2987/2987/2987 2906/2906/2906
f 2906/2906/2906 2987/2987/2987 2988/2988/2988
f 2906/2906/2906 2988/2988/2988 2907/2907/2907
f 2907/2907/2907 2988/2988/2988 2989/2989/2989
f 2907/2907/2907 2989/2989/2989 2908/2908/2908
f 2908/2908/2908 2989/2989/2989 2990/2990/2990
f 2908/2908/2908 2990/2990/2990 2909/2909/2909
f 2909/2909/2909 2990/2990/2990 2991/2991/2991
f 2909/2909/2909 2991/2991/2991 2910/2910/2910
f 2910/2910/2910 2991/2991/2991 2992/2992/2992
f 2910/2910/2910 2992/2992/2992 2911/2911/2911
f 2911/2911/2911 2992/2992/2992 2993/2993/2993
f 2911/2911/2911 2993/2993/2993 2912/2912/2912
f 2912/2912/2912 2993/2993/2993 2994/2994/2994
f 2912/2912/2912 2994/2994/2994 2913/2913/2913
f 2913/2913/2913 2994/2994/2994 2995/2995/2995
f 2913/2913/2913 2995/2995/2995 2914/2914/2914
f 2914/2914/2914 2995/2995/2995 2996/2996/2996
f 2914/2914/2914 2996/2996/2996 2915/2915/2915
f 2915/2915/2915 2996/2996/2996 2997/2997/2997
f 2915/2915/2915 2997/2997/2997 2916/2916/2916
f 2917/2917/2917 2998/2998/2998 2999/2999/2999
f 2917/2917/2917 2999/2999/2999 2918/2918/2918
f 2918/2918/2918 2999/2999/2999 3000/3000/3000
f 2918/2918/2918 3000/3000/3000 2919/2919/2919
f 2919/2919/2919 3000/3000/3000 3001/3001/3001
f 2919/2919/2919 3001/3001/3001 2920/2920/2920
f 2920/2920/2920 3001/3001/3001 3002/3002/3002
f 2920/2920/2920 3002/3002/3002 2921/2921/2921
f 2921/2921/2921 3002/3002/3002 3003/3003/3003
f 2921/2921/2921 3003/3003/3003 2922/2922/2922
f 2922/2922/2922 3003/3003/3003 3004/3004/3004
f 2922/2922/2922 3004/3004/3004 2923/2923/2923
f 2923/2923/2923 3004/3004/3004 3005/3005/3005
f 2923/2923/2923 3005/3005/3005 2924/2924/2924
f 2924/2924/2924 3005/3005/3005 3006/3006/3006
f 2924/2924/2924 3006/3006/3006 2925/2925/2925
f 2925/2925/2925 3006/3006/3006 3007/3007/3007
f 2925/2925/2925 3007/3007/3007 2926/2926/2926
f 2926/2926/2926 3007/3007/3007 3008/3008/3008
f 2926/2926/2926 3008/3008/3008 2927/2927/2927
f 2927/2927/2927 3008/3008/3008 3009/3009/3009
f 2927/2927/2927 3009/3009/3009 2928/2928/2928
f 2928/2928/2928 3009/3009/3009 3010/3010/3010
f 2928/2928/2928 3010/3010/3010 2929/2929/2929
f 2929/2929/2929 3010/3010/3010 3011/3011/3011
f 2929/2929/2929 3011/3011/3011 2930/2930/2930
f 2930/2930/2930 3011/3011/3011 3012/3012/3012
f 2930/2930/2930 3012/3012/3012 2931/2931/2931
f 2931/2931/2931 3012/3012/3012 3013/3013/3013
f 2931/2931/2931 3013/3013/3013 2932/2932/2932
f 2932/2932/2932 3013/3013/3013 3014/3014/3014
f 2932/2932/2932 3014/3014/3014 2933/2933/2933
f 2933/2933/2933 3014/3014/3014 3015/3015/3015
f 2933/2933/2933 3015/3015/3015 2934/2934/2934
f 2934/2934/2934 3015/3015/3015 3016/3016/3016
f 2934/2934/2934 3016/3016/3016 2935/2935/2935
f 2935/2935/2935 3016/3016/3016 3017/3017/3017
f 2935/2935/2935 3017/3017/3017 2936/2936/2936
f 2936/2936/2936 3017/3017/3017 3018/3018/3018
f 2936/2936/2936 3018/3018/3018 2937/2937/2937
f 2937/2937/2937 3018/3018/3018 3019/3019/3019
f 2937/2937/2937 3019/3019/3019 2938/2938/2938
f 2938/2938/2938 3019/3019/3019 3020/3020/3020
f 2938/2938/2938 3020/3020/3020 2939/2939/2939
f 2939/2939/2939 3020/3020/3020 3021/3021/3021
f 2939/2939/2939 3021/3021/3021 2940/2940/2940
f 2940/2940/2940 3021/3021/3021 3022/3022/3022
f 2940/2940/2940 3022/3022/3022 2941/2941/2941
f 2941/2941/2941 3022/3022/3022 3023/3023/3023
f 2941/2941/2941 3023/3023/3023 2942/2942/2942
f 2942/2942/2942 3023/3023/3023 3024/3024/3024
f 2942/2942/2942 3024/3024/3024 2943/2943/2943
f 2943/2943/2943 3024/3024/3024 3025/3025/3025
f 2943/2943/2943 3025/3025/3025 2944/2944/2944
f 2944/2944/2944 3025/3025/3025 3026/3026/3026
f 2944/2944/2944 3026/3026/3026 2945/2945/2945
f 2945/2945/2945 3026/3026/3026 3027/3027/3027
f 2945/2945/2945 3027/3027/3027 2946/2946/2946
f 2946/2946/2946 3027/3027/3027 3028/3028/3028
f 2946/2946/2946 3028/3028/3028 2947/2947/2947
f 2947/2947/2947 3028/3028/3028 3029/3029/3029
f 2947/2947/2947 3029/3029/3029 2948/2948/2948
f 2948/2948/2948 3029/3029/3029 3030/3030/3030
f 2948/2948/2948 3030/3030/3030 2949/2949/2949
f 2949/2949/2949 3030/3030/3030 3031/3031/3031
f 2949/2949/2949 3031/3031/3031 2950/2950/2950
f 2950/2950/2950 3031/3031/3031 3032/3032/3032
f 2950/2950/2950 3032/3032/3032 2951/2951/2951
f 2951/2951/2951 3032/3032/3032 3033/3033/3033
f 2951/2951/2951 3033/3033/3033 2952/2952/2952
f 2952/2952/2952 3033/3033/3033 3034/3034/3034
f 2952/2952/2952 3034/3034/3034 2953/2953/2953
f 2953/2953/2953 3034/3034/3034 3035/3035/3035
f 2953/2953/2953 3035/3035/3035 2954/2954/2954
f 2954/2954/2954 3035/3035/3035 3036/3036/3036
f 2954/2954/2954 3036/3036/3036 2955/2955/2955
f 2955/2955/2955 3036/3036/3036 3037/3037/3037
f 2955/2955/2955 3037/3037/3037 2956/2956/2956
f 2956/2956/2956 3037/3037/3037 3038/3038/3038
f 2956/2956/2956 3038/3038/3038 2957/2957/2957
f 2957/2957/2957 3038/3038/3038 3039/3039/3039
f 2957/2957/2957 3039/3039/3039 2958/2958/2958
f 2958/2958/2958 3039/3039/3039 3040/3040/3040
f 2958/2958/2958 3040/3040/3040 2959/2959/2959
f 2959/2959/2959 3040/3040/3040 3041/3041/3041
f 2959/2959/2959 3041/3041/3041 2960/2960/2960
f 2960/2960/2960 3041/3041/3041 3042/3042/3042
f 2960/2960/2960 3042/3042/3042 2961/2961/2961
f 2961/2961/2961 3042/3042/3042 3043/3043/3043
f 2961/2961/2961 3043/3043/3043 2962/2962/2962
f 2962/2962/2962 3043/3043/3043 3044/3044/3044
f 2962/2962/2962 3044/3044/3044 2963/2963/2963
f 2963/2963/2963 3044/3044/3044 3045/3045/3045
f 2963/2963/2963 3045/3045/3045 2964/2964/2964
f 2964/2964/2964 3045/3045/3045 3046/3046/3046
f 2964/2964/2964 3046/3046/3046 2965/2965/2965
f 2965/2965/2965 3046/3046/3046 3047/3047/3047
f 2965/2965/2965 3047/3047/3047 2966/2966/2966
f 2966/2966/2966 3047/3047/3047 3048/3048/3048
f 2966/2966/2966 3048/3048/3048 2967/2967/2967
f 2967/2967/2967 3048/3048/3048 3049/3049/3049
f 2967/2967/2967 3049/3049/3049 2968/2968/2968
f 2968/2968/2968 3049/3049/3049 3050/3050/3050
f 2968/2968/2968 3050/3050/3050 2969/2969/2969
f 2969/2969/2969 3050/3050/3050 3051/3051/3051
f 2969/2969/2969 3051/3051/3051 2970/2970/2970
f 2970/2970/2970 3051/3051/3051 3052/3052/3052
f 2970/2970/2970 3052/3052/3052 2971/2971/2971
f 2971/2971/2971 3052/3052/3052 3053/3053/3053
f 2971/2971/2971 3053/3053/3053 2972/2972/2972
f 2972/2972/2972 3053/3053/3053 3054/3054/3054
f 2972/2972/2972 3054/3054/3054 2973/2973/2973
f 2973/2973/2973 3054/3054/3054 3055/3055/3055
f 2973/2973/2973 3055/3055/3055 2974/2974/2974
f 2974/2974/2974 3055/3055/3055 3056/3056/3056
f 2974/2974/2974 3056/3056/3056 2975/2975/2975
f 2975/2975/2975 3056/3056/3056 3057/3057/3057
f 2975/2975/2975 3057/3057/3057 2976/2976/2976
f 2976/2976/2976 3057/3057/3057 3058/3058/3058
f 2976/2976/2976 3058/3058/3058 2977/2977/2977
f 2977/2977/2977 3058/3058/3058 3059/3059/3059
f 2977/2977/2977 3059/3059/3059 2978/2978/2978
f 2978/2978/2978 3059/3059/3059 3060/3060/3060
f 2978/2978/2978 3060/3060/3060 2979/2979/2979
f 2979/2979/2979 3060/3060/3060 3061/3061/3061
f 2979/2979/2979 3061/3061/3061 2980/2980/2980
f 2980/2980/2980 3061/3061/3061 3062/3062/3062
f 2980/2980/2980 3062/3062/3062 2981/2981/2981
f 2981/2981/2981 3062/3062/3062 3063/3063/3063
f 2981/2981/2981 3063/3063/3063 2982/2982/2982
f 2982/2982/2982 3063/3063/3063 3064/3064/3064
f 2982/2982/2982 3064/3064/3064 2983/2983/2983
f 2983/2983/2983 3064/3064/3064 3065/3065/3065
f 2983/2983/2983 3065/3065/3065 2984/2984/2984
f 2984/2984/2984 3065/3065/3065 3066/3066/3066
f 2984/2984/2984 3066/3066/3066 2985/2985/2985
f 2985/2985/2985 3066/3066/3066 3067/3067/3067
f 2985/2985/2985 3067/3067/3067 2986/2986/2986
f 2986/2986/2986 3067/3067/3067 3068/3068/3068
f 2986/2986/2986 3068/3068/3068 2987/2987/2987
f 2987/2987/2987 3068/3068/3068 3069/3069/3069
f 2987/2987/2987 3069/3069/3069 2988/2988/2988
f 2988/2988/2988 3069/3069/3069 3070/3070/3070
f 2988/2988/2988 3070/3070/3070 2989/2989/2989
f 2989/2989/2989 3070/3070/3070 3071/3071/3071
f 2989/2989/2989 3071/3071/3071 2990/2990/2990
f 2990/2990/2990 3071/3071/3071 3072/3072/3072
f 2990/2990/2990 3072/3072/3072 2991/2991/2991
f 2991/2991/2991 3072/3072/3072 3073/3073/3073
f 2991/2991/2991 3073/3073/3073 2992/2992/2992
f 2992/2992/2992 3073/3073/3073 3074/3074/3074
f 2992/2992/2992 3074/3074/3074 2993/2993/2993
f 2993/2993/2993 3074/3074/3074 3075/3075/3075
f 2993/2993/2993 3075/3075/3075 2994/2994/2994
f 2994/2994/2994 3075/3075/3075 3076/3076/3076
f 2994/2994/2994 3076/3076/3076 2995/2995/2995
f 2995/2995/2995 3076/3076/3076 3077/3077/3077
f 2995/2995/2995 3077/3077/3077 2996/2996/2996
f 2996/2996/2996 3077/3077/3077 3078/3078/3078
f 2996/2996/2996 3078/3078/3078 2997/2997/2997
f 2998/2998/2998 3079/3079/3079 3080/3080/3080
f 2998/2998/2998 3080/3080/3080 2999/2999/2999
f 2999/2999/2999 3080/3080/3080 3081/3081/3081
f 2999/2999/2999 3081/3081/3081 3000/3000/3000
f 3000/3000/3000 3081/3081/3081 3082/3082/3082
f 3000/3000/3000 3082/3082/3082 3001/3001/3001
f 3001/3001/3001 3082/3082/3082 3083/3083/3083
f 3001/3001/3001 3083/3083/3083 3002/3002/3002
f 3002/3002/3002 3083/3083/3083 3084/3084/3084
f 3002/3002/3002 3084/3084/3084 3003/3003/3003
f 3003/3003/3003 3084/3084/3084 3085/3085/3085
f 3003/3003/3003 3085/3085/3085 3004/3004/3004
f 3004/3004/3004 3085/3085/3085 3086/3086/3086
f 3004/3004/3004 3086/3086/3086 3005/3005/3005
f 3005/3005/3005 3086/3086/3086 3087/3087/3087
f 3005/3005/3005 3087/3087/3087 3006/3006/3006
f 3006/3006/3006 3087/3087/3087 3088/3088/3088
f 3006/3006/3006 3088/3088/3088 3007/3007/3007
f 3007/3007/3007 3088/3088/3088 3089/3089/3089
f 3007/3007/3007 3089/3089/3089 3008/3008/3008
f 3008/3008/3008 3089/3089/3089 3090/3090/3090
f 3008/3008/3008 3090/3090/3090 3009/3009/3009
f 3009/3009/3009 3090/3090/3090 3091/3091/3091
f 3009/3009/3009 3091/3091/3091 3010/3010/3010
f 3010/3010/3010 3091/3091/3091 3092/3092/3092
f 3010/3010/3010 3092/3092/3092 3011/3011/3011
f 3011/3011/3011 3092/3092/3092 3093/3093/3093
f 3011/3011/3011 3093/3093/3093 3012/3012/3012
f 3012/3012/3012 3093/3093/3093 3094/3094/3094
f 3012/3012/3012 3094/3094/3094 3013/3013/3013
f 3013/3013/3013 3094/3094/3094 3095/3095/3095
f 3013/3013/3013 3095/3095/3095 3014/3014/3014
f 3014/3014/3014 3095/3095/3095 3096/3096/3096
f 3014/3014/3014 3096/3096/3096 3015/3015/3015
f 3015/3015/3015 3096/3096/3096 3097/3097/3097
f 3015/3015/3015 3097/3097/3097 3016/3016/3016
f 3016/3016/3016 3097/3097/3097 3098/3098/3098
f 3016/3016/3016 3098/3098/3098 3017/3017/3017
f 3017/3017/3017 3098/3098/3098 3099/3099/3099
f 3017/3017/3017 3099/3099/3099 3018/3018/3018
f 3018/3018/3018 3099/3099/3099 3100/3100/3100
f 3018/3018/3018 3100/3100/3100 3019/3019/3019
f 3019/3019/3019 3100/3100/3100 3101/3101/3101
f 3019/3019/3019 3101/3101/3101 3020/3020/3020
f 3020/3020/3020 3101/3101/3101 3102/3102/3102
f 3020/3020/3020 3102/3102/3102 3021/3021/3021
f 3021/3021/3021 3102/3102/3102 3103/3103/3103
f 3021/3021/3021 3103/3103/3103 3022/3022/3022
f 3022/3022/3022 3103/3103/3103 3104/3104/3104
f 3022/3022/3022 3104/3104/3104 3023/3023/3023
f 3023/3023/3023 3104/3104/3104 3105/3105/3105
f 3023/3023/3023 3105/3105/3105 3024/3024/3024
f 3024/3024/3024 3105/3105/3105 3106/3106/3106
f 3024/3024/3024 3106/3106/3106 3025/3025/3025
f 3025/3025/3025 3106/3106/3106 3107/3107/3107
f 3025/3025/3025 3107/3107/3107 3026/3026/3026
f 3026/3026/3026 3107/3107/3107 3108/3108/3108
f 3026/3026/3026 3108/3108/3108 3027/3027/3027
f 3027/3027/3027 3108/3108/3108 3109/3109/3109
f 3027/3027/3027 3109/3109/3109 3028/3028/3028
f 3028/3028/3028 3109/3109/3109 3110/3110/3110
f 3028/3028/3028 3110/3110/3110 3029/3029/3029
f 3029/3029/3029 3110/3110/3110 3111/3111/3111
f 3029/3029/3029 3111/3111/3111 3030/3030/3030
f 3030/3030/3030 3111/3111/3111 3112/3112/3112
f 3030/3030/3030 3112/3112/3112 3031/3031/3031
f 3031/3031/3031 3112/3112/3112 3113/3113/3113
f 3031/3031/3031 3113/3113/3113 3032/3032/3032
f 3032/3032/3032 3113/3113/3113 3114/3114/3114
f 3032/3032/3032 3114/3114/3114 3033/3033/3033
f 3033/3033/3033 3114/3114/3114 3115/3115/3115
f 3033/3033/3033 3115/3115/3115 3034/3034/3034
f 3034/3034/3034 3115/3115/3115 3116/3116/3116
f 3034/3034/3034 3116/3116/3116 3035/3035/3035
f 3035/3035/3035 3116/3116/3116 3117/3117/3117
f 3035/3035/3035 3117/3117/3117 3036/3036/3036
f 3036/3036/3036 3117/3117/3117 3118/3118/3118
f 3036/3036/3036 3118/3118/3118 3037/3037/3037
f 3037/3037/3037 3118/3118/3118 3119/3119/3119
f 3037/3037/3037 3119/3119/3119 3038/3038/3038
f 3038/3038/3038 3119/3119/3119 3120/3120/3120
f 3038/3038/3038 3120/3120/3120 3039/3039/3039
f 3039/3039/3039 3120/3120/3120 3121/3121/3121
f 3039/3039/3039 3121/3121/3121 3040/3040/3040
f 3040/3040/3040 3121/3121/3121 3122/3122/3122
f 3040/3040/3040 3122/3122/3122 3041/3041/3041
f 3041/3041/3041 3122/3122/3122 3123/3123/3123
f 3041/3041/3041 3123/3123/3123 3042/3042/3042
f 3042/3042/3042 3123/3123/3123 3124/3124/3124
f 3042/3042/3042 3124/3124/3124 3043/3043/3043
f 3043/3043/3043 3124/3124/3124 3125/3125/3125
f 3043/3043/3043 3125/3125/3125 3044/3044/3044
f 3044/3044/3044 3125/3125/3125 3126/3126/3126
f 3044/3044/3044 3126/3126/3126 3045/3045/3045
f 3045/3045/3045 3126/3126/3126 3127/3127/3127
f 3045/3045/3045 3127/3127/3127 3046/3046/3046
f 3046/3046/3046 3127/3127/3127 3128/3128/3128
f 3046/3046/3046 3128/3128/3128 3047/3047/3047
f 3047/3047/3047 3128/3128/3128 3129/3129/3129
f 3047/3047/3047 3129/3129/3129 3048/3048/3048
f 3048/3048/3048 3129/3129/3129 3130/3130/3130
f 3048/3048/3048 3130/3130/3130 3049/3049/3049
f 3049/3049/3049 3130/3130/3130 3131/3131/3131
f 3049/3049/3049 3131/3131/3131 3050/3050/3050
f 3050/3050/3050 3131/3131/3131 3132/3132/3132
f 3050/3050/3050 3132/3132/3132 3051/3051/3051
f 3051/3051/3051 3132/3132/3132 3133/3133/3133
f 3051/3051/3051 3133/3133/3133 3052/3052/3052
f 3052/3052/3052 3133/3133/3133 3134/3134/3134
f 3052/3052/3052 3134/3134/3134 3053/3053/3053
f 3053/3053/3053 3134/3134/3134 3135/3135/3135
f 3053/3053/3053 3135/3135/3135 3054/3054/3054
f 3054/3054/3054 3135/3135/3135 3136/3136/3136
f 3054/3054/3054 3136/3136/3136 3055/3055/3055
f 3055/3055/3055 3136/3136/3136 3137/3137/3137
f 3055/3055/3055 3137/3137/3137 3056/3056/3056
f 3056/3056/3056 3137/3137/3137 3138/3138/3138
f 3056/3056/3056 3138/3138/3138 3057/3057/3057
f 3057/3057/3057 3138/3138/3138 3139/3139/3139
f 3057/3057/3057 3139/3139/3139 3058/3058/3058
f 3058/3058/3058 3139/3139/3139 3140/3140/3140
f 3058/3058/3058 3140/3140/3140 3059/3059/3059
f 3059/3059/3059 3140/3140/3140 3141/3141/3141
f 3059/3059/3059 3141/3141/3141 3060/3060/3060
f 3060/3060/3060 3141/3141/3141 3142/3142/3142
f 3060/3060/3060 3142/3142/3142 3061/3061/3061
f 3061/3061/3061 3142/3142/3142 3143/3143/3143
f 3061/3061/3061 3143/3143/3143 3062/3062/3062
f 3062/3062/3062 3143/3143/3143 3144/3144/3144
f 3062/3062/3062 3144/3144/3144 3063/3063/3063
f 3063/3063/3063 3144/3144/3144 3145/3145/3145
f 3063/3063/3063 3145/3145/3145 3064/3064/3064
f 3064/3064/3064 3145/3145/3145 3146/3146/3146
f 3064/3064/3064 3146/3146/3146 3065/3065/3065
f 3065/3065/3065 3146/3146/3146 3147/3147/3147
f 3065/3065/3065 3147/3147/3147 3066/3066/3066
f 3066/3066/3066 3147/3147/3147 3148/3148/3148
f 3066/3066/3066 3148/3148/3148 3067/3067/3067
f 3067/3067/3067 3148/3148/3148 3149/3149/3149
f 3067/3067/3067 3149/3149/3149 3068/3068/3068
f 3068/3068/3068 3149/3149/3149 3150/3150/3150
f 3068/3068/3068 3150/3150/3150 3069/3069/3069
f 3069/3069/3069 3150/3150/3150 3151/3151/3151
f 3069/3069/3069 3151/3151/3151 3070/3070/3070
f 3070/3070/3070 3151/3151/3151 3152/3152/3152
f 3070/3070/3070 3152/3152/3152 3071/3071/3071
f 3071/3071/3071 3152/3152/3152 3153/3153/3153
f 3071/3071/3071 3153/3153/3153 3072/3072/3072
f 3072/3072/3072 3153/3153/3153 3154/3154/3154
f 3072/3072/3072 3154/3154/3154 3073/3073/3073
f 3073/3073/3073 3154/3154/3154 3155/3155/3155
f 3073/3073/3073 3155/3155/3155 3074/3074/3074
f 3074/3074/3074 3155/3155/3155 3156/3156/3156
f 3074/3074/3074 3156/3156/3156 3075/3075/3075
f 3075/3075/3075 3156/3156/3156 3157/3157/3157
f 3075/3075/3075 3157/3157/3157 3076/3076/3076
f 3076/3076/3076 3157/3157/3157 3158/3158/3158
f 3076/3076/3076 3158/3158/3158 3077/3077/3077
f 3077/3077/3077 3158/3158/3158 3159/3159/3159
f 3077/3077/3077 3159/3159/3159 3078/3078/3078
f 3079/3079/3079 3160/3160/3160 3161/3161/3161
f 3079/3079/3079 3161/3161/3161 3080/3080/3080
f 3080/3080/3080 3161/3161/3161 3162/3162/3162
f 3080/3080/3080 3162/3162/3162 3081/3081/3081
f 3081/3081/3081 3162/3162/3162 3163/3163/3163
f 3081/3081/3081 3163/3163/3163 3082/3082/3082
f 3082/3082/3082 3163/3163/3163 3164/3164/3164
f 3082/3082/3082 3164/3164/3164 3083/3083/3083
f 3083/3083/3083 3164/3164/3164 3165/3165/3165
f 3083/3083/3083 3165/3165/3165 3084/3084/3084
f 3084/3084/3084 3165/3165/3165 3166/3166/3166
f 3084/3084/3084 3166/3166/3166 3085/3085/3085
f 3085/3085/3085 3166/3166/3166 3167/3167/3167
f 3085/3085/3085 3167/3167/3167 3086/3086/3086
f 3086/3086/3086 3167/3167/3167 3168/3168/3168
f 3086/3086/3086 3168/3168/3168 3087/3087/3087
f 3087/3087/3087 3168/3168/3168 3169/3169/3169
f 3087/3087/3087 3169/3169/3169 3088/3088/3088
f 3088/3088/3088 3169/3169/3169 3170/3170/3170
f 3088/3088/3088 3170/3170/3170 3089/3089/3089
f 3089/3089/3089 3170/3170/3170 3171/3171/3171
f 3089/3089/3089 3171/3171/3171 3090/3090/3090
f 3090/3090/3090 3171/3171/3171 3172/3172/3172
f 3090/3090/3090 3172/3172/3172 3091/3091/3091
f 3091/3091/3091 3172/3172/3172 3173/3173/3173
f 3091/3091/3091 3173/3173/3173 3092/3092/3092
f 3092/3092/3092 3173/3173/3173 3174/3174/3174
f 3092/3092/3092 3174/3174/3174 3093/3093/3093
f 3093/3093/3093 3174/3174/3174 3175/3175/3175
f 3093/3093/3093 3175/3175/3175 3094/3094/3094
f 3094/3094/3094 3175/3175/3175 3176/3176/3176
f 3094/3094/3094 3176/3176/3176 3095/3095/3095
f 3095/3095/3095 3176/3176/3176 3177/3177/3177
f 3095/3095/3095 3177/3177/3177 3096/3096/3096
f 3096/3096/3096 3177/3177/3177 3178/3178/3178
f 3096/3096/3096 3178/3178/3178 3097/3097/3097
f 3097/3097/3097 3178/3178/3178 3179/3179/3179
f 3097/3097/3097 3179/3179/3179 3098/3098/3098
f 3098/3098/3098 3179/3179/3179 3180/3180/3180
f 3098/3098/3098 3180/3180/3180 3099/3099/3099
f 3099/3099/3099 3180/3180/3180 3181/3181/3181
f 3099/3099/3099 3181/3181/3181 3100/3100/3100
f 3100/3100/3100 3181/3181/3181 3182/3182/3182
f 3100/3100/3100 3182/3182/3182 3101/3101/3101
f 3101/3101/3101 3182/3182/3182 3183/3183/3183
f 3101/3101/3101 3183/3183/3183 3102/3102/3102
f 3102/3102/3102 3183/3183/3183 3184/3184/3184
f 3102/3102/3102 3184/3184/3184 3103/3103/3103
f 3103/3103/3103 3184/3184/3184 3185/3185/3185
f 3103/3103/3103 3185/3185/3185 3104/3104/3104
f 3104/3104/3104 3185/3185/3185 3186/3186/3186
f 3104/3104/3104 3186/3186/3186 3105/3105/3105
f 3105/3105/3105 3186/3186/3186 3187/3187/3187
f 3105/3105/3105 3187/3187/3187 3106/3106/3106
f 3106/3106/3106 3187/3187/3187 3188/3188/3188
f 3106/3106/3106 3188/3188/3188 3107/3107/3107
f 3107/3107/3107 3188/3188/3188 3189/3189/3189
f 3107/3107/3107 3189/3189/3189 3108/3108/3108
f 3108/3108/3108 3189/3189/3189 3190/3190/3190
f 3108/3108/3108 3190/3190/3190 3109/3109/3109
f 3109/3109/3109 3190/3190/3190 3191/3191/3191
f 3109/3109/3109 3191/3191/3191 3110/3110/3110
f 3110/3110/3110 3191/3191/3191 3192/3192/3192
f 3110/3110/3110 3192/3192/3192 3111/3111/3111
f 3111/3111/3111 3192/3192/3192 3193/3193/3193
f 3111/3111/3111 3193/3193/3193 3112/3112/3112
f 3112/3112/3112 3193/3193/3193 3194/3194/3194
f 3112/3112/3112 3194/3194/3194 3113/3113/3113
f 3113/3113/3113 3194/3194/3194 3195/3195/3195
f 3113/3113/3113 3195/3195/3195 3114/3114/3114
f 3114/3114/3114 3195/3195/3195 3196/3196/3196
f 3114/3114/3114 3196/3196/3196 3115/3115/3115
f 3115/3115/3115 3196/3196/3196 3197/3197/3197
f 3115/3115/3115 3197/3197/3197 3116/3116/3116
f 3116/3116/3116 3197/3197/3197 3198/3198/3198
f 3116/3116/3116 3198/3198/3198 3117/3117/3117
f 3117/3117/3117 3198/3198/3198 3199/3199/3199
f 3117/3117/3117 3199/3199/3199 3118/3118/3118
f 3118/3118/3118 3199/3199/3199 3200/3200/3200
f 3118/3118/3118 3200/3200/3200 3119/3119/3119
f 3119/3119/3119 3200/3200/3200 3201/3201/3201
f 3119/3119/3119 3201/3201/3201 3120/3120/3120
f 3120/3120/3120 3201/3201/3201 3202/3202/3202
f 3120/3120/3120 3202/3202/3202 3121/3121/3121
f 3121/3121/3121 3202/3202/3202 3203/3203/3203
f 3121/3121/3121 3203/3203/3203 3122/3122/3122
f 3122/3122/3122 3203/3203/3203 3204/3204/3204
f 3122/3122/3122 3204/3204/3204 3123/3123/3123
f 3123/3123/3123 3204/3204/3204 3205/3205/3205
f 3123/3123/3123 3205/3205/3205 3124/3124/3124
f 3124/3124/3124 3205/3205/3205 3206/3206/3206
f 3124/3124/3124 3206/3206/3206 3125/3125/3125
f 3125/3125/3125 3206/3206/3206 3207/3207/3207
f 3125/3125/3125 3207/3207/3207 3126/3126/3126
f 3126/3126/3126 3207/3207/3207 3208/3208/3208
f 3126/3126/3126 3208/3208/3208 3127/3127/3127
f 3127/3127/3127 3208/3208/3208 3209/3209/3209
f 3127/3127/3127 3209/3209/3209 3128/3128/3128
f 3128/3128/3128 3209/3209/3209 3210/3210/3210
f 3128/3128/3128 3210/3210/3210 3129/3129/3129
f 3129/3129/3129 3210/3210/3210 3211/3211/3211
f 3129/3129/3129 3211/3211/3211 3130/3130/3130
f 3130/3130/3130 3211/3211/3211 3212/3212/3212
f 3130/3130/3130 3212/3212/3212 3131/3131/3131
f 3131/3131/3131 3212/3212/3212 3213/3213/3213
f 3131/3131/3131 3213/3213/3213 3132/3132/3132
f 3132/3132/3132 3213/3213/3213 3214/3214/3214
f 3132/3132/3132 3214/3214/3214 3133/3133/3133
f 3133/3133/3133 3214/3214/3214 3215/3215/3215
f 3133/3133/3133 3215/3215/3215 3134/3134/3134
f 3134/3134/3134 3215/3215/3215 3216/3216/3216
f 3134/3134/3134 3216/3216/3216 3135/3135/3135
f 3135/3135/3135 3216/3216/3216 3217/3217/3217
f 3135/3135/3135 3217/3217/3217 3136/3136/3136
f 3136/3136/3136 3217/3217/3217 3218/3218/3218
f 3136/3136/3136 3218/3218/3218 3137/3137/3137
f 3137/3137/3137 3218/3218/3218 3219/3219/3219
f 3137/3137/3137 3219/3219/3219 3138/3138/3138
f 3138/3138/3138 3219/3219/3219 3220/3220/3220
f 3138/3138/3138 3220/3220/3220 3139/3139/3139
f 3139/3139/3139 3220/3220/3220 3221/3221/3221
f 3139/3139/3139 3221/3221/3221 3140/3140/3140
f 3140/3140/3140 3221/3221/3221 3222/3222/3222
f 3140/3140/3140 3222/3222/3222 3141/3141/3141
f 3141/3141/3141 3222/3222/3222 3223/3223/3223
f 3141/3141/3141 3223/3223/3223 3142/3142/3142
f 3142/3142/3142 3223/3223/3223 3224/3224/3224
f 3142/3142/3142 3224/3224/3224 3143/3143/3143
f 3143/3143/3143 3224/3224/3224 3225/3225/3225
f 3143/3143/3143 3225/3225/3225 3144/3144/3144
f 3144/3144/3144 3225/3225/3225 3226/3226/3226
f 3144/3144/3144 3226/3226/3226 3145/3145/3145
f 3145/3145/3145 3226/3226/3226 3227/3227/3227
f 3145/3145/3145 3227/3227/3227 3146/3146/3146
f 3146/3146/3146 3227/3227/3227 3228/3228/3228
f 3146/3146/3146 3228/3228/3228 3147/3147/3147
f 3147/3147/3147 3228/3228/3228 3229/3229/3229
f 3147/3147/3147 3229/3229/3229 3148/3148/3148
f 3148/3148/3148 3229/3229/3229 3230/3230/3230
f 3148/3148/3148 3230/3230/3230 3149/3149/3149
f 3149/3149/3149 3230/3230/3230 3231/3231/3231
f 3149/3149/3149 3231/3231/3231 3150/3150/3150
f 3150/3150/3150 3231/3231/3231 3232/3232/3232
f 3150/3150/3150 3232/3232/3232 3151/3151/3151
f 3151/3151/3151 3232/3232/3232 3233/3233/3233
f 3151/3151/3151 3233/3233/3233 3152/3152/3152
f 3152/3152/3152 3233/3233/3233 3234/3234/3234
f 3152/3152/3152 3234/3234/3234 3153/3153/3153
f 3153/3153/3153 3234/3234/3234 3235/3235/3235
f 3153/3153/3153 3235/3235/3235 3154/3154/3154
f 3154/3154/3154 3235/3235/3235 3236/3236/3236
f 3154/3154/3154 3236/3236/3236 3155/3155/3155
f 3155/3155/3155 3236/3236/3236 3237/3237/3237
f 3155/3155/3155 3237/3237/3237 3156/3156/3156
f 3156/3156/3156 3237/3237/3237 3238/3238/3238
f 3156/3156/3156 3238/3238/3238 3157/3157/3157
f 3157/3157/3157 3238/3238/3238 3239/3239/3239
f 3157/3157/3157 3239/3239/3239 3158/3158/3158
f 3158/3158/3158 3239/3239/3239 3240/3240/3240
f 3158/3158/3158 3240/3240/3240 3159/3159/3159
f 3160/3160/3160 3241/3241/3241 3242/3242/3242
f 3160/3160/3160 3242/3242/3242 3161/3161/3161
f 3161/3161/3161 3242/3242/3242 3243/3243/3243
f 3161/3161/3161 3243/3243/3243 3162/3162/3162
f 3162/3162/3162 3243/3243/3243 3244/3244/3244
f 3162/3162/3162 3244/3244/3244 3163/3163/3163
f 3163/3163/3163 3244/3244/3244 3245/3245/3245
f 3163/3163/3163 3245/3245/3245 3164/3164/3164
f 3164/3164/3164 3245/3245/3245 3246/3246/3246
f 3164/3164/3164 3246/3246/3246 3165/3165/3165
f 3165/3165/3165 3246/3246/3246 3247/3247/3247
f 3165/3165/3165 3247/3247/3247 3166/3166/3166
f 3166/3166/3166 3247/3247/3247 3248/3248/3248
f 3166/3166/3166 3248/3248/3248 3167/3167/3167
f 3167/3167/3167 3248/3248/3248 3249/3249/3249
f 3167/3167/3167 3249/3249/3249 3168/3168/3168
f 3168/3168/3168 3249/3249/3249 3250/3250/3250
f 3168/3168/3168 3250/3250/3250 3169/3169/3169
f 3169/3169/3169 3250/3250/3250 3251/3251/3251
f 3169/3169/3169 3251/3251/3251 3170/3170/3170
f 3170/3170/3170 3251/3251/3251 3252/3252/3252
f 3170/3170/3170 3252/3252/3252 3171/3171/3171
f 3171/3171/3171 3252/3252/3252 3253/3253/3253
f 3171/3171/3171 3253/3253/3253 3172/3172/3172
f 3172/3172/3172 3253/3253/3253 3254/3254/3254
f 3172/3172/3172 3254/3254/3254 3173/3173/3173
f 3173/3173/3173 3254/3254/3254 3255/3255/3255
f 3173/3173/3173 3255/3255/3255 3174/3174/3174
f 3174/3174/3174 3255/3255/3255 3256/3256/3256
f 3174/3174/3174 3256/3256/3256 3175/3175/3175
f 3175/3175/3175 3256/3256/3256 3257/3257/3257
f 3175/3175/3175 3257/3257/3257 3176/3176/3176
f 3176/3176/3176 3257/3257/3257 3258/3258/3258
f 3176/3176/3176 3258/3258/3258 3177/3177/3177
f 3177/3177/3177 3258/3258/3258 3259/3259/3259
f 3177/3177/3177 3259/3259/3259 3178/3178/3178
f 3178/3178/3178 3259/3259/3259 3260/3260/3260
f 3178/3178/3178 3260/3260/3260 3179/3179/3179
f 3179/3179/3179 3260/3260/3260 3261/3261/3261
f 3179/3179/3179 3261/3261/3261 3180/3180/3180
f 3180/3180/3180 3261/3261/3261 3262/3262/3262
f 3180/3180/3180 3262/3262/3262 3181/3181/3181
f 3181/3181/3181 3262/3262/3262 3263/3263/3263
f 3181/3181/3181 3263/3263/3263 3182/3182/3182
f 3182/3182/3182 3263/3263/3263 3264/3264/3264
f 3182/3182/3182 3264/3264/3264 3183/3183/3183
f 3183/3183/3183 3264/3264/3264 3265/3265/3265
f 3183/3183/3183 3265/3265/3265 3184/3184/3184
f 3184/3184/3184 3265/3265/3265 3266/3266/3266
f 3184/3184/3184 3266/3266/3266 3185/3185/3185
f 3185/3185/3185 3266/3266/3266 3267/3267/3267
f 3185/3185/3185 3267/3267/3267 3186/3186/3186
f 3186/3186/3186 3267/3267/3267 3268/3268/3268
f 3186/3186/3186 3268/3268/3268 3187/3187/3187
f 3187/3187/3187 3268/3268/3268 3269/3269/3269
f 3187/3187/3187 3269/3269/3269 3188/3188/3188
f 3188/3188/3188 3269/3269/3269 3270/3270/3270
f 3188/3188/3188 3270/3270/3270 3189/3189/3189
f 3189/3189/3189 3270/3270/3270 3271/3271/3271
f 3189/3189/3189 3271/3271/3271 3190/3190/3190
f 3190/3190/3190 3271/3271/3271 3272/3272/3272
f 3190/3190/3190 3272/3272/3272 3191/3191/3191
f 3191/3191/3191 3272/3272/3272 3273/3273/3273
f 3191/3191/3191 3273/3273/3273 3192/3192/3192
f 3192/3192/3192 3273/3273/3273 3274/3274/3274
f 3192/3192/3192 3274/3274/3274 3193/3193/3193
f 3193/3193/3193 3274/3274/3274 3275/3275/3275
f 3193/3193/3193 3275/3275/3275 3194/3194/3194
f 3194/3194/3194 3275/3275/3275 3276/3276/3276
f 3194/3194/3194 3276/3276/3276 3195/3195/3195
f 3195/3195/3195 3276/3276/3276 3277/3277/3277
f 3195/3195/3195 3277/3277/3277 3196/3196/3196
f 3196/3196/3196 3277/3277/3277 3278/3278/3278
f 3196/3196/3196 3278/3278/3278 3197/3197/3197
f 3197/3197/3197 3278/3278/3278 3279/3279/3279
f 3197/3197/3197 3279/3279/3279 3198/3198/3198
f 3198/3198/3198 3279/3279/3279 3280/3280/3280
f 3198/3198/3198 3280/3280/3280 3199/3199/3199
f 3199/3199/3199 3280/3280/3280 3281/3281/3281
f 3199/3199/3199 3281/3281/3281 3200/3200/3200
f 3200/3200/3200 3281/3281/3281 3282/3282/3282
f 3200/3200/3200 3282/3282/3282 3201/3201/3201
f 3201/3201/3201 3282/3282/3282 3283/3283/3283
f 3201/3201/3201 3283/3283/3283 3202/3202/3202
f 3202/3202/3202 3283/3283/3283 3284/3284/3284
f 3202/3202/3202 3284/3284/3284 3203/3203/3203
f 3203/3203/3203 3284/3284/3284 3285/3285/3285
f 3203/3203/3203 3285/3285/3285 3204/3204/3204
f 3204/3204/3204 3285/3285/3285 3286/3286/3286
f 3204/3204/3204 3286/3286/3286 3205/3205/3205
f 3205/3205/3205 3286/3286/3286 3287/3287/3287
f 3205/3205/3205 3287/3287/3287 3206/3206/3206
f 3206/3206/3206 3287/3287/3287 3288/3288/3288
f 3206/3206/3206 3288/3288/3288 3207/3207/3207
f 3207/3207/3207 3288/3288/3288 3289/3289/3289
f 3207/3207/3207 3289/3289/3289 3208/3208/3208
f 3208/3208/3208 3289/3289/3289 3290/3290/3290
f 3208/3208/3208 3290/3290/3290 3209/3209/3209
f 3209/3209/3209 3290/3290/3290 3291/3291/3291
f 3209/3209/3209 3291/3291/3291 3210/3210/3210
f 3210/3210/3210 3291/3291/3291 3292/3292/3292
f 3210/3210/3210 3292/3292/3292 3211/3211/3211
f 3211/3211/3211 3292/3292/3292 3293/3293/3293
f 3211/3211/3211 3293/3293/3293 3212/3212/3212
f 3212/3212/3212 3293/3293/3293 3294/3294/3294
f 3212/3212/3212 3294/3294/3294 3213/3213/3213
f 3213/3213/3213 3294/3294/3294 3295/3295/3295
f 3213/3213/3213 3295/3295/3295 3214/3214/3214
f 3214/3214/3214 3295/3295/3295 3296/3296/3296
f 3214/3214/3214 3296/3296/3296 3215/3215/3215
f 3215/3215/3215 3296/3296/3296 3297/3297/3297
f 3215/3215/3215 3297/3297/3297 3216/3216/3216
f 3216/3216/3216 3297/3297/3297 3298/3298/3298
f 3216/3216/3216 3298/3298/3298 3217/3217/3217
f 3217/3217/3217 3298/3298/3298 3299/3299/3299
f 3217/3217/3217 3299/3299/3299 3218/3218/3218
f 3218/3218/3218 3299/3299/3299 3300/3300/3300
f 3218/3218/3218 3300/3300/3300 3219/3219/3219
f 3219/3219/3219 3300/3300/3300 3301/3301/3301
f 3219/3219/3219 3301/3301/3301 3220/3220/3220
f 3220/3220/3220 3301/3301/3301 3302/3302/3302
f 3220/3220/3220 3302/3302/3302 3221/3221/3221
f 3221/3221/3221 3302/3302/3302 3303/3303/3303
f 3221/3221/3221 3303/3303/3303 3222/3222/3222
f 3222/3222/3222 3303/3303/3303 3304/3304/3304
f 3222/3222/3222 3304/3304/3304 3223/3223/3223
f 3223/3223/3223 3304/3304/3304 3305/3305/3305
f 3223/3223/3223 3305/3305/3305 3224/3224/3224
f 3224/3224/3224 3305/3305/3305 3306/3306/3306
f 3224/3224/3224 3306/3306/3306 3225/3225/3225
f 3225/3225/3225 3306/3306/3306 3307/3307/3307
f 3225/3225/3225 3307/3307/3307 3226/3226/3226
f 3226/3226/3226 3307/3307/3307 3308/3308/3308
f 3226/3226/3226 3308/3308/3308 3227/3227/3227
f 3227/3227/3227 3308/3308/3308 3309/3309/3309
f 3227/3227/3227 3309/3309/3309 3228/3228/3228
f 3228/3228/3228 3309/3309/3309 3310/3310/3310
f 3228/3228/3228 3310/3310/3310 3229/3229/3229
f 3229/3229/3229 3310/3310/3310 3311/3311/3311
f 3229/3229/3229 3311/3311/3311 3230/3230/3230
f 3230/3230/3230 3311/3311/3311 3312/3312/3312
f 3230/3230/3230 3312/3312/3312 3231/3231/3231
f 3231/3231/3231 3312/3312/3312 3313/3313/3313
f 3231/3231/3231 3313/3313/3313 3232/3232/3232
f 3232/3232/3232 3313/3313/3313 3314/3314/3314
f 3232/3232/3232 3314/3314/3314 3233/3233/3233
f 3233/3233/3233 3314/3314/3314 3315/3315/3315
f 3233/3233/3233 3315/3315/3315 3234/3234/3234
f 3234/3234/3234 3315/3315/3315 3316/3316/3316
f 3234/3234/3234 3316/3316/3316 3235/3235/3235
f 3235/3235/3235 3316/3316/3316 3317/3317/3317
f 3235/3235/3235 3317/3317/3317 3236/3236/3236
f 3236/3236/3236 3317/3317/3317 3318/3318/3318
f 3236/3236/3236 3318/3318/3318 3237/3237/3237
f 3237/3237/3237 3318/3318/3318 3319/3319/3319
f 3237/3237/3237 3319/3319/3319 3238/3238/3238
f 3238/3238/3238 3319/3319/3319 3320/3320/3320
f 3238/3238/3238 3320/3320/3320 3239/3239/3239
f 3239/3239/3239 3320/3320/3320 3321/3321/3321
f 3239/3239/3239 3321/3321/3321 3240/3240/3240
