# Solar Horizon Ring Model: SaturnRings
# Vertices: 3770, Faces: 6912

v 111.500000 0.000000 0.000000
v 111.393877 0.000000 4.863562
v 111.075709 0.000000 9.717865
v 110.546102 0.000000 14.553670
v 109.806064 0.000000 19.361772
v 108.857005 0.000000 24.133017
v 107.700730 0.000000 28.858324
v 106.339440 0.000000 33.528697
v 104.775727 0.000000 38.135246
v 103.012568 0.000000 42.669203
v 101.053318 0.000000 47.121936
v 98.901708 0.000000 51.484970
v 96.561833 0.000000 55.750000
v 94.038146 0.000000 59.908906
v 91.335453 0.000000 63.953773
v 88.458897 0.000000 67.876899
v 85.413955 0.000000 71.670818
v 82.206423 0.000000 75.328308
v 78.842406 0.000000 78.842406
v 75.328308 0.000000 82.206423
v 71.670818 0.000000 85.413955
v 67.876899 0.000000 88.458897
v 63.953773 0.000000 91.335453
v 59.908906 0.000000 94.038146
v 55.750000 0.000000 96.561833
v 51.484970 0.000000 98.901708
v 47.121936 0.000000 101.053318
v 42.669203 0.000000 103.012568
v 38.135246 0.000000 104.775727
v 33.528697 0.000000 106.339440
v 28.858324 0.000000 107.700730
v 24.133017 0.000000 108.857005
v 19.361772 0.000000 109.806064
v 14.553670 0.000000 110.546102
v 9.717865 0.000000 111.075709
v 4.863562 0.000000 111.393877
v 0.000000 0.000000 111.500000
v -4.863562 0.000000 111.393877
v -9.717865 0.000000 111.075709
v -14.553670 0.000000 110.546102
v -19.361772 0.000000 109.806064
v -24.133017 0.000000 108.857005
v -28.858324 0.000000 107.700730
v -33.528697 0.000000 106.339440
v -38.135246 0.000000 104.775727
v -42.669203 0.000000 103.012568
v -47.121936 0.000000 101.053318
v -51.484970 0.000000 98.901708
v -55.750000 0.000000 96.561833
v -59.908906 0.000000 94.038146
v -63.953773 0.000000 91.335453
v -67.876899 0.000000 88.458897
v -71.670818 0.000000 85.413955
v -75.328308 0.000000 82.206423
v -78.842406 0.000000 78.842406
v -82.206423 0.000000 75.328308
v -85.413955 0.000000 71.670818
v -88.458897 0.000000 67.876899
v -91.335453 0.000000 63.953773
v -94.038146 0.000000 59.908906
v -96.561833 0.000000 55.750000
v -98.901708 0.000000 51.484970
v -101.053318 0.000000 47.121936
v -103.012568 0.000000 42.669203
v -104.775727 0.000000 38.135246
v -106.339440 0.000000 33.528697
v -107.700730 0.000000 28.858324
v -108.857005 0.000000 24.133017
v -109.806064 0.000000 19.361772
v -110.546102 0.000000 14.553670
v -111.075709 0.000000 9.717865
v -111.393877 0.000000 4.863562
v -111.500000 0.000000 0.000000
v -111.393877 0.000000 -4.863562
v -111.075709 0.000000 -9.717865
v -110.546102 0.000000 -14.553670
v -109.806064 0.000000 -19.361772
v -108.857005 0.000000 -24.133017
v -107.700730 0.000000 -28.858324
v -106.339440 0.000000 -33.528697
v -104.775727 0.000000 -38.135246
v -103.012568 0.000000 -42.669203
v -101.053318 0.000000 -47.121936
v -98.901708 0.000000 -51.484970
v -96.561833 0.000000 -55.750000
v -94.038146 0.000000 -59.908906
v -91.335453 0.000000 -63.953773
v -88.458897 0.000000 -67.876899
v -85.413955 0.000000 -71.670818
v -82.206423 0.000000 -75.328308
v -78.842406 0.000000 -78.842406
v -75.328308 0.000000 -82.206423
v -71.670818 0.000000 -85.413955
v -67.876899 0.000000 -88.458897
v -63.953773 0.000000 -91.335453
v -59.908906 0.000000 -94.038146
v -55.750000 0.000000 -96.561833
v -51.484970 0.000000 -98.901708
v -47.121936 0.000000 -101.053318
v -42.669203 0.000000 -103.012568
v -38.135246 0.000000 -104.775727
v -33.528697 0.000000 -106.339440
v -28.858324 0.000000 -107.700730
v -24.133017 0.000000 -108.857005
v -19.361772 0.000000 -109.806064
v -14.553670 0.000000 -110.546102
v -9.717865 0.000000 -111.075709
v -4.863562 0.000000 -111.393877
v -0.000000 0.000000 -111.500000
v 4.863562 0.000000 -111.393877
v 9.717865 0.000000 -111.075709
v 14.553670 0.000000 -110.546102
v 19.361772 0.000000 -109.806064
v 24.133017 0.000000 -108.857005
v 28.858324 0.000000 -107.700730
v 33.528697 0.000000 -106.339440
v 38.135246 0.000000 -104.775727
v 42.669203 0.000000 -103.012568
v 47.121936 0.000000 -101.053318
v 51.484970 0.000000 -98.901708
v 55.750000 0.000000 -96.561833
v 59.908906 0.000000 -94.038146
v 63.953773 0.000000 -91.335453
v 67.876899 0.000000 -88.458897
v 71.670818 0.000000 -85.413955
v 75.328308 0.000000 -82.206423
v 78.842406 0.000000 -78.842406
v 82.206423 0.000000 -75.328308
v 85.413955 0.000000 -71.670818
v 88.458897 0.000000 -67.876899
v 91.335453 0.000000 -63.953773
v 94.038146 0.000000 -59.908906
v 96.561833 0.000000 -55.750000
v 98.901708 0.000000 -51.484970
v 101.053318 0.000000 -47.121936
v 103.012568 0.000000 -42.669203
v 104.775727 0.000000 -38.135246
v 106.339440 0.000000 -33.528697
v 107.700730 0.000000 -28.858324
v 108.857005 0.000000 -24.133017
v 109.806064 0.000000 -19.361772
v 110.546102 0.000000 -14.553670
v 111.075709 0.000000 -9.717865
v 111.393877 0.000000 -4.863562
v 111.500000 0.000000 -0.000000
v 119.500000 0.000000 0.000000
v 119.386262 0.000000 5.212517
v 119.045266 0.000000 10.415111
v 118.477661 0.000000 15.597880
v 117.684526 0.000000 20.750957
v 116.667373 0.000000 25.864534
v 115.428136 0.000000 30.928876
v 113.969176 0.000000 35.934343
v 112.293268 0.000000 40.871407
v 110.403604 0.000000 45.730670
v 108.303781 0.000000 50.502882
v 105.997795 0.000000 55.178959
v 103.490036 0.000000 59.750000
v 100.785278 0.000000 64.207303
v 97.888669 0.000000 68.542384
v 94.805724 0.000000 72.746991
v 91.542311 0.000000 76.813119
v 88.104642 0.000000 80.733030
v 84.499260 0.000000 84.499260
v 80.733030 0.000000 88.104642
v 76.813119 0.000000 91.542311
v 72.746991 0.000000 94.805724
v 68.542384 0.000000 97.888669
v 64.207303 0.000000 100.785278
v 59.750000 0.000000 103.490036
v 55.178959 0.000000 105.997795
v 50.502882 0.000000 108.303781
v 45.730670 0.000000 110.403604
v 40.871407 0.000000 112.293268
v 35.934343 0.000000 113.969176
v 30.928876 0.000000 115.428136
v 25.864534 0.000000 116.667373
v 20.750957 0.000000 117.684526
v 15.597880 0.000000 118.477661
v 10.415111 0.000000 119.045266
v 5.212517 0.000000 119.386262
v 0.000000 0.000000 119.500000
v -5.212517 0.000000 119.386262
v -10.415111 0.000000 119.045266
v -15.597880 0.000000 118.477661
v -20.750957 0.000000 117.684526
v -25.864534 0.000000 116.667373
v -30.928876 0.000000 115.428136
v -35.934343 0.000000 113.969176
v -40.871407 0.000000 112.293268
v -45.730670 0.000000 110.403604
v -50.502882 0.000000 108.303781
v -55.178959 0.000000 105.997795
v -59.750000 0.000000 103.490036
v -64.207303 0.000000 100.785278
v -68.542384 0.000000 97.888669
v -72.746991 0.000000 94.805724
v -76.813119 0.000000 91.542311
v -80.733030 0.000000 88.104642
v -84.499260 0.000000 84.499260
v -88.104642 0.000000 80.733030
v -91.542311 0.000000 76.813119
v -94.805724 0.000000 72.746991
v -97.888669 0.000000 68.542384
v -100.785278 0.000000 64.207303
v -103.490036 0.000000 59.750000
v -105.997795 0.000000 55.178959
v -108.303781 0.000000 50.502882
v -110.403604 0.000000 45.730670
v -112.293268 0.000000 40.871407
v -113.969176 0.000000 35.934343
v -115.428136 0.000000 30.928876
v -116.667373 0.000000 25.864534
v -117.684526 0.000000 20.750957
v -118.477661 0.000000 15.597880
v -119.045266 0.000000 10.415111
v -119.386262 0.000000 5.212517
v -119.500000 0.000000 0.000000
v -119.386262 0.000000 -5.212517
v -119.045266 0.000000 -10.415111
v -118.477661 0.000000 -15.597880
v -117.684526 0.000000 -20.750957
v -116.667373 0.000000 -25.864534
v -115.428136 0.000000 -30.928876
v -113.969176 0.000000 -35.934343
v -112.293268 0.000000 -40.871407
v -110.403604 0.000000 -45.730670
v -108.303781 0.000000 -50.502882
v -105.997795 0.000000 -55.178959
v -103.490036 0.000000 -59.750000
v -100.785278 0.000000 -64.207303
v -97.888669 0.000000 -68.542384
v -94.805724 0.000000 -72.746991
v -91.542311 0.000000 -76.813119
v -88.104642 0.000000 -80.733030
v -84.499260 0.000000 -84.499260
v -80.733030 0.000000 -88.104642
v -76.813119 0.000000 -91.542311
v -72.746991 0.000000 -94.805724
v -68.542384 0.000000 -97.888669
v -64.207303 0.000000 -100.785278
v -59.750000 0.000000 -103.490036
v -55.178959 0.000000 -105.997795
v -50.502882 0.000000 -108.303781
v -45.730670 0.000000 -110.403604
v -40.871407 0.000000 -112.293268
v -35.934343 0.000000 -113.969176
v -30.928876 0.000000 -115.428136
v -25.864534 0.000000 -116.667373
v -20.750957 0.000000 -117.684526
v -15.597880 0.000000 -118.477661
v -10.415111 0.000000 -119.045266
v -5.212517 0.000000 -119.386262
v -0.000000 0.000000 -119.500000
v 5.212517 0.000000 -119.386262
v 10.415111 0.000000 -119.045266
v 15.597880 0.000000 -118.477661
v 20.750957 0.000000 -117.684526
v 25.864534 0.000000 -116.667373
v 30.928876 0.000000 -115.428136
v 35.934343 0.000000 -113.969176
v 40.871407 0.000000 -112.293268
v 45.730670 0.000000 -110.403604
v 50.502882 0.000000 -108.303781
v 55.178959 0.000000 -105.997795
v 59.750000 0.000000 -103.490036
v 64.207303 0.000000 -100.785278
v 68.542384 0.000000 -97.888669
v 72.746991 0.000000 -94.805724
v 76.813119 0.000000 -91.542311
v 80.733030 0.000000 -88.104642
v 84.499260 0.000000 -84.499260
v 88.104642 0.000000 -80.733030
v 91.542311 0.000000 -76.813119
v 94.805724 0.000000 -72.746991
v 97.888669 0.000000 -68.542384
v 100.785278 0.000000 -64.207303
v 103.490036 0.000000 -59.750000
v 105.997795 0.000000 -55.178959
v 108.303781 0.000000 -50.502882
v 110.403604 0.000000 -45.730670
v 112.293268 0.000000 -40.871407
v 113.969176 0.000000 -35.934343
v 115.428136 0.000000 -30.928876
v 116.667373 0.000000 -25.864534
v 117.684526 0.000000 -20.750957
v 118.477661 0.000000 -15.597880
v 119.045266 0.000000 -10.415111
v 119.386262 0.000000 -5.212517
v 119.500000 0.000000 -0.000000
v 127.500000 0.000000 0.000000
v 127.378648 0.000000 5.561472
v 127.014824 0.000000 11.112357
v 126.409220 0.000000 16.642090
v 125.562989 0.000000 22.140143
v 124.477741 0.000000 27.596051
v 123.155543 0.000000 32.999428
v 121.598911 0.000000 38.339989
v 119.810809 0.000000 43.607568
v 117.794640 0.000000 48.792138
v 115.554243 0.000000 53.883828
v 113.093881 0.000000 58.872948
v 110.418239 0.000000 63.750000
v 107.532409 0.000000 68.505700
v 104.441886 0.000000 73.130996
v 101.152551 0.000000 77.617082
v 97.670666 0.000000 81.955420
v 94.002860 0.000000 86.137751
v 90.156115 0.000000 90.156115
v 86.137751 0.000000 94.002860
v 81.955420 0.000000 97.670666
v 77.617082 0.000000 101.152551
v 73.130996 0.000000 104.441886
v 68.505700 0.000000 107.532409
v 63.750000 0.000000 110.418239
v 58.872948 0.000000 113.093881
v 53.883828 0.000000 115.554243
v 48.792138 0.000000 117.794640
v 43.607568 0.000000 119.810809
v 38.339989 0.000000 121.598911
v 32.999428 0.000000 123.155543
v 27.596051 0.000000 124.477741
v 22.140143 0.000000 125.562989
v 16.642090 0.000000 126.409220
v 11.112357 0.000000 127.014824
v 5.561472 0.000000 127.378648
v 0.000000 0.000000 127.500000
v -5.561472 0.000000 127.378648
v -11.112357 0.000000 127.014824
v -16.642090 0.000000 126.409220
v -22.140143 0.000000 125.562989
v -27.596051 0.000000 124.477741
v -32.999428 0.000000 123.155543
v -38.339989 0.000000 121.598911
v -43.607568 0.000000 119.810809
v -48.792138 0.000000 117.794640
v -53.883828 0.000000 115.554243
v -58.872948 0.000000 113.093881
v -63.750000 0.000000 110.418239
v -68.505700 0.000000 107.532409
v -73.130996 0.000000 104.441886
v -77.617082 0.000000 101.152551
v -81.955420 0.000000 97.670666
v -86.137751 0.000000 94.002860
v -90.156115 0.000000 90.156115
v -94.002860 0.000000 86.137751
v -97.670666 0.000000 81.955420
v -101.152551 0.000000 77.617082
v -104.441886 0.000000 73.130996
v -107.532409 0.000000 68.505700
v -110.418239 0.000000 63.750000
v -113.093881 0.000000 58.872948
v -115.554243 0.000000 53.883828
v -117.794640 0.000000 48.792138
v -119.810809 0.000000 43.607568
v -121.598911 0.000000 38.339989
v -123.155543 0.000000 32.999428
v -124.477741 0.000000 27.596051
v -125.562989 0.000000 22.140143
v -126.409220 0.000000 16.642090
v -127.014824 0.000000 11.112357
v -127.378648 0.000000 5.561472
v -127.500000 0.000000 0.000000
v -127.378648 0.000000 -5.561472
v -127.014824 0.000000 -11.112357
v -126.409220 0.000000 -16.642090
v -125.562989 0.000000 -22.140143
v -124.477741 0.000000 -27.596051
v -123.155543 0.000000 -32.999428
v -121.598911 0.000000 -38.339989
v -119.810809 0.000000 -43.607568
v -117.794640 0.000000 -48.792138
v -115.554243 0.000000 -53.883828
v -113.093881 0.000000 -58.872948
v -110.418239 0.000000 -63.750000
v -107.532409 0.000000 -68.505700
v -104.441886 0.000000 -73.130996
v -101.152551 0.000000 -77.617082
v -97.670666 0.000000 -81.955420
v -94.002860 0.000000 -86.137751
v -90.156115 0.000000 -90.156115
v -86.137751 0.000000 -94.002860
v -81.955420 0.000000 -97.670666
v -77.617082 0.000000 -101.152551
v -73.130996 0.000000 -104.441886
v -68.505700 0.000000 -107.532409
v -63.750000 0.000000 -110.418239
v -58.872948 0.000000 -113.093881
v -53.883828 0.000000 -115.554243
v -48.792138 0.000000 -117.794640
v -43.607568 0.000000 -119.810809
v -38.339989 0.000000 -121.598911
v -32.999428 0.000000 -123.155543
v -27.596051 0.000000 -124.477741
v -22.140143 0.000000 -125.562989
v -16.642090 0.000000 -126.409220
v -11.112357 0.000000 -127.014824
v -5.561472 0.000000 -127.378648
v -0.000000 0.000000 -127.500000
v 5.561472 0.000000 -127.378648
v 11.112357 0.000000 -127.014824
v 16.642090 0.000000 -126.409220
v 22.140143 0.000000 -125.562989
v 27.596051 0.000000 -124.477741
v 32.999428 0.000000 -123.155543
v 38.339989 0.000000 -121.598911
v 43.607568 0.000000 -119.810809
v 48.792138 0.000000 -117.794640
v 53.883828 0.000000 -115.554243
v 58.872948 0.000000 -113.093881
v 63.750000 0.000000 -110.418239
v 68.505700 0.000000 -107.532409
v 73.130996 0.000000 -104.441886
v 77.617082 0.000000 -101.152551
v 81.955420 0.000000 -97.670666
v 86.137751 0.000000 -94.002860
v 90.156115 0.000000 -90.156115
v 94.002860 0.000000 -86.137751
v 97.670666 0.000000 -81.955420
v 101.152551 0.000000 -77.617082
v 104.441886 0.000000 -73.130996
v 107.532409 0.000000 -68.505700
v 110.418239 0.000000 -63.750000
v 113.093881 0.000000 -58.872948
v 115.554243 0.000000 -53.883828
v 117.794640 0.000000 -48.792138
v 119.810809 0.000000 -43.607568
v 121.598911 0.000000 -38.339989
v 123.155543 0.000000 -32.999428
v 124.477741 0.000000 -27.596051
v 125.562989 0.000000 -22.140143
v 126.409220 0.000000 -16.642090
v 127.014824 0.000000 -11.112357
v 127.378648 0.000000 -5.561472
v 127.500000 0.000000 -0.000000
v 135.500000 0.000000 0.000000
v 135.371034 0.000000 5.910427
v 134.984382 0.000000 11.809603
v 134.340779 0.000000 17.686299
v 133.441451 0.000000 23.529328
v 132.288109 0.000000 29.327568
v 130.882949 0.000000 35.069981
v 129.228647 0.000000 40.745636
v 127.328350 0.000000 46.343729
v 125.185677 0.000000 51.853605
v 122.804705 0.000000 57.264774
v 120.189968 0.000000 62.566937
v 117.346442 0.000000 67.750000
v 114.279541 0.000000 72.804097
v 110.995102 0.000000 77.719607
v 107.499378 0.000000 82.487174
v 103.799022 0.000000 87.097721
v 99.901079 0.000000 91.542473
v 95.812969 0.000000 95.812969
v 91.542473 0.000000 99.901079
v 87.097721 0.000000 103.799022
v 82.487174 0.000000 107.499378
v 77.719607 0.000000 110.995102
v 72.804097 0.000000 114.279541
v 67.750000 0.000000 117.346442
v 62.566937 0.000000 120.189968
v 57.264774 0.000000 122.804705
v 51.853605 0.000000 125.185677
v 46.343729 0.000000 127.328350
v 40.745636 0.000000 129.228647
v 35.069981 0.000000 130.882949
v 29.327568 0.000000 132.288109
v 23.529328 0.000000 133.441451
v 17.686299 0.000000 134.340779
v 11.809603 0.000000 134.984382
v 5.910427 0.000000 135.371034
v 0.000000 0.000000 135.500000
v -5.910427 0.000000 135.371034
v -11.809603 0.000000 134.984382
v -17.686299 0.000000 134.340779
v -23.529328 0.000000 133.441451
v -29.327568 0.000000 132.288109
v -35.069981 0.000000 130.882949
v -40.745636 0.000000 129.228647
v -46.343729 0.000000 127.328350
v -51.853605 0.000000 125.185677
v -57.264774 0.000000 122.804705
v -62.566937 0.000000 120.189968
v -67.750000 0.000000 117.346442
v -72.804097 0.000000 114.279541
v -77.719607 0.000000 110.995102
v -82.487174 0.000000 107.499378
v -87.097721 0.000000 103.799022
v -91.542473 0.000000 99.901079
v -95.812969 0.000000 95.812969
v -99.901079 0.000000 91.542473
v -103.799022 0.000000 87.097721
v -107.499378 0.000000 82.487174
v -110.995102 0.000000 77.719607
v -114.279541 0.000000 72.804097
v -117.346442 0.000000 67.750000
v -120.189968 0.000000 62.566937
v -122.804705 0.000000 57.264774
v -125.185677 0.000000 51.853605
v -127.328350 0.000000 46.343729
v -129.228647 0.000000 40.745636
v -130.882949 0.000000 35.069981
v -132.288109 0.000000 29.327568
v -133.441451 0.000000 23.529328
v -134.340779 0.000000 17.686299
v -134.984382 0.000000 11.809603
v -135.371034 0.000000 5.910427
v -135.500000 0.000000 0.000000
v -135.371034 0.000000 -5.910427
v -134.984382 0.000000 -11.809603
v -134.340779 0.000000 -17.686299
v -133.441451 0.000000 -23.529328
v -132.288109 0.000000 -29.327568
v -130.882949 0.000000 -35.069981
v -129.228647 0.000000 -40.745636
v -127.328350 0.000000 -46.343729
v -125.185677 0.000000 -51.853605
v -122.804705 0.000000 -57.264774
v -120.189968 0.000000 -62.566937
v -117.346442 0.000000 -67.750000
v -114.279541 0.000000 -72.804097
v -110.995102 0.000000 -77.719607
v -107.499378 0.000000 -82.487174
v -103.799022 0.000000 -87.097721
v -99.901079 0.000000 -91.542473
v -95.812969 0.000000 -95.812969
v -91.542473 0.000000 -99.901079
v -87.097721 0.000000 -103.799022
v -82.487174 0.000000 -107.499378
v -77.719607 0.000000 -110.995102
v -72.804097 0.000000 -114.279541
v -67.750000 0.000000 -117.346442
v -62.566937 0.000000 -120.189968
v -57.264774 0.000000 -122.804705
v -51.853605 0.000000 -125.185677
v -46.343729 0.000000 -127.328350
v -40.745636 0.000000 -129.228647
v -35.069981 0.000000 -130.882949
v -29.327568 0.000000 -132.288109
v -23.529328 0.000000 -133.441451
v -17.686299 0.000000 -134.340779
v -11.809603 0.000000 -134.984382
v -5.910427 0.000000 -135.371034
v -0.000000 0.000000 -135.500000
v 5.910427 0.000000 -135.371034
v 11.809603 0.000000 -134.984382
v 17.686299 0.000000 -134.340779
v 23.529328 0.000000 -133.441451
v 29.327568 0.000000 -132.288109
v 35.069981 0.000000 -130.882949
v 40.745636 0.000000 -129.228647
v 46.343729 0.000000 -127.328350
v 51.853605 0.000000 -125.185677
v 57.264774 0.000000 -122.804705
v 62.566937 0.000000 -120.189968
v 67.750000 0.000000 -117.346442
v 72.804097 0.000000 -114.279541
v 77.719607 0.000000 -110.995102
v 82.487174 0.000000 -107.499378
v 87.097721 0.000000 -103.799022
v 91.542473 0.000000 -99.901079
v 95.812969 0.000000 -95.812969
v 99.901079 0.000000 -91.542473
v 103.799022 0.000000 -87.097721
v 107.499378 0.000000 -82.487174
v 110.995102 0.000000 -77.719607
v 114.279541 0.000000 -72.804097
v 117.346442 0.000000 -67.750000
v 120.189968 0.000000 -62.566937
v 122.804705 0.000000 -57.264774
v 125.185677 0.000000 -51.853605
v 127.328350 0.000000 -46.343729
v 129.228647 0.000000 -40.745636
v 130.882949 0.000000 -35.069981
v 132.288109 0.000000 -29.327568
v 133.441451 0.000000 -23.529328
v 134.340779 0.000000 -17.686299
v 134.984382 0.000000 -11.809603
v 135.371034 0.000000 -5.910427
v 135.500000 0.000000 -0.000000
v 143.500000 0.000000 0.000000
v 143.363420 0.000000 6.259382
v 142.953939 0.000000 12.506849
v 142.272338 0.000000 18.730509
v 141.319913 0.000000 24.918513
v 140.098477 0.000000 31.059085
v 138.610356 0.000000 37.140533
v 136.858382 0.000000 43.151282
v 134.845891 0.000000 49.079891
v 132.576713 0.000000 54.915073
v 130.055167 0.000000 60.645721
v 127.286055 0.000000 66.260926
v 124.274645 0.000000 71.750000
v 121.026672 0.000000 77.102494
v 117.548318 0.000000 82.308219
v 113.846204 0.000000 87.357265
v 109.927378 0.000000 92.240022
v 105.799298 0.000000 96.947195
v 101.469823 0.000000 101.469823
v 96.947195 0.000000 105.799298
v 92.240022 0.000000 109.927378
v 87.357265 0.000000 113.846204
v 82.308219 0.000000 117.548318
v 77.102494 0.000000 121.026672
v 71.750000 0.000000 124.274645
v 66.260926 0.000000 127.286055
v 60.645721 0.000000 130.055167
v 54.915073 0.000000 132.576713
v 49.079891 0.000000 134.845891
v 43.151282 0.000000 136.858382
v 37.140533 0.000000 138.610356
v 31.059085 0.000000 140.098477
v 24.918513 0.000000 141.319913
v 18.730509 0.000000 142.272338
v 12.506849 0.000000 142.953939
v 6.259382 0.000000 143.363420
v 0.000000 0.000000 143.500000
v -6.259382 0.000000 143.363420
v -12.506849 0.000000 142.953939
v -18.730509 0.000000 142.272338
v -24.918513 0.000000 141.319913
v -31.059085 0.000000 140.098477
v -37.140533 0.000000 138.610356
v -43.151282 0.000000 136.858382
v -49.079891 0.000000 134.845891
v -54.915073 0.000000 132.576713
v -60.645721 0.000000 130.055167
v -66.260926 0.000000 127.286055
v -71.750000 0.000000 124.274645
v -77.102494 0.000000 121.026672
v -82.308219 0.000000 117.548318
v -87.357265 0.000000 113.846204
v -92.240022 0.000000 109.927378
v -96.947195 0.000000 105.799298
v -101.469823 0.000000 101.469823
v -105.799298 0.000000 96.947195
v -109.927378 0.000000 92.240022
v -113.846204 0.000000 87.357265
v -117.548318 0.000000 82.308219
v -121.026672 0.000000 77.102494
v -124.274645 0.000000 71.750000
v -127.286055 0.000000 66.260926
v -130.055167 0.000000 60.645721
v -132.576713 0.000000 54.915073
v -134.845891 0.000000 49.079891
v -136.858382 0.000000 43.151282
v -138.610356 0.000000 37.140533
v -140.098477 0.000000 31.059085
v -141.319913 0.000000 24.918513
v -142.272338 0.000000 18.730509
v -142.953939 0.000000 12.506849
v -143.363420 0.000000 6.259382
v -143.500000 0.000000 0.000000
v -143.363420 0.000000 -6.259382
v -142.953939 0.000000 -12.506849
v -142.272338 0.000000 -18.730509
v -141.319913 0.000000 -24.918513
v -140.098477 0.000000 -31.059085
v -138.610356 0.000000 -37.140533
v -136.858382 0.000000 -43.151282
v -134.845891 0.000000 -49.079891
v -132.576713 0.000000 -54.915073
v -130.055167 0.000000 -60.645721
v -127.286055 0.000000 -66.260926
v -124.274645 0.000000 -71.750000
v -121.026672 0.000000 -77.102494
v -117.548318 0.000000 -82.308219
v -113.846204 0.000000 -87.357265
v -109.927378 0.000000 -92.240022
v -105.799298 0.000000 -96.947195
v -101.469823 0.000000 -101.469823
v -96.947195 0.000000 -105.799298
v -92.240022 0.000000 -109.927378
v -87.357265 0.000000 -113.846204
v -82.308219 0.000000 -117.548318
v -77.102494 0.000000 -121.026672
v -71.750000 0.000000 -124.274645
v -66.260926 0.000000 -127.286055
v -60.645721 0.000000 -130.055167
v -54.915073 0.000000 -132.576713
v -49.079891 0.000000 -134.845891
v -43.151282 0.000000 -136.858382
v -37.140533 0.000000 -138.610356
v -31.059085 0.000000 -140.098477
v -24.918513 0.000000 -141.319913
v -18.730509 0.000000 -142.272338
v -12.506849 0.000000 -142.953939
v -6.259382 0.000000 -143.363420
v -0.000000 0.000000 -143.500000
v 6.259382 0.000000 -143.363420
v 12.506849 0.000000 -142.953939
v 18.730509 0.000000 -142.272338
v 24.918513 0.000000 -141.319913
v 31.059085 0.000000 -140.098477
v 37.140533 0.000000 -138.610356
v 43.151282 0.000000 -136.858382
v 49.079891 0.000000 -134.845891
v 54.915073 0.000000 -132.576713
v 60.645721 0.000000 -130.055167
v 66.260926 0.000000 -127.286055
v 71.750000 0.000000 -124.274645
v 77.102494 0.000000 -121.026672
v 82.308219 0.000000 -117.548318
v 87.357265 0.000000 -113.846204
v 92.240022 0.000000 -109.927378
v 96.947195 0.000000 -105.799298
v 101.469823 0.000000 -101.469823
v 105.799298 0.000000 -96.947195
v 109.927378 0.000000 -92.240022
v 113.846204 0.000000 -87.357265
v 117.548318 0.000000 -82.308219
v 121.026672 0.000000 -77.102494
v 124.274645 0.000000 -71.750000
v 127.286055 0.000000 -66.260926
v 130.055167 0.000000 -60.645721
v 132.576713 0.000000 -54.915073
v 134.845891 0.000000 -49.079891
v 136.858382 0.000000 -43.151282
v 138.610356 0.000000 -37.140533
v 140.098477 0.000000 -31.059085
v 141.319913 0.000000 -24.918513
v 142.272338 0.000000 -18.730509
v 142.953939 0.000000 -12.506849
v 143.363420 0.000000 -6.259382
v 143.500000 0.000000 -0.000000
v 151.500000 0.000000 0.000000
v 151.355806 0.000000 6.608337
v 150.923497 0.000000 13.204095
v 150.203896 0.000000 19.774718
v 149.198375 0.000000 26.307699
v 147.908845 0.000000 32.790602
v 146.337763 0.000000 39.211085
v 144.488118 0.000000 45.556929
v 142.363432 0.000000 51.816052
v 139.967749 0.000000 57.976540
v 137.305630 0.000000 64.026667
v 134.382141 0.000000 69.954915
v 131.202849 0.000000 75.750000
v 127.773804 0.000000 81.400891
v 124.101535 0.000000 86.896830
v 120.193031 0.000000 92.227356
v 116.055733 0.000000 97.382323
v 111.697517 0.000000 102.351916
v 107.126677 0.000000 107.126677
v 102.351916 0.000000 111.697517
v 97.382323 0.000000 116.055733
v 92.227356 0.000000 120.193031
v 86.896830 0.000000 124.101535
v 81.400891 0.000000 127.773804
v 75.750000 0.000000 131.202849
v 69.954915 0.000000 134.382141
v 64.026667 0.000000 137.305630
v 57.976540 0.000000 139.967749
v 51.816052 0.000000 142.363432
v 45.556929 0.000000 144.488118
v 39.211085 0.000000 146.337763
v 32.790602 0.000000 147.908845
v 26.307699 0.000000 149.198375
v 19.774718 0.000000 150.203896
v 13.204095 0.000000 150.923497
v 6.608337 0.000000 151.355806
v 0.000000 0.000000 151.500000
v -6.608337 0.000000 151.355806
v -13.204095 0.000000 150.923497
v -19.774718 0.000000 150.203896
v -26.307699 0.000000 149.198375
v -32.790602 0.000000 147.908845
v -39.211085 0.000000 146.337763
v -45.556929 0.000000 144.488118
v -51.816052 0.000000 142.363432
v -57.976540 0.000000 139.967749
v -64.026667 0.000000 137.305630
v -69.954915 0.000000 134.382141
v -75.750000 0.000000 131.202849
v -81.400891 0.000000 127.773804
v -86.896830 0.000000 124.101535
v -92.227356 0.000000 120.193031
v -97.382323 0.000000 116.055733
v -102.351916 0.000000 111.697517
v -107.126677 0.000000 107.126677
v -111.697517 0.000000 102.351916
v -116.055733 0.000000 97.382323
v -120.193031 0.000000 92.227356
v -124.101535 0.000000 86.896830
v -127.773804 0.000000 81.400891
v -131.202849 0.000000 75.750000
v -134.382141 0.000000 69.954915
v -137.305630 0.000000 64.026667
v -139.967749 0.000000 57.976540
v -142.363432 0.000000 51.816052
v -144.488118 0.000000 45.556929
v -146.337763 0.000000 39.211085
v -147.908845 0.000000 32.790602
v -149.198375 0.000000 26.307699
v -150.203896 0.000000 19.774718
v -150.923497 0.000000 13.204095
v -151.355806 0.000000 6.608337
v -151.500000 0.000000 0.000000
v -151.355806 0.000000 -6.608337
v -150.923497 0.000000 -13.204095
v -150.203896 0.000000 -19.774718
v -149.198375 0.000000 -26.307699
v -147.908845 0.000000 -32.790602
v -146.337763 0.000000 -39.211085
v -144.488118 0.000000 -45.556929
v -142.363432 0.000000 -51.816052
v -139.967749 0.000000 -57.976540
v -137.305630 0.000000 -64.026667
v -134.382141 0.000000 -69.954915
v -131.202849 0.000000 -75.750000
v -127.773804 0.000000 -81.400891
v -124.101535 0.000000 -86.896830
v -120.193031 0.000000 -92.227356
v -116.055733 0.000000 -97.382323
v -111.697517 0.000000 -102.351916
v -107.126677 0.000000 -107.126677
v -102.351916 0.000000 -111.697517
v -97.382323 0.000000 -116.055733
v -92.227356 0.000000 -120.193031
v -86.896830 0.000000 -124.101535
v -81.400891 0.000000 -127.773804
v -75.750000 0.000000 -131.202849
v -69.954915 0.000000 -134.382141
v -64.026667 0.000000 -137.305630
v -57.976540 0.000000 -139.967749
v -51.816052 0.000000 -142.363432
v -45.556929 0.000000 -144.488118
v -39.211085 0.000000 -146.337763
v -32.790602 0.000000 -147.908845
v -26.307699 0.000000 -149.198375
v -19.774718 0.000000 -150.203896
v -13.204095 0.000000 -150.923497
v -6.608337 0.000000 -151.355806
v -0.000000 0.000000 -151.500000
v 6.608337 0.000000 -151.355806
v 13.204095 0.000000 -150.923497
v 19.774718 0.000000 -150.203896
v 26.307699 0.000000 -149.198375
v 32.790602 0.000000 -147.908845
v 39.211085 0.000000 -146.337763
v 45.556929 0.000000 -144.488118
v 51.816052 0.000000 -142.363432
v 57.976540 0.000000 -139.967749
v 64.026667 0.000000 -137.305630
v 69.954915 0.000000 -134.382141
v 75.750000 0.000000 -131.202849
v 81.400891 0.000000 -127.773804
v 86.896830 0.000000 -124.101535
v 92.227356 0.000000 -120.193031
v 97.382323 0.000000 -116.055733
v 102.351916 0.000000 -111.697517
v 107.126677 0.000000 -107.126677
v 111.697517 0.000000 -102.351916
v 116.055733 0.000000 -97.382323
v 120.193031 0.000000 -92.227356
v 124.101535 0.000000 -86.896830
v 127.773804 0.000000 -81.400891
v 131.202849 0.000000 -75.750000
v 134.382141 0.000000 -69.954915
v 137.305630 0.000000 -64.026667
v 139.967749 0.000000 -57.976540
v 142.363432 0.000000 -51.816052
v 144.488118 0.000000 -45.556929
v 146.337763 0.000000 -39.211085
v 147.908845 0.000000 -32.790602
v 149.198375 0.000000 -26.307699
v 150.203896 0.000000 -19.774718
v 150.923497 0.000000 -13.204095
v 151.355806 0.000000 -6.608337
v 151.500000 0.000000 -0.000000
v 159.500000 0.000000 0.000000
v 159.348191 0.000000 6.957292
v 158.893054 0.000000 13.901341
v 158.135455 0.000000 20.818928
v 157.076837 0.000000 27.696884
v 155.719213 0.000000 34.522118
v 154.065169 0.000000 41.281638
v 152.117854 0.000000 47.962575
v 149.880973 0.000000 54.552213
v 147.358785 0.000000 61.038007
v 144.556092 0.000000 67.407613
v 141.478228 0.000000 73.648904
v 138.131052 0.000000 79.750000
v 134.520936 0.000000 85.699288
v 130.654751 0.000000 91.485442
v 126.539858 0.000000 97.097448
v 122.184089 0.000000 102.524624
v 117.595735 0.000000 107.756638
v 112.783532 0.000000 112.783532
v 107.756638 0.000000 117.595735
v 102.524624 0.000000 122.184089
v 97.097448 0.000000 126.539858
v 91.485442 0.000000 130.654751
v 85.699288 0.000000 134.520936
v 79.750000 0.000000 138.131052
v 73.648904 0.000000 141.478228
v 67.407613 0.000000 144.556092
v 61.038007 0.000000 147.358785
v 54.552213 0.000000 149.880973
v 47.962575 0.000000 152.117854
v 41.281638 0.000000 154.065169
v 34.522118 0.000000 155.719213
v 27.696884 0.000000 157.076837
v 20.818928 0.000000 158.135455
v 13.901341 0.000000 158.893054
v 6.957292 0.000000 159.348191
v 0.000000 0.000000 159.500000
v -6.957292 0.000000 159.348191
v -13.901341 0.000000 158.893054
v -20.818928 0.000000 158.135455
v -27.696884 0.000000 157.076837
v -34.522118 0.000000 155.719213
v -41.281638 0.000000 154.065169
v -47.962575 0.000000 152.117854
v -54.552213 0.000000 149.880973
v -61.038007 0.000000 147.358785
v -67.407613 0.000000 144.556092
v -73.648904 0.000000 141.478228
v -79.750000 0.000000 138.131052
v -85.699288 0.000000 134.520936
v -91.485442 0.000000 130.654751
v -97.097448 0.000000 126.539858
v -102.524624 0.000000 122.184089
v -107.756638 0.000000 117.595735
v -112.783532 0.000000 112.783532
v -117.595735 0.000000 107.756638
v -122.184089 0.000000 102.524624
v -126.539858 0.000000 97.097448
v -130.654751 0.000000 91.485442
v -134.520936 0.000000 85.699288
v -138.131052 0.000000 79.750000
v -141.478228 0.000000 73.648904
v -144.556092 0.000000 67.407613
v -147.358785 0.000000 61.038007
v -149.880973 0.000000 54.552213
v -152.117854 0.000000 47.962575
v -154.065169 0.000000 41.281638
v -155.719213 0.000000 34.522118
v -157.076837 0.000000 27.696884
v -158.135455 0.000000 20.818928
v -158.893054 0.000000 13.901341
v -159.348191 0.000000 6.957292
v -159.500000 0.000000 0.000000
v -159.348191 0.000000 -6.957292
v -158.893054 0.000000 -13.901341
v -158.135455 0.000000 -20.818928
v -157.076837 0.000000 -27.696884
v -155.719213 0.000000 -34.522118
v -154.065169 0.000000 -41.281638
v -152.117854 0.000000 -47.962575
v -149.880973 0.000000 -54.552213
v -147.358785 0.000000 -61.038007
v -144.556092 0.000000 -67.407613
v -141.478228 0.000000 -73.648904
v -138.131052 0.000000 -79.750000
v -134.520936 0.000000 -85.699288
v -130.654751 0.000000 -91.485442
v -126.539858 0.000000 -97.097448
v -122.184089 0.000000 -102.524624
v -117.595735 0.000000 -107.756638
v -112.783532 0.000000 -112.783532
v -107.756638 0.000000 -117.595735
v -102.524624 0.000000 -122.184089
v -97.097448 0.000000 -126.539858
v -91.485442 0.000000 -130.654751
v -85.699288 0.000000 -134.520936
v -79.750000 0.000000 -138.131052
v -73.648904 0.000000 -141.478228
v -67.407613 0.000000 -144.556092
v -61.038007 0.000000 -147.358785
v -54.552213 0.000000 -149.880973
v -47.962575 0.000000 -152.117854
v -41.281638 0.000000 -154.065169
v -34.522118 0.000000 -155.719213
v -27.696884 0.000000 -157.076837
v -20.818928 0.000000 -158.135455
v -13.901341 0.000000 -158.893054
v -6.957292 0.000000 -159.348191
v -0.000000 0.000000 -159.500000
v 6.957292 0.000000 -159.348191
v 13.901341 0.000000 -158.893054
v 20.818928 0.000000 -158.135455
v 27.696884 0.000000 -157.076837
v 34.522118 0.000000 -155.719213
v 41.281638 0.000000 -154.065169
v 47.962575 0.000000 -152.117854
v 54.552213 0.000000 -149.880973
v 61.038007 0.000000 -147.358785
v 67.407613 0.000000 -144.556092
v 73.648904 0.000000 -141.478228
v 79.750000 0.000000 -138.131052
v 85.699288 0.000000 -134.520936
v 91.485442 0.000000 -130.654751
v 97.097448 0.000000 -126.539858
v 102.524624 0.000000 -122.184089
v 107.756638 0.000000 -117.595735
v 112.783532 0.000000 -112.783532
v 117.595735 0.000000 -107.756638
v 122.184089 0.000000 -102.524624
v 126.539858 0.000000 -97.097448
v 130.654751 0.000000 -91.485442
v 134.520936 0.000000 -85.699288
v 138.131052 0.000000 -79.750000
v 141.478228 0.000000 -73.648904
v 144.556092 0.000000 -67.407613
v 147.358785 0.000000 -61.038007
v 149.880973 0.000000 -54.552213
v 152.117854 0.000000 -47.962575
v 154.065169 0.000000 -41.281638
v 155.719213 0.000000 -34.522118
v 157.076837 0.000000 -27.696884
v 158.135455 0.000000 -20.818928
v 158.893054 0.000000 -13.901341
v 159.348191 0.000000 -6.957292
v 159.500000 0.000000 -0.000000
v 167.500000 0.000000 0.000000
v 167.340577 0.000000 7.306247
v 166.862612 0.000000 14.598587
v 166.067014 0.000000 21.863137
v 164.955299 0.000000 29.086070
v 163.529581 0.000000 36.253635
v 161.792576 0.000000 43.352190
v 159.747589 0.000000 50.368221
v 157.398514 0.000000 57.288374
v 154.749822 0.000000 64.099475
v 151.806554 0.000000 70.788559
v 148.574315 0.000000 77.342893
v 145.059255 0.000000 83.750000
v 141.268067 0.000000 89.997684
v 137.207967 0.000000 96.074053
v 132.886684 0.000000 101.967539
v 128.312444 0.000000 107.666925
v 123.493954 0.000000 113.161360
v 118.440386 0.000000 118.440386
v 113.161360 0.000000 123.493954
v 107.666925 0.000000 128.312444
v 101.967539 0.000000 132.886684
v 96.074053 0.000000 137.207967
v 89.997684 0.000000 141.268067
v 83.750000 0.000000 145.059255
v 77.342893 0.000000 148.574315
v 70.788559 0.000000 151.806554
v 64.099475 0.000000 154.749822
v 57.288374 0.000000 157.398514
v 50.368221 0.000000 159.747589
v 43.352190 0.000000 161.792576
v 36.253635 0.000000 163.529581
v 29.086070 0.000000 164.955299
v 21.863137 0.000000 166.067014
v 14.598587 0.000000 166.862612
v 7.306247 0.000000 167.340577
v 0.000000 0.000000 167.500000
v -7.306247 0.000000 167.340577
v -14.598587 0.000000 166.862612
v -21.863137 0.000000 166.067014
v -29.086070 0.000000 164.955299
v -36.253635 0.000000 163.529581
v -43.352190 0.000000 161.792576
v -50.368221 0.000000 159.747589
v -57.288374 0.000000 157.398514
v -64.099475 0.000000 154.749822
v -70.788559 0.000000 151.806554
v -77.342893 0.000000 148.574315
v -83.750000 0.000000 145.059255
v -89.997684 0.000000 141.268067
v -96.074053 0.000000 137.207967
v -101.967539 0.000000 132.886684
v -107.666925 0.000000 128.312444
v -113.161360 0.000000 123.493954
v -118.440386 0.000000 118.440386
v -123.493954 0.000000 113.161360
v -128.312444 0.000000 107.666925
v -132.886684 0.000000 101.967539
v -137.207967 0.000000 96.074053
v -141.268067 0.000000 89.997684
v -145.059255 0.000000 83.750000
v -148.574315 0.000000 77.342893
v -151.806554 0.000000 70.788559
v -154.749822 0.000000 64.099475
v -157.398514 0.000000 57.288374
v -159.747589 0.000000 50.368221
v -161.792576 0.000000 43.352190
v -163.529581 0.000000 36.253635
v -164.955299 0.000000 29.086070
v -166.067014 0.000000 21.863137
v -166.862612 0.000000 14.598587
v -167.340577 0.000000 7.306247
v -167.500000 0.000000 0.000000
v -167.340577 0.000000 -7.306247
v -166.862612 0.000000 -14.598587
v -166.067014 0.000000 -21.863137
v -164.955299 0.000000 -29.086070
v -163.529581 0.000000 -36.253635
v -161.792576 0.000000 -43.352190
v -159.747589 0.000000 -50.368221
v -157.398514 0.000000 -57.288374
v -154.749822 0.000000 -64.099475
v -151.806554 0.000000 -70.788559
v -148.574315 0.000000 -77.342893
v -145.059255 0.000000 -83.750000
v -141.268067 0.000000 -89.997684
v -137.207967 0.000000 -96.074053
v -132.886684 0.000000 -101.967539
v -128.312444 0.000000 -107.666925
v -123.493954 0.000000 -113.161360
v -118.440386 0.000000 -118.440386
v -113.161360 0.000000 -123.493954
v -107.666925 0.000000 -128.312444
v -101.967539 0.000000 -132.886684
v -96.074053 0.000000 -137.207967
v -89.997684 0.000000 -141.268067
v -83.750000 0.000000 -145.059255
v -77.342893 0.000000 -148.574315
v -70.788559 0.000000 -151.806554
v -64.099475 0.000000 -154.749822
v -57.288374 0.000000 -157.398514
v -50.368221 0.000000 -159.747589
v -43.352190 0.000000 -161.792576
v -36.253635 0.000000 -163.529581
v -29.086070 0.000000 -164.955299
v -21.863137 0.000000 -166.067014
v -14.598587 0.000000 -166.862612
v -7.306247 0.000000 -167.340577
v -0.000000 0.000000 -167.500000
v 7.306247 0.000000 -167.340577
v 14.598587 0.000000 -166.862612
v 21.863137 0.000000 -166.067014
v 29.086070 0.000000 -164.955299
v 36.253635 0.000000 -163.529581
v 43.352190 0.000000 -161.792576
v 50.368221 0.000000 -159.747589
v 57.288374 0.000000 -157.398514
v 64.099475 0.000000 -154.749822
v 70.788559 0.000000 -151.806554
v 77.342893 0.000000 -148.574315
v 83.750000 0.000000 -145.059255
v 89.997684 0.000000 -141.268067
v 96.074053 0.000000 -137.207967
v 101.967539 0.000000 -132.886684
v 107.666925 0.000000 -128.312444
v 113.161360 0.000000 -123.493954
v 118.440386 0.000000 -118.440386
v 123.493954 0.000000 -113.161360
v 128.312444 0.000000 -107.666925
v 132.886684 0.000000 -101.967539
v 137.207967 0.000000 -96.074053
v 141.268067 0.000000 -89.997684
v 145.059255 0.000000 -83.750000
v 148.574315 0.000000 -77.342893
v 151.806554 0.000000 -70.788559
v 154.749822 0.000000 -64.099475
v 157.398514 0.000000 -57.288374
v 159.747589 0.000000 -50.368221
v 161.792576 0.000000 -43.352190
v 163.529581 0.000000 -36.253635
v 164.955299 0.000000 -29.086070
v 166.067014 0.000000 -21.863137
v 166.862612 0.000000 -14.598587
v 167.340577 0.000000 -7.306247
v 167.500000 0.000000 -0.000000
v 175.500000 0.000000 0.000000
v 175.332963 0.000000 7.655202
v 174.832170 0.000000 15.295833
v 173.998573 0.000000 22.907347
v 172.833761 0.000000 30.475255
v 171.339949 0.000000 37.985152
v 169.519983 0.000000 45.422742
v 167.377325 0.000000 52.773868
v 164.916055 0.000000 60.024535
v 162.140858 0.000000 67.160942
v 159.057017 0.000000 74.169505
v 155.670401 0.000000 81.036882
v 151.987458 0.000000 87.750000
v 148.015199 0.000000 94.296081
v 143.761184 0.000000 100.662665
v 139.233511 0.000000 106.837631
v 134.440800 0.000000 112.809225
v 129.392173 0.000000 118.566081
v 124.097240 0.000000 124.097240
v 118.566081 0.000000 129.392173
v 112.809225 0.000000 134.440800
v 106.837631 0.000000 139.233511
v 100.662665 0.000000 143.761184
v 94.296081 0.000000 148.015199
v 87.750000 0.000000 151.987458
v 81.036882 0.000000 155.670401
v 74.169505 0.000000 159.057017
v 67.160942 0.000000 162.140858
v 60.024535 0.000000 164.916055
v 52.773868 0.000000 167.377325
v 45.422742 0.000000 169.519983
v 37.985152 0.000000 171.339949
v 30.475255 0.000000 172.833761
v 22.907347 0.000000 173.998573
v 15.295833 0.000000 174.832170
v 7.655202 0.000000 175.332963
v 0.000000 0.000000 175.500000
v -7.655202 0.000000 175.332963
v -15.295833 0.000000 174.832170
v -22.907347 0.000000 173.998573
v -30.475255 0.000000 172.833761
v -37.985152 0.000000 171.339949
v -45.422742 0.000000 169.519983
v -52.773868 0.000000 167.377325
v -60.024535 0.000000 164.916055
v -67.160942 0.000000 162.140858
v -74.169505 0.000000 159.057017
v -81.036882 0.000000 155.670401
v -87.750000 0.000000 151.987458
v -94.296081 0.000000 148.015199
v -100.662665 0.000000 143.761184
v -106.837631 0.000000 139.233511
v -112.809225 0.000000 134.440800
v -118.566081 0.000000 129.392173
v -124.097240 0.000000 124.097240
v -129.392173 0.000000 118.566081
v -134.440800 0.000000 112.809225
v -139.233511 0.000000 106.837631
v -143.761184 0.000000 100.662665
v -148.015199 0.000000 94.296081
v -151.987458 0.000000 87.750000
v -155.670401 0.000000 81.036882
v -159.057017 0.000000 74.169505
v -162.140858 0.000000 67.160942
v -164.916055 0.000000 60.024535
v -167.377325 0.000000 52.773868
v -169.519983 0.000000 45.422742
v -171.339949 0.000000 37.985152
v -172.833761 0.000000 30.475255
v -173.998573 0.000000 22.907347
v -174.832170 0.000000 15.295833
v -175.332963 0.000000 7.655202
v -175.500000 0.000000 0.000000
v -175.332963 0.000000 -7.655202
v -174.832170 0.000000 -15.295833
v -173.998573 0.000000 -22.907347
v -172.833761 0.000000 -30.475255
v -171.339949 0.000000 -37.985152
v -169.519983 0.000000 -45.422742
v -167.377325 0.000000 -52.773868
v -164.916055 0.000000 -60.024535
v -162.140858 0.000000 -67.160942
v -159.057017 0.000000 -74.169505
v -155.670401 0.000000 -81.036882
v -151.987458 0.000000 -87.750000
v -148.015199 0.000000 -94.296081
v -143.761184 0.000000 -100.662665
v -139.233511 0.000000 -106.837631
v -134.440800 0.000000 -112.809225
v -129.392173 0.000000 -118.566081
v -124.097240 0.000000 -124.097240
v -118.566081 0.000000 -129.392173
v -112.809225 0.000000 -134.440800
v -106.837631 0.000000 -139.233511
v -100.662665 0.000000 -143.761184
v -94.296081 0.000000 -148.015199
v -87.750000 0.000000 -151.987458
v -81.036882 0.000000 -155.670401
v -74.169505 0.000000 -159.057017
v -67.160942 0.000000 -162.140858
v -60.024535 0.000000 -164.916055
v -52.773868 0.000000 -167.377325
v -45.422742 0.000000 -169.519983
v -37.985152 0.000000 -171.339949
v -30.475255 0.000000 -172.833761
v -22.907347 0.000000 -173.998573
v -15.295833 0.000000 -174.832170
v -7.655202 0.000000 -175.332963
v -0.000000 0.000000 -175.500000
v 7.655202 0.000000 -175.332963
v 15.295833 0.000000 -174.832170
v 22.907347 0.000000 -173.998573
v 30.475255 0.000000 -172.833761
v 37.985152 0.000000 -171.339949
v 45.422742 0.000000 -169.519983
v 52.773868 0.000000 -167.377325
v 60.024535 0.000000 -164.916055
v 67.160942 0.000000 -162.140858
v 74.169505 0.000000 -159.057017
v 81.036882 0.000000 -155.670401
v 87.750000 0.000000 -151.987458
v 94.296081 0.000000 -148.015199
v 100.662665 0.000000 -143.761184
v 106.837631 0.000000 -139.233511
v 112.809225 0.000000 -134.440800
v 118.566081 0.000000 -129.392173
v 124.097240 0.000000 -124.097240
v 129.392173 0.000000 -118.566081
v 134.440800 0.000000 -112.809225
v 139.233511 0.000000 -106.837631
v 143.761184 0.000000 -100.662665
v 148.015199 0.000000 -94.296081
v 151.987458 0.000000 -87.750000
v 155.670401 0.000000 -81.036882
v 159.057017 0.000000 -74.169505
v 162.140858 0.000000 -67.160942
v 164.916055 0.000000 -60.024535
v 167.377325 0.000000 -52.773868
v 169.519983 0.000000 -45.422742
v 171.339949 0.000000 -37.985152
v 172.833761 0.000000 -30.475255
v 173.998573 0.000000 -22.907347
v 174.832170 0.000000 -15.295833
v 175.332963 0.000000 -7.655202
v 175.500000 0.000000 -0.000000
v 183.500000 0.000000 0.000000
v 183.325349 0.000000 8.004158
v 182.801727 0.000000 15.993079
v 181.930132 0.000000 23.951556
v 180.712223 0.000000 31.864441
v 179.150317 0.000000 39.716669
v 177.247389 0.000000 47.493295
v 175.007060 0.000000 55.179514
v 172.433596 0.000000 62.760696
v 169.531894 0.000000 70.222410
v 166.307479 0.000000 77.550451
v 162.766488 0.000000 84.730871
v 158.915662 0.000000 91.750000
v 154.762330 0.000000 98.594478
v 150.314400 0.000000 105.251276
v 145.580338 0.000000 111.707722
v 140.569155 0.000000 117.951526
v 135.290391 0.000000 123.970803
v 129.754094 0.000000 129.754094
v 123.970803 0.000000 135.290391
v 117.951526 0.000000 140.569155
v 111.707722 0.000000 145.580338
v 105.251276 0.000000 150.314400
v 98.594478 0.000000 154.762330
v 91.750000 0.000000 158.915662
v 84.730871 0.000000 162.766488
v 77.550451 0.000000 166.307479
v 70.222410 0.000000 169.531894
v 62.760696 0.000000 172.433596
v 55.179514 0.000000 175.007060
v 47.493295 0.000000 177.247389
v 39.716669 0.000000 179.150317
v 31.864441 0.000000 180.712223
v 23.951556 0.000000 181.930132
v 15.993079 0.000000 182.801727
v 8.004158 0.000000 183.325349
v 0.000000 0.000000 183.500000
v -8.004158 0.000000 183.325349
v -15.993079 0.000000 182.801727
v -23.951556 0.000000 181.930132
v -31.864441 0.000000 180.712223
v -39.716669 0.000000 179.150317
v -47.493295 0.000000 177.247389
v -55.179514 0.000000 175.007060
v -62.760696 0.000000 172.433596
v -70.222410 0.000000 169.531894
v -77.550451 0.000000 166.307479
v -84.730871 0.000000 162.766488
v -91.750000 0.000000 158.915662
v -98.594478 0.000000 154.762330
v -105.251276 0.000000 150.314400
v -111.707722 0.000000 145.580338
v -117.951526 0.000000 140.569155
v -123.970803 0.000000 135.290391
v -129.754094 0.000000 129.754094
v -135.290391 0.000000 123.970803
v -140.569155 0.000000 117.951526
v -145.580338 0.000000 111.707722
v -150.314400 0.000000 105.251276
v -154.762330 0.000000 98.594478
v -158.915662 0.000000 91.750000
v -162.766488 0.000000 84.730871
v -166.307479 0.000000 77.550451
v -169.531894 0.000000 70.222410
v -172.433596 0.000000 62.760696
v -175.007060 0.000000 55.179514
v -177.247389 0.000000 47.493295
v -179.150317 0.000000 39.716669
v -180.712223 0.000000 31.864441
v -181.930132 0.000000 23.951556
v -182.801727 0.000000 15.993079
v -183.325349 0.000000 8.004158
v -183.500000 0.000000 0.000000
v -183.325349 0.000000 -8.004158
v -182.801727 0.000000 -15.993079
v -181.930132 0.000000 -23.951556
v -180.712223 0.000000 -31.864441
v -179.150317 0.000000 -39.716669
v -177.247389 0.000000 -47.493295
v -175.007060 0.000000 -55.179514
v -172.433596 0.000000 -62.760696
v -169.531894 0.000000 -70.222410
v -166.307479 0.000000 -77.550451
v -162.766488 0.000000 -84.730871
v -158.915662 0.000000 -91.750000
v -154.762330 0.000000 -98.594478
v -150.314400 0.000000 -105.251276
v -145.580338 0.000000 -111.707722
v -140.569155 0.000000 -117.951526
v -135.290391 0.000000 -123.970803
v -129.754094 0.000000 -129.754094
v -123.970803 0.000000 -135.290391
v -117.951526 0.000000 -140.569155
v -111.707722 0.000000 -145.580338
v -105.251276 0.000000 -150.314400
v -98.594478 0.000000 -154.762330
v -91.750000 0.000000 -158.915662
v -84.730871 0.000000 -162.766488
v -77.550451 0.000000 -166.307479
v -70.222410 0.000000 -169.531894
v -62.760696 0.000000 -172.433596
v -55.179514 0.000000 -175.007060
v -47.493295 0.000000 -177.247389
v -39.716669 0.000000 -179.150317
v -31.864441 0.000000 -180.712223
v -23.951556 0.000000 -181.930132
v -15.993079 0.000000 -182.801727
v -8.004158 0.000000 -183.325349
v -0.000000 0.000000 -183.500000
v 8.004158 0.000000 -183.325349
v 15.993079 0.000000 -182.801727
v 23.951556 0.000000 -181.930132
v 31.864441 0.000000 -180.712223
v 39.716669 0.000000 -179.150317
v 47.493295 0.000000 -177.247389
v 55.179514 0.000000 -175.007060
v 62.760696 0.000000 -172.433596
v 70.222410 0.000000 -169.531894
v 77.550451 0.000000 -166.307479
v 84.730871 0.000000 -162.766488
v 91.750000 0.000000 -158.915662
v 98.594478 0.000000 -154.762330
v 105.251276 0.000000 -150.314400
v 111.707722 0.000000 -145.580338
v 117.951526 0.000000 -140.569155
v 123.970803 0.000000 -135.290391
v 129.754094 0.000000 -129.754094
v 135.290391 0.000000 -123.970803
v 140.569155 0.000000 -117.951526
v 145.580338 0.000000 -111.707722
v 150.314400 0.000000 -105.251276
v 154.762330 0.000000 -98.594478
v 158.915662 0.000000 -91.750000
v 162.766488 0.000000 -84.730871
v 166.307479 0.000000 -77.550451
v 169.531894 0.000000 -70.222410
v 172.433596 0.000000 -62.760696
v 175.007060 0.000000 -55.179514
v 177.247389 0.000000 -47.493295
v 179.150317 0.000000 -39.716669
v 180.712223 0.000000 -31.864441
v 181.930132 0.000000 -23.951556
v 182.801727 0.000000 -15.993079
v 183.325349 0.000000 -8.004158
v 183.500000 0.000000 -0.000000
v 191.500000 0.000000 0.000000
v 191.317734 0.000000 8.353113
v 190.771285 0.000000 16.690325
v 189.861691 0.000000 24.995766
v 188.590685 0.000000 33.253626
v 186.960685 0.000000 41.448186
v 184.974796 0.000000 49.563847
v 182.636796 0.000000 57.585161
v 179.951137 0.000000 65.496857
v 176.922930 0.000000 73.283877
v 173.557941 0.000000 80.931397
v 169.862575 0.000000 88.424859
v 165.843865 0.000000 95.750000
v 161.509462 0.000000 102.892875
v 156.867616 0.000000 109.839888
v 151.927165 0.000000 116.577814
v 146.697511 0.000000 123.093827
v 141.188610 0.000000 129.375525
v 135.410949 0.000000 135.410949
v 129.375525 0.000000 141.188610
v 123.093827 0.000000 146.697511
v 116.577814 0.000000 151.927165
v 109.839888 0.000000 156.867616
v 102.892875 0.000000 161.509462
v 95.750000 0.000000 165.843865
v 88.424859 0.000000 169.862575
v 80.931397 0.000000 173.557941
v 73.283877 0.000000 176.922930
v 65.496857 0.000000 179.951137
v 57.585161 0.000000 182.636796
v 49.563847 0.000000 184.974796
v 41.448186 0.000000 186.960685
v 33.253626 0.000000 188.590685
v 24.995766 0.000000 189.861691
v 16.690325 0.000000 190.771285
v 8.353113 0.000000 191.317734
v 0.000000 0.000000 191.500000
v -8.353113 0.000000 191.317734
v -16.690325 0.000000 190.771285
v -24.995766 0.000000 189.861691
v -33.253626 0.000000 188.590685
v -41.448186 0.000000 186.960685
v -49.563847 0.000000 184.974796
v -57.585161 0.000000 182.636796
v -65.496857 0.000000 179.951137
v -73.283877 0.000000 176.922930
v -80.931397 0.000000 173.557941
v -88.424859 0.000000 169.862575
v -95.750000 0.000000 165.843865
v -102.892875 0.000000 161.509462
v -109.839888 0.000000 156.867616
v -116.577814 0.000000 151.927165
v -123.093827 0.000000 146.697511
v -129.375525 0.000000 141.188610
v -135.410949 0.000000 135.410949
v -141.188610 0.000000 129.375525
v -146.697511 0.000000 123.093827
v -151.927165 0.000000 116.577814
v -156.867616 0.000000 109.839888
v -161.509462 0.000000 102.892875
v -165.843865 0.000000 95.750000
v -169.862575 0.000000 88.424859
v -173.557941 0.000000 80.931397
v -176.922930 0.000000 73.283877
v -179.951137 0.000000 65.496857
v -182.636796 0.000000 57.585161
v -184.974796 0.000000 49.563847
v -186.960685 0.000000 41.448186
v -188.590685 0.000000 33.253626
v -189.861691 0.000000 24.995766
v -190.771285 0.000000 16.690325
v -191.317734 0.000000 8.353113
v -191.500000 0.000000 0.000000
v -191.317734 0.000000 -8.353113
v -190.771285 0.000000 -16.690325
v -189.861691 0.000000 -24.995766
v -188.590685 0.000000 -33.253626
v -186.960685 0.000000 -41.448186
v -184.974796 0.000000 -49.563847
v -182.636796 0.000000 -57.585161
v -179.951137 0.000000 -65.496857
v -176.922930 0.000000 -73.283877
v -173.557941 0.000000 -80.931397
v -169.862575 0.000000 -88.424859
v -165.843865 0.000000 -95.750000
v -161.509462 0.000000 -102.892875
v -156.867616 0.000000 -109.839888
v -151.927165 0.000000 -116.577814
v -146.697511 0.000000 -123.093827
v -141.188610 0.000000 -129.375525
v -135.410949 0.000000 -135.410949
v -129.375525 0.000000 -141.188610
v -123.093827 0.000000 -146.697511
v -116.577814 0.000000 -151.927165
v -109.839888 0.000000 -156.867616
v -102.892875 0.000000 -161.509462
v -95.750000 0.000000 -165.843865
v -88.424859 0.000000 -169.862575
v -80.931397 0.000000 -173.557941
v -73.283877 0.000000 -176.922930
v -65.496857 0.000000 -179.951137
v -57.585161 0.000000 -182.636796
v -49.563847 0.000000 -184.974796
v -41.448186 0.000000 -186.960685
v -33.253626 0.000000 -188.590685
v -24.995766 0.000000 -189.861691
v -16.690325 0.000000 -190.771285
v -8.353113 0.000000 -191.317734
v -0.000000 0.000000 -191.500000
v 8.353113 0.000000 -191.317734
v 16.690325 0.000000 -190.771285
v 24.995766 0.000000 -189.861691
v 33.253626 0.000000 -188.590685
v 41.448186 0.000000 -186.960685
v 49.563847 0.000000 -184.974796
v 57.585161 0.000000 -182.636796
v 65.496857 0.000000 -179.951137
v 73.283877 0.000000 -176.922930
v 80.931397 0.000000 -173.557941
v 88.424859 0.000000 -169.862575
v 95.750000 0.000000 -165.843865
v 102.892875 0.000000 -161.509462
v 109.839888 0.000000 -156.867616
v 116.577814 0.000000 -151.927165
v 123.093827 0.000000 -146.697511
v 129.375525 0.000000 -141.188610
v 135.410949 0.000000 -135.410949
v 141.188610 0.000000 -129.375525
v 146.697511 0.000000 -123.093827
v 151.927165 0.000000 -116.577814
v 156.867616 0.000000 -109.839888
v 161.509462 0.000000 -102.892875
v 165.843865 0.000000 -95.750000
v 169.862575 0.000000 -88.424859
v 173.557941 0.000000 -80.931397
v 176.922930 0.000000 -73.283877
v 179.951137 0.000000 -65.496857
v 182.636796 0.000000 -57.585161
v 184.974796 0.000000 -49.563847
v 186.960685 0.000000 -41.448186
v 188.590685 0.000000 -33.253626
v 189.861691 0.000000 -24.995766
v 190.771285 0.000000 -16.690325
v 191.317734 0.000000 -8.353113
v 191.500000 0.000000 -0.000000
v 199.500000 0.000000 0.000000
v 199.310120 0.000000 8.702068
v 198.740842 0.000000 17.387571
v 197.793250 0.000000 26.039975
v 196.469147 0.000000 34.642811
v 194.771053 0.000000 43.179703
v 192.702202 0.000000 51.634399
v 190.266532 0.000000 59.990807
v 187.468678 0.000000 68.233019
v 184.313967 0.000000 76.345345
v 180.808404 0.000000 84.312343
v 176.958661 0.000000 92.118848
v 172.772068 0.000000 99.750000
v 168.256593 0.000000 107.191272
v 163.420833 0.000000 114.428499
v 158.273991 0.000000 121.447905
v 152.825866 0.000000 128.236128
v 147.086829 0.000000 134.780246
v 141.067803 0.000000 141.067803
v 134.780246 0.000000 147.086829
v 128.236128 0.000000 152.825866
v 121.447905 0.000000 158.273991
v 114.428499 0.000000 163.420833
v 107.191272 0.000000 168.256593
v 99.750000 0.000000 172.772068
v 92.118848 0.000000 176.958661
v 84.312343 0.000000 180.808404
v 76.345345 0.000000 184.313967
v 68.233019 0.000000 187.468678
v 59.990807 0.000000 190.266532
v 51.634399 0.000000 192.702202
v 43.179703 0.000000 194.771053
v 34.642811 0.000000 196.469147
v 26.039975 0.000000 197.793250
v 17.387571 0.000000 198.740842
v 8.702068 0.000000 199.310120
v 0.000000 0.000000 199.500000
v -8.702068 0.000000 199.310120
v -17.387571 0.000000 198.740842
v -26.039975 0.000000 197.793250
v -34.642811 0.000000 196.469147
v -43.179703 0.000000 194.771053
v -51.634399 0.000000 192.702202
v -59.990807 0.000000 190.266532
v -68.233019 0.000000 187.468678
v -76.345345 0.000000 184.313967
v -84.312343 0.000000 180.808404
v -92.118848 0.000000 176.958661
v -99.750000 0.000000 172.772068
v -107.191272 0.000000 168.256593
v -114.428499 0.000000 163.420833
v -121.447905 0.000000 158.273991
v -128.236128 0.000000 152.825866
v -134.780246 0.000000 147.086829
v -141.067803 0.000000 141.067803
v -147.086829 0.000000 134.780246
v -152.825866 0.000000 128.236128
v -158.273991 0.000000 121.447905
v -163.420833 0.000000 114.428499
v -168.256593 0.000000 107.191272
v -172.772068 0.000000 99.750000
v -176.958661 0.000000 92.118848
v -180.808404 0.000000 84.312343
v -184.313967 0.000000 76.345345
v -187.468678 0.000000 68.233019
v -190.266532 0.000000 59.990807
v -192.702202 0.000000 51.634399
v -194.771053 0.000000 43.179703
v -196.469147 0.000000 34.642811
v -197.793250 0.000000 26.039975
v -198.740842 0.000000 17.387571
v -199.310120 0.000000 8.702068
v -199.500000 0.000000 0.000000
v -199.310120 0.000000 -8.702068
v -198.740842 0.000000 -17.387571
v -197.793250 0.000000 -26.039975
v -196.469147 0.000000 -34.642811
v -194.771053 0.000000 -43.179703
v -192.702202 0.000000 -51.634399
v -190.266532 0.000000 -59.990807
v -187.468678 0.000000 -68.233019
v -184.313967 0.000000 -76.345345
v -180.808404 0.000000 -84.312343
v -176.958661 0.000000 -92.118848
v -172.772068 0.000000 -99.750000
v -168.256593 0.000000 -107.191272
v -163.420833 0.000000 -114.428499
v -158.273991 0.000000 -121.447905
v -152.825866 0.000000 -128.236128
v -147.086829 0.000000 -134.780246
v -141.067803 0.000000 -141.067803
v -134.780246 0.000000 -147.086829
v -128.236128 0.000000 -152.825866
v -121.447905 0.000000 -158.273991
v -114.428499 0.000000 -163.420833
v -107.191272 0.000000 -168.256593
v -99.750000 0.000000 -172.772068
v -92.118848 0.000000 -176.958661
v -84.312343 0.000000 -180.808404
v -76.345345 0.000000 -184.313967
v -68.233019 0.000000 -187.468678
v -59.990807 0.000000 -190.266532
v -51.634399 0.000000 -192.702202
v -43.179703 0.000000 -194.771053
v -34.642811 0.000000 -196.469147
v -26.039975 0.000000 -197.793250
v -17.387571 0.000000 -198.740842
v -8.702068 0.000000 -199.310120
v -0.000000 0.000000 -199.500000
v 8.702068 0.000000 -199.310120
v 17.387571 0.000000 -198.740842
v 26.039975 0.000000 -197.793250
v 34.642811 0.000000 -196.469147
v 43.179703 0.000000 -194.771053
v 51.634399 0.000000 -192.702202
v 59.990807 0.000000 -190.266532
v 68.233019 0.000000 -187.468678
v 76.345345 0.000000 -184.313967
v 84.312343 0.000000 -180.808404
v 92.118848 0.000000 -176.958661
v 99.750000 0.000000 -172.772068
v 107.191272 0.000000 -168.256593
v 114.428499 0.000000 -163.420833
v 121.447905 0.000000 -158.273991
v 128.236128 0.000000 -152.825866
v 134.780246 0.000000 -147.086829
v 141.067803 0.000000 -141.067803
v 147.086829 0.000000 -134.780246
v 152.825866 0.000000 -128.236128
v 158.273991 0.000000 -121.447905
v 163.420833 0.000000 -114.428499
v 168.256593 0.000000 -107.191272
v 172.772068 0.000000 -99.750000
v 176.958661 0.000000 -92.118848
v 180.808404 0.000000 -84.312343
v 184.313967 0.000000 -76.345345
v 187.468678 0.000000 -68.233019
v 190.266532 0.000000 -59.990807
v 192.702202 0.000000 -51.634399
v 194.771053 0.000000 -43.179703
v 196.469147 0.000000 -34.642811
v 197.793250 0.000000 -26.039975
v 198.740842 0.000000 -17.387571
v 199.310120 0.000000 -8.702068
v 199.500000 0.000000 -0.000000
v 207.500000 0.000000 0.000000
v 207.302506 0.000000 9.051023
v 206.710400 0.000000 18.084817
v 205.724809 0.000000 27.084185
v 204.347609 0.000000 36.031997
v 202.581421 0.000000 44.911220
v 200.429609 0.000000 53.704952
v 197.896267 0.000000 62.396453
v 194.986219 0.000000 70.969180
v 191.705003 0.000000 79.406812
v 188.058866 0.000000 87.693289
v 184.054748 0.000000 95.812837
v 179.700271 0.000000 103.750000
v 175.003725 0.000000 111.489669
v 169.974049 0.000000 119.017111
v 164.620818 0.000000 126.317997
v 158.954222 0.000000 133.378429
v 152.985047 0.000000 140.184968
v 146.724657 0.000000 146.724657
v 140.184968 0.000000 152.985047
v 133.378429 0.000000 158.954222
v 126.317997 0.000000 164.620818
v 119.017111 0.000000 169.974049
v 111.489669 0.000000 175.003725
v 103.750000 0.000000 179.700271
v 95.812837 0.000000 184.054748
v 87.693289 0.000000 188.058866
v 79.406812 0.000000 191.705003
v 70.969180 0.000000 194.986219
v 62.396453 0.000000 197.896267
v 53.704952 0.000000 200.429609
v 44.911220 0.000000 202.581421
v 36.031997 0.000000 204.347609
v 27.084185 0.000000 205.724809
v 18.084817 0.000000 206.710400
v 9.051023 0.000000 207.302506
v 0.000000 0.000000 207.500000
v -9.051023 0.000000 207.302506
v -18.084817 0.000000 206.710400
v -27.084185 0.000000 205.724809
v -36.031997 0.000000 204.347609
v -44.911220 0.000000 202.581421
v -53.704952 0.000000 200.429609
v -62.396453 0.000000 197.896267
v -70.969180 0.000000 194.986219
v -79.406812 0.000000 191.705003
v -87.693289 0.000000 188.058866
v -95.812837 0.000000 184.054748
v -103.750000 0.000000 179.700271
v -111.489669 0.000000 175.003725
v -119.017111 0.000000 169.974049
v -126.317997 0.000000 164.620818
v -133.378429 0.000000 158.954222
v -140.184968 0.000000 152.985047
v -146.724657 0.000000 146.724657
v -152.985047 0.000000 140.184968
v -158.954222 0.000000 133.378429
v -164.620818 0.000000 126.317997
v -169.974049 0.000000 119.017111
v -175.003725 0.000000 111.489669
v -179.700271 0.000000 103.750000
v -184.054748 0.000000 95.812837
v -188.058866 0.000000 87.693289
v -191.705003 0.000000 79.406812
v -194.986219 0.000000 70.969180
v -197.896267 0.000000 62.396453
v -200.429609 0.000000 53.704952
v -202.581421 0.000000 44.911220
v -204.347609 0.000000 36.031997
v -205.724809 0.000000 27.084185
v -206.710400 0.000000 18.084817
v -207.302506 0.000000 9.051023
v -207.500000 0.000000 0.000000
v -207.302506 0.000000 -9.051023
v -206.710400 0.000000 -18.084817
v -205.724809 0.000000 -27.084185
v -204.347609 0.000000 -36.031997
v -202.581421 0.000000 -44.911220
v -200.429609 0.000000 -53.704952
v -197.896267 0.000000 -62.396453
v -194.986219 0.000000 -70.969180
v -191.705003 0.000000 -79.406812
v -188.058866 0.000000 -87.693289
v -184.054748 0.000000 -95.812837
v -179.700271 0.000000 -103.750000
v -175.003725 0.000000 -111.489669
v -169.974049 0.000000 -119.017111
v -164.620818 0.000000 -126.317997
v -158.954222 0.000000 -133.378429
v -152.985047 0.000000 -140.184968
v -146.724657 0.000000 -146.724657
v -140.184968 0.000000 -152.985047
v -133.378429 0.000000 -158.954222
v -126.317997 0.000000 -164.620818
v -119.017111 0.000000 -169.974049
v -111.489669 0.000000 -175.003725
v -103.750000 0.000000 -179.700271
v -95.812837 0.000000 -184.054748
v -87.693289 0.000000 -188.058866
v -79.406812 0.000000 -191.705003
v -70.969180 0.000000 -194.986219
v -62.396453 0.000000 -197.896267
v -53.704952 0.000000 -200.429609
v -44.911220 0.000000 -202.581421
v -36.031997 0.000000 -204.347609
v -27.084185 0.000000 -205.724809
v -18.084817 0.000000 -206.710400
v -9.051023 0.000000 -207.302506
v -0.000000 0.000000 -207.500000
v 9.051023 0.000000 -207.302506
v 18.084817 0.000000 -206.710400
v 27.084185 0.000000 -205.724809
v 36.031997 0.000000 -204.347609
v 44.911220 0.000000 -202.581421
v 53.704952 0.000000 -200.429609
v 62.396453 0.000000 -197.896267
v 70.969180 0.000000 -194.986219
v 79.406812 0.000000 -191.705003
v 87.693289 0.000000 -188.058866
v 95.812837 0.000000 -184.054748
v 103.750000 0.000000 -179.700271
v 111.489669 0.000000 -175.003725
v 119.017111 0.000000 -169.974049
v 126.317997 0.000000 -164.620818
v 133.378429 0.000000 -158.954222
v 140.184968 0.000000 -152.985047
v 146.724657 0.000000 -146.724657
v 152.985047 0.000000 -140.184968
v 158.954222 0.000000 -133.378429
v 164.620818 0.000000 -126.317997
v 169.974049 0.000000 -119.017111
v 175.003725 0.000000 -111.489669
v 179.700271 0.000000 -103.750000
v 184.054748 0.000000 -95.812837
v 188.058866 0.000000 -87.693289
v 191.705003 0.000000 -79.406812
v 194.986219 0.000000 -70.969180
v 197.896267 0.000000 -62.396453
v 200.429609 0.000000 -53.704952
v 202.581421 0.000000 -44.911220
v 204.347609 0.000000 -36.031997
v 205.724809 0.000000 -27.084185
v 206.710400 0.000000 -18.084817
v 207.302506 0.000000 -9.051023
v 207.500000 0.000000 -0.000000
v 111.500000 0.000000 0.000000
v 111.393877 0.000000 4.863562
v 111.075709 0.000000 9.717865
v 110.546102 0.000000 14.553670
v 109.806064 0.000000 19.361772
v 108.857005 0.000000 24.133017
v 107.700730 0.000000 28.858324
v 106.339440 0.000000 33.528697
v 104.775727 0.000000 38.135246
v 103.012568 0.000000 42.669203
v 101.053318 0.000000 47.121936
v 98.901708 0.000000 51.484970
v 96.561833 0.000000 55.750000
v 94.038146 0.000000 59.908906
v 91.335453 0.000000 63.953773
v 88.458897 0.000000 67.876899
v 85.413955 0.000000 71.670818
v 82.206423 0.000000 75.328308
v 78.842406 0.000000 78.842406
v 75.328308 0.000000 82.206423
v 71.670818 0.000000 85.413955
v 67.876899 0.000000 88.458897
v 63.953773 0.000000 91.335453
v 59.908906 0.000000 94.038146
v 55.750000 0.000000 96.561833
v 51.484970 0.000000 98.901708
v 47.121936 0.000000 101.053318
v 42.669203 0.000000 103.012568
v 38.135246 0.000000 104.775727
v 33.528697 0.000000 106.339440
v 28.858324 0.000000 107.700730
v 24.133017 0.000000 108.857005
v 19.361772 0.000000 109.806064
v 14.553670 0.000000 110.546102
v 9.717865 0.000000 111.075709
v 4.863562 0.000000 111.393877
v 0.000000 0.000000 111.500000
v -4.863562 0.000000 111.393877
v -9.717865 0.000000 111.075709
v -14.553670 0.000000 110.546102
v -19.361772 0.000000 109.806064
v -24.133017 0.000000 108.857005
v -28.858324 0.000000 107.700730
v -33.528697 0.000000 106.339440
v -38.135246 0.000000 104.775727
v -42.669203 0.000000 103.012568
v -47.121936 0.000000 101.053318
v -51.484970 0.000000 98.901708
v -55.750000 0.000000 96.561833
v -59.908906 0.000000 94.038146
v -63.953773 0.000000 91.335453
v -67.876899 0.000000 88.458897
v -71.670818 0.000000 85.413955
v -75.328308 0.000000 82.206423
v -78.842406 0.000000 78.842406
v -82.206423 0.000000 75.328308
v -85.413955 0.000000 71.670818
v -88.458897 0.000000 67.876899
v -91.335453 0.000000 63.953773
v -94.038146 0.000000 59.908906
v -96.561833 0.000000 55.750000
v -98.901708 0.000000 51.484970
v -101.053318 0.000000 47.121936
v -103.012568 0.000000 42.669203
v -104.775727 0.000000 38.135246
v -106.339440 0.000000 33.528697
v -107.700730 0.000000 28.858324
v -108.857005 0.000000 24.133017
v -109.806064 0.000000 19.361772
v -110.546102 0.000000 14.553670
v -111.075709 0.000000 9.717865
v -111.393877 0.000000 4.863562
v -111.500000 0.000000 0.000000
v -111.393877 0.000000 -4.863562
v -111.075709 0.000000 -9.717865
v -110.546102 0.000000 -14.553670
v -109.806064 0.000000 -19.361772
v -108.857005 0.000000 -24.133017
v -107.700730 0.000000 -28.858324
v -106.339440 0.000000 -33.528697
v -104.775727 0.000000 -38.135246
v -103.012568 0.000000 -42.669203
v -101.053318 0.000000 -47.121936
v -98.901708 0.000000 -51.484970
v -96.561833 0.000000 -55.750000
v -94.038146 0.000000 -59.908906
v -91.335453 0.000000 -63.953773
v -88.458897 0.000000 -67.876899
v -85.413955 0.000000 -71.670818
v -82.206423 0.000000 -75.328308
v -78.842406 0.000000 -78.842406
v -75.328308 0.000000 -82.206423
v -71.670818 0.000000 -85.413955
v -67.876899 0.000000 -88.458897
v -63.953773 0.000000 -91.335453
v -59.908906 0.000000 -94.038146
v -55.750000 0.000000 -96.561833
v -51.484970 0.000000 -98.901708
v -47.121936 0.000000 -101.053318
v -42.669203 0.000000 -103.012568
v -38.135246 0.000000 -104.775727
v -33.528697 0.000000 -106.339440
v -28.858324 0.000000 -107.700730
v -24.133017 0.000000 -108.857005
v -19.361772 0.000000 -109.806064
v -14.553670 0.000000 -110.546102
v -9.717865 0.000000 -111.075709
v -4.863562 0.000000 -111.393877
v -0.000000 0.000000 -111.500000
v 4.863562 0.000000 -111.393877
v 9.717865 0.000000 -111.075709
v 14.553670 0.000000 -110.546102
v 19.361772 0.000000 -109.806064
v 24.133017 0.000000 -108.857005
v 28.858324 0.000000 -107.700730
v 33.528697 0.000000 -106.339440
v 38.135246 0.000000 -104.775727
v 42.669203 0.000000 -103.012568
v 47.121936 0.000000 -101.053318
v 51.484970 0.000000 -98.901708
v 55.750000 0.000000 -96.561833
v 59.908906 0.000000 -94.038146
v 63.953773 0.000000 -91.335453
v 67.876899 0.000000 -88.458897
v 71.670818 0.000000 -85.413955
v 75.328308 0.000000 -82.206423
v 78.842406 0.000000 -78.842406
v 82.206423 0.000000 -75.328308
v 85.413955 0.000000 -71.670818
v 88.458897 0.000000 -67.876899
v 91.335453 0.000000 -63.953773
v 94.038146 0.000000 -59.908906
v 96.561833 0.000000 -55.750000
v 98.901708 0.000000 -51.484970
v 101.053318 0.000000 -47.121936
v 103.012568 0.000000 -42.669203
v 104.775727 0.000000 -38.135246
v 106.339440 0.000000 -33.528697
v 107.700730 0.000000 -28.858324
v 108.857005 0.000000 -24.133017
v 109.806064 0.000000 -19.361772
v 110.546102 0.000000 -14.553670
v 111.075709 0.000000 -9.717865
v 111.393877 0.000000 -4.863562
v 111.500000 0.000000 -0.000000
v 119.500000 0.000000 0.000000
v 119.386262 0.000000 5.212517
v 119.045266 0.000000 10.415111
v 118.477661 0.000000 15.597880
v 117.684526 0.000000 20.750957
v 116.667373 0.000000 25.864534
v 115.428136 0.000000 30.928876
v 113.969176 0.000000 35.934343
v 112.293268 0.000000 40.871407
v 110.403604 0.000000 45.730670
v 108.303781 0.000000 50.502882
v 105.997795 0.000000 55.178959
v 103.490036 0.000000 59.750000
v 100.785278 0.000000 64.207303
v 97.888669 0.000000 68.542384
v 94.805724 0.000000 72.746991
v 91.542311 0.000000 76.813119
v 88.104642 0.000000 80.733030
v 84.499260 0.000000 84.499260
v 80.733030 0.000000 88.104642
v 76.813119 0.000000 91.542311
v 72.746991 0.000000 94.805724
v 68.542384 0.000000 97.888669
v 64.207303 0.000000 100.785278
v 59.750000 0.000000 103.490036
v 55.178959 0.000000 105.997795
v 50.502882 0.000000 108.303781
v 45.730670 0.000000 110.403604
v 40.871407 0.000000 112.293268
v 35.934343 0.000000 113.969176
v 30.928876 0.000000 115.428136
v 25.864534 0.000000 116.667373
v 20.750957 0.000000 117.684526
v 15.597880 0.000000 118.477661
v 10.415111 0.000000 119.045266
v 5.212517 0.000000 119.386262
v 0.000000 0.000000 119.500000
v -5.212517 0.000000 119.386262
v -10.415111 0.000000 119.045266
v -15.597880 0.000000 118.477661
v -20.750957 0.000000 117.684526
v -25.864534 0.000000 116.667373
v -30.928876 0.000000 115.428136
v -35.934343 0.000000 113.969176
v -40.871407 0.000000 112.293268
v -45.730670 0.000000 110.403604
v -50.502882 0.000000 108.303781
v -55.178959 0.000000 105.997795
v -59.750000 0.000000 103.490036
v -64.207303 0.000000 100.785278
v -68.542384 0.000000 97.888669
v -72.746991 0.000000 94.805724
v -76.813119 0.000000 91.542311
v -80.733030 0.000000 88.104642
v -84.499260 0.000000 84.499260
v -88.104642 0.000000 80.733030
v -91.542311 0.000000 76.813119
v -94.805724 0.000000 72.746991
v -97.888669 0.000000 68.542384
v -100.785278 0.000000 64.207303
v -103.490036 0.000000 59.750000
v -105.997795 0.000000 55.178959
v -108.303781 0.000000 50.502882
v -110.403604 0.000000 45.730670
v -112.293268 0.000000 40.871407
v -113.969176 0.000000 35.934343
v -115.428136 0.000000 30.928876
v -116.667373 0.000000 25.864534
v -117.684526 0.000000 20.750957
v -118.477661 0.000000 15.597880
v -119.045266 0.000000 10.415111
v -119.386262 0.000000 5.212517
v -119.500000 0.000000 0.000000
v -119.386262 0.000000 -5.212517
v -119.045266 0.000000 -10.415111
v -118.477661 0.000000 -15.597880
v -117.684526 0.000000 -20.750957
v -116.667373 0.000000 -25.864534
v -115.428136 0.000000 -30.928876
v -113.969176 0.000000 -35.934343
v -112.293268 0.000000 -40.871407
v -110.403604 0.000000 -45.730670
v -108.303781 0.000000 -50.502882
v -105.997795 0.000000 -55.178959
v -103.490036 0.000000 -59.750000
v -100.785278 0.000000 -64.207303
v -97.888669 0.000000 -68.542384
v -94.805724 0.000000 -72.746991
v -91.542311 0.000000 -76.813119
v -88.104642 0.000000 -80.733030
v -84.499260 0.000000 -84.499260
v -80.733030 0.000000 -88.104642
v -76.813119 0.000000 -91.542311
v -72.746991 0.000000 -94.805724
v -68.542384 0.000000 -97.888669
v -64.207303 0.000000 -100.785278
v -59.750000 0.000000 -103.490036
v -55.178959 0.000000 -105.997795
v -50.502882 0.000000 -108.303781
v -45.730670 0.000000 -110.403604
v -40.871407 0.000000 -112.293268
v -35.934343 0.000000 -113.969176
v -30.928876 0.000000 -115.428136
v -25.864534 0.000000 -116.667373
v -20.750957 0.000000 -117.684526
v -15.597880 0.000000 -118.477661
v -10.415111 0.000000 -119.045266
v -5.212517 0.000000 -119.386262
v -0.000000 0.000000 -119.500000
v 5.212517 0.000000 -119.386262
v 10.415111 0.000000 -119.045266
v 15.597880 0.000000 -118.477661
v 20.750957 0.000000 -117.684526
v 25.864534 0.000000 -116.667373
v 30.928876 0.000000 -115.428136
v 35.934343 0.000000 -113.969176
v 40.871407 0.000000 -112.293268
v 45.730670 0.000000 -110.403604
v 50.502882 0.000000 -108.303781
v 55.178959 0.000000 -105.997795
v 59.750000 0.000000 -103.490036
v 64.207303 0.000000 -100.785278
v 68.542384 0.000000 -97.888669
v 72.746991 0.000000 -94.805724
v 76.813119 0.000000 -91.542311
v 80.733030 0.000000 -88.104642
v 84.499260 0.000000 -84.499260
v 88.104642 0.000000 -80.733030
v 91.542311 0.000000 -76.813119
v 94.805724 0.000000 -72.746991
v 97.888669 0.000000 -68.542384
v 100.785278 0.000000 -64.207303
v 103.490036 0.000000 -59.750000
v 105.997795 0.000000 -55.178959
v 108.303781 0.000000 -50.502882
v 110.403604 0.000000 -45.730670
v 112.293268 0.000000 -40.871407
v 113.969176 0.000000 -35.934343
v 115.428136 0.000000 -30.928876
v 116.667373 0.000000 -25.864534
v 117.684526 0.000000 -20.750957
v 118.477661 0.000000 -15.597880
v 119.045266 0.000000 -10.415111
v 119.386262 0.000000 -5.212517
v 119.500000 0.000000 -0.000000
v 127.500000 0.000000 0.000000
v 127.378648 0.000000 5.561472
v 127.014824 0.000000 11.112357
v 126.409220 0.000000 16.642090
v 125.562989 0.000000 22.140143
v 124.477741 0.000000 27.596051
v 123.155543 0.000000 32.999428
v 121.598911 0.000000 38.339989
v 119.810809 0.000000 43.607568
v 117.794640 0.000000 48.792138
v 115.554243 0.000000 53.883828
v 113.093881 0.000000 58.872948
v 110.418239 0.000000 63.750000
v 107.532409 0.000000 68.505700
v 104.441886 0.000000 73.130996
v 101.152551 0.000000 77.617082
v 97.670666 0.000000 81.955420
v 94.002860 0.000000 86.137751
v 90.156115 0.000000 90.156115
v 86.137751 0.000000 94.002860
v 81.955420 0.000000 97.670666
v 77.617082 0.000000 101.152551
v 73.130996 0.000000 104.441886
v 68.505700 0.000000 107.532409
v 63.750000 0.000000 110.418239
v 58.872948 0.000000 113.093881
v 53.883828 0.000000 115.554243
v 48.792138 0.000000 117.794640
v 43.607568 0.000000 119.810809
v 38.339989 0.000000 121.598911
v 32.999428 0.000000 123.155543
v 27.596051 0.000000 124.477741
v 22.140143 0.000000 125.562989
v 16.642090 0.000000 126.409220
v 11.112357 0.000000 127.014824
v 5.561472 0.000000 127.378648
v 0.000000 0.000000 127.500000
v -5.561472 0.000000 127.378648
v -11.112357 0.000000 127.014824
v -16.642090 0.000000 126.409220
v -22.140143 0.000000 125.562989
v -27.596051 0.000000 124.477741
v -32.999428 0.000000 123.155543
v -38.339989 0.000000 121.598911
v -43.607568 0.000000 119.810809
v -48.792138 0.000000 117.794640
v -53.883828 0.000000 115.554243
v -58.872948 0.000000 113.093881
v -63.750000 0.000000 110.418239
v -68.505700 0.000000 107.532409
v -73.130996 0.000000 104.441886
v -77.617082 0.000000 101.152551
v -81.955420 0.000000 97.670666
v -86.137751 0.000000 94.002860
v -90.156115 0.000000 90.156115
v -94.002860 0.000000 86.137751
v -97.670666 0.000000 81.955420
v -101.152551 0.000000 77.617082
v -104.441886 0.000000 73.130996
v -107.532409 0.000000 68.505700
v -110.418239 0.000000 63.750000
v -113.093881 0.000000 58.872948
v -115.554243 0.000000 53.883828
v -117.794640 0.000000 48.792138
v -119.810809 0.000000 43.607568
v -121.598911 0.000000 38.339989
v -123.155543 0.000000 32.999428
v -124.477741 0.000000 27.596051
v -125.562989 0.000000 22.140143
v -126.409220 0.000000 16.642090
v -127.014824 0.000000 11.112357
v -127.378648 0.000000 5.561472
v -127.500000 0.000000 0.000000
v -127.378648 0.000000 -5.561472
v -127.014824 0.000000 -11.112357
v -126.409220 0.000000 -16.642090
v -125.562989 0.000000 -22.140143
v -124.477741 0.000000 -27.596051
v -123.155543 0.000000 -32.999428
v -121.598911 0.000000 -38.339989
v -119.810809 0.000000 -43.607568
v -117.794640 0.000000 -48.792138
v -115.554243 0.000000 -53.883828
v -113.093881 0.000000 -58.872948
v -110.418239 0.000000 -63.750000
v -107.532409 0.000000 -68.505700
v -104.441886 0.000000 -73.130996
v -101.152551 0.000000 -77.617082
v -97.670666 0.000000 -81.955420
v -94.002860 0.000000 -86.137751
v -90.156115 0.000000 -90.156115
v -86.137751 0.000000 -94.002860
v -81.955420 0.000000 -97.670666
v -77.617082 0.000000 -101.152551
v -73.130996 0.000000 -104.441886
v -68.505700 0.000000 -107.532409
v -63.750000 0.000000 -110.418239
v -58.872948 0.000000 -113.093881
v -53.883828 0.000000 -115.554243
v -48.792138 0.000000 -117.794640
v -43.607568 0.000000 -119.810809
v -38.339989 0.000000 -121.598911
v -32.999428 0.000000 -123.155543
v -27.596051 0.000000 -124.477741
v -22.140143 0.000000 -125.562989
v -16.642090 0.000000 -126.409220
v -11.112357 0.000000 -127.014824
v -5.561472 0.000000 -127.378648
v -0.000000 0.000000 -127.500000
v 5.561472 0.000000 -127.378648
v 11.112357 0.000000 -127.014824
v 16.642090 0.000000 -126.409220
v 22.140143 0.000000 -125.562989
v 27.596051 0.000000 -124.477741
v 32.999428 0.000000 -123.155543
v 38.339989 0.000000 -121.598911
v 43.607568 0.000000 -119.810809
v 48.792138 0.000000 -117.794640
v 53.883828 0.000000 -115.554243
v 58.872948 0.000000 -113.093881
v 63.750000 0.000000 -110.418239
v 68.505700 0.000000 -107.532409
v 73.130996 0.000000 -104.441886
v 77.617082 0.000000 -101.152551
v 81.955420 0.000000 -97.670666
v 86.137751 0.000000 -94.002860
v 90.156115 0.000000 -90.156115
v 94.002860 0.000000 -86.137751
v 97.670666 0.000000 -81.955420
v 101.152551 0.000000 -77.617082
v 104.441886 0.000000 -73.130996
v 107.532409 0.000000 -68.505700
v 110.418239 0.000000 -63.750000
v 113.093881 0.000000 -58.872948
v 115.554243 0.000000 -53.883828
v 117.794640 0.000000 -48.792138
v 119.810809 0.000000 -43.607568
v 121.598911 0.000000 -38.339989
v 123.155543 0.000000 -32.999428
v 124.477741 0.000000 -27.596051
v 125.562989 0.000000 -22.140143
v 126.409220 0.000000 -16.642090
v 127.014824 0.000000 -11.112357
v 127.378648 0.000000 -5.561472
v 127.500000 0.000000 -0.000000
v 135.500000 0.000000 0.000000
v 135.371034 0.000000 5.910427
v 134.984382 0.000000 11.809603
v 134.340779 0.000000 17.686299
v 133.441451 0.000000 23.529328
v 132.288109 0.000000 29.327568
v 130.882949 0.000000 35.069981
v 129.228647 0.000000 40.745636
v 127.328350 0.000000 46.343729
v 125.185677 0.000000 51.853605
v 122.804705 0.000000 57.264774
v 120.189968 0.000000 62.566937
v 117.346442 0.000000 67.750000
v 114.279541 0.000000 72.804097
v 110.995102 0.000000 77.719607
v 107.499378 0.000000 82.487174
v 103.799022 0.000000 87.097721
v 99.901079 0.000000 91.542473
v 95.812969 0.000000 95.812969
v 91.542473 0.000000 99.901079
v 87.097721 0.000000 103.799022
v 82.487174 0.000000 107.499378
v 77.719607 0.000000 110.995102
v 72.804097 0.000000 114.279541
v 67.750000 0.000000 117.346442
v 62.566937 0.000000 120.189968
v 57.264774 0.000000 122.804705
v 51.853605 0.000000 125.185677
v 46.343729 0.000000 127.328350
v 40.745636 0.000000 129.228647
v 35.069981 0.000000 130.882949
v 29.327568 0.000000 132.288109
v 23.529328 0.000000 133.441451
v 17.686299 0.000000 134.340779
v 11.809603 0.000000 134.984382
v 5.910427 0.000000 135.371034
v 0.000000 0.000000 135.500000
v -5.910427 0.000000 135.371034
v -11.809603 0.000000 134.984382
v -17.686299 0.000000 134.340779
v -23.529328 0.000000 133.441451
v -29.327568 0.000000 132.288109
v -35.069981 0.000000 130.882949
v -40.745636 0.000000 129.228647
v -46.343729 0.000000 127.328350
v -51.853605 0.000000 125.185677
v -57.264774 0.000000 122.804705
v -62.566937 0.000000 120.189968
v -67.750000 0.000000 117.346442
v -72.804097 0.000000 114.279541
v -77.719607 0.000000 110.995102
v -82.487174 0.000000 107.499378
v -87.097721 0.000000 103.799022
v -91.542473 0.000000 99.901079
v -95.812969 0.000000 95.812969
v -99.901079 0.000000 91.542473
v -103.799022 0.000000 87.097721
v -107.499378 0.000000 82.487174
v -110.995102 0.000000 77.719607
v -114.279541 0.000000 72.804097
v -117.346442 0.000000 67.750000
v -120.189968 0.000000 62.566937
v -122.804705 0.000000 57.264774
v -125.185677 0.000000 51.853605
v -127.328350 0.000000 46.343729
v -129.228647 0.000000 40.745636
v -130.882949 0.000000 35.069981
v -132.288109 0.000000 29.327568
v -133.441451 0.000000 23.529328
v -134.340779 0.000000 17.686299
v -134.984382 0.000000 11.809603
v -135.371034 0.000000 5.910427
v -135.500000 0.000000 0.000000
v -135.371034 0.000000 -5.910427
v -134.984382 0.000000 -11.809603
v -134.340779 0.000000 -17.686299
v -133.441451 0.000000 -23.529328
v -132.288109 0.000000 -29.327568
v -130.882949 0.000000 -35.069981
v -129.228647 0.000000 -40.745636
v -127.328350 0.000000 -46.343729
v -125.185677 0.000000 -51.853605
v -122.804705 0.000000 -57.264774
v -120.189968 0.000000 -62.566937
v -117.346442 0.000000 -67.750000
v -114.279541 0.000000 -72.804097
v -110.995102 0.000000 -77.719607
v -107.499378 0.000000 -82.487174
v -103.799022 0.000000 -87.097721
v -99.901079 0.000000 -91.542473
v -95.812969 0.000000 -95.812969
v -91.542473 0.000000 -99.901079
v -87.097721 0.000000 -103.799022
v -82.487174 0.000000 -107.499378
v -77.719607 0.000000 -110.995102
v -72.804097 0.000000 -114.279541
v -67.750000 0.000000 -117.346442
v -62.566937 0.000000 -120.189968
v -57.264774 0.000000 -122.804705
v -51.853605 0.000000 -125.185677
v -46.343729 0.000000 -127.328350
v -40.745636 0.000000 -129.228647
v -35.069981 0.000000 -130.882949
v -29.327568 0.000000 -132.288109
v -23.529328 0.000000 -133.441451
v -17.686299 0.000000 -134.340779
v -11.809603 0.000000 -134.984382
v -5.910427 0.000000 -135.371034
v -0.000000 0.000000 -135.500000
v 5.910427 0.000000 -135.371034
v 11.809603 0.000000 -134.984382
v 17.686299 0.000000 -134.340779
v 23.529328 0.000000 -133.441451
v 29.327568 0.000000 -132.288109
v 35.069981 0.000000 -130.882949
v 40.745636 0.000000 -129.228647
v 46.343729 0.000000 -127.328350
v 51.853605 0.000000 -125.185677
v 57.264774 0.000000 -122.804705
v 62.566937 0.000000 -120.189968
v 67.750000 0.000000 -117.346442
v 72.804097 0.000000 -114.279541
v 77.719607 0.000000 -110.995102
v 82.487174 0.000000 -107.499378
v 87.097721 0.000000 -103.799022
v 91.542473 0.000000 -99.901079
v 95.812969 0.000000 -95.812969
v 99.901079 0.000000 -91.542473
v 103.799022 0.000000 -87.097721
v 107.499378 0.000000 -82.487174
v 110.995102 0.000000 -77.719607
v 114.279541 0.000000 -72.804097
v 117.346442 0.000000 -67.750000
v 120.189968 0.000000 -62.566937
v 122.804705 0.000000 -57.264774
v 125.185677 0.000000 -51.853605
v 127.328350 0.000000 -46.343729
v 129.228647 0.000000 -40.745636
v 130.882949 0.000000 -35.069981
v 132.288109 0.000000 -29.327568
v 133.441451 0.000000 -23.529328
v 134.340779 0.000000 -17.686299
v 134.984382 0.000000 -11.809603
v 135.371034 0.000000 -5.910427
v 135.500000 0.000000 -0.000000
v 143.500000 0.000000 0.000000
v 143.363420 0.000000 6.259382
v 142.953939 0.000000 12.506849
v 142.272338 0.000000 18.730509
v 141.319913 0.000000 24.918513
v 140.098477 0.000000 31.059085
v 138.610356 0.000000 37.140533
v 136.858382 0.000000 43.151282
v 134.845891 0.000000 49.079891
v 132.576713 0.000000 54.915073
v 130.055167 0.000000 60.645721
v 127.286055 0.000000 66.260926
v 124.274645 0.000000 71.750000
v 121.026672 0.000000 77.102494
v 117.548318 0.000000 82.308219
v 113.846204 0.000000 87.357265
v 109.927378 0.000000 92.240022
v 105.799298 0.000000 96.947195
v 101.469823 0.000000 101.469823
v 96.947195 0.000000 105.799298
v 92.240022 0.000000 109.927378
v 87.357265 0.000000 113.846204
v 82.308219 0.000000 117.548318
v 77.102494 0.000000 121.026672
v 71.750000 0.000000 124.274645
v 66.260926 0.000000 127.286055
v 60.645721 0.000000 130.055167
v 54.915073 0.000000 132.576713
v 49.079891 0.000000 134.845891
v 43.151282 0.000000 136.858382
v 37.140533 0.000000 138.610356
v 31.059085 0.000000 140.098477
v 24.918513 0.000000 141.319913
v 18.730509 0.000000 142.272338
v 12.506849 0.000000 142.953939
v 6.259382 0.000000 143.363420
v 0.000000 0.000000 143.500000
v -6.259382 0.000000 143.363420
v -12.506849 0.000000 142.953939
v -18.730509 0.000000 142.272338
v -24.918513 0.000000 141.319913
v -31.059085 0.000000 140.098477
v -37.140533 0.000000 138.610356
v -43.151282 0.000000 136.858382
v -49.079891 0.000000 134.845891
v -54.915073 0.000000 132.576713
v -60.645721 0.000000 130.055167
v -66.260926 0.000000 127.286055
v -71.750000 0.000000 124.274645
v -77.102494 0.000000 121.026672
v -82.308219 0.000000 117.548318
v -87.357265 0.000000 113.846204
v -92.240022 0.000000 109.927378
v -96.947195 0.000000 105.799298
v -101.469823 0.000000 101.469823
v -105.799298 0.000000 96.947195
v -109.927378 0.000000 92.240022
v -113.846204 0.000000 87.357265
v -117.548318 0.000000 82.308219
v -121.026672 0.000000 77.102494
v -124.274645 0.000000 71.750000
v -127.286055 0.000000 66.260926
v -130.055167 0.000000 60.645721
v -132.576713 0.000000 54.915073
v -134.845891 0.000000 49.079891
v -136.858382 0.000000 43.151282
v -138.610356 0.000000 37.140533
v -140.098477 0.000000 31.059085
v -141.319913 0.000000 24.918513
v -142.272338 0.000000 18.730509
v -142.953939 0.000000 12.506849
v -143.363420 0.000000 6.259382
v -143.500000 0.000000 0.000000
v -143.363420 0.000000 -6.259382
v -142.953939 0.000000 -12.506849
v -142.272338 0.000000 -18.730509
v -141.319913 0.000000 -24.918513
v -140.098477 0.000000 -31.059085
v -138.610356 0.000000 -37.140533
v -136.858382 0.000000 -43.151282
v -134.845891 0.000000 -49.079891
v -132.576713 0.000000 -54.915073
v -130.055167 0.000000 -60.645721
v -127.286055 0.000000 -66.260926
v -124.274645 0.000000 -71.750000
v -121.026672 0.000000 -77.102494
v -117.548318 0.000000 -82.308219
v -113.846204 0.000000 -87.357265
v -109.927378 0.000000 -92.240022
v -105.799298 0.000000 -96.947195
v -101.469823 0.000000 -101.469823
v -96.947195 0.000000 -105.799298
v -92.240022 0.000000 -109.927378
v -87.357265 0.000000 -113.846204
v -82.308219 0.000000 -117.548318
v -77.102494 0.000000 -121.026672
v -71.750000 0.000000 -124.274645
v -66.260926 0.000000 -127.286055
v -60.645721 0.000000 -130.055167
v -54.915073 0.000000 -132.576713
v -49.079891 0.000000 -134.845891
v -43.151282 0.000000 -136.858382
v -37.140533 0.000000 -138.610356
v -31.059085 0.000000 -140.098477
v -24.918513 0.000000 -141.319913
v -18.730509 0.000000 -142.272338
v -12.506849 0.000000 -142.953939
v -6.259382 0.000000 -143.363420
v -0.000000 0.000000 -143.500000
v 6.259382 0.000000 -143.363420
v 12.506849 0.000000 -142.953939
v 18.730509 0.000000 -142.272338
v 24.918513 0.000000 -141.319913
v 31.059085 0.000000 -140.098477
v 37.140533 0.000000 -138.610356
v 43.151282 0.000000 -136.858382
v 49.079891 0.000000 -134.845891
v 54.915073 0.000000 -132.576713
v 60.645721 0.000000 -130.055167
v 66.260926 0.000000 -127.286055
v 71.750000 0.000000 -124.274645
v 77.102494 0.000000 -121.026672
v 82.308219 0.000000 -117.548318
v 87.357265 0.000000 -113.846204
v 92.240022 0.000000 -109.927378
v 96.947195 0.000000 -105.799298
v 101.469823 0.000000 -101.469823
v 105.799298 0.000000 -96.947195
v 109.927378 0.000000 -92.240022
v 113.846204 0.000000 -87.357265
v 117.548318 0.000000 -82.308219
v 121.026672 0.000000 -77.102494
v 124.274645 0.000000 -71.750000
v 127.286055 0.000000 -66.260926
v 130.055167 0.000000 -60.645721
v 132.576713 0.000000 -54.915073
v 134.845891 0.000000 -49.079891
v 136.858382 0.000000 -43.151282
v 138.610356 0.000000 -37.140533
v 140.098477 0.000000 -31.059085
v 141.319913 0.000000 -24.918513
v 142.272338 0.000000 -18.730509
v 142.953939 0.000000 -12.506849
v 143.363420 0.000000 -6.259382
v 143.500000 0.000000 -0.000000
v 151.500000 0.000000 0.000000
v 151.355806 0.000000 6.608337
v 150.923497 0.000000 13.204095
v 150.203896 0.000000 19.774718
v 149.198375 0.000000 26.307699
v 147.908845 0.000000 32.790602
v 146.337763 0.000000 39.211085
v 144.488118 0.000000 45.556929
v 142.363432 0.000000 51.816052
v 139.967749 0.000000 57.976540
v 137.305630 0.000000 64.026667
v 134.382141 0.000000 69.954915
v 131.202849 0.000000 75.750000
v 127.773804 0.000000 81.400891
v 124.101535 0.000000 86.896830
v 120.193031 0.000000 92.227356
v 116.055733 0.000000 97.382323
v 111.697517 0.000000 102.351916
v 107.126677 0.000000 107.126677
v 102.351916 0.000000 111.697517
v 97.382323 0.000000 116.055733
v 92.227356 0.000000 120.193031
v 86.896830 0.000000 124.101535
v 81.400891 0.000000 127.773804
v 75.750000 0.000000 131.202849
v 69.954915 0.000000 134.382141
v 64.026667 0.000000 137.305630
v 57.976540 0.000000 139.967749
v 51.816052 0.000000 142.363432
v 45.556929 0.000000 144.488118
v 39.211085 0.000000 146.337763
v 32.790602 0.000000 147.908845
v 26.307699 0.000000 149.198375
v 19.774718 0.000000 150.203896
v 13.204095 0.000000 150.923497
v 6.608337 0.000000 151.355806
v 0.000000 0.000000 151.500000
v -6.608337 0.000000 151.355806
v -13.204095 0.000000 150.923497
v -19.774718 0.000000 150.203896
v -26.307699 0.000000 149.198375
v -32.790602 0.000000 147.908845
v -39.211085 0.000000 146.337763
v -45.556929 0.000000 144.488118
v -51.816052 0.000000 142.363432
v -57.976540 0.000000 139.967749
v -64.026667 0.000000 137.305630
v -69.954915 0.000000 134.382141
v -75.750000 0.000000 131.202849
v -81.400891 0.000000 127.773804
v -86.896830 0.000000 124.101535
v -92.227356 0.000000 120.193031
v -97.382323 0.000000 116.055733
v -102.351916 0.000000 111.697517
v -107.126677 0.000000 107.126677
v -111.697517 0.000000 102.351916
v -116.055733 0.000000 97.382323
v -120.193031 0.000000 92.227356
v -124.101535 0.000000 86.896830
v -127.773804 0.000000 81.400891
v -131.202849 0.000000 75.750000
v -134.382141 0.000000 69.954915
v -137.305630 0.000000 64.026667
v -139.967749 0.000000 57.976540
v -142.363432 0.000000 51.816052
v -144.488118 0.000000 45.556929
v -146.337763 0.000000 39.211085
v -147.908845 0.000000 32.790602
v -149.198375 0.000000 26.307699
v -150.203896 0.000000 19.774718
v -150.923497 0.000000 13.204095
v -151.355806 0.000000 6.608337
v -151.500000 0.000000 0.000000
v -151.355806 0.000000 -6.608337
v -150.923497 0.000000 -13.204095
v -150.203896 0.000000 -19.774718
v -149.198375 0.000000 -26.307699
v -147.908845 0.000000 -32.790602
v -146.337763 0.000000 -39.211085
v -144.488118 0.000000 -45.556929
v -142.363432 0.000000 -51.816052
v -139.967749 0.000000 -57.976540
v -137.305630 0.000000 -64.026667
v -134.382141 0.000000 -69.954915
v -131.202849 0.000000 -75.750000
v -127.773804 0.000000 -81.400891
v -124.101535 0.000000 -86.896830
v -120.193031 0.000000 -92.227356
v -116.055733 0.000000 -97.382323
v -111.697517 0.000000 -102.351916
v -107.126677 0.000000 -107.126677
v -102.351916 0.000000 -111.697517
v -97.382323 0.000000 -116.055733
v -92.227356 0.000000 -120.193031
v -86.896830 0.000000 -124.101535
v -81.400891 0.000000 -127.773804
v -75.750000 0.000000 -131.202849
v -69.954915 0.000000 -134.382141
v -64.026667 0.000000 -137.305630
v -57.976540 0.000000 -139.967749
v -51.816052 0.000000 -142.363432
v -45.556929 0.000000 -144.488118
v -39.211085 0.000000 -146.337763
v -32.790602 0.000000 -147.908845
v -26.307699 0.000000 -149.198375
v -19.774718 0.000000 -150.203896
v -13.204095 0.000000 -150.923497
v -6.608337 0.000000 -151.355806
v -0.000000 0.000000 -151.500000
v 6.608337 0.000000 -151.355806
v 13.204095 0.000000 -150.923497
v 19.774718 0.000000 -150.203896
v 26.307699 0.000000 -149.198375
v 32.790602 0.000000 -147.908845
v 39.211085 0.000000 -146.337763
v 45.556929 0.000000 -144.488118
v 51.816052 0.000000 -142.363432
v 57.976540 0.000000 -139.967749
v 64.026667 0.000000 -137.305630
v 69.954915 0.000000 -134.382141
v 75.750000 0.000000 -131.202849
v 81.400891 0.000000 -127.773804
v 86.896830 0.000000 -124.101535
v 92.227356 0.000000 -120.193031
v 97.382323 0.000000 -116.055733
v 102.351916 0.000000 -111.697517
v 107.126677 0.000000 -107.126677
v 111.697517 0.000000 -102.351916
v 116.055733 0.000000 -97.382323
v 120.193031 0.000000 -92.227356
v 124.101535 0.000000 -86.896830
v 127.773804 0.000000 -81.400891
v 131.202849 0.000000 -75.750000
v 134.382141 0.000000 -69.954915
v 137.305630 0.000000 -64.026667
v 139.967749 0.000000 -57.976540
v 142.363432 0.000000 -51.816052
v 144.488118 0.000000 -45.556929
v 146.337763 0.000000 -39.211085
v 147.908845 0.000000 -32.790602
v 149.198375 0.000000 -26.307699
v 150.203896 0.000000 -19.774718
v 150.923497 0.000000 -13.204095
v 151.355806 0.000000 -6.608337
v 151.500000 0.000000 -0.000000
v 159.500000 0.000000 0.000000
v 159.348191 0.000000 6.957292
v 158.893054 0.000000 13.901341
v 158.135455 0.000000 20.818928
v 157.076837 0.000000 27.696884
v 155.719213 0.000000 34.522118
v 154.065169 0.000000 41.281638
v 152.117854 0.000000 47.962575
v 149.880973 0.000000 54.552213
v 147.358785 0.000000 61.038007
v 144.556092 0.000000 67.407613
v 141.478228 0.000000 73.648904
v 138.131052 0.000000 79.750000
v 134.520936 0.000000 85.699288
v 130.654751 0.000000 91.485442
v 126.539858 0.000000 97.097448
v 122.184089 0.000000 102.524624
v 117.595735 0.000000 107.756638
v 112.783532 0.000000 112.783532
v 107.756638 0.000000 117.595735
v 102.524624 0.000000 122.184089
v 97.097448 0.000000 126.539858
v 91.485442 0.000000 130.654751
v 85.699288 0.000000 134.520936
v 79.750000 0.000000 138.131052
v 73.648904 0.000000 141.478228
v 67.407613 0.000000 144.556092
v 61.038007 0.000000 147.358785
v 54.552213 0.000000 149.880973
v 47.962575 0.000000 152.117854
v 41.281638 0.000000 154.065169
v 34.522118 0.000000 155.719213
v 27.696884 0.000000 157.076837
v 20.818928 0.000000 158.135455
v 13.901341 0.000000 158.893054
v 6.957292 0.000000 159.348191
v 0.000000 0.000000 159.500000
v -6.957292 0.000000 159.348191
v -13.901341 0.000000 158.893054
v -20.818928 0.000000 158.135455
v -27.696884 0.000000 157.076837
v -34.522118 0.000000 155.719213
v -41.281638 0.000000 154.065169
v -47.962575 0.000000 152.117854
v -54.552213 0.000000 149.880973
v -61.038007 0.000000 147.358785
v -67.407613 0.000000 144.556092
v -73.648904 0.000000 141.478228
v -79.750000 0.000000 138.131052
v -85.699288 0.000000 134.520936
v -91.485442 0.000000 130.654751
v -97.097448 0.000000 126.539858
v -102.524624 0.000000 122.184089
v -107.756638 0.000000 117.595735
v -112.783532 0.000000 112.783532
v -117.595735 0.000000 107.756638
v -122.184089 0.000000 102.524624
v -126.539858 0.000000 97.097448
v -130.654751 0.000000 91.485442
v -134.520936 0.000000 85.699288
v -138.131052 0.000000 79.750000
v -141.478228 0.000000 73.648904
v -144.556092 0.000000 67.407613
v -147.358785 0.000000 61.038007
v -149.880973 0.000000 54.552213
v -152.117854 0.000000 47.962575
v -154.065169 0.000000 41.281638
v -155.719213 0.000000 34.522118
v -157.076837 0.000000 27.696884
v -158.135455 0.000000 20.818928
v -158.893054 0.000000 13.901341
v -159.348191 0.000000 6.957292
v -159.500000 0.000000 0.000000
v -159.348191 0.000000 -6.957292
v -158.893054 0.000000 -13.901341
v -158.135455 0.000000 -20.818928
v -157.076837 0.000000 -27.696884
v -155.719213 0.000000 -34.522118
v -154.065169 0.000000 -41.281638
v -152.117854 0.000000 -47.962575
v -149.880973 0.000000 -54.552213
v -147.358785 0.000000 -61.038007
v -144.556092 0.000000 -67.407613
v -141.478228 0.000000 -73.648904
v -138.131052 0.000000 -79.750000
v -134.520936 0.000000 -85.699288
v -130.654751 0.000000 -91.485442
v -126.539858 0.000000 -97.097448
v -122.184089 0.000000 -102.524624
v -117.595735 0.000000 -107.756638
v -112.783532 0.000000 -112.783532
v -107.756638 0.000000 -117.595735
v -102.524624 0.000000 -122.184089
v -97.097448 0.000000 -126.539858
v -91.485442 0.000000 -130.654751
v -85.699288 0.000000 -134.520936
v -79.750000 0.000000 -138.131052
v -73.648904 0.000000 -141.478228
v -67.407613 0.000000 -144.556092
v -61.038007 0.000000 -147.358785
v -54.552213 0.000000 -149.880973
v -47.962575 0.000000 -152.117854
v -41.281638 0.000000 -154.065169
v -34.522118 0.000000 -155.719213
v -27.696884 0.000000 -157.076837
v -20.818928 0.000000 -158.135455
v -13.901341 0.000000 -158.893054
v -6.957292 0.000000 -159.348191
v -0.000000 0.000000 -159.500000
v 6.957292 0.000000 -159.348191
v 13.901341 0.000000 -158.893054
v 20.818928 0.000000 -158.135455
v 27.696884 0.000000 -157.076837
v 34.522118 0.000000 -155.719213
v 41.281638 0.000000 -154.065169
v 47.962575 0.000000 -152.117854
v 54.552213 0.000000 -149.880973
v 61.038007 0.000000 -147.358785
v 67.407613 0.000000 -144.556092
v 73.648904 0.000000 -141.478228
v 79.750000 0.000000 -138.131052
v 85.699288 0.000000 -134.520936
v 91.485442 0.000000 -130.654751
v 97.097448 0.000000 -126.539858
v 102.524624 0.000000 -122.184089
v 107.756638 0.000000 -117.595735
v 112.783532 0.000000 -112.783532
v 117.595735 0.000000 -107.756638
v 122.184089 0.000000 -102.524624
v 126.539858 0.000000 -97.097448
v 130.654751 0.000000 -91.485442
v 134.520936 0.000000 -85.699288
v 138.131052 0.000000 -79.750000
v 141.478228 0.000000 -73.648904
v 144.556092 0.000000 -67.407613
v 147.358785 0.000000 -61.038007
v 149.880973 0.000000 -54.552213
v 152.117854 0.000000 -47.962575
v 154.065169 0.000000 -41.281638
v 155.719213 0.000000 -34.522118
v 157.076837 0.000000 -27.696884
v 158.135455 0.000000 -20.818928
v 158.893054 0.000000 -13.901341
v 159.348191 0.000000 -6.957292
v 159.500000 0.000000 -0.000000
v 167.500000 0.000000 0.000000
v 167.340577 0.000000 7.306247
v 166.862612 0.000000 14.598587
v 166.067014 0.000000 21.863137
v 164.955299 0.000000 29.086070
v 163.529581 0.000000 36.253635
v 161.792576 0.000000 43.352190
v 159.747589 0.000000 50.368221
v 157.398514 0.000000 57.288374
v 154.749822 0.000000 64.099475
v 151.806554 0.000000 70.788559
v 148.574315 0.000000 77.342893
v 145.059255 0.000000 83.750000
v 141.268067 0.000000 89.997684
v 137.207967 0.000000 96.074053
v 132.886684 0.000000 101.967539
v 128.312444 0.000000 107.666925
v 123.493954 0.000000 113.161360
v 118.440386 0.000000 118.440386
v 113.161360 0.000000 123.493954
v 107.666925 0.000000 128.312444
v 101.967539 0.000000 132.886684
v 96.074053 0.000000 137.207967
v 89.997684 0.000000 141.268067
v 83.750000 0.000000 145.059255
v 77.342893 0.000000 148.574315
v 70.788559 0.000000 151.806554
v 64.099475 0.000000 154.749822
v 57.288374 0.000000 157.398514
v 50.368221 0.000000 159.747589
v 43.352190 0.000000 161.792576
v 36.253635 0.000000 163.529581
v 29.086070 0.000000 164.955299
v 21.863137 0.000000 166.067014
v 14.598587 0.000000 166.862612
v 7.306247 0.000000 167.340577
v 0.000000 0.000000 167.500000
v -7.306247 0.000000 167.340577
v -14.598587 0.000000 166.862612
v -21.863137 0.000000 166.067014
v -29.086070 0.000000 164.955299
v -36.253635 0.000000 163.529581
v -43.352190 0.000000 161.792576
v -50.368221 0.000000 159.747589
v -57.288374 0.000000 157.398514
v -64.099475 0.000000 154.749822
v -70.788559 0.000000 151.806554
v -77.342893 0.000000 148.574315
v -83.750000 0.000000 145.059255
v -89.997684 0.000000 141.268067
v -96.074053 0.000000 137.207967
v -101.967539 0.000000 132.886684
v -107.666925 0.000000 128.312444
v -113.161360 0.000000 123.493954
v -118.440386 0.000000 118.440386
v -123.493954 0.000000 113.161360
v -128.312444 0.000000 107.666925
v -132.886684 0.000000 101.967539
v -137.207967 0.000000 96.074053
v -141.268067 0.000000 89.997684
v -145.059255 0.000000 83.750000
v -148.574315 0.000000 77.342893
v -151.806554 0.000000 70.788559
v -154.749822 0.000000 64.099475
v -157.398514 0.000000 57.288374
v -159.747589 0.000000 50.368221
v -161.792576 0.000000 43.352190
v -163.529581 0.000000 36.253635
v -164.955299 0.000000 29.086070
v -166.067014 0.000000 21.863137
v -166.862612 0.000000 14.598587
v -167.340577 0.000000 7.306247
v -167.500000 0.000000 0.000000
v -167.340577 0.000000 -7.306247
v -166.862612 0.000000 -14.598587
v -166.067014 0.000000 -21.863137
v -164.955299 0.000000 -29.086070
v -163.529581 0.000000 -36.253635
v -161.792576 0.000000 -43.352190
v -159.747589 0.000000 -50.368221
v -157.398514 0.000000 -57.288374
v -154.749822 0.000000 -64.099475
v -151.806554 0.000000 -70.788559
v -148.574315 0.000000 -77.342893
v -145.059255 0.000000 -83.750000
v -141.268067 0.000000 -89.997684
v -137.207967 0.000000 -96.074053
v -132.886684 0.000000 -101.967539
v -128.312444 0.000000 -107.666925
v -123.493954 0.000000 -113.161360
v -118.440386 0.000000 -118.440386
v -113.161360 0.000000 -123.493954
v -107.666925 0.000000 -128.312444
v -101.967539 0.000000 -132.886684
v -96.074053 0.000000 -137.207967
v -89.997684 0.000000 -141.268067
v -83.750000 0.000000 -145.059255
v -77.342893 0.000000 -148.574315
v -70.788559 0.000000 -151.806554
v -64.099475 0.000000 -154.749822
v -57.288374 0.000000 -157.398514
v -50.368221 0.000000 -159.747589
v -43.352190 0.000000 -161.792576
v -36.253635 0.000000 -163.529581
v -29.086070 0.000000 -164.955299
v -21.863137 0.000000 -166.067014
v -14.598587 0.000000 -166.862612
v -7.306247 0.000000 -167.340577
v -0.000000 0.000000 -167.500000
v 7.306247 0.000000 -167.340577
v 14.598587 0.000000 -166.862612
v 21.863137 0.000000 -166.067014
v 29.086070 0.000000 -164.955299
v 36.253635 0.000000 -163.529581
v 43.352190 0.000000 -161.792576
v 50.368221 0.000000 -159.747589
v 57.288374 0.000000 -157.398514
v 64.099475 0.000000 -154.749822
v 70.788559 0.000000 -151.806554
v 77.342893 0.000000 -148.574315
v 83.750000 0.000000 -145.059255
v 89.997684 0.000000 -141.268067
v 96.074053 0.000000 -137.207967
v 101.967539 0.000000 -132.886684
v 107.666925 0.000000 -128.312444
v 113.161360 0.000000 -123.493954
v 118.440386 0.000000 -118.440386
v 123.493954 0.000000 -113.161360
v 128.312444 0.000000 -107.666925
v 132.886684 0.000000 -101.967539
v 137.207967 0.000000 -96.074053
v 141.268067 0.000000 -89.997684
v 145.059255 0.000000 -83.750000
v 148.574315 0.000000 -77.342893
v 151.806554 0.000000 -70.788559
v 154.749822 0.000000 -64.099475
v 157.398514 0.000000 -57.288374
v 159.747589 0.000000 -50.368221
v 161.792576 0.000000 -43.352190
v 163.529581 0.000000 -36.253635
v 164.955299 0.000000 -29.086070
v 166.067014 0.000000 -21.863137
v 166.862612 0.000000 -14.598587
v 167.340577 0.000000 -7.306247
v 167.500000 0.000000 -0.000000
v 175.500000 0.000000 0.000000
v 175.332963 0.000000 7.655202
v 174.832170 0.000000 15.295833
v 173.998573 0.000000 22.907347
v 172.833761 0.000000 30.475255
v 171.339949 0.000000 37.985152
v 169.519983 0.000000 45.422742
v 167.377325 0.000000 52.773868
v 164.916055 0.000000 60.024535
v 162.140858 0.000000 67.160942
v 159.057017 0.000000 74.169505
v 155.670401 0.000000 81.036882
v 151.987458 0.000000 87.750000
v 148.015199 0.000000 94.296081
v 143.761184 0.000000 100.662665
v 139.233511 0.000000 106.837631
v 134.440800 0.000000 112.809225
v 129.392173 0.000000 118.566081
v 124.097240 0.000000 124.097240
v 118.566081 0.000000 129.392173
v 112.809225 0.000000 134.440800
v 106.837631 0.000000 139.233511
v 100.662665 0.000000 143.761184
v 94.296081 0.000000 148.015199
v 87.750000 0.000000 151.987458
v 81.036882 0.000000 155.670401
v 74.169505 0.000000 159.057017
v 67.160942 0.000000 162.140858
v 60.024535 0.000000 164.916055
v 52.773868 0.000000 167.377325
v 45.422742 0.000000 169.519983
v 37.985152 0.000000 171.339949
v 30.475255 0.000000 172.833761
v 22.907347 0.000000 173.998573
v 15.295833 0.000000 174.832170
v 7.655202 0.000000 175.332963
v 0.000000 0.000000 175.500000
v -7.655202 0.000000 175.332963
v -15.295833 0.000000 174.832170
v -22.907347 0.000000 173.998573
v -30.475255 0.000000 172.833761
v -37.985152 0.000000 171.339949
v -45.422742 0.000000 169.519983
v -52.773868 0.000000 167.377325
v -60.024535 0.000000 164.916055
v -67.160942 0.000000 162.140858
v -74.169505 0.000000 159.057017
v -81.036882 0.000000 155.670401
v -87.750000 0.000000 151.987458
v -94.296081 0.000000 148.015199
v -100.662665 0.000000 143.761184
v -106.837631 0.000000 139.233511
v -112.809225 0.000000 134.440800
v -118.566081 0.000000 129.392173
v -124.097240 0.000000 124.097240
v -129.392173 0.000000 118.566081
v -134.440800 0.000000 112.809225
v -139.233511 0.000000 106.837631
v -143.761184 0.000000 100.662665
v -148.015199 0.000000 94.296081
v -151.987458 0.000000 87.750000
v -155.670401 0.000000 81.036882
v -159.057017 0.000000 74.169505
v -162.140858 0.000000 67.160942
v -164.916055 0.000000 60.024535
v -167.377325 0.000000 52.773868
v -169.519983 0.000000 45.422742
v -171.339949 0.000000 37.985152
v -172.833761 0.000000 30.475255
v -173.998573 0.000000 22.907347
v -174.832170 0.000000 15.295833
v -175.332963 0.000000 7.655202
v -175.500000 0.000000 0.000000
v -175.332963 0.000000 -7.655202
v -174.832170 0.000000 -15.295833
v -173.998573 0.000000 -22.907347
v -172.833761 0.000000 -30.475255
v -171.339949 0.000000 -37.985152
v -169.519983 0.000000 -45.422742
v -167.377325 0.000000 -52.773868
v -164.916055 0.000000 -60.024535
v -162.140858 0.000000 -67.160942
v -159.057017 0.000000 -74.169505
v -155.670401 0.000000 -81.036882
v -151.987458 0.000000 -87.750000
v -148.015199 0.000000 -94.296081
v -143.761184 0.000000 -100.662665
v -139.233511 0.000000 -106.837631
v -134.440800 0.000000 -112.809225
v -129.392173 0.000000 -118.566081
v -124.097240 0.000000 -124.097240
v -118.566081 0.000000 -129.392173
v -112.809225 0.000000 -134.440800
v -106.837631 0.000000 -139.233511
v -100.662665 0.000000 -143.761184
v -94.296081 0.000000 -148.015199
v -87.750000 0.000000 -151.987458
v -81.036882 0.000000 -155.670401
v -74.169505 0.000000 -159.057017
v -67.160942 0.000000 -162.140858
v -60.024535 0.000000 -164.916055
v -52.773868 0.000000 -167.377325
v -45.422742 0.000000 -169.519983
v -37.985152 0.000000 -171.339949
v -30.475255 0.000000 -172.833761
v -22.907347 0.000000 -173.998573
v -15.295833 0.000000 -174.832170
v -7.655202 0.000000 -175.332963
v -0.000000 0.000000 -175.500000
v 7.655202 0.000000 -175.332963
v 15.295833 0.000000 -174.832170
v 22.907347 0.000000 -173.998573
v 30.475255 0.000000 -172.833761
v 37.985152 0.000000 -171.339949
v 45.422742 0.000000 -169.519983
v 52.773868 0.000000 -167.377325
v 60.024535 0.000000 -164.916055
v 67.160942 0.000000 -162.140858
v 74.169505 0.000000 -159.057017
v 81.036882 0.000000 -155.670401
v 87.750000 0.000000 -151.987458
v 94.296081 0.000000 -148.015199
v 100.662665 0.000000 -143.761184
v 106.837631 0.000000 -139.233511
v 112.809225 0.000000 -134.440800
v 118.566081 0.000000 -129.392173
v 124.097240 0.000000 -124.097240
v 129.392173 0.000000 -118.566081
v 134.440800 0.000000 -112.809225
v 139.233511 0.000000 -106.837631
v 143.761184 0.000000 -100.662665
v 148.015199 0.000000 -94.296081
v 151.987458 0.000000 -87.750000
v 155.670401 0.000000 -81.036882
v 159.057017 0.000000 -74.169505
v 162.140858 0.000000 -67.160942
v 164.916055 0.000000 -60.024535
v 167.377325 0.000000 -52.773868
v 169.519983 0.000000 -45.422742
v 171.339949 0.000000 -37.985152
v 172.833761 0.000000 -30.475255
v 173.998573 0.000000 -22.907347
v 174.832170 0.000000 -15.295833
v 175.332963 0.000000 -7.655202
v 175.500000 0.000000 -0.000000
v 183.500000 0.000000 0.000000
v 183.325349 0.000000 8.004158
v 182.801727 0.000000 15.993079
v 181.930132 0.000000 23.951556
v 180.712223 0.000000 31.864441
v 179.150317 0.000000 39.716669
v 177.247389 0.000000 47.493295
v 175.007060 0.000000 55.179514
v 172.433596 0.000000 62.760696
v 169.531894 0.000000 70.222410
v 166.307479 0.000000 77.550451
v 162.766488 0.000000 84.730871
v 158.915662 0.000000 91.750000
v 154.762330 0.000000 98.594478
v 150.314400 0.000000 105.251276
v 145.580338 0.000000 111.707722
v 140.569155 0.000000 117.951526
v 135.290391 0.000000 123.970803
v 129.754094 0.000000 129.754094
v 123.970803 0.000000 135.290391
v 117.951526 0.000000 140.569155
v 111.707722 0.000000 145.580338
v 105.251276 0.000000 150.314400
v 98.594478 0.000000 154.762330
v 91.750000 0.000000 158.915662
v 84.730871 0.000000 162.766488
v 77.550451 0.000000 166.307479
v 70.222410 0.000000 169.531894
v 62.760696 0.000000 172.433596
v 55.179514 0.000000 175.007060
v 47.493295 0.000000 177.247389
v 39.716669 0.000000 179.150317
v 31.864441 0.000000 180.712223
v 23.951556 0.000000 181.930132
v 15.993079 0.000000 182.801727
v 8.004158 0.000000 183.325349
v 0.000000 0.000000 183.500000
v -8.004158 0.000000 183.325349
v -15.993079 0.000000 182.801727
v -23.951556 0.000000 181.930132
v -31.864441 0.000000 180.712223
v -39.716669 0.000000 179.150317
v -47.493295 0.000000 177.247389
v -55.179514 0.000000 175.007060
v -62.760696 0.000000 172.433596
v -70.222410 0.000000 169.531894
v -77.550451 0.000000 166.307479
v -84.730871 0.000000 162.766488
v -91.750000 0.000000 158.915662
v -98.594478 0.000000 154.762330
v -105.251276 0.000000 150.314400
v -111.707722 0.000000 145.580338
v -117.951526 0.000000 140.569155
v -123.970803 0.000000 135.290391
v -129.754094 0.000000 129.754094
v -135.290391 0.000000 123.970803
v -140.569155 0.000000 117.951526
v -145.580338 0.000000 111.707722
v -150.314400 0.000000 105.251276
v -154.762330 0.000000 98.594478
v -158.915662 0.000000 91.750000
v -162.766488 0.000000 84.730871
v -166.307479 0.000000 77.550451
v -169.531894 0.000000 70.222410
v -172.433596 0.000000 62.760696
v -175.007060 0.000000 55.179514
v -177.247389 0.000000 47.493295
v -179.150317 0.000000 39.716669
v -180.712223 0.000000 31.864441
v -181.930132 0.000000 23.951556
v -182.801727 0.000000 15.993079
v -183.325349 0.000000 8.004158
v -183.500000 0.000000 0.000000
v -183.325349 0.000000 -8.004158
v -182.801727 0.000000 -15.993079
v -181.930132 0.000000 -23.951556
v -180.712223 0.000000 -31.864441
v -179.150317 0.000000 -39.716669
v -177.247389 0.000000 -47.493295
v -175.007060 0.000000 -55.179514
v -172.433596 0.000000 -62.760696
v -169.531894 0.000000 -70.222410
v -166.307479 0.000000 -77.550451
v -162.766488 0.000000 -84.730871
v -158.915662 0.000000 -91.750000
v -154.762330 0.000000 -98.594478
v -150.314400 0.000000 -105.251276
v -145.580338 0.000000 -111.707722
v -140.569155 0.000000 -117.951526
v -135.290391 0.000000 -123.970803
v -129.754094 0.000000 -129.754094
v -123.970803 0.000000 -135.290391
v -117.951526 0.000000 -140.569155
v -111.707722 0.000000 -145.580338
v -105.251276 0.000000 -150.314400
v -98.594478 0.000000 -154.762330
v -91.750000 0.000000 -158.915662
v -84.730871 0.000000 -162.766488
v -77.550451 0.000000 -166.307479
v -70.222410 0.000000 -169.531894
v -62.760696 0.000000 -172.433596
v -55.179514 0.000000 -175.007060
v -47.493295 0.000000 -177.247389
v -39.716669 0.000000 -179.150317
v -31.864441 0.000000 -180.712223
v -23.951556 0.000000 -181.930132
v -15.993079 0.000000 -182.801727
v -8.004158 0.000000 -183.325349
v -0.000000 0.000000 -183.500000
v 8.004158 0.000000 -183.325349
v 15.993079 0.000000 -182.801727
v 23.951556 0.000000 -181.930132
v 31.864441 0.000000 -180.712223
v 39.716669 0.000000 -179.150317
v 47.493295 0.000000 -177.247389
v 55.179514 0.000000 -175.007060
v 62.760696 0.000000 -172.433596
v 70.222410 0.000000 -169.531894
v 77.550451 0.000000 -166.307479
v 84.730871 0.000000 -162.766488
v 91.750000 0.000000 -158.915662
v 98.594478 0.000000 -154.762330
v 105.251276 0.000000 -150.314400
v 111.707722 0.000000 -145.580338
v 117.951526 0.000000 -140.569155
v 123.970803 0.000000 -135.290391
v 129.754094 0.000000 -129.754094
v 135.290391 0.000000 -123.970803
v 140.569155 0.000000 -117.951526
v 145.580338 0.000000 -111.707722
v 150.314400 0.000000 -105.251276
v 154.762330 0.000000 -98.594478
v 158.915662 0.000000 -91.750000
v 162.766488 0.000000 -84.730871
v 166.307479 0.000000 -77.550451
v 169.531894 0.000000 -70.222410
v 172.433596 0.000000 -62.760696
v 175.007060 0.000000 -55.179514
v 177.247389 0.000000 -47.493295
v 179.150317 0.000000 -39.716669
v 180.712223 0.000000 -31.864441
v 181.930132 0.000000 -23.951556
v 182.801727 0.000000 -15.993079
v 183.325349 0.000000 -8.004158
v 183.500000 0.000000 -0.000000
v 191.500000 0.000000 0.000000
v 191.317734 0.000000 8.353113
v 190.771285 0.000000 16.690325
v 189.861691 0.000000 24.995766
v 188.590685 0.000000 33.253626
v 186.960685 0.000000 41.448186
v 184.974796 0.000000 49.563847
v 182.636796 0.000000 57.585161
v 179.951137 0.000000 65.496857
v 176.922930 0.000000 73.283877
v 173.557941 0.000000 80.931397
v 169.862575 0.000000 88.424859
v 165.843865 0.000000 95.750000
v 161.509462 0.000000 102.892875
v 156.867616 0.000000 109.839888
v 151.927165 0.000000 116.577814
v 146.697511 0.000000 123.093827
v 141.188610 0.000000 129.375525
v 135.410949 0.000000 135.410949
v 129.375525 0.000000 141.188610
v 123.093827 0.000000 146.697511
v 116.577814 0.000000 151.927165
v 109.839888 0.000000 156.867616
v 102.892875 0.000000 161.509462
v 95.750000 0.000000 165.843865
v 88.424859 0.000000 169.862575
v 80.931397 0.000000 173.557941
v 73.283877 0.000000 176.922930
v 65.496857 0.000000 179.951137
v 57.585161 0.000000 182.636796
v 49.563847 0.000000 184.974796
v 41.448186 0.000000 186.960685
v 33.253626 0.000000 188.590685
v 24.995766 0.000000 189.861691
v 16.690325 0.000000 190.771285
v 8.353113 0.000000 191.317734
v 0.000000 0.000000 191.500000
v -8.353113 0.000000 191.317734
v -16.690325 0.000000 190.771285
v -24.995766 0.000000 189.861691
v -33.253626 0.000000 188.590685
v -41.448186 0.000000 186.960685
v -49.563847 0.000000 184.974796
v -57.585161 0.000000 182.636796
v -65.496857 0.000000 179.951137
v -73.283877 0.000000 176.922930
v -80.931397 0.000000 173.557941
v -88.424859 0.000000 169.862575
v -95.750000 0.000000 165.843865
v -102.892875 0.000000 161.509462
v -109.839888 0.000000 156.867616
v -116.577814 0.000000 151.927165
v -123.093827 0.000000 146.697511
v -129.375525 0.000000 141.188610
v -135.410949 0.000000 135.410949
v -141.188610 0.000000 129.375525
v -146.697511 0.000000 123.093827
v -151.927165 0.000000 116.577814
v -156.867616 0.000000 109.839888
v -161.509462 0.000000 102.892875
v -165.843865 0.000000 95.750000
v -169.862575 0.000000 88.424859
v -173.557941 0.000000 80.931397
v -176.922930 0.000000 73.283877
v -179.951137 0.000000 65.496857
v -182.636796 0.000000 57.585161
v -184.974796 0.000000 49.563847
v -186.960685 0.000000 41.448186
v -188.590685 0.000000 33.253626
v -189.861691 0.000000 24.995766
v -190.771285 0.000000 16.690325
v -191.317734 0.000000 8.353113
v -191.500000 0.000000 0.000000
v -191.317734 0.000000 -8.353113
v -190.771285 0.000000 -16.690325
v -189.861691 0.000000 -24.995766
v -188.590685 0.000000 -33.253626
v -186.960685 0.000000 -41.448186
v -184.974796 0.000000 -49.563847
v -182.636796 0.000000 -57.585161
v -179.951137 0.000000 -65.496857
v -176.922930 0.000000 -73.283877
v -173.557941 0.000000 -80.931397
v -169.862575 0.000000 -88.424859
v -165.843865 0.000000 -95.750000
v -161.509462 0.000000 -102.892875
v -156.867616 0.000000 -109.839888
v -151.927165 0.000000 -116.577814
v -146.697511 0.000000 -123.093827
v -141.188610 0.000000 -129.375525
v -135.410949 0.000000 -135.410949
v -129.375525 0.000000 -141.188610
v -123.093827 0.000000 -146.697511
v -116.577814 0.000000 -151.927165
v -109.839888 0.000000 -156.867616
v -102.892875 0.000000 -161.509462
v -95.750000 0.000000 -165.843865
v -88.424859 0.000000 -169.862575
v -80.931397 0.000000 -173.557941
v -73.283877 0.000000 -176.922930
v -65.496857 0.000000 -179.951137
v -57.585161 0.000000 -182.636796
v -49.563847 0.000000 -184.974796
v -41.448186 0.000000 -186.960685
v -33.253626 0.000000 -188.590685
v -24.995766 0.000000 -189.861691
v -16.690325 0.000000 -190.771285
v -8.353113 0.000000 -191.317734
v -0.000000 0.000000 -191.500000
v 8.353113 0.000000 -191.317734
v 16.690325 0.000000 -190.771285
v 24.995766 0.000000 -189.861691
v 33.253626 0.000000 -188.590685
v 41.448186 0.000000 -186.960685
v 49.563847 0.000000 -184.974796
v 57.585161 0.000000 -182.636796
v 65.496857 0.000000 -179.951137
v 73.283877 0.000000 -176.922930
v 80.931397 0.000000 -173.557941
v 88.424859 0.000000 -169.862575
v 95.750000 0.000000 -165.843865
v 102.892875 0.000000 -161.509462
v 109.839888 0.000000 -156.867616
v 116.577814 0.000000 -151.927165
v 123.093827 0.000000 -146.697511
v 129.375525 0.000000 -141.188610
v 135.410949 0.000000 -135.410949
v 141.188610 0.000000 -129.375525
v 146.697511 0.000000 -123.093827
v 151.927165 0.000000 -116.577814
v 156.867616 0.000000 -109.839888
v 161.509462 0.000000 -102.892875
v 165.843865 0.000000 -95.750000
v 169.862575 0.000000 -88.424859
v 173.557941 0.000000 -80.931397
v 176.922930 0.000000 -73.283877
v 179.951137 0.000000 -65.496857
v 182.636796 0.000000 -57.585161
v 184.974796 0.000000 -49.563847
v 186.960685 0.000000 -41.448186
v 188.590685 0.000000 -33.253626
v 189.861691 0.000000 -24.995766
v 190.771285 0.000000 -16.690325
v 191.317734 0.000000 -8.353113
v 191.500000 0.000000 -0.000000
v 199.500000 0.000000 0.000000
v 199.310120 0.000000 8.702068
v 198.740842 0.000000 17.387571
v 197.793250 0.000000 26.039975
v 196.469147 0.000000 34.642811
v 194.771053 0.000000 43.179703
v 192.702202 0.000000 51.634399
v 190.266532 0.000000 59.990807
v 187.468678 0.000000 68.233019
v 184.313967 0.000000 76.345345
v 180.808404 0.000000 84.312343
v 176.958661 0.000000 92.118848
v 172.772068 0.000000 99.750000
v 168.256593 0.000000 107.191272
v 163.420833 0.000000 114.428499
v 158.273991 0.000000 121.447905
v 152.825866 0.000000 128.236128
v 147.086829 0.000000 134.780246
v 141.067803 0.000000 141.067803
v 134.780246 0.000000 147.086829
v 128.236128 0.000000 152.825866
v 121.447905 0.000000 158.273991
v 114.428499 0.000000 163.420833
v 107.191272 0.000000 168.256593
v 99.750000 0.000000 172.772068
v 92.118848 0.000000 176.958661
v 84.312343 0.000000 180.808404
v 76.345345 0.000000 184.313967
v 68.233019 0.000000 187.468678
v 59.990807 0.000000 190.266532
v 51.634399 0.000000 192.702202
v 43.179703 0.000000 194.771053
v 34.642811 0.000000 196.469147
v 26.039975 0.000000 197.793250
v 17.387571 0.000000 198.740842
v 8.702068 0.000000 199.310120
v 0.000000 0.000000 199.500000
v -8.702068 0.000000 199.310120
v -17.387571 0.000000 198.740842
v -26.039975 0.000000 197.793250
v -34.642811 0.000000 196.469147
v -43.179703 0.000000 194.771053
v -51.634399 0.000000 192.702202
v -59.990807 0.000000 190.266532
v -68.233019 0.000000 187.468678
v -76.345345 0.000000 184.313967
v -84.312343 0.000000 180.808404
v -92.118848 0.000000 176.958661
v -99.750000 0.000000 172.772068
v -107.191272 0.000000 168.256593
v -114.428499 0.000000 163.420833
v -121.447905 0.000000 158.273991
v -128.236128 0.000000 152.825866
v -134.780246 0.000000 147.086829
v -141.067803 0.000000 141.067803
v -147.086829 0.000000 134.780246
v -152.825866 0.000000 128.236128
v -158.273991 0.000000 121.447905
v -163.420833 0.000000 114.428499
v -168.256593 0.000000 107.191272
v -172.772068 0.000000 99.750000
v -176.958661 0.000000 92.118848
v -180.808404 0.000000 84.312343
v -184.313967 0.000000 76.345345
v -187.468678 0.000000 68.233019
v -190.266532 0.000000 59.990807
v -192.702202 0.000000 51.634399
v -194.771053 0.000000 43.179703
v -196.469147 0.000000 34.642811
v -197.793250 0.000000 26.039975
v -198.740842 0.000000 17.387571
v -199.310120 0.000000 8.702068
v -199.500000 0.000000 0.000000
v -199.310120 0.000000 -8.702068
v -198.740842 0.000000 -17.387571
v -197.793250 0.000000 -26.039975
v -196.469147 0.000000 -34.642811
v -194.771053 0.000000 -43.179703
v -192.702202 0.000000 -51.634399
v -190.266532 0.000000 -59.990807
v -187.468678 0.000000 -68.233019
v -184.313967 0.000000 -76.345345
v -180.808404 0.000000 -84.312343
v -176.958661 0.000000 -92.118848
v -172.772068 0.000000 -99.750000
v -168.256593 0.000000 -107.191272
v -163.420833 0.000000 -114.428499
v -158.273991 0.000000 -121.447905
v -152.825866 0.000000 -128.236128
v -147.086829 0.000000 -134.780246
v -141.067803 0.000000 -141.067803
v -134.780246 0.000000 -147.086829
v -128.236128 0.000000 -152.825866
v -121.447905 0.000000 -158.273991
v -114.428499 0.000000 -163.420833
v -107.191272 0.000000 -168.256593
v -99.750000 0.000000 -172.772068
v -92.118848 0.000000 -176.958661
v -84.312343 0.000000 -180.808404
v -76.345345 0.000000 -184.313967
v -68.233019 0.000000 -187.468678
v -59.990807 0.000000 -190.266532
v -51.634399 0.000000 -192.702202
v -43.179703 0.000000 -194.771053
v -34.642811 0.000000 -196.469147
v -26.039975 0.000000 -197.793250
v -17.387571 0.000000 -198.740842
v -8.702068 0.000000 -199.310120
v -0.000000 0.000000 -199.500000
v 8.702068 0.000000 -199.310120
v 17.387571 0.000000 -198.740842
v 26.039975 0.000000 -197.793250
v 34.642811 0.000000 -196.469147
v 43.179703 0.000000 -194.771053
v 51.634399 0.000000 -192.702202
v 59.990807 0.000000 -190.266532
v 68.233019 0.000000 -187.468678
v 76.345345 0.000000 -184.313967
v 84.312343 0.000000 -180.808404
v 92.118848 0.000000 -176.958661
v 99.750000 0.000000 -172.772068
v 107.191272 0.000000 -168.256593
v 114.428499 0.000000 -163.420833
v 121.447905 0.000000 -158.273991
v 128.236128 0.000000 -152.825866
v 134.780246 0.000000 -147.086829
v 141.067803 0.000000 -141.067803
v 147.086829 0.000000 -134.780246
v 152.825866 0.000000 -128.236128
v 158.273991 0.000000 -121.447905
v 163.420833 0.000000 -114.428499
v 168.256593 0.000000 -107.191272
v 172.772068 0.000000 -99.750000
v 176.958661 0.000000 -92.118848
v 180.808404 0.000000 -84.312343
v 184.313967 0.000000 -76.345345
v 187.468678 0.000000 -68.233019
v 190.266532 0.000000 -59.990807
v 192.702202 0.000000 -51.634399
v 194.771053 0.000000 -43.179703
v 196.469147 0.000000 -34.642811
v 197.793250 0.000000 -26.039975
v 198.740842 0.000000 -17.387571
v 199.310120 0.000000 -8.702068
v 199.500000 0.000000 -0.000000
v 207.500000 0.000000 0.000000
v 207.302506 0.000000 9.051023
v 206.710400 0.000000 18.084817
v 205.724809 0.000000 27.084185
v 204.347609 0.000000 36.031997
v 202.581421 0.000000 44.911220
v 200.429609 0.000000 53.704952
v 197.896267 0.000000 62.396453
v 194.986219 0.000000 70.969180
v 191.705003 0.000000 79.406812
v 188.058866 0.000000 87.693289
v 184.054748 0.000000 95.812837
v 179.700271 0.000000 103.750000
v 175.003725 0.000000 111.489669
v 169.974049 0.000000 119.017111
v 164.620818 0.000000 126.317997
v 158.954222 0.000000 133.378429
v 152.985047 0.000000 140.184968
v 146.724657 0.000000 146.724657
v 140.184968 0.000000 152.985047
v 133.378429 0.000000 158.954222
v 126.317997 0.000000 164.620818
v 119.017111 0.000000 169.974049
v 111.489669 0.000000 175.003725
v 103.750000 0.000000 179.700271
v 95.812837 0.000000 184.054748
v 87.693289 0.000000 188.058866
v 79.406812 0.000000 191.705003
v 70.969180 0.000000 194.986219
v 62.396453 0.000000 197.896267
v 53.704952 0.000000 200.429609
v 44.911220 0.000000 202.581421
v 36.031997 0.000000 204.347609
v 27.084185 0.000000 205.724809
v 18.084817 0.000000 206.710400
v 9.051023 0.000000 207.302506
v 0.000000 0.000000 207.500000
v -9.051023 0.000000 207.302506
v -18.084817 0.000000 206.710400
v -27.084185 0.000000 205.724809
v -36.031997 0.000000 204.347609
v -44.911220 0.000000 202.581421
v -53.704952 0.000000 200.429609
v -62.396453 0.000000 197.896267
v -70.969180 0.000000 194.986219
v -79.406812 0.000000 191.705003
v -87.693289 0.000000 188.058866
v -95.812837 0.000000 184.054748
v -103.750000 0.000000 179.700271
v -111.489669 0.000000 175.003725
v -119.017111 0.000000 169.974049
v -126.317997 0.000000 164.620818
v -133.378429 0.000000 158.954222
v -140.184968 0.000000 152.985047
v -146.724657 0.000000 146.724657
v -152.985047 0.000000 140.184968
v -158.954222 0.000000 133.378429
v -164.620818 0.000000 126.317997
v -169.974049 0.000000 119.017111
v -175.003725 0.000000 111.489669
v -179.700271 0.000000 103.750000
v -184.054748 0.000000 95.812837
v -188.058866 0.000000 87.693289
v -191.705003 0.000000 79.406812
v -194.986219 0.000000 70.969180
v -197.896267 0.000000 62.396453
v -200.429609 0.000000 53.704952
v -202.581421 0.000000 44.911220
v -204.347609 0.000000 36.031997
v -205.724809 0.000000 27.084185
v -206.710400 0.000000 18.084817
v -207.302506 0.000000 9.051023
v -207.500000 0.000000 0.000000
v -207.302506 0.000000 -9.051023
v -206.710400 0.000000 -18.084817
v -205.724809 0.000000 -27.084185
v -204.347609 0.000000 -36.031997
v -202.581421 0.000000 -44.911220
v -200.429609 0.000000 -53.704952
v -197.896267 0.000000 -62.396453
v -194.986219 0.000000 -70.969180
v -191.705003 0.000000 -79.406812
v -188.058866 0.000000 -87.693289
v -184.054748 0.000000 -95.812837
v -179.700271 0.000000 -103.750000
v -175.003725 0.000000 -111.489669
v -169.974049 0.000000 -119.017111
v -164.620818 0.000000 -126.317997
v -158.954222 0.000000 -133.378429
v -152.985047 0.000000 -140.184968
v -146.724657 0.000000 -146.724657
v -140.184968 0.000000 -152.985047
v -133.378429 0.000000 -158.954222
v -126.317997 0.000000 -164.620818
v -119.017111 0.000000 -169.974049
v -111.489669 0.000000 -175.003725
v -103.750000 0.000000 -179.700271
v -95.812837 0.000000 -184.054748
v -87.693289 0.000000 -188.058866
v -79.406812 0.000000 -191.705003
v -70.969180 0.000000 -194.986219
v -62.396453 0.000000 -197.896267
v -53.704952 0.000000 -200.429609
v -44.911220 0.000000 -202.581421
v -36.031997 0.000000 -204.347609
v -27.084185 0.000000 -205.724809
v -18.084817 0.000000 -206.710400
v -9.051023 0.000000 -207.302506
v -0.000000 0.000000 -207.500000
v 9.051023 0.000000 -207.302506
v 18.084817 0.000000 -206.710400
v 27.084185 0.000000 -205.724809
v 36.031997 0.000000 -204.347609
v 44.911220 0.000000 -202.581421
v 53.704952 0.000000 -200.429609
v 62.396453 0.000000 -197.896267
v 70.969180 0.000000 -194.986219
v 79.406812 0.000000 -191.705003
v 87.693289 0.000000 -188.058866
v 95.812837 0.000000 -184.054748
v 103.750000 0.000000 -179.700271
v 111.489669 0.000000 -175.003725
v 119.017111 0.000000 -169.974049
v 126.317997 0.000000 -164.620818
v 133.378429 0.000000 -158.954222
v 140.184968 0.000000 -152.985047
v 146.724657 0.000000 -146.724657
v 152.985047 0.000000 -140.184968
v 158.954222 0.000000 -133.378429
v 164.620818 0.000000 -126.317997
v 169.974049 0.000000 -119.017111
v 175.003725 0.000000 -111.489669
v 179.700271 0.000000 -103.750000
v 184.054748 0.000000 -95.812837
v 188.058866 0.000000 -87.693289
v 191.705003 0.000000 -79.406812
v 194.986219 0.000000 -70.969180
v 197.896267 0.000000 -62.396453
v 200.429609 0.000000 -53.704952
v 202.581421 0.000000 -44.911220
v 204.347609 0.000000 -36.031997
v 205.724809 0.000000 -27.084185
v 206.710400 0.000000 -18.084817
v 207.302506 0.000000 -9.051023
v 207.500000 0.000000 -0.000000

vt 0.000000 0.000000
vt 0.006944 0.000000
vt 0.013889 0.000000
vt 0.020833 0.000000
vt 0.027778 0.000000
vt 0.034722 0.000000
vt 0.041667 0.000000
vt 0.048611 0.000000
vt 0.055556 0.000000
vt 0.062500 0.000000
vt 0.069444 0.000000
vt 0.076389 0.000000
vt 0.083333 0.000000
vt 0.090278 0.000000
vt 0.097222 0.000000
vt 0.104167 0.000000
vt 0.111111 0.000000
vt 0.118056 0.000000
vt 0.125000 0.000000
vt 0.131944 0.000000
vt 0.138889 0.000000
vt 0.145833 0.000000
vt 0.152778 0.000000
vt 0.159722 0.000000
vt 0.166667 0.000000
vt 0.173611 0.000000
vt 0.180556 0.000000
vt 0.187500 0.000000
vt 0.194444 0.000000
vt 0.201389 0.000000
vt 0.208333 0.000000
vt 0.215278 0.000000
vt 0.222222 0.000000
vt 0.229167 0.000000
vt 0.236111 0.000000
vt 0.243056 0.000000
vt 0.250000 0.000000
vt 0.256944 0.000000
vt 0.263889 0.000000
vt 0.270833 0.000000
vt 0.277778 0.000000
vt 0.284722 0.000000
vt 0.291667 0.000000
vt 0.298611 0.000000
vt 0.305556 0.000000
vt 0.312500 0.000000
vt 0.319444 0.000000
vt 0.326389 0.000000
vt 0.333333 0.000000
vt 0.340278 0.000000
vt 0.347222 0.000000
vt 0.354167 0.000000
vt 0.361111 0.000000
vt 0.368056 0.000000
vt 0.375000 0.000000
vt 0.381944 0.000000
vt 0.388889 0.000000
vt 0.395833 0.000000
vt 0.402778 0.000000
vt 0.409722 0.000000
vt 0.416667 0.000000
vt 0.423611 0.000000
vt 0.430556 0.000000
vt 0.437500 0.000000
vt 0.444444 0.000000
vt 0.451389 0.000000
vt 0.458333 0.000000
vt 0.465278 0.000000
vt 0.472222 0.000000
vt 0.479167 0.000000
vt 0.486111 0.000000
vt 0.493056 0.000000
vt 0.500000 0.000000
vt 0.506944 0.000000
vt 0.513889 0.000000
vt 0.520833 0.000000
vt 0.527778 0.000000
vt 0.534722 0.000000
vt 0.541667 0.000000
vt 0.548611 0.000000
vt 0.555556 0.000000
vt 0.562500 0.000000
vt 0.569444 0.000000
vt 0.576389 0.000000
vt 0.583333 0.000000
vt 0.590278 0.000000
vt 0.597222 0.000000
vt 0.604167 0.000000
vt 0.611111 0.000000
vt 0.618056 0.000000
vt 0.625000 0.000000
vt 0.631944 0.000000
vt 0.638889 0.000000
vt 0.645833 0.000000
vt 0.652778 0.000000
vt 0.659722 0.000000
vt 0.666667 0.000000
vt 0.673611 0.000000
vt 0.680556 0.000000
vt 0.687500 0.000000
vt 0.694444 0.000000
vt 0.701389 0.000000
vt 0.708333 0.000000
vt 0.715278 0.000000
vt 0.722222 0.000000
vt 0.729167 0.000000
vt 0.736111 0.000000
vt 0.743056 0.000000
vt 0.750000 0.000000
vt 0.756944 0.000000
vt 0.763889 0.000000
vt 0.770833 0.000000
vt 0.777778 0.000000
vt 0.784722 0.000000
vt 0.791667 0.000000
vt 0.798611 0.000000
vt 0.805556 0.000000
vt 0.812500 0.000000
vt 0.819444 0.000000
vt 0.826389 0.000000
vt 0.833333 0.000000
vt 0.840278 0.000000
vt 0.847222 0.000000
vt 0.854167 0.000000
vt 0.861111 0.000000
vt 0.868056 0.000000
vt 0.875000 0.000000
vt 0.881944 0.000000
vt 0.888889 0.000000
vt 0.895833 0.000000
vt 0.902778 0.000000
vt 0.909722 0.000000
vt 0.916667 0.000000
vt 0.923611 0.000000
vt 0.930556 0.000000
vt 0.937500 0.000000
vt 0.944444 0.000000
vt 0.951389 0.000000
vt 0.958333 0.000000
vt 0.965278 0.000000
vt 0.972222 0.000000
vt 0.979167 0.000000
vt 0.986111 0.000000
vt 0.993056 0.000000
vt 1.000000 0.000000
vt 0.000000 0.083333
vt 0.006944 0.083333
vt 0.013889 0.083333
vt 0.020833 0.083333
vt 0.027778 0.083333
vt 0.034722 0.083333
vt 0.041667 0.083333
vt 0.048611 0.083333
vt 0.055556 0.083333
vt 0.062500 0.083333
vt 0.069444 0.083333
vt 0.076389 0.083333
vt 0.083333 0.083333
vt 0.090278 0.083333
vt 0.097222 0.083333
vt 0.104167 0.083333
vt 0.111111 0.083333
vt 0.118056 0.083333
vt 0.125000 0.083333
vt 0.131944 0.083333
vt 0.138889 0.083333
vt 0.145833 0.083333
vt 0.152778 0.083333
vt 0.159722 0.083333
vt 0.166667 0.083333
vt 0.173611 0.083333
vt 0.180556 0.083333
vt 0.187500 0.083333
vt 0.194444 0.083333
vt 0.201389 0.083333
vt 0.208333 0.083333
vt 0.215278 0.083333
vt 0.222222 0.083333
vt 0.229167 0.083333
vt 0.236111 0.083333
vt 0.243056 0.083333
vt 0.250000 0.083333
vt 0.256944 0.083333
vt 0.263889 0.083333
vt 0.270833 0.083333
vt 0.277778 0.083333
vt 0.284722 0.083333
vt 0.291667 0.083333
vt 0.298611 0.083333
vt 0.305556 0.083333
vt 0.312500 0.083333
vt 0.319444 0.083333
vt 0.326389 0.083333
vt 0.333333 0.083333
vt 0.340278 0.083333
vt 0.347222 0.083333
vt 0.354167 0.083333
vt 0.361111 0.083333
vt 0.368056 0.083333
vt 0.375000 0.083333
vt 0.381944 0.083333
vt 0.388889 0.083333
vt 0.395833 0.083333
vt 0.402778 0.083333
vt 0.409722 0.083333
vt 0.416667 0.083333
vt 0.423611 0.083333
vt 0.430556 0.083333
vt 0.437500 0.083333
vt 0.444444 0.083333
vt 0.451389 0.083333
vt 0.458333 0.083333
vt 0.465278 0.083333
vt 0.472222 0.083333
vt 0.479167 0.083333
vt 0.486111 0.083333
vt 0.493056 0.083333
vt 0.500000 0.083333
vt 0.506944 0.083333
vt 0.513889 0.083333
vt 0.520833 0.083333
vt 0.527778 0.083333
vt 0.534722 0.083333
vt 0.541667 0.083333
vt 0.548611 0.083333
vt 0.555556 0.083333
vt 0.562500 0.083333
vt 0.569444 0.083333
vt 0.576389 0.083333
vt 0.583333 0.083333
vt 0.590278 0.083333
vt 0.597222 0.083333
vt 0.604167 0.083333
vt 0.611111 0.083333
vt 0.618056 0.083333
vt 0.625000 0.083333
vt 0.631944 0.083333
vt 0.638889 0.083333
vt 0.645833 0.083333
vt 0.652778 0.083333
vt 0.659722 0.083333
vt 0.666667 0.083333
vt 0.673611 0.083333
vt 0.680556 0.083333
vt 0.687500 0.083333
vt 0.694444 0.083333
vt 0.701389 0.083333
vt 0.708333 0.083333
vt 0.715278 0.083333
vt 0.722222 0.083333
vt 0.729167 0.083333
vt 0.736111 0.083333
vt 0.743056 0.083333
vt 0.750000 0.083333
vt 0.756944 0.083333
vt 0.763889 0.083333
vt 0.770833 0.083333
vt 0.777778 0.083333
vt 0.784722 0.083333
vt 0.791667 0.083333
vt 0.798611 0.083333
vt 0.805556 0.083333
vt 0.812500 0.083333
vt 0.819444 0.083333
vt 0.826389 0.083333
vt 0.833333 0.083333
vt 0.840278 0.083333
vt 0.847222 0.083333
vt 0.854167 0.083333
vt 0.861111 0.083333
vt 0.868056 0.083333
vt 0.875000 0.083333
vt 0.881944 0.083333
vt 0.888889 0.083333
vt 0.895833 0.083333
vt 0.902778 0.083333
vt 0.909722 0.083333
vt 0.916667 0.083333
vt 0.923611 0.083333
vt 0.930556 0.083333
vt 0.937500 0.083333
vt 0.944444 0.083333
vt 0.951389 0.083333
vt 0.958333 0.083333
vt 0.965278 0.083333
vt 0.972222 0.083333
vt 0.979167 0.083333
vt 0.986111 0.083333
vt 0.993056 0.083333
vt 1.000000 0.083333
vt 0.000000 0.166667
vt 0.006944 0.166667
vt 0.013889 0.166667
vt 0.020833 0.166667
vt 0.027778 0.166667
vt 0.034722 0.166667
vt 0.041667 0.166667
vt 0.048611 0.166667
vt 0.055556 0.166667
vt 0.062500 0.166667
vt 0.069444 0.166667
vt 0.076389 0.166667
vt 0.083333 0.166667
vt 0.090278 0.166667
vt 0.097222 0.166667
vt 0.104167 0.166667
vt 0.111111 0.166667
vt 0.118056 0.166667
vt 0.125000 0.166667
vt 0.131944 0.166667
vt 0.138889 0.166667
vt 0.145833 0.166667
vt 0.152778 0.166667
vt 0.159722 0.166667
vt 0.166667 0.166667
vt 0.173611 0.166667
vt 0.180556 0.166667
vt 0.187500 0.166667
vt 0.194444 0.166667
vt 0.201389 0.166667
vt 0.208333 0.166667
vt 0.215278 0.166667
vt 0.222222 0.166667
vt 0.229167 0.166667
vt 0.236111 0.166667
vt 0.243056 0.166667
vt 0.250000 0.166667
vt 0.256944 0.166667
vt 0.263889 0.166667
vt 0.270833 0.166667
vt 0.277778 0.166667
vt 0.284722 0.166667
vt 0.291667 0.166667
vt 0.298611 0.166667
vt 0.305556 0.166667
vt 0.312500 0.166667
vt 0.319444 0.166667
vt 0.326389 0.166667
vt 0.333333 0.166667
vt 0.340278 0.166667
vt 0.347222 0.166667
vt 0.354167 0.166667
vt 0.361111 0.166667
vt 0.368056 0.166667
vt 0.375000 0.166667
vt 0.381944 0.166667
vt 0.388889 0.166667
vt 0.395833 0.166667
vt 0.402778 0.166667
vt 0.409722 0.166667
vt 0.416667 0.166667
vt 0.423611 0.166667
vt 0.430556 0.166667
vt 0.437500 0.166667
vt 0.444444 0.166667
vt 0.451389 0.166667
vt 0.458333 0.166667
vt 0.465278 0.166667
vt 0.472222 0.166667
vt 0.479167 0.166667
vt 0.486111 0.166667
vt 0.493056 0.166667
vt 0.500000 0.166667
vt 0.506944 0.166667
vt 0.513889 0.166667
vt 0.520833 0.166667
vt 0.527778 0.166667
vt 0.534722 0.166667
vt 0.541667 0.166667
vt 0.548611 0.166667
vt 0.555556 0.166667
vt 0.562500 0.166667
vt 0.569444 0.166667
vt 0.576389 0.166667
vt 0.583333 0.166667
vt 0.590278 0.166667
vt 0.597222 0.166667
vt 0.604167 0.166667
vt 0.611111 0.166667
vt 0.618056 0.166667
vt 0.625000 0.166667
vt 0.631944 0.166667
vt 0.638889 0.166667
vt 0.645833 0.166667
vt 0.652778 0.166667
vt 0.659722 0.166667
vt 0.666667 0.166667
vt 0.673611 0.166667
vt 0.680556 0.166667
vt 0.687500 0.166667
vt 0.694444 0.166667
vt 0.701389 0.166667
vt 0.708333 0.166667
vt 0.715278 0.166667
vt 0.722222 0.166667
vt 0.729167 0.166667
vt 0.736111 0.166667
vt 0.743056 0.166667
vt 0.750000 0.166667
vt 0.756944 0.166667
vt 0.763889 0.166667
vt 0.770833 0.166667
vt 0.777778 0.166667
vt 0.784722 0.166667
vt 0.791667 0.166667
vt 0.798611 0.166667
vt 0.805556 0.166667
vt 0.812500 0.166667
vt 0.819444 0.166667
vt 0.826389 0.166667
vt 0.833333 0.166667
vt 0.840278 0.166667
vt 0.847222 0.166667
vt 0.854167 0.166667
vt 0.861111 0.166667
vt 0.868056 0.166667
vt 0.875000 0.166667
vt 0.881944 0.166667
vt 0.888889 0.166667
vt 0.895833 0.166667
vt 0.902778 0.166667
vt 0.909722 0.166667
vt 0.916667 0.166667
vt 0.923611 0.166667
vt 0.930556 0.166667
vt 0.937500 0.166667
vt 0.944444 0.166667
vt 0.951389 0.166667
vt 0.958333 0.166667
vt 0.965278 0.166667
vt 0.972222 0.166667
vt 0.979167 0.166667
vt 0.986111 0.166667
vt 0.993056 0.166667
vt 1.000000 0.166667
vt 0.000000 0.250000
vt 0.006944 0.250000
vt 0.013889 0.250000
vt 0.020833 0.250000
vt 0.027778 0.250000
vt 0.034722 0.250000
vt 0.041667 0.250000
vt 0.048611 0.250000
vt 0.055556 0.250000
vt 0.062500 0.250000
vt 0.069444 0.250000
vt 0.076389 0.250000
vt 0.083333 0.250000
vt 0.090278 0.250000
vt 0.097222 0.250000
vt 0.104167 0.250000
vt 0.111111 0.250000
vt 0.118056 0.250000
vt 0.125000 0.250000
vt 0.131944 0.250000
vt 0.138889 0.250000
vt 0.145833 0.250000
vt 0.152778 0.250000
vt 0.159722 0.250000
vt 0.166667 0.250000
vt 0.173611 0.250000
vt 0.180556 0.250000
vt 0.187500 0.250000
vt 0.194444 0.250000
vt 0.201389 0.250000
vt 0.208333 0.250000
vt 0.215278 0.250000
vt 0.222222 0.250000
vt 0.229167 0.250000
vt 0.236111 0.250000
vt 0.243056 0.250000
vt 0.250000 0.250000
vt 0.256944 0.250000
vt 0.263889 0.250000
vt 0.270833 0.250000
vt 0.277778 0.250000
vt 0.284722 0.250000
vt 0.291667 0.250000
vt 0.298611 0.250000
vt 0.305556 0.250000
vt 0.312500 0.250000
vt 0.319444 0.250000
vt 0.326389 0.250000
vt 0.333333 0.250000
vt 0.340278 0.250000
vt 0.347222 0.250000
vt 0.354167 0.250000
vt 0.361111 0.250000
vt 0.368056 0.250000
vt 0.375000 0.250000
vt 0.381944 0.250000
vt 0.388889 0.250000
vt 0.395833 0.250000
vt 0.402778 0.250000
vt 0.409722 0.250000
vt 0.416667 0.250000
vt 0.423611 0.250000
vt 0.430556 0.250000
vt 0.437500 0.250000
vt 0.444444 0.250000
vt 0.451389 0.250000
vt 0.458333 0.250000
vt 0.465278 0.250000
vt 0.472222 0.250000
vt 0.479167 0.250000
vt 0.486111 0.250000
vt 0.493056 0.250000
vt 0.500000 0.250000
vt 0.506944 0.250000
vt 0.513889 0.250000
vt 0.520833 0.250000
vt 0.527778 0.250000
vt 0.534722 0.250000
vt 0.541667 0.250000
vt 0.548611 0.250000
vt 0.555556 0.250000
vt 0.562500 0.250000
vt 0.569444 0.250000
vt 0.576389 0.250000
vt 0.583333 0.250000
vt 0.590278 0.250000
vt 0.597222 0.250000
vt 0.604167 0.250000
vt 0.611111 0.250000
vt 0.618056 0.250000
vt 0.625000 0.250000
vt 0.631944 0.250000
vt 0.638889 0.250000
vt 0.645833 0.250000
vt 0.652778 0.250000
vt 0.659722 0.250000
vt 0.666667 0.250000
vt 0.673611 0.250000
vt 0.680556 0.250000
vt 0.687500 0.250000
vt 0.694444 0.250000
vt 0.701389 0.250000
vt 0.708333 0.250000
vt 0.715278 0.250000
vt 0.722222 0.250000
vt 0.729167 0.250000
vt 0.736111 0.250000
vt 0.743056 0.250000
vt 0.750000 0.250000
vt 0.756944 0.250000
vt 0.763889 0.250000
vt 0.770833 0.250000
vt 0.777778 0.250000
vt 0.784722 0.250000
vt 0.791667 0.250000
vt 0.798611 0.250000
vt 0.805556 0.250000
vt 0.812500 0.250000
vt 0.819444 0.250000
vt 0.826389 0.250000
vt 0.833333 0.250000
vt 0.840278 0.250000
vt 0.847222 0.250000
vt 0.854167 0.250000
vt 0.861111 0.250000
vt 0.868056 0.250000
vt 0.875000 0.250000
vt 0.881944 0.250000
vt 0.888889 0.250000
vt 0.895833 0.250000
vt 0.902778 0.250000
vt 0.909722 0.250000
vt 0.916667 0.250000
vt 0.923611 0.250000
vt 0.930556 0.250000
vt 0.937500 0.250000
vt 0.944444 0.250000
vt 0.951389 0.250000
vt 0.958333 0.250000
vt 0.965278 0.250000
vt 0.972222 0.250000
vt 0.979167 0.250000
vt 0.986111 0.250000
vt 0.993056 0.250000
vt 1.000000 0.250000
vt 0.000000 0.333333
vt 0.006944 0.333333
vt 0.013889 0.333333
vt 0.020833 0.333333
vt 0.027778 0.333333
vt 0.034722 0.333333
vt 0.041667 0.333333
vt 0.048611 0.333333
vt 0.055556 0.333333
vt 0.062500 0.333333
vt 0.069444 0.333333
vt 0.076389 0.333333
vt 0.083333 0.333333
vt 0.090278 0.333333
vt 0.097222 0.333333
vt 0.104167 0.333333
vt 0.111111 0.333333
vt 0.118056 0.333333
vt 0.125000 0.333333
vt 0.131944 0.333333
vt 0.138889 0.333333
vt 0.145833 0.333333
vt 0.152778 0.333333
vt 0.159722 0.333333
vt 0.166667 0.333333
vt 0.173611 0.333333
vt 0.180556 0.333333
vt 0.187500 0.333333
vt 0.194444 0.333333
vt 0.201389 0.333333
vt 0.208333 0.333333
vt 0.215278 0.333333
vt 0.222222 0.333333
vt 0.229167 0.333333
vt 0.236111 0.333333
vt 0.243056 0.333333
vt 0.250000 0.333333
vt 0.256944 0.333333
vt 0.263889 0.333333
vt 0.270833 0.333333
vt 0.277778 0.333333
vt 0.284722 0.333333
vt 0.291667 0.333333
vt 0.298611 0.333333
vt 0.305556 0.333333
vt 0.312500 0.333333
vt 0.319444 0.333333
vt 0.326389 0.333333
vt 0.333333 0.333333
vt 0.340278 0.333333
vt 0.347222 0.333333
vt 0.354167 0.333333
vt 0.361111 0.333333
vt 0.368056 0.333333
vt 0.375000 0.333333
vt 0.381944 0.333333
vt 0.388889 0.333333
vt 0.395833 0.333333
vt 0.402778 0.333333
vt 0.409722 0.333333
vt 0.416667 0.333333
vt 0.423611 0.333333
vt 0.430556 0.333333
vt 0.437500 0.333333
vt 0.444444 0.333333
vt 0.451389 0.333333
vt 0.458333 0.333333
vt 0.465278 0.333333
vt 0.472222 0.333333
vt 0.479167 0.333333
vt 0.486111 0.333333
vt 0.493056 0.333333
vt 0.500000 0.333333
vt 0.506944 0.333333
vt 0.513889 0.333333
vt 0.520833 0.333333
vt 0.527778 0.333333
vt 0.534722 0.333333
vt 0.541667 0.333333
vt 0.548611 0.333333
vt 0.555556 0.333333
vt 0.562500 0.333333
vt 0.569444 0.333333
vt 0.576389 0.333333
vt 0.583333 0.333333
vt 0.590278 0.333333
vt 0.597222 0.333333
vt 0.604167 0.333333
vt 0.611111 0.333333
vt 0.618056 0.333333
vt 0.625000 0.333333
vt 0.631944 0.333333
vt 0.638889 0.333333
vt 0.645833 0.333333
vt 0.652778 0.333333
vt 0.659722 0.333333
vt 0.666667 0.333333
vt 0.673611 0.333333
vt 0.680556 0.333333
vt 0.687500 0.333333
vt 0.694444 0.333333
vt 0.701389 0.333333
vt 0.708333 0.333333
vt 0.715278 0.333333
vt 0.722222 0.333333
vt 0.729167 0.333333
vt 0.736111 0.333333
vt 0.743056 0.333333
vt 0.750000 0.333333
vt 0.756944 0.333333
vt 0.763889 0.333333
vt 0.770833 0.333333
vt 0.777778 0.333333
vt 0.784722 0.333333
vt 0.791667 0.333333
vt 0.798611 0.333333
vt 0.805556 0.333333
vt 0.812500 0.333333
vt 0.819444 0.333333
vt 0.826389 0.333333
vt 0.833333 0.333333
vt 0.840278 0.333333
vt 0.847222 0.333333
vt 0.854167 0.333333
vt 0.861111 0.333333
vt 0.868056 0.333333
vt 0.875000 0.333333
vt 0.881944 0.333333
vt 0.888889 0.333333
vt 0.895833 0.333333
vt 0.902778 0.333333
vt 0.909722 0.333333
vt 0.916667 0.333333
vt 0.923611 0.333333
vt 0.930556 0.333333
vt 0.937500 0.333333
vt 0.944444 0.333333
vt 0.951389 0.333333
vt 0.958333 0.333333
vt 0.965278 0.333333
vt 0.972222 0.333333
vt 0.979167 0.333333
vt 0.986111 0.333333
vt 0.993056 0.333333
vt 1.000000 0.333333
vt 0.000000 0.416667
vt 0.006944 0.416667
vt 0.013889 0.416667
vt 0.020833 0.416667
vt 0.027778 0.416667
vt 0.034722 0.416667
vt 0.041667 0.416667
vt 0.048611 0.416667
vt 0.055556 0.416667
vt 0.062500 0.416667
vt 0.069444 0.416667
vt 0.076389 0.416667
vt 0.083333 0.416667
vt 0.090278 0.416667
vt 0.097222 0.416667
vt 0.104167 0.416667
vt 0.111111 0.416667
vt 0.118056 0.416667
vt 0.125000 0.416667
vt 0.131944 0.416667
vt 0.138889 0.416667
vt 0.145833 0.416667
vt 0.152778 0.416667
vt 0.159722 0.416667
vt 0.166667 0.416667
vt 0.173611 0.416667
vt 0.180556 0.416667
vt 0.187500 0.416667
vt 0.194444 0.416667
vt 0.201389 0.416667
vt 0.208333 0.416667
vt 0.215278 0.416667
vt 0.222222 0.416667
vt 0.229167 0.416667
vt 0.236111 0.416667
vt 0.243056 0.416667
vt 0.250000 0.416667
vt 0.256944 0.416667
vt 0.263889 0.416667
vt 0.270833 0.416667
vt 0.277778 0.416667
vt 0.284722 0.416667
vt 0.291667 0.416667
vt 0.298611 0.416667
vt 0.305556 0.416667
vt 0.312500 0.416667
vt 0.319444 0.416667
vt 0.326389 0.416667
vt 0.333333 0.416667
vt 0.340278 0.416667
vt 0.347222 0.416667
vt 0.354167 0.416667
vt 0.361111 0.416667
vt 0.368056 0.416667
vt 0.375000 0.416667
vt 0.381944 0.416667
vt 0.388889 0.416667
vt 0.395833 0.416667
vt 0.402778 0.416667
vt 0.409722 0.416667
vt 0.416667 0.416667
vt 0.423611 0.416667
vt 0.430556 0.416667
vt 0.437500 0.416667
vt 0.444444 0.416667
vt 0.451389 0.416667
vt 0.458333 0.416667
vt 0.465278 0.416667
vt 0.472222 0.416667
vt 0.479167 0.416667
vt 0.486111 0.416667
vt 0.493056 0.416667
vt 0.500000 0.416667
vt 0.506944 0.416667
vt 0.513889 0.416667
vt 0.520833 0.416667
vt 0.527778 0.416667
vt 0.534722 0.416667
vt 0.541667 0.416667
vt 0.548611 0.416667
vt 0.555556 0.416667
vt 0.562500 0.416667
vt 0.569444 0.416667
vt 0.576389 0.416667
vt 0.583333 0.416667
vt 0.590278 0.416667
vt 0.597222 0.416667
vt 0.604167 0.416667
vt 0.611111 0.416667
vt 0.618056 0.416667
vt 0.625000 0.416667
vt 0.631944 0.416667
vt 0.638889 0.416667
vt 0.645833 0.416667
vt 0.652778 0.416667
vt 0.659722 0.416667
vt 0.666667 0.416667
vt 0.673611 0.416667
vt 0.680556 0.416667
vt 0.687500 0.416667
vt 0.694444 0.416667
vt 0.701389 0.416667
vt 0.708333 0.416667
vt 0.715278 0.416667
vt 0.722222 0.416667
vt 0.729167 0.416667
vt 0.736111 0.416667
vt 0.743056 0.416667
vt 0.750000 0.416667
vt 0.756944 0.416667
vt 0.763889 0.416667
vt 0.770833 0.416667
vt 0.777778 0.416667
vt 0.784722 0.416667
vt 0.791667 0.416667
vt 0.798611 0.416667
vt 0.805556 0.416667
vt 0.812500 0.416667
vt 0.819444 0.416667
vt 0.826389 0.416667
vt 0.833333 0.416667
vt 0.840278 0.416667
vt 0.847222 0.416667
vt 0.854167 0.416667
vt 0.861111 0.416667
vt 0.868056 0.416667
vt 0.875000 0.416667
vt 0.881944 0.416667
vt 0.888889 0.416667
vt 0.895833 0.416667
vt 0.902778 0.416667
vt 0.909722 0.416667
vt 0.916667 0.416667
vt 0.923611 0.416667
vt 0.930556 0.416667
vt 0.937500 0.416667
vt 0.944444 0.416667
vt 0.951389 0.416667
vt 0.958333 0.416667
vt 0.965278 0.416667
vt 0.972222 0.416667
vt 0.979167 0.416667
vt 0.986111 0.416667
vt 0.993056 0.416667
vt 1.000000 0.416667
vt 0.000000 0.500000
vt 0.006944 0.500000
vt 0.013889 0.500000
vt 0.020833 0.500000
vt 0.027778 0.500000
vt 0.034722 0.500000
vt 0.041667 0.500000
vt 0.048611 0.500000
vt 0.055556 0.500000
vt 0.062500 0.500000
vt 0.069444 0.500000
vt 0.076389 0.500000
vt 0.083333 0.500000
vt 0.090278 0.500000
vt 0.097222 0.500000
vt 0.104167 0.500000
vt 0.111111 0.500000
vt 0.118056 0.500000
vt 0.125000 0.500000
vt 0.131944 0.500000
vt 0.138889 0.500000
vt 0.145833 0.500000
vt 0.152778 0.500000
vt 0.159722 0.500000
vt 0.166667 0.500000
vt 0.173611 0.500000
vt 0.180556 0.500000
vt 0.187500 0.500000
vt 0.194444 0.500000
vt 0.201389 0.500000
vt 0.208333 0.500000
vt 0.215278 0.500000
vt 0.222222 0.500000
vt 0.229167 0.500000
vt 0.236111 0.500000
vt 0.243056 0.500000
vt 0.250000 0.500000
vt 0.256944 0.500000
vt 0.263889 0.500000
vt 0.270833 0.500000
vt 0.277778 0.500000
vt 0.284722 0.500000
vt 0.291667 0.500000
vt 0.298611 0.500000
vt 0.305556 0.500000
vt 0.312500 0.500000
vt 0.319444 0.500000
vt 0.326389 0.500000
vt 0.333333 0.500000
vt 0.340278 0.500000
vt 0.347222 0.500000
vt 0.354167 0.500000
vt 0.361111 0.500000
vt 0.368056 0.500000
vt 0.375000 0.500000
vt 0.381944 0.500000
vt 0.388889 0.500000
vt 0.395833 0.500000
vt 0.402778 0.500000
vt 0.409722 0.500000
vt 0.416667 0.500000
vt 0.423611 0.500000
vt 0.430556 0.500000
vt 0.437500 0.500000
vt 0.444444 0.500000
vt 0.451389 0.500000
vt 0.458333 0.500000
vt 0.465278 0.500000
vt 0.472222 0.500000
vt 0.479167 0.500000
vt 0.486111 0.500000
vt 0.493056 0.500000
vt 0.500000 0.500000
vt 0.506944 0.500000
vt 0.513889 0.500000
vt 0.520833 0.500000
vt 0.527778 0.500000
vt 0.534722 0.500000
vt 0.541667 0.500000
vt 0.548611 0.500000
vt 0.555556 0.500000
vt 0.562500 0.500000
vt 0.569444 0.500000
vt 0.576389 0.500000
vt 0.583333 0.500000
vt 0.590278 0.500000
vt 0.597222 0.500000
vt 0.604167 0.500000
vt 0.611111 0.500000
vt 0.618056 0.500000
vt 0.625000 0.500000
vt 0.631944 0.500000
vt 0.638889 0.500000
vt 0.645833 0.500000
vt 0.652778 0.500000
vt 0.659722 0.500000
vt 0.666667 0.500000
vt 0.673611 0.500000
vt 0.680556 0.500000
vt 0.687500 0.500000
vt 0.694444 0.500000
vt 0.701389 0.500000
vt 0.708333 0.500000
vt 0.715278 0.500000
vt 0.722222 0.500000
vt 0.729167 0.500000
vt 0.736111 0.500000
vt 0.743056 0.500000
vt 0.750000 0.500000
vt 0.756944 0.500000
vt 0.763889 0.500000
vt 0.770833 0.500000
vt 0.777778 0.500000
vt 0.784722 0.500000
vt 0.791667 0.500000
vt 0.798611 0.500000
vt 0.805556 0.500000
vt 0.812500 0.500000
vt 0.819444 0.500000
vt 0.826389 0.500000
vt 0.833333 0.500000
vt 0.840278 0.500000
vt 0.847222 0.500000
vt 0.854167 0.500000
vt 0.861111 0.500000
vt 0.868056 0.500000
vt 0.875000 0.500000
vt 0.881944 0.500000
vt 0.888889 0.500000
vt 0.895833 0.500000
vt 0.902778 0.500000
vt 0.909722 0.500000
vt 0.916667 0.500000
vt 0.923611 0.500000
vt 0.930556 0.500000
vt 0.937500 0.500000
vt 0.944444 0.500000
vt 0.951389 0.500000
vt 0.958333 0.500000
vt 0.965278 0.500000
vt 0.972222 0.500000
vt 0.979167 0.500000
vt 0.986111 0.500000
vt 0.993056 0.500000
vt 1.000000 0.500000
vt 0.000000 0.583333
vt 0.006944 0.583333
vt 0.013889 0.583333
vt 0.020833 0.583333
vt 0.027778 0.583333
vt 0.034722 0.583333
vt 0.041667 0.583333
vt 0.048611 0.583333
vt 0.055556 0.583333
vt 0.062500 0.583333
vt 0.069444 0.583333
vt 0.076389 0.583333
vt 0.083333 0.583333
vt 0.090278 0.583333
vt 0.097222 0.583333
vt 0.104167 0.583333
vt 0.111111 0.583333
vt 0.118056 0.583333
vt 0.125000 0.583333
vt 0.131944 0.583333
vt 0.138889 0.583333
vt 0.145833 0.583333
vt 0.152778 0.583333
vt 0.159722 0.583333
vt 0.166667 0.583333
vt 0.173611 0.583333
vt 0.180556 0.583333
vt 0.187500 0.583333
vt 0.194444 0.583333
vt 0.201389 0.583333
vt 0.208333 0.583333
vt 0.215278 0.583333
vt 0.222222 0.583333
vt 0.229167 0.583333
vt 0.236111 0.583333
vt 0.243056 0.583333
vt 0.250000 0.583333
vt 0.256944 0.583333
vt 0.263889 0.583333
vt 0.270833 0.583333
vt 0.277778 0.583333
vt 0.284722 0.583333
vt 0.291667 0.583333
vt 0.298611 0.583333
vt 0.305556 0.583333
vt 0.312500 0.583333
vt 0.319444 0.583333
vt 0.326389 0.583333
vt 0.333333 0.583333
vt 0.340278 0.583333
vt 0.347222 0.583333
vt 0.354167 0.583333
vt 0.361111 0.583333
vt 0.368056 0.583333
vt 0.375000 0.583333
vt 0.381944 0.583333
vt 0.388889 0.583333
vt 0.395833 0.583333
vt 0.402778 0.583333
vt 0.409722 0.583333
vt 0.416667 0.583333
vt 0.423611 0.583333
vt 0.430556 0.583333
vt 0.437500 0.583333
vt 0.444444 0.583333
vt 0.451389 0.583333
vt 0.458333 0.583333
vt 0.465278 0.583333
vt 0.472222 0.583333
vt 0.479167 0.583333
vt 0.486111 0.583333
vt 0.493056 0.583333
vt 0.500000 0.583333
vt 0.506944 0.583333
vt 0.513889 0.583333
vt 0.520833 0.583333
vt 0.527778 0.583333
vt 0.534722 0.583333
vt 0.541667 0.583333
vt 0.548611 0.583333
vt 0.555556 0.583333
vt 0.562500 0.583333
vt 0.569444 0.583333
vt 0.576389 0.583333
vt 0.583333 0.583333
vt 0.590278 0.583333
vt 0.597222 0.583333
vt 0.604167 0.583333
vt 0.611111 0.583333
vt 0.618056 0.583333
vt 0.625000 0.583333
vt 0.631944 0.583333
vt 0.638889 0.583333
vt 0.645833 0.583333
vt 0.652778 0.583333
vt 0.659722 0.583333
vt 0.666667 0.583333
vt 0.673611 0.583333
vt 0.680556 0.583333
vt 0.687500 0.583333
vt 0.694444 0.583333
vt 0.701389 0.583333
vt 0.708333 0.583333
vt 0.715278 0.583333
vt 0.722222 0.583333
vt 0.729167 0.583333
vt 0.736111 0.583333
vt 0.743056 0.583333
vt 0.750000 0.583333
vt 0.756944 0.583333
vt 0.763889 0.583333
vt 0.770833 0.583333
vt 0.777778 0.583333
vt 0.784722 0.583333
vt 0.791667 0.583333
vt 0.798611 0.583333
vt 0.805556 0.583333
vt 0.812500 0.583333
vt 0.819444 0.583333
vt 0.826389 0.583333
vt 0.833333 0.583333
vt 0.840278 0.583333
vt 0.847222 0.583333
vt 0.854167 0.583333
vt 0.861111 0.583333
vt 0.868056 0.583333
vt 0.875000 0.583333
vt 0.881944 0.583333
vt 0.888889 0.583333
vt 0.895833 0.583333
vt 0.902778 0.583333
vt 0.909722 0.583333
vt 0.916667 0.583333
vt 0.923611 0.583333
vt 0.930556 0.583333
vt 0.937500 0.583333
vt 0.944444 0.583333
vt 0.951389 0.583333
vt 0.958333 0.583333
vt 0.965278 0.583333
vt 0.972222 0.583333
vt 0.979167 0.583333
vt 0.986111 0.583333
vt 0.993056 0.583333
vt 1.000000 0.583333
vt 0.000000 0.666667
vt 0.006944 0.666667
vt 0.013889 0.666667
vt 0.020833 0.666667
vt 0.027778 0.666667
vt 0.034722 0.666667
vt 0.041667 0.666667
vt 0.048611 0.666667
vt 0.055556 0.666667
vt 0.062500 0.666667
vt 0.069444 0.666667
vt 0.076389 0.666667
vt 0.083333 0.666667
vt 0.090278 0.666667
vt 0.097222 0.666667
vt 0.104167 0.666667
vt 0.111111 0.666667
vt 0.118056 0.666667
vt 0.125000 0.666667
vt 0.131944 0.666667
vt 0.138889 0.666667
vt 0.145833 0.666667
vt 0.152778 0.666667
vt 0.159722 0.666667
vt 0.166667 0.666667
vt 0.173611 0.666667
vt 0.180556 0.666667
vt 0.187500 0.666667
vt 0.194444 0.666667
vt 0.201389 0.666667
vt 0.208333 0.666667
vt 0.215278 0.666667
vt 0.222222 0.666667
vt 0.229167 0.666667
vt 0.236111 0.666667
vt 0.243056 0.666667
vt 0.250000 0.666667
vt 0.256944 0.666667
vt 0.263889 0.666667
vt 0.270833 0.666667
vt 0.277778 0.666667
vt 0.284722 0.666667
vt 0.291667 0.666667
vt 0.298611 0.666667
vt 0.305556 0.666667
vt 0.312500 0.666667
vt 0.319444 0.666667
vt 0.326389 0.666667
vt 0.333333 0.666667
vt 0.340278 0.666667
vt 0.347222 0.666667
vt 0.354167 0.666667
vt 0.361111 0.666667
vt 0.368056 0.666667
vt 0.375000 0.666667
vt 0.381944 0.666667
vt 0.388889 0.666667
vt 0.395833 0.666667
vt 0.402778 0.666667
vt 0.409722 0.666667
vt 0.416667 0.666667
vt 0.423611 0.666667
vt 0.430556 0.666667
vt 0.437500 0.666667
vt 0.444444 0.666667
vt 0.451389 0.666667
vt 0.458333 0.666667
vt 0.465278 0.666667
vt 0.472222 0.666667
vt 0.479167 0.666667
vt 0.486111 0.666667
vt 0.493056 0.666667
vt 0.500000 0.666667
vt 0.506944 0.666667
vt 0.513889 0.666667
vt 0.520833 0.666667
vt 0.527778 0.666667
vt 0.534722 0.666667
vt 0.541667 0.666667
vt 0.548611 0.666667
vt 0.555556 0.666667
vt 0.562500 0.666667
vt 0.569444 0.666667
vt 0.576389 0.666667
vt 0.583333 0.666667
vt 0.590278 0.666667
vt 0.597222 0.666667
vt 0.604167 0.666667
vt 0.611111 0.666667
vt 0.618056 0.666667
vt 0.625000 0.666667
vt 0.631944 0.666667
vt 0.638889 0.666667
vt 0.645833 0.666667
vt 0.652778 0.666667
vt 0.659722 0.666667
vt 0.666667 0.666667
vt 0.673611 0.666667
vt 0.680556 0.666667
vt 0.687500 0.666667
vt 0.694444 0.666667
vt 0.701389 0.666667
vt 0.708333 0.666667
vt 0.715278 0.666667
vt 0.722222 0.666667
vt 0.729167 0.666667
vt 0.736111 0.666667
vt 0.743056 0.666667
vt 0.750000 0.666667
vt 0.756944 0.666667
vt 0.763889 0.666667
vt 0.770833 0.666667
vt 0.777778 0.666667
vt 0.784722 0.666667
vt 0.791667 0.666667
vt 0.798611 0.666667
vt 0.805556 0.666667
vt 0.812500 0.666667
vt 0.819444 0.666667
vt 0.826389 0.666667
vt 0.833333 0.666667
vt 0.840278 0.666667
vt 0.847222 0.666667
vt 0.854167 0.666667
vt 0.861111 0.666667
vt 0.868056 0.666667
vt 0.875000 0.666667
vt 0.881944 0.666667
vt 0.888889 0.666667
vt 0.895833 0.666667
vt 0.902778 0.666667
vt 0.909722 0.666667
vt 0.916667 0.666667
vt 0.923611 0.666667
vt 0.930556 0.666667
vt 0.937500 0.666667
vt 0.944444 0.666667
vt 0.951389 0.666667
vt 0.958333 0.666667
vt 0.965278 0.666667
vt 0.972222 0.666667
vt 0.979167 0.666667
vt 0.986111 0.666667
vt 0.993056 0.666667
vt 1.000000 0.666667
vt 0.000000 0.750000
vt 0.006944 0.750000
vt 0.013889 0.750000
vt 0.020833 0.750000
vt 0.027778 0.750000
vt 0.034722 0.750000
vt 0.041667 0.750000
vt 0.048611 0.750000
vt 0.055556 0.750000
vt 0.062500 0.750000
vt 0.069444 0.750000
vt 0.076389 0.750000
vt 0.083333 0.750000
vt 0.090278 0.750000
vt 0.097222 0.750000
vt 0.104167 0.750000
vt 0.111111 0.750000
vt 0.118056 0.750000
vt 0.125000 0.750000
vt 0.131944 0.750000
vt 0.138889 0.750000
vt 0.145833 0.750000
vt 0.152778 0.750000
vt 0.159722 0.750000
vt 0.166667 0.750000
vt 0.173611 0.750000
vt 0.180556 0.750000
vt 0.187500 0.750000
vt 0.194444 0.750000
vt 0.201389 0.750000
vt 0.208333 0.750000
vt 0.215278 0.750000
vt 0.222222 0.750000
vt 0.229167 0.750000
vt 0.236111 0.750000
vt 0.243056 0.750000
vt 0.250000 0.750000
vt 0.256944 0.750000
vt 0.263889 0.750000
vt 0.270833 0.750000
vt 0.277778 0.750000
vt 0.284722 0.750000
vt 0.291667 0.750000
vt 0.298611 0.750000
vt 0.305556 0.750000
vt 0.312500 0.750000
vt 0.319444 0.750000
vt 0.326389 0.750000
vt 0.333333 0.750000
vt 0.340278 0.750000
vt 0.347222 0.750000
vt 0.354167 0.750000
vt 0.361111 0.750000
vt 0.368056 0.750000
vt 0.375000 0.750000
vt 0.381944 0.750000
vt 0.388889 0.750000
vt 0.395833 0.750000
vt 0.402778 0.750000
vt 0.409722 0.750000
vt 0.416667 0.750000
vt 0.423611 0.750000
vt 0.430556 0.750000
vt 0.437500 0.750000
vt 0.444444 0.750000
vt 0.451389 0.750000
vt 0.458333 0.750000
vt 0.465278 0.750000
vt 0.472222 0.750000
vt 0.479167 0.750000
vt 0.486111 0.750000
vt 0.493056 0.750000
vt 0.500000 0.750000
vt 0.506944 0.750000
vt 0.513889 0.750000
vt 0.520833 0.750000
vt 0.527778 0.750000
vt 0.534722 0.750000
vt 0.541667 0.750000
vt 0.548611 0.750000
vt 0.555556 0.750000
vt 0.562500 0.750000
vt 0.569444 0.750000
vt 0.576389 0.750000
vt 0.583333 0.750000
vt 0.590278 0.750000
vt 0.597222 0.750000
vt 0.604167 0.750000
vt 0.611111 0.750000
vt 0.618056 0.750000
vt 0.625000 0.750000
vt 0.631944 0.750000
vt 0.638889 0.750000
vt 0.645833 0.750000
vt 0.652778 0.750000
vt 0.659722 0.750000
vt 0.666667 0.750000
vt 0.673611 0.750000
vt 0.680556 0.750000
vt 0.687500 0.750000
vt 0.694444 0.750000
vt 0.701389 0.750000
vt 0.708333 0.750000
vt 0.715278 0.750000
vt 0.722222 0.750000
vt 0.729167 0.750000
vt 0.736111 0.750000
vt 0.743056 0.750000
vt 0.750000 0.750000
vt 0.756944 0.750000
vt 0.763889 0.750000
vt 0.770833 0.750000
vt 0.777778 0.750000
vt 0.784722 0.750000
vt 0.791667 0.750000
vt 0.798611 0.750000
vt 0.805556 0.750000
vt 0.812500 0.750000
vt 0.819444 0.750000
vt 0.826389 0.750000
vt 0.833333 0.750000
vt 0.840278 0.750000
vt 0.847222 0.750000
vt 0.854167 0.750000
vt 0.861111 0.750000
vt 0.868056 0.750000
vt 0.875000 0.750000
vt 0.881944 0.750000
vt 0.888889 0.750000
vt 0.895833 0.750000
vt 0.902778 0.750000
vt 0.909722 0.750000
vt 0.916667 0.750000
vt 0.923611 0.750000
vt 0.930556 0.750000
vt 0.937500 0.750000
vt 0.944444 0.750000
vt 0.951389 0.750000
vt 0.958333 0.750000
vt 0.965278 0.750000
vt 0.972222 0.750000
vt 0.979167 0.750000
vt 0.986111 0.750000
vt 0.993056 0.750000
vt 1.000000 0.750000
vt 0.000000 0.833333
vt 0.006944 0.833333
vt 0.013889 0.833333
vt 0.020833 0.833333
vt 0.027778 0.833333
vt 0.034722 0.833333
vt 0.041667 0.833333
vt 0.048611 0.833333
vt 0.055556 0.833333
vt 0.062500 0.833333
vt 0.069444 0.833333
vt 0.076389 0.833333
vt 0.083333 0.833333
vt 0.090278 0.833333
vt 0.097222 0.833333
vt 0.104167 0.833333
vt 0.111111 0.833333
vt 0.118056 0.833333
vt 0.125000 0.833333
vt 0.131944 0.833333
vt 0.138889 0.833333
vt 0.145833 0.833333
vt 0.152778 0.833333
vt 0.159722 0.833333
vt 0.166667 0.833333
vt 0.173611 0.833333
vt 0.180556 0.833333
vt 0.187500 0.833333
vt 0.194444 0.833333
vt 0.201389 0.833333
vt 0.208333 0.833333
vt 0.215278 0.833333
vt 0.222222 0.833333
vt 0.229167 0.833333
vt 0.236111 0.833333
vt 0.243056 0.833333
vt 0.250000 0.833333
vt 0.256944 0.833333
vt 0.263889 0.833333
vt 0.270833 0.833333
vt 0.277778 0.833333
vt 0.284722 0.833333
vt 0.291667 0.833333
vt 0.298611 0.833333
vt 0.305556 0.833333
vt 0.312500 0.833333
vt 0.319444 0.833333
vt 0.326389 0.833333
vt 0.333333 0.833333
vt 0.340278 0.833333
vt 0.347222 0.833333
vt 0.354167 0.833333
vt 0.361111 0.833333
vt 0.368056 0.833333
vt 0.375000 0.833333
vt 0.381944 0.833333
vt 0.388889 0.833333
vt 0.395833 0.833333
vt 0.402778 0.833333
vt 0.409722 0.833333
vt 0.416667 0.833333
vt 0.423611 0.833333
vt 0.430556 0.833333
vt 0.437500 0.833333
vt 0.444444 0.833333
vt 0.451389 0.833333
vt 0.458333 0.833333
vt 0.465278 0.833333
vt 0.472222 0.833333
vt 0.479167 0.833333
vt 0.486111 0.833333
vt 0.493056 0.833333
vt 0.500000 0.833333
vt 0.506944 0.833333
vt 0.513889 0.833333
vt 0.520833 0.833333
vt 0.527778 0.833333
vt 0.534722 0.833333
vt 0.541667 0.833333
vt 0.548611 0.833333
vt 0.555556 0.833333
vt 0.562500 0.833333
vt 0.569444 0.833333
vt 0.576389 0.833333
vt 0.583333 0.833333
vt 0.590278 0.833333
vt 0.597222 0.833333
vt 0.604167 0.833333
vt 0.611111 0.833333
vt 0.618056 0.833333
vt 0.625000 0.833333
vt 0.631944 0.833333
vt 0.638889 0.833333
vt 0.645833 0.833333
vt 0.652778 0.833333
vt 0.659722 0.833333
vt 0.666667 0.833333
vt 0.673611 0.833333
vt 0.680556 0.833333
vt 0.687500 0.833333
vt 0.694444 0.833333
vt 0.701389 0.833333
vt 0.708333 0.833333
vt 0.715278 0.833333
vt 0.722222 0.833333
vt 0.729167 0.833333
vt 0.736111 0.833333
vt 0.743056 0.833333
vt 0.750000 0.833333
vt 0.756944 0.833333
vt 0.763889 0.833333
vt 0.770833 0.833333
vt 0.777778 0.833333
vt 0.784722 0.833333
vt 0.791667 0.833333
vt 0.798611 0.833333
vt 0.805556 0.833333
vt 0.812500 0.833333
vt 0.819444 0.833333
vt 0.826389 0.833333
vt 0.833333 0.833333
vt 0.840278 0.833333
vt 0.847222 0.833333
vt 0.854167 0.833333
vt 0.861111 0.833333
vt 0.868056 0.833333
vt 0.875000 0.833333
vt 0.881944 0.833333
vt 0.888889 0.833333
vt 0.895833 0.833333
vt 0.902778 0.833333
vt 0.909722 0.833333
vt 0.916667 0.833333
vt 0.923611 0.833333
vt 0.930556 0.833333
vt 0.937500 0.833333
vt 0.944444 0.833333
vt 0.951389 0.833333
vt 0.958333 0.833333
vt 0.965278 0.833333
vt 0.972222 0.833333
vt 0.979167 0.833333
vt 0.986111 0.833333
vt 0.993056 0.833333
vt 1.000000 0.833333
vt 0.000000 0.916667
vt 0.006944 0.916667
vt 0.013889 0.916667
vt 0.020833 0.916667
vt 0.027778 0.916667
vt 0.034722 0.916667
vt 0.041667 0.916667
vt 0.048611 0.916667
vt 0.055556 0.916667
vt 0.062500 0.916667
vt 0.069444 0.916667
vt 0.076389 0.916667
vt 0.083333 0.916667
vt 0.090278 0.916667
vt 0.097222 0.916667
vt 0.104167 0.916667
vt 0.111111 0.916667
vt 0.118056 0.916667
vt 0.125000 0.916667
vt 0.131944 0.916667
vt 0.138889 0.916667
vt 0.145833 0.916667
vt 0.152778 0.916667
vt 0.159722 0.916667
vt 0.166667 0.916667
vt 0.173611 0.916667
vt 0.180556 0.916667
vt 0.187500 0.916667
vt 0.194444 0.916667
vt 0.201389 0.916667
vt 0.208333 0.916667
vt 0.215278 0.916667
vt 0.222222 0.916667
vt 0.229167 0.916667
vt 0.236111 0.916667
vt 0.243056 0.916667
vt 0.250000 0.916667
vt 0.256944 0.916667
vt 0.263889 0.916667
vt 0.270833 0.916667
vt 0.277778 0.916667
vt 0.284722 0.916667
vt 0.291667 0.916667
vt 0.298611 0.916667
vt 0.305556 0.916667
vt 0.312500 0.916667
vt 0.319444 0.916667
vt 0.326389 0.916667
vt 0.333333 0.916667
vt 0.340278 0.916667
vt 0.347222 0.916667
vt 0.354167 0.916667
vt 0.361111 0.916667
vt 0.368056 0.916667
vt 0.375000 0.916667
vt 0.381944 0.916667
vt 0.388889 0.916667
vt 0.395833 0.916667
vt 0.402778 0.916667
vt 0.409722 0.916667
vt 0.416667 0.916667
vt 0.423611 0.916667
vt 0.430556 0.916667
vt 0.437500 0.916667
vt 0.444444 0.916667
vt 0.451389 0.916667
vt 0.458333 0.916667
vt 0.465278 0.916667
vt 0.472222 0.916667
vt 0.479167 0.916667
vt 0.486111 0.916667
vt 0.493056 0.916667
vt 0.500000 0.916667
vt 0.506944 0.916667
vt 0.513889 0.916667
vt 0.520833 0.916667
vt 0.527778 0.916667
vt 0.534722 0.916667
vt 0.541667 0.916667
vt 0.548611 0.916667
vt 0.555556 0.916667
vt 0.562500 0.916667
vt 0.569444 0.916667
vt 0.576389 0.916667
vt 0.583333 0.916667
vt 0.590278 0.916667
vt 0.597222 0.916667
vt 0.604167 0.916667
vt 0.611111 0.916667
vt 0.618056 0.916667
vt 0.625000 0.916667
vt 0.631944 0.916667
vt 0.638889 0.916667
vt 0.645833 0.916667
vt 0.652778 0.916667
vt 0.659722 0.916667
vt 0.666667 0.916667
vt 0.673611 0.916667
vt 0.680556 0.916667
vt 0.687500 0.916667
vt 0.694444 0.916667
vt 0.701389 0.916667
vt 0.708333 0.916667
vt 0.715278 0.916667
vt 0.722222 0.916667
vt 0.729167 0.916667
vt 0.736111 0.916667
vt 0.743056 0.916667
vt 0.750000 0.916667
vt 0.756944 0.916667
vt 0.763889 0.916667
vt 0.770833 0.916667
vt 0.777778 0.916667
vt 0.784722 0.916667
vt 0.791667 0.916667
vt 0.798611 0.916667
vt 0.805556 0.916667
vt 0.812500 0.916667
vt 0.819444 0.916667
vt 0.826389 0.916667
vt 0.833333 0.916667
vt 0.840278 0.916667
vt 0.847222 0.916667
vt 0.854167 0.916667
vt 0.861111 0.916667
vt 0.868056 0.916667
vt 0.875000 0.916667
vt 0.881944 0.916667
vt 0.888889 0.916667
vt 0.895833 0.916667
vt 0.902778 0.916667
vt 0.909722 0.916667
vt 0.916667 0.916667
vt 0.923611 0.916667
vt 0.930556 0.916667
vt 0.937500 0.916667
vt 0.944444 0.916667
vt 0.951389 0.916667
vt 0.958333 0.916667
vt 0.965278 0.916667
vt 0.972222 0.916667
vt 0.979167 0.916667
vt 0.986111 0.916667
vt 0.993056 0.916667
vt 1.000000 0.916667
vt 0.000000 1.000000
vt 0.006944 1.000000
vt 0.013889 1.000000
vt 0.020833 1.000000
vt 0.027778 1.000000
vt 0.034722 1.000000
vt 0.041667 1.000000
vt 0.048611 1.000000
vt 0.055556 1.000000
vt 0.062500 1.000000
vt 0.069444 1.000000
vt 0.076389 1.000000
vt 0.083333 1.000000
vt 0.090278 1.000000
vt 0.097222 1.000000
vt 0.104167 1.000000
vt 0.111111 1.000000
vt 0.118056 1.000000
vt 0.125000 1.000000
vt 0.131944 1.000000
vt 0.138889 1.000000
vt 0.145833 1.000000
vt 0.152778 1.000000
vt 0.159722 1.000000
vt 0.166667 1.000000
vt 0.173611 1.000000
vt 0.180556 1.000000
vt 0.187500 1.000000
vt 0.194444 1.000000
vt 0.201389 1.000000
vt 0.208333 1.000000
vt 0.215278 1.000000
vt 0.222222 1.000000
vt 0.229167 1.000000
vt 0.236111 1.000000
vt 0.243056 1.000000
vt 0.250000 1.000000
vt 0.256944 1.000000
vt 0.263889 1.000000
vt 0.270833 1.000000
vt 0.277778 1.000000
vt 0.284722 1.000000
vt 0.291667 1.000000
vt 0.298611 1.000000
vt 0.305556 1.000000
vt 0.312500 1.000000
vt 0.319444 1.000000
vt 0.326389 1.000000
vt 0.333333 1.000000
vt 0.340278 1.000000
vt 0.347222 1.000000
vt 0.354167 1.000000
vt 0.361111 1.000000
vt 0.368056 1.000000
vt 0.375000 1.000000
vt 0.381944 1.000000
vt 0.388889 1.000000
vt 0.395833 1.000000
vt 0.402778 1.000000
vt 0.409722 1.000000
vt 0.416667 1.000000
vt 0.423611 1.000000
vt 0.430556 1.000000
vt 0.437500 1.000000
vt 0.444444 1.000000
vt 0.451389 1.000000
vt 0.458333 1.000000
vt 0.465278 1.000000
vt 0.472222 1.000000
vt 0.479167 1.000000
vt 0.486111 1.000000
vt 0.493056 1.000000
vt 0.500000 1.000000
vt 0.506944 1.000000
vt 0.513889 1.000000
vt 0.520833 1.000000
vt 0.527778 1.000000
vt 0.534722 1.000000
vt 0.541667 1.000000
vt 0.548611 1.000000
vt 0.555556 1.000000
vt 0.562500 1.000000
vt 0.569444 1.000000
vt 0.576389 1.000000
vt 0.583333 1.000000
vt 0.590278 1.000000
vt 0.597222 1.000000
vt 0.604167 1.000000
vt 0.611111 1.000000
vt 0.618056 1.000000
vt 0.625000 1.000000
vt 0.631944 1.000000
vt 0.638889 1.000000
vt 0.645833 1.000000
vt 0.652778 1.000000
vt 0.659722 1.000000
vt 0.666667 1.000000
vt 0.673611 1.000000
vt 0.680556 1.000000
vt 0.687500 1.000000
vt 0.694444 1.000000
vt 0.701389 1.000000
vt 0.708333 1.000000
vt 0.715278 1.000000
vt 0.722222 1.000000
vt 0.729167 1.000000
vt 0.736111 1.000000
vt 0.743056 1.000000
vt 0.750000 1.000000
vt 0.756944 1.000000
vt 0.763889 1.000000
vt 0.770833 1.000000
vt 0.777778 1.000000
vt 0.784722 1.000000
vt 0.791667 1.000000
vt 0.798611 1.000000
vt 0.805556 1.000000
vt 0.812500 1.000000
vt 0.819444 1.000000
vt 0.826389 1.000000
vt 0.833333 1.000000
vt 0.840278 1.000000
vt 0.847222 1.000000
vt 0.854167 1.000000
vt 0.861111 1.000000
vt 0.868056 1.000000
vt 0.875000 1.000000
vt 0.881944 1.000000
vt 0.888889 1.000000
vt 0.895833 1.000000
vt 0.902778 1.000000
vt 0.909722 1.000000
vt 0.916667 1.000000
vt 0.923611 1.000000
vt 0.930556 1.000000
vt 0.937500 1.000000
vt 0.944444 1.000000
vt 0.951389 1.000000
vt 0.958333 1.000000
vt 0.965278 1.000000
vt 0.972222 1.000000
vt 0.979167 1.000000
vt 0.986111 1.000000
vt 0.993056 1.000000
vt 1.000000 1.000000
vt 0.000000 0.000000
vt 0.006944 0.000000
vt 0.013889 0.000000
vt 0.020833 0.000000
vt 0.027778 0.000000
vt 0.034722 0.000000
vt 0.041667 0.000000
vt 0.048611 0.000000
vt 0.055556 0.000000
vt 0.062500 0.000000
vt 0.069444 0.000000
vt 0.076389 0.000000
vt 0.083333 0.000000
vt 0.090278 0.000000
vt 0.097222 0.000000
vt 0.104167 0.000000
vt 0.111111 0.000000
vt 0.118056 0.000000
vt 0.125000 0.000000
vt 0.131944 0.000000
vt 0.138889 0.000000
vt 0.145833 0.000000
vt 0.152778 0.000000
vt 0.159722 0.000000
vt 0.166667 0.000000
vt 0.173611 0.000000
vt 0.180556 0.000000
vt 0.187500 0.000000
vt 0.194444 0.000000
vt 0.201389 0.000000
vt 0.208333 0.000000
vt 0.215278 0.000000
vt 0.222222 0.000000
vt 0.229167 0.000000
vt 0.236111 0.000000
vt 0.243056 0.000000
vt 0.250000 0.000000
vt 0.256944 0.000000
vt 0.263889 0.000000
vt 0.270833 0.000000
vt 0.277778 0.000000
vt 0.284722 0.000000
vt 0.291667 0.000000
vt 0.298611 0.000000
vt 0.305556 0.000000
vt 0.312500 0.000000
vt 0.319444 0.000000
vt 0.326389 0.000000
vt 0.333333 0.000000
vt 0.340278 0.000000
vt 0.347222 0.000000
vt 0.354167 0.000000
vt 0.361111 0.000000
vt 0.368056 0.000000
vt 0.375000 0.000000
vt 0.381944 0.000000
vt 0.388889 0.000000
vt 0.395833 0.000000
vt 0.402778 0.000000
vt 0.409722 0.000000
vt 0.416667 0.000000
vt 0.423611 0.000000
vt 0.430556 0.000000
vt 0.437500 0.000000
vt 0.444444 0.000000
vt 0.451389 0.000000
vt 0.458333 0.000000
vt 0.465278 0.000000
vt 0.472222 0.000000
vt 0.479167 0.000000
vt 0.486111 0.000000
vt 0.493056 0.000000
vt 0.500000 0.000000
vt 0.506944 0.000000
vt 0.513889 0.000000
vt 0.520833 0.000000
vt 0.527778 0.000000
vt 0.534722 0.000000
vt 0.541667 0.000000
vt 0.548611 0.000000
vt 0.555556 0.000000
vt 0.562500 0.000000
vt 0.569444 0.000000
vt 0.576389 0.000000
vt 0.583333 0.000000
vt 0.590278 0.000000
vt 0.597222 0.000000
vt 0.604167 0.000000
vt 0.611111 0.000000
vt 0.618056 0.000000
vt 0.625000 0.000000
vt 0.631944 0.000000
vt 0.638889 0.000000
vt 0.645833 0.000000
vt 0.652778 0.000000
vt 0.659722 0.000000
vt 0.666667 0.000000
vt 0.673611 0.000000
vt 0.680556 0.000000
vt 0.687500 0.000000
vt 0.694444 0.000000
vt 0.701389 0.000000
vt 0.708333 0.000000
vt 0.715278 0.000000
vt 0.722222 0.000000
vt 0.729167 0.000000
vt 0.736111 0.000000
vt 0.743056 0.000000
vt 0.750000 0.000000
vt 0.756944 0.000000
vt 0.763889 0.000000
vt 0.770833 0.000000
vt 0.777778 0.000000
vt 0.784722 0.000000
vt 0.791667 0.000000
vt 0.798611 0.000000
vt 0.805556 0.000000
vt 0.812500 0.000000
vt 0.819444 0.000000
vt 0.826389 0.000000
vt 0.833333 0.000000
vt 0.840278 0.000000
vt 0.847222 0.000000
vt 0.854167 0.000000
vt 0.861111 0.000000
vt 0.868056 0.000000
vt 0.875000 0.000000
vt 0.881944 0.000000
vt 0.888889 0.000000
vt 0.895833 0.000000
vt 0.902778 0.000000
vt 0.909722 0.000000
vt 0.916667 0.000000
vt 0.923611 0.000000
vt 0.930556 0.000000
vt 0.937500 0.000000
vt 0.944444 0.000000
vt 0.951389 0.000000
vt 0.958333 0.000000
vt 0.965278 0.000000
vt 0.972222 0.000000
vt 0.979167 0.000000
vt 0.986111 0.000000
vt 0.993056 0.000000
vt 1.000000 0.000000
vt 0.000000 0.083333
vt 0.006944 0.083333
vt 0.013889 0.083333
vt 0.020833 0.083333
vt 0.027778 0.083333
vt 0.034722 0.083333
vt 0.041667 0.083333
vt 0.048611 0.083333
vt 0.055556 0.083333
vt 0.062500 0.083333
vt 0.069444 0.083333
vt 0.076389 0.083333
vt 0.083333 0.083333
vt 0.090278 0.083333
vt 0.097222 0.083333
vt 0.104167 0.083333
vt 0.111111 0.083333
vt 0.118056 0.083333
vt 0.125000 0.083333
vt 0.131944 0.083333
vt 0.138889 0.083333
vt 0.145833 0.083333
vt 0.152778 0.083333
vt 0.159722 0.083333
vt 0.166667 0.083333
vt 0.173611 0.083333
vt 0.180556 0.083333
vt 0.187500 0.083333
vt 0.194444 0.083333
vt 0.201389 0.083333
vt 0.208333 0.083333
vt 0.215278 0.083333
vt 0.222222 0.083333
vt 0.229167 0.083333
vt 0.236111 0.083333
vt 0.243056 0.083333
vt 0.250000 0.083333
vt 0.256944 0.083333
vt 0.263889 0.083333
vt 0.270833 0.083333
vt 0.277778 0.083333
vt 0.284722 0.083333
vt 0.291667 0.083333
vt 0.298611 0.083333
vt 0.305556 0.083333
vt 0.312500 0.083333
vt 0.319444 0.083333
vt 0.326389 0.083333
vt 0.333333 0.083333
vt 0.340278 0.083333
vt 0.347222 0.083333
vt 0.354167 0.083333
vt 0.361111 0.083333
vt 0.368056 0.083333
vt 0.375000 0.083333
vt 0.381944 0.083333
vt 0.388889 0.083333
vt 0.395833 0.083333
vt 0.402778 0.083333
vt 0.409722 0.083333
vt 0.416667 0.083333
vt 0.423611 0.083333
vt 0.430556 0.083333
vt 0.437500 0.083333
vt 0.444444 0.083333
vt 0.451389 0.083333
vt 0.458333 0.083333
vt 0.465278 0.083333
vt 0.472222 0.083333
vt 0.479167 0.083333
vt 0.486111 0.083333
vt 0.493056 0.083333
vt 0.500000 0.083333
vt 0.506944 0.083333
vt 0.513889 0.083333
vt 0.520833 0.083333
vt 0.527778 0.083333
vt 0.534722 0.083333
vt 0.541667 0.083333
vt 0.548611 0.083333
vt 0.555556 0.083333
vt 0.562500 0.083333
vt 0.569444 0.083333
vt 0.576389 0.083333
vt 0.583333 0.083333
vt 0.590278 0.083333
vt 0.597222 0.083333
vt 0.604167 0.083333
vt 0.611111 0.083333
vt 0.618056 0.083333
vt 0.625000 0.083333
vt 0.631944 0.083333
vt 0.638889 0.083333
vt 0.645833 0.083333
vt 0.652778 0.083333
vt 0.659722 0.083333
vt 0.666667 0.083333
vt 0.673611 0.083333
vt 0.680556 0.083333
vt 0.687500 0.083333
vt 0.694444 0.083333
vt 0.701389 0.083333
vt 0.708333 0.083333
vt 0.715278 0.083333
vt 0.722222 0.083333
vt 0.729167 0.083333
vt 0.736111 0.083333
vt 0.743056 0.083333
vt 0.750000 0.083333
vt 0.756944 0.083333
vt 0.763889 0.083333
vt 0.770833 0.083333
vt 0.777778 0.083333
vt 0.784722 0.083333
vt 0.791667 0.083333
vt 0.798611 0.083333
vt 0.805556 0.083333
vt 0.812500 0.083333
vt 0.819444 0.083333
vt 0.826389 0.083333
vt 0.833333 0.083333
vt 0.840278 0.083333
vt 0.847222 0.083333
vt 0.854167 0.083333
vt 0.861111 0.083333
vt 0.868056 0.083333
vt 0.875000 0.083333
vt 0.881944 0.083333
vt 0.888889 0.083333
vt 0.895833 0.083333
vt 0.902778 0.083333
vt 0.909722 0.083333
vt 0.916667 0.083333
vt 0.923611 0.083333
vt 0.930556 0.083333
vt 0.937500 0.083333
vt 0.944444 0.083333
vt 0.951389 0.083333
vt 0.958333 0.083333
vt 0.965278 0.083333
vt 0.972222 0.083333
vt 0.979167 0.083333
vt 0.986111 0.083333
vt 0.993056 0.083333
vt 1.000000 0.083333
vt 0.000000 0.166667
vt 0.006944 0.166667
vt 0.013889 0.166667
vt 0.020833 0.166667
vt 0.027778 0.166667
vt 0.034722 0.166667
vt 0.041667 0.166667
vt 0.048611 0.166667
vt 0.055556 0.166667
vt 0.062500 0.166667
vt 0.069444 0.166667
vt 0.076389 0.166667
vt 0.083333 0.166667
vt 0.090278 0.166667
vt 0.097222 0.166667
vt 0.104167 0.166667
vt 0.111111 0.166667
vt 0.118056 0.166667
vt 0.125000 0.166667
vt 0.131944 0.166667
vt 0.138889 0.166667
vt 0.145833 0.166667
vt 0.152778 0.166667
vt 0.159722 0.166667
vt 0.166667 0.166667
vt 0.173611 0.166667
vt 0.180556 0.166667
vt 0.187500 0.166667
vt 0.194444 0.166667
vt 0.201389 0.166667
vt 0.208333 0.166667
vt 0.215278 0.166667
vt 0.222222 0.166667
vt 0.229167 0.166667
vt 0.236111 0.166667
vt 0.243056 0.166667
vt 0.250000 0.166667
vt 0.256944 0.166667
vt 0.263889 0.166667
vt 0.270833 0.166667
vt 0.277778 0.166667
vt 0.284722 0.166667
vt 0.291667 0.166667
vt 0.298611 0.166667
vt 0.305556 0.166667
vt 0.312500 0.166667
vt 0.319444 0.166667
vt 0.326389 0.166667
vt 0.333333 0.166667
vt 0.340278 0.166667
vt 0.347222 0.166667
vt 0.354167 0.166667
vt 0.361111 0.166667
vt 0.368056 0.166667
vt 0.375000 0.166667
vt 0.381944 0.166667
vt 0.388889 0.166667
vt 0.395833 0.166667
vt 0.402778 0.166667
vt 0.409722 0.166667
vt 0.416667 0.166667
vt 0.423611 0.166667
vt 0.430556 0.166667
vt 0.437500 0.166667
vt 0.444444 0.166667
vt 0.451389 0.166667
vt 0.458333 0.166667
vt 0.465278 0.166667
vt 0.472222 0.166667
vt 0.479167 0.166667
vt 0.486111 0.166667
vt 0.493056 0.166667
vt 0.500000 0.166667
vt 0.506944 0.166667
vt 0.513889 0.166667
vt 0.520833 0.166667
vt 0.527778 0.166667
vt 0.534722 0.166667
vt 0.541667 0.166667
vt 0.548611 0.166667
vt 0.555556 0.166667
vt 0.562500 0.166667
vt 0.569444 0.166667
vt 0.576389 0.166667
vt 0.583333 0.166667
vt 0.590278 0.166667
vt 0.597222 0.166667
vt 0.604167 0.166667
vt 0.611111 0.166667
vt 0.618056 0.166667
vt 0.625000 0.166667
vt 0.631944 0.166667
vt 0.638889 0.166667
vt 0.645833 0.166667
vt 0.652778 0.166667
vt 0.659722 0.166667
vt 0.666667 0.166667
vt 0.673611 0.166667
vt 0.680556 0.166667
vt 0.687500 0.166667
vt 0.694444 0.166667
vt 0.701389 0.166667
vt 0.708333 0.166667
vt 0.715278 0.166667
vt 0.722222 0.166667
vt 0.729167 0.166667
vt 0.736111 0.166667
vt 0.743056 0.166667
vt 0.750000 0.166667
vt 0.756944 0.166667
vt 0.763889 0.166667
vt 0.770833 0.166667
vt 0.777778 0.166667
vt 0.784722 0.166667
vt 0.791667 0.166667
vt 0.798611 0.166667
vt 0.805556 0.166667
vt 0.812500 0.166667
vt 0.819444 0.166667
vt 0.826389 0.166667
vt 0.833333 0.166667
vt 0.840278 0.166667
vt 0.847222 0.166667
vt 0.854167 0.166667
vt 0.861111 0.166667
vt 0.868056 0.166667
vt 0.875000 0.166667
vt 0.881944 0.166667
vt 0.888889 0.166667
vt 0.895833 0.166667
vt 0.902778 0.166667
vt 0.909722 0.166667
vt 0.916667 0.166667
vt 0.923611 0.166667
vt 0.930556 0.166667
vt 0.937500 0.166667
vt 0.944444 0.166667
vt 0.951389 0.166667
vt 0.958333 0.166667
vt 0.965278 0.166667
vt 0.972222 0.166667
vt 0.979167 0.166667
vt 0.986111 0.166667
vt 0.993056 0.166667
vt 1.000000 0.166667
vt 0.000000 0.250000
vt 0.006944 0.250000
vt 0.013889 0.250000
vt 0.020833 0.250000
vt 0.027778 0.250000
vt 0.034722 0.250000
vt 0.041667 0.250000
vt 0.048611 0.250000
vt 0.055556 0.250000
vt 0.062500 0.250000
vt 0.069444 0.250000
vt 0.076389 0.250000
vt 0.083333 0.250000
vt 0.090278 0.250000
vt 0.097222 0.250000
vt 0.104167 0.250000
vt 0.111111 0.250000
vt 0.118056 0.250000
vt 0.125000 0.250000
vt 0.131944 0.250000
vt 0.138889 0.250000
vt 0.145833 0.250000
vt 0.152778 0.250000
vt 0.159722 0.250000
vt 0.166667 0.250000
vt 0.173611 0.250000
vt 0.180556 0.250000
vt 0.187500 0.250000
vt 0.194444 0.250000
vt 0.201389 0.250000
vt 0.208333 0.250000
vt 0.215278 0.250000
vt 0.222222 0.250000
vt 0.229167 0.250000
vt 0.236111 0.250000
vt 0.243056 0.250000
vt 0.250000 0.250000
vt 0.256944 0.250000
vt 0.263889 0.250000
vt 0.270833 0.250000
vt 0.277778 0.250000
vt 0.284722 0.250000
vt 0.291667 0.250000
vt 0.298611 0.250000
vt 0.305556 0.250000
vt 0.312500 0.250000
vt 0.319444 0.250000
vt 0.326389 0.250000
vt 0.333333 0.250000
vt 0.340278 0.250000
vt 0.347222 0.250000
vt 0.354167 0.250000
vt 0.361111 0.250000
vt 0.368056 0.250000
vt 0.375000 0.250000
vt 0.381944 0.250000
vt 0.388889 0.250000
vt 0.395833 0.250000
vt 0.402778 0.250000
vt 0.409722 0.250000
vt 0.416667 0.250000
vt 0.423611 0.250000
vt 0.430556 0.250000
vt 0.437500 0.250000
vt 0.444444 0.250000
vt 0.451389 0.250000
vt 0.458333 0.250000
vt 0.465278 0.250000
vt 0.472222 0.250000
vt 0.479167 0.250000
vt 0.486111 0.250000
vt 0.493056 0.250000
vt 0.500000 0.250000
vt 0.506944 0.250000
vt 0.513889 0.250000
vt 0.520833 0.250000
vt 0.527778 0.250000
vt 0.534722 0.250000
vt 0.541667 0.250000
vt 0.548611 0.250000
vt 0.555556 0.250000
vt 0.562500 0.250000
vt 0.569444 0.250000
vt 0.576389 0.250000
vt 0.583333 0.250000
vt 0.590278 0.250000
vt 0.597222 0.250000
vt 0.604167 0.250000
vt 0.611111 0.250000
vt 0.618056 0.250000
vt 0.625000 0.250000
vt 0.631944 0.250000
vt 0.638889 0.250000
vt 0.645833 0.250000
vt 0.652778 0.250000
vt 0.659722 0.250000
vt 0.666667 0.250000
vt 0.673611 0.250000
vt 0.680556 0.250000
vt 0.687500 0.250000
vt 0.694444 0.250000
vt 0.701389 0.250000
vt 0.708333 0.250000
vt 0.715278 0.250000
vt 0.722222 0.250000
vt 0.729167 0.250000
vt 0.736111 0.250000
vt 0.743056 0.250000
vt 0.750000 0.250000
vt 0.756944 0.250000
vt 0.763889 0.250000
vt 0.770833 0.250000
vt 0.777778 0.250000
vt 0.784722 0.250000
vt 0.791667 0.250000
vt 0.798611 0.250000
vt 0.805556 0.250000
vt 0.812500 0.250000
vt 0.819444 0.250000
vt 0.826389 0.250000
vt 0.833333 0.250000
vt 0.840278 0.250000
vt 0.847222 0.250000
vt 0.854167 0.250000
vt 0.861111 0.250000
vt 0.868056 0.250000
vt 0.875000 0.250000
vt 0.881944 0.250000
vt 0.888889 0.250000
vt 0.895833 0.250000
vt 0.902778 0.250000
vt 0.909722 0.250000
vt 0.916667 0.250000
vt 0.923611 0.250000
vt 0.930556 0.250000
vt 0.937500 0.250000
vt 0.944444 0.250000
vt 0.951389 0.250000
vt 0.958333 0.250000
vt 0.965278 0.250000
vt 0.972222 0.250000
vt 0.979167 0.250000
vt 0.986111 0.250000
vt 0.993056 0.250000
vt 1.000000 0.250000
vt 0.000000 0.333333
vt 0.006944 0.333333
vt 0.013889 0.333333
vt 0.020833 0.333333
vt 0.027778 0.333333
vt 0.034722 0.333333
vt 0.041667 0.333333
vt 0.048611 0.333333
vt 0.055556 0.333333
vt 0.062500 0.333333
vt 0.069444 0.333333
vt 0.076389 0.333333
vt 0.083333 0.333333
vt 0.090278 0.333333
vt 0.097222 0.333333
vt 0.104167 0.333333
vt 0.111111 0.333333
vt 0.118056 0.333333
vt 0.125000 0.333333
vt 0.131944 0.333333
vt 0.138889 0.333333
vt 0.145833 0.333333
vt 0.152778 0.333333
vt 0.159722 0.333333
vt 0.166667 0.333333
vt 0.173611 0.333333
vt 0.180556 0.333333
vt 0.187500 0.333333
vt 0.194444 0.333333
vt 0.201389 0.333333
vt 0.208333 0.333333
vt 0.215278 0.333333
vt 0.222222 0.333333
vt 0.229167 0.333333
vt 0.236111 0.333333
vt 0.243056 0.333333
vt 0.250000 0.333333
vt 0.256944 0.333333
vt 0.263889 0.333333
vt 0.270833 0.333333
vt 0.277778 0.333333
vt 0.284722 0.333333
vt 0.291667 0.333333
vt 0.298611 0.333333
vt 0.305556 0.333333
vt 0.312500 0.333333
vt 0.319444 0.333333
vt 0.326389 0.333333
vt 0.333333 0.333333
vt 0.340278 0.333333
vt 0.347222 0.333333
vt 0.354167 0.333333
vt 0.361111 0.333333
vt 0.368056 0.333333
vt 0.375000 0.333333
vt 0.381944 0.333333
vt 0.388889 0.333333
vt 0.395833 0.333333
vt 0.402778 0.333333
vt 0.409722 0.333333
vt 0.416667 0.333333
vt 0.423611 0.333333
vt 0.430556 0.333333
vt 0.437500 0.333333
vt 0.444444 0.333333
vt 0.451389 0.333333
vt 0.458333 0.333333
vt 0.465278 0.333333
vt 0.472222 0.333333
vt 0.479167 0.333333
vt 0.486111 0.333333
vt 0.493056 0.333333
vt 0.500000 0.333333
vt 0.506944 0.333333
vt 0.513889 0.333333
vt 0.520833 0.333333
vt 0.527778 0.333333
vt 0.534722 0.333333
vt 0.541667 0.333333
vt 0.548611 0.333333
vt 0.555556 0.333333
vt 0.562500 0.333333
vt 0.569444 0.333333
vt 0.576389 0.333333
vt 0.583333 0.333333
vt 0.590278 0.333333
vt 0.597222 0.333333
vt 0.604167 0.333333
vt 0.611111 0.333333
vt 0.618056 0.333333
vt 0.625000 0.333333
vt 0.631944 0.333333
vt 0.638889 0.333333
vt 0.645833 0.333333
vt 0.652778 0.333333
vt 0.659722 0.333333
vt 0.666667 0.333333
vt 0.673611 0.333333
vt 0.680556 0.333333
vt 0.687500 0.333333
vt 0.694444 0.333333
vt 0.701389 0.333333
vt 0.708333 0.333333
vt 0.715278 0.333333
vt 0.722222 0.333333
vt 0.729167 0.333333
vt 0.736111 0.333333
vt 0.743056 0.333333
vt 0.750000 0.333333
vt 0.756944 0.333333
vt 0.763889 0.333333
vt 0.770833 0.333333
vt 0.777778 0.333333
vt 0.784722 0.333333
vt 0.791667 0.333333
vt 0.798611 0.333333
vt 0.805556 0.333333
vt 0.812500 0.333333
vt 0.819444 0.333333
vt 0.826389 0.333333
vt 0.833333 0.333333
vt 0.840278 0.333333
vt 0.847222 0.333333
vt 0.854167 0.333333
vt 0.861111 0.333333
vt 0.868056 0.333333
vt 0.875000 0.333333
vt 0.881944 0.333333
vt 0.888889 0.333333
vt 0.895833 0.333333
vt 0.902778 0.333333
vt 0.909722 0.333333
vt 0.916667 0.333333
vt 0.923611 0.333333
vt 0.930556 0.333333
vt 0.937500 0.333333
vt 0.944444 0.333333
vt 0.951389 0.333333
vt 0.958333 0.333333
vt 0.965278 0.333333
vt 0.972222 0.333333
vt 0.979167 0.333333
vt 0.986111 0.333333
vt 0.993056 0.333333
vt 1.000000 0.333333
vt 0.000000 0.416667
vt 0.006944 0.416667
vt 0.013889 0.416667
vt 0.020833 0.416667
vt 0.027778 0.416667
vt 0.034722 0.416667
vt 0.041667 0.416667
vt 0.048611 0.416667
vt 0.055556 0.416667
vt 0.062500 0.416667
vt 0.069444 0.416667
vt 0.076389 0.416667
vt 0.083333 0.416667
vt 0.090278 0.416667
vt 0.097222 0.416667
vt 0.104167 0.416667
vt 0.111111 0.416667
vt 0.118056 0.416667
vt 0.125000 0.416667
vt 0.131944 0.416667
vt 0.138889 0.416667
vt 0.145833 0.416667
vt 0.152778 0.416667
vt 0.159722 0.416667
vt 0.166667 0.416667
vt 0.173611 0.416667
vt 0.180556 0.416667
vt 0.187500 0.416667
vt 0.194444 0.416667
vt 0.201389 0.416667
vt 0.208333 0.416667
vt 0.215278 0.416667
vt 0.222222 0.416667
vt 0.229167 0.416667
vt 0.236111 0.416667
vt 0.243056 0.416667
vt 0.250000 0.416667
vt 0.256944 0.416667
vt 0.263889 0.416667
vt 0.270833 0.416667
vt 0.277778 0.416667
vt 0.284722 0.416667
vt 0.291667 0.416667
vt 0.298611 0.416667
vt 0.305556 0.416667
vt 0.312500 0.416667
vt 0.319444 0.416667
vt 0.326389 0.416667
vt 0.333333 0.416667
vt 0.340278 0.416667
vt 0.347222 0.416667
vt 0.354167 0.416667
vt 0.361111 0.416667
vt 0.368056 0.416667
vt 0.375000 0.416667
vt 0.381944 0.416667
vt 0.388889 0.416667
vt 0.395833 0.416667
vt 0.402778 0.416667
vt 0.409722 0.416667
vt 0.416667 0.416667
vt 0.423611 0.416667
vt 0.430556 0.416667
vt 0.437500 0.416667
vt 0.444444 0.416667
vt 0.451389 0.416667
vt 0.458333 0.416667
vt 0.465278 0.416667
vt 0.472222 0.416667
vt 0.479167 0.416667
vt 0.486111 0.416667
vt 0.493056 0.416667
vt 0.500000 0.416667
vt 0.506944 0.416667
vt 0.513889 0.416667
vt 0.520833 0.416667
vt 0.527778 0.416667
vt 0.534722 0.416667
vt 0.541667 0.416667
vt 0.548611 0.416667
vt 0.555556 0.416667
vt 0.562500 0.416667
vt 0.569444 0.416667
vt 0.576389 0.416667
vt 0.583333 0.416667
vt 0.590278 0.416667
vt 0.597222 0.416667
vt 0.604167 0.416667
vt 0.611111 0.416667
vt 0.618056 0.416667
vt 0.625000 0.416667
vt 0.631944 0.416667
vt 0.638889 0.416667
vt 0.645833 0.416667
vt 0.652778 0.416667
vt 0.659722 0.416667
vt 0.666667 0.416667
vt 0.673611 0.416667
vt 0.680556 0.416667
vt 0.687500 0.416667
vt 0.694444 0.416667
vt 0.701389 0.416667
vt 0.708333 0.416667
vt 0.715278 0.416667
vt 0.722222 0.416667
vt 0.729167 0.416667
vt 0.736111 0.416667
vt 0.743056 0.416667
vt 0.750000 0.416667
vt 0.756944 0.416667
vt 0.763889 0.416667
vt 0.770833 0.416667
vt 0.777778 0.416667
vt 0.784722 0.416667
vt 0.791667 0.416667
vt 0.798611 0.416667
vt 0.805556 0.416667
vt 0.812500 0.416667
vt 0.819444 0.416667
vt 0.826389 0.416667
vt 0.833333 0.416667
vt 0.840278 0.416667
vt 0.847222 0.416667
vt 0.854167 0.416667
vt 0.861111 0.416667
vt 0.868056 0.416667
vt 0.875000 0.416667
vt 0.881944 0.416667
vt 0.888889 0.416667
vt 0.895833 0.416667
vt 0.902778 0.416667
vt 0.909722 0.416667
vt 0.916667 0.416667
vt 0.923611 0.416667
vt 0.930556 0.416667
vt 0.937500 0.416667
vt 0.944444 0.416667
vt 0.951389 0.416667
vt 0.958333 0.416667
vt 0.965278 0.416667
vt 0.972222 0.416667
vt 0.979167 0.416667
vt 0.986111 0.416667
vt 0.993056 0.416667
vt 1.000000 0.416667
vt 0.000000 0.500000
vt 0.006944 0.500000
vt 0.013889 0.500000
vt 0.020833 0.500000
vt 0.027778 0.500000
vt 0.034722 0.500000
vt 0.041667 0.500000
vt 0.048611 0.500000
vt 0.055556 0.500000
vt 0.062500 0.500000
vt 0.069444 0.500000
vt 0.076389 0.500000
vt 0.083333 0.500000
vt 0.090278 0.500000
vt 0.097222 0.500000
vt 0.104167 0.500000
vt 0.111111 0.500000
vt 0.118056 0.500000
vt 0.125000 0.500000
vt 0.131944 0.500000
vt 0.138889 0.500000
vt 0.145833 0.500000
vt 0.152778 0.500000
vt 0.159722 0.500000
vt 0.166667 0.500000
vt 0.173611 0.500000
vt 0.180556 0.500000
vt 0.187500 0.500000
vt 0.194444 0.500000
vt 0.201389 0.500000
vt 0.208333 0.500000
vt 0.215278 0.500000
vt 0.222222 0.500000
vt 0.229167 0.500000
vt 0.236111 0.500000
vt 0.243056 0.500000
vt 0.250000 0.500000
vt 0.256944 0.500000
vt 0.263889 0.500000
vt 0.270833 0.500000
vt 0.277778 0.500000
vt 0.284722 0.500000
vt 0.291667 0.500000
vt 0.298611 0.500000
vt 0.305556 0.500000
vt 0.312500 0.500000
vt 0.319444 0.500000
vt 0.326389 0.500000
vt 0.333333 0.500000
vt 0.340278 0.500000
vt 0.347222 0.500000
vt 0.354167 0.500000
vt 0.361111 0.500000
vt 0.368056 0.500000
vt 0.375000 0.500000
vt 0.381944 0.500000
vt 0.388889 0.500000
vt 0.395833 0.500000
vt 0.402778 0.500000
vt 0.409722 0.500000
vt 0.416667 0.500000
vt 0.423611 0.500000
vt 0.430556 0.500000
vt 0.437500 0.500000
vt 0.444444 0.500000
vt 0.451389 0.500000
vt 0.458333 0.500000
vt 0.465278 0.500000
vt 0.472222 0.500000
vt 0.479167 0.500000
vt 0.486111 0.500000
vt 0.493056 0.500000
vt 0.500000 0.500000
vt 0.506944 0.500000
vt 0.513889 0.500000
vt 0.520833 0.500000
vt 0.527778 0.500000
vt 0.534722 0.500000
vt 0.541667 0.500000
vt 0.548611 0.500000
vt 0.555556 0.500000
vt 0.562500 0.500000
vt 0.569444 0.500000
vt 0.576389 0.500000
vt 0.583333 0.500000
vt 0.590278 0.500000
vt 0.597222 0.500000
vt 0.604167 0.500000
vt 0.611111 0.500000
vt 0.618056 0.500000
vt 0.625000 0.500000
vt 0.631944 0.500000
vt 0.638889 0.500000
vt 0.645833 0.500000
vt 0.652778 0.500000
vt 0.659722 0.500000
vt 0.666667 0.500000
vt 0.673611 0.500000
vt 0.680556 0.500000
vt 0.687500 0.500000
vt 0.694444 0.500000
vt 0.701389 0.500000
vt 0.708333 0.500000
vt 0.715278 0.500000
vt 0.722222 0.500000
vt 0.729167 0.500000
vt 0.736111 0.500000
vt 0.743056 0.500000
vt 0.750000 0.500000
vt 0.756944 0.500000
vt 0.763889 0.500000
vt 0.770833 0.500000
vt 0.777778 0.500000
vt 0.784722 0.500000
vt 0.791667 0.500000
vt 0.798611 0.500000
vt 0.805556 0.500000
vt 0.812500 0.500000
vt 0.819444 0.500000
vt 0.826389 0.500000
vt 0.833333 0.500000
vt 0.840278 0.500000
vt 0.847222 0.500000
vt 0.854167 0.500000
vt 0.861111 0.500000
vt 0.868056 0.500000
vt 0.875000 0.500000
vt 0.881944 0.500000
vt 0.888889 0.500000
vt 0.895833 0.500000
vt 0.902778 0.500000
vt 0.909722 0.500000
vt 0.916667 0.500000
vt 0.923611 0.500000
vt 0.930556 0.500000
vt 0.937500 0.500000
vt 0.944444 0.500000
vt 0.951389 0.500000
vt 0.958333 0.500000
vt 0.965278 0.500000
vt 0.972222 0.500000
vt 0.979167 0.500000
vt 0.986111 0.500000
vt 0.993056 0.500000
vt 1.000000 0.500000
vt 0.000000 0.583333
vt 0.006944 0.583333
vt 0.013889 0.583333
vt 0.020833 0.583333
vt 0.027778 0.583333
vt 0.034722 0.583333
vt 0.041667 0.583333
vt 0.048611 0.583333
vt 0.055556 0.583333
vt 0.062500 0.583333
vt 0.069444 0.583333
vt 0.076389 0.583333
vt 0.083333 0.583333
vt 0.090278 0.583333
vt 0.097222 0.583333
vt 0.104167 0.583333
vt 0.111111 0.583333
vt 0.118056 0.583333
vt 0.125000 0.583333
vt 0.131944 0.583333
vt 0.138889 0.583333
vt 0.145833 0.583333
vt 0.152778 0.583333
vt 0.159722 0.583333
vt 0.166667 0.583333
vt 0.173611 0.583333
vt 0.180556 0.583333
vt 0.187500 0.583333
vt 0.194444 0.583333
vt 0.201389 0.583333
vt 0.208333 0.583333
vt 0.215278 0.583333
vt 0.222222 0.583333
vt 0.229167 0.583333
vt 0.236111 0.583333
vt 0.243056 0.583333
vt 0.250000 0.583333
vt 0.256944 0.583333
vt 0.263889 0.583333
vt 0.270833 0.583333
vt 0.277778 0.583333
vt 0.284722 0.583333
vt 0.291667 0.583333
vt 0.298611 0.583333
vt 0.305556 0.583333
vt 0.312500 0.583333
vt 0.319444 0.583333
vt 0.326389 0.583333
vt 0.333333 0.583333
vt 0.340278 0.583333
vt 0.347222 0.583333
vt 0.354167 0.583333
vt 0.361111 0.583333
vt 0.368056 0.583333
vt 0.375000 0.583333
vt 0.381944 0.583333
vt 0.388889 0.583333
vt 0.395833 0.583333
vt 0.402778 0.583333
vt 0.409722 0.583333
vt 0.416667 0.583333
vt 0.423611 0.583333
vt 0.430556 0.583333
vt 0.437500 0.583333
vt 0.444444 0.583333
vt 0.451389 0.583333
vt 0.458333 0.583333
vt 0.465278 0.583333
vt 0.472222 0.583333
vt 0.479167 0.583333
vt 0.486111 0.583333
vt 0.493056 0.583333
vt 0.500000 0.583333
vt 0.506944 0.583333
vt 0.513889 0.583333
vt 0.520833 0.583333
vt 0.527778 0.583333
vt 0.534722 0.583333
vt 0.541667 0.583333
vt 0.548611 0.583333
vt 0.555556 0.583333
vt 0.562500 0.583333
vt 0.569444 0.583333
vt 0.576389 0.583333
vt 0.583333 0.583333
vt 0.590278 0.583333
vt 0.597222 0.583333
vt 0.604167 0.583333
vt 0.611111 0.583333
vt 0.618056 0.583333
vt 0.625000 0.583333
vt 0.631944 0.583333
vt 0.638889 0.583333
vt 0.645833 0.583333
vt 0.652778 0.583333
vt 0.659722 0.583333
vt 0.666667 0.583333
vt 0.673611 0.583333
vt 0.680556 0.583333
vt 0.687500 0.583333
vt 0.694444 0.583333
vt 0.701389 0.583333
vt 0.708333 0.583333
vt 0.715278 0.583333
vt 0.722222 0.583333
vt 0.729167 0.583333
vt 0.736111 0.583333
vt 0.743056 0.583333
vt 0.750000 0.583333
vt 0.756944 0.583333
vt 0.763889 0.583333
vt 0.770833 0.583333
vt 0.777778 0.583333
vt 0.784722 0.583333
vt 0.791667 0.583333
vt 0.798611 0.583333
vt 0.805556 0.583333
vt 0.812500 0.583333
vt 0.819444 0.583333
vt 0.826389 0.583333
vt 0.833333 0.583333
vt 0.840278 0.583333
vt 0.847222 0.583333
vt 0.854167 0.583333
vt 0.861111 0.583333
vt 0.868056 0.583333
vt 0.875000 0.583333
vt 0.881944 0.583333
vt 0.888889 0.583333
vt 0.895833 0.583333
vt 0.902778 0.583333
vt 0.909722 0.583333
vt 0.916667 0.583333
vt 0.923611 0.583333
vt 0.930556 0.583333
vt 0.937500 0.583333
vt 0.944444 0.583333
vt 0.951389 0.583333
vt 0.958333 0.583333
vt 0.965278 0.583333
vt 0.972222 0.583333
vt 0.979167 0.583333
vt 0.986111 0.583333
vt 0.993056 0.583333
vt 1.000000 0.583333
vt 0.000000 0.666667
vt 0.006944 0.666667
vt 0.013889 0.666667
vt 0.020833 0.666667
vt 0.027778 0.666667
vt 0.034722 0.666667
vt 0.041667 0.666667
vt 0.048611 0.666667
vt 0.055556 0.666667
vt 0.062500 0.666667
vt 0.069444 0.666667
vt 0.076389 0.666667
vt 0.083333 0.666667
vt 0.090278 0.666667
vt 0.097222 0.666667
vt 0.104167 0.666667
vt 0.111111 0.666667
vt 0.118056 0.666667
vt 0.125000 0.666667
vt 0.131944 0.666667
vt 0.138889 0.666667
vt 0.145833 0.666667
vt 0.152778 0.666667
vt 0.159722 0.666667
vt 0.166667 0.666667
vt 0.173611 0.666667
vt 0.180556 0.666667
vt 0.187500 0.666667
vt 0.194444 0.666667
vt 0.201389 0.666667
vt 0.208333 0.666667
vt 0.215278 0.666667
vt 0.222222 0.666667
vt 0.229167 0.666667
vt 0.236111 0.666667
vt 0.243056 0.666667
vt 0.250000 0.666667
vt 0.256944 0.666667
vt 0.263889 0.666667
vt 0.270833 0.666667
vt 0.277778 0.666667
vt 0.284722 0.666667
vt 0.291667 0.666667
vt 0.298611 0.666667
vt 0.305556 0.666667
vt 0.312500 0.666667
vt 0.319444 0.666667
vt 0.326389 0.666667
vt 0.333333 0.666667
vt 0.340278 0.666667
vt 0.347222 0.666667
vt 0.354167 0.666667
vt 0.361111 0.666667
vt 0.368056 0.666667
vt 0.375000 0.666667
vt 0.381944 0.666667
vt 0.388889 0.666667
vt 0.395833 0.666667
vt 0.402778 0.666667
vt 0.409722 0.666667
vt 0.416667 0.666667
vt 0.423611 0.666667
vt 0.430556 0.666667
vt 0.437500 0.666667
vt 0.444444 0.666667
vt 0.451389 0.666667
vt 0.458333 0.666667
vt 0.465278 0.666667
vt 0.472222 0.666667
vt 0.479167 0.666667
vt 0.486111 0.666667
vt 0.493056 0.666667
vt 0.500000 0.666667
vt 0.506944 0.666667
vt 0.513889 0.666667
vt 0.520833 0.666667
vt 0.527778 0.666667
vt 0.534722 0.666667
vt 0.541667 0.666667
vt 0.548611 0.666667
vt 0.555556 0.666667
vt 0.562500 0.666667
vt 0.569444 0.666667
vt 0.576389 0.666667
vt 0.583333 0.666667
vt 0.590278 0.666667
vt 0.597222 0.666667
vt 0.604167 0.666667
vt 0.611111 0.666667
vt 0.618056 0.666667
vt 0.625000 0.666667
vt 0.631944 0.666667
vt 0.638889 0.666667
vt 0.645833 0.666667
vt 0.652778 0.666667
vt 0.659722 0.666667
vt 0.666667 0.666667
vt 0.673611 0.666667
vt 0.680556 0.666667
vt 0.687500 0.666667
vt 0.694444 0.666667
vt 0.701389 0.666667
vt 0.708333 0.666667
vt 0.715278 0.666667
vt 0.722222 0.666667
vt 0.729167 0.666667
vt 0.736111 0.666667
vt 0.743056 0.666667
vt 0.750000 0.666667
vt 0.756944 0.666667
vt 0.763889 0.666667
vt 0.770833 0.666667
vt 0.777778 0.666667
vt 0.784722 0.666667
vt 0.791667 0.666667
vt 0.798611 0.666667
vt 0.805556 0.666667
vt 0.812500 0.666667
vt 0.819444 0.666667
vt 0.826389 0.666667
vt 0.833333 0.666667
vt 0.840278 0.666667
vt 0.847222 0.666667
vt 0.854167 0.666667
vt 0.861111 0.666667
vt 0.868056 0.666667
vt 0.875000 0.666667
vt 0.881944 0.666667
vt 0.888889 0.666667
vt 0.895833 0.666667
vt 0.902778 0.666667
vt 0.909722 0.666667
vt 0.916667 0.666667
vt 0.923611 0.666667
vt 0.930556 0.666667
vt 0.937500 0.666667
vt 0.944444 0.666667
vt 0.951389 0.666667
vt 0.958333 0.666667
vt 0.965278 0.666667
vt 0.972222 0.666667
vt 0.979167 0.666667
vt 0.986111 0.666667
vt 0.993056 0.666667
vt 1.000000 0.666667
vt 0.000000 0.750000
vt 0.006944 0.750000
vt 0.013889 0.750000
vt 0.020833 0.750000
vt 0.027778 0.750000
vt 0.034722 0.750000
vt 0.041667 0.750000
vt 0.048611 0.750000
vt 0.055556 0.750000
vt 0.062500 0.750000
vt 0.069444 0.750000
vt 0.076389 0.750000
vt 0.083333 0.750000
vt 0.090278 0.750000
vt 0.097222 0.750000
vt 0.104167 0.750000
vt 0.111111 0.750000
vt 0.118056 0.750000
vt 0.125000 0.750000
vt 0.131944 0.750000
vt 0.138889 0.750000
vt 0.145833 0.750000
vt 0.152778 0.750000
vt 0.159722 0.750000
vt 0.166667 0.750000
vt 0.173611 0.750000
vt 0.180556 0.750000
vt 0.187500 0.750000
vt 0.194444 0.750000
vt 0.201389 0.750000
vt 0.208333 0.750000
vt 0.215278 0.750000
vt 0.222222 0.750000
vt 0.229167 0.750000
vt 0.236111 0.750000
vt 0.243056 0.750000
vt 0.250000 0.750000
vt 0.256944 0.750000
vt 0.263889 0.750000
vt 0.270833 0.750000
vt 0.277778 0.750000
vt 0.284722 0.750000
vt 0.291667 0.750000
vt 0.298611 0.750000
vt 0.305556 0.750000
vt 0.312500 0.750000
vt 0.319444 0.750000
vt 0.326389 0.750000
vt 0.333333 0.750000
vt 0.340278 0.750000
vt 0.347222 0.750000
vt 0.354167 0.750000
vt 0.361111 0.750000
vt 0.368056 0.750000
vt 0.375000 0.750000
vt 0.381944 0.750000
vt 0.388889 0.750000
vt 0.395833 0.750000
vt 0.402778 0.750000
vt 0.409722 0.750000
vt 0.416667 0.750000
vt 0.423611 0.750000
vt 0.430556 0.750000
vt 0.437500 0.750000
vt 0.444444 0.750000
vt 0.451389 0.750000
vt 0.458333 0.750000
vt 0.465278 0.750000
vt 0.472222 0.750000
vt 0.479167 0.750000
vt 0.486111 0.750000
vt 0.493056 0.750000
vt 0.500000 0.750000
vt 0.506944 0.750000
vt 0.513889 0.750000
vt 0.520833 0.750000
vt 0.527778 0.750000
vt 0.534722 0.750000
vt 0.541667 0.750000
vt 0.548611 0.750000
vt 0.555556 0.750000
vt 0.562500 0.750000
vt 0.569444 0.750000
vt 0.576389 0.750000
vt 0.583333 0.750000
vt 0.590278 0.750000
vt 0.597222 0.750000
vt 0.604167 0.750000
vt 0.611111 0.750000
vt 0.618056 0.750000
vt 0.625000 0.750000
vt 0.631944 0.750000
vt 0.638889 0.750000
vt 0.645833 0.750000
vt 0.652778 0.750000
vt 0.659722 0.750000
vt 0.666667 0.750000
vt 0.673611 0.750000
vt 0.680556 0.750000
vt 0.687500 0.750000
vt 0.694444 0.750000
vt 0.701389 0.750000
vt 0.708333 0.750000
vt 0.715278 0.750000
vt 0.722222 0.750000
vt 0.729167 0.750000
vt 0.736111 0.750000
vt 0.743056 0.750000
vt 0.750000 0.750000
vt 0.756944 0.750000
vt 0.763889 0.750000
vt 0.770833 0.750000
vt 0.777778 0.750000
vt 0.784722 0.750000
vt 0.791667 0.750000
vt 0.798611 0.750000
vt 0.805556 0.750000
vt 0.812500 0.750000
vt 0.819444 0.750000
vt 0.826389 0.750000
vt 0.833333 0.750000
vt 0.840278 0.750000
vt 0.847222 0.750000
vt 0.854167 0.750000
vt 0.861111 0.750000
vt 0.868056 0.750000
vt 0.875000 0.750000
vt 0.881944 0.750000
vt 0.888889 0.750000
vt 0.895833 0.750000
vt 0.902778 0.750000
vt 0.909722 0.750000
vt 0.916667 0.750000
vt 0.923611 0.750000
vt 0.930556 0.750000
vt 0.937500 0.750000
vt 0.944444 0.750000
vt 0.951389 0.750000
vt 0.958333 0.750000
vt 0.965278 0.750000
vt 0.972222 0.750000
vt 0.979167 0.750000
vt 0.986111 0.750000
vt 0.993056 0.750000
vt 1.000000 0.750000
vt 0.000000 0.833333
vt 0.006944 0.833333
vt 0.013889 0.833333
vt 0.020833 0.833333
vt 0.027778 0.833333
vt 0.034722 0.833333
vt 0.041667 0.833333
vt 0.048611 0.833333
vt 0.055556 0.833333
vt 0.062500 0.833333
vt 0.069444 0.833333
vt 0.076389 0.833333
vt 0.083333 0.833333
vt 0.090278 0.833333
vt 0.097222 0.833333
vt 0.104167 0.833333
vt 0.111111 0.833333
vt 0.118056 0.833333
vt 0.125000 0.833333
vt 0.131944 0.833333
vt 0.138889 0.833333
vt 0.145833 0.833333
vt 0.152778 0.833333
vt 0.159722 0.833333
vt 0.166667 0.833333
vt 0.173611 0.833333
vt 0.180556 0.833333
vt 0.187500 0.833333
vt 0.194444 0.833333
vt 0.201389 0.833333
vt 0.208333 0.833333
vt 0.215278 0.833333
vt 0.222222 0.833333
vt 0.229167 0.833333
vt 0.236111 0.833333
vt 0.243056 0.833333
vt 0.250000 0.833333
vt 0.256944 0.833333
vt 0.263889 0.833333
vt 0.270833 0.833333
vt 0.277778 0.833333
vt 0.284722 0.833333
vt 0.291667 0.833333
vt 0.298611 0.833333
vt 0.305556 0.833333
vt 0.312500 0.833333
vt 0.319444 0.833333
vt 0.326389 0.833333
vt 0.333333 0.833333
vt 0.340278 0.833333
vt 0.347222 0.833333
vt 0.354167 0.833333
vt 0.361111 0.833333
vt 0.368056 0.833333
vt 0.375000 0.833333
vt 0.381944 0.833333
vt 0.388889 0.833333
vt 0.395833 0.833333
vt 0.402778 0.833333
vt 0.409722 0.833333
vt 0.416667 0.833333
vt 0.423611 0.833333
vt 0.430556 0.833333
vt 0.437500 0.833333
vt 0.444444 0.833333
vt 0.451389 0.833333
vt 0.458333 0.833333
vt 0.465278 0.833333
vt 0.472222 0.833333
vt 0.479167 0.833333
vt 0.486111 0.833333
vt 0.493056 0.833333
vt 0.500000 0.833333
vt 0.506944 0.833333
vt 0.513889 0.833333
vt 0.520833 0.833333
vt 0.527778 0.833333
vt 0.534722 0.833333
vt 0.541667 0.833333
vt 0.548611 0.833333
vt 0.555556 0.833333
vt 0.562500 0.833333
vt 0.569444 0.833333
vt 0.576389 0.833333
vt 0.583333 0.833333
vt 0.590278 0.833333
vt 0.597222 0.833333
vt 0.604167 0.833333
vt 0.611111 0.833333
vt 0.618056 0.833333
vt 0.625000 0.833333
vt 0.631944 0.833333
vt 0.638889 0.833333
vt 0.645833 0.833333
vt 0.652778 0.833333
vt 0.659722 0.833333
vt 0.666667 0.833333
vt 0.673611 0.833333
vt 0.680556 0.833333
vt 0.687500 0.833333
vt 0.694444 0.833333
vt 0.701389 0.833333
vt 0.708333 0.833333
vt 0.715278 0.833333
vt 0.722222 0.833333
vt 0.729167 0.833333
vt 0.736111 0.833333
vt 0.743056 0.833333
vt 0.750000 0.833333
vt 0.756944 0.833333
vt 0.763889 0.833333
vt 0.770833 0.833333
vt 0.777778 0.833333
vt 0.784722 0.833333
vt 0.791667 0.833333
vt 0.798611 0.833333
vt 0.805556 0.833333
vt 0.812500 0.833333
vt 0.819444 0.833333
vt 0.826389 0.833333
vt 0.833333 0.833333
vt 0.840278 0.833333
vt 0.847222 0.833333
vt 0.854167 0.833333
vt 0.861111 0.833333
vt 0.868056 0.833333
vt 0.875000 0.833333
vt 0.881944 0.833333
vt 0.888889 0.833333
vt 0.895833 0.833333
vt 0.902778 0.833333
vt 0.909722 0.833333
vt 0.916667 0.833333
vt 0.923611 0.833333
vt 0.930556 0.833333
vt 0.937500 0.833333
vt 0.944444 0.833333
vt 0.951389 0.833333
vt 0.958333 0.833333
vt 0.965278 0.833333
vt 0.972222 0.833333
vt 0.979167 0.833333
vt 0.986111 0.833333
vt 0.993056 0.833333
vt 1.000000 0.833333
vt 0.000000 0.916667
vt 0.006944 0.916667
vt 0.013889 0.916667
vt 0.020833 0.916667
vt 0.027778 0.916667
vt 0.034722 0.916667
vt 0.041667 0.916667
vt 0.048611 0.916667
vt 0.055556 0.916667
vt 0.062500 0.916667
vt 0.069444 0.916667
vt 0.076389 0.916667
vt 0.083333 0.916667
vt 0.090278 0.916667
vt 0.097222 0.916667
vt 0.104167 0.916667
vt 0.111111 0.916667
vt 0.118056 0.916667
vt 0.125000 0.916667
vt 0.131944 0.916667
vt 0.138889 0.916667
vt 0.145833 0.916667
vt 0.152778 0.916667
vt 0.159722 0.916667
vt 0.166667 0.916667
vt 0.173611 0.916667
vt 0.180556 0.916667
vt 0.187500 0.916667
vt 0.194444 0.916667
vt 0.201389 0.916667
vt 0.208333 0.916667
vt 0.215278 0.916667
vt 0.222222 0.916667
vt 0.229167 0.916667
vt 0.236111 0.916667
vt 0.243056 0.916667
vt 0.250000 0.916667
vt 0.256944 0.916667
vt 0.263889 0.916667
vt 0.270833 0.916667
vt 0.277778 0.916667
vt 0.284722 0.916667
vt 0.291667 0.916667
vt 0.298611 0.916667
vt 0.305556 0.916667
vt 0.312500 0.916667
vt 0.319444 0.916667
vt 0.326389 0.916667
vt 0.333333 0.916667
vt 0.340278 0.916667
vt 0.347222 0.916667
vt 0.354167 0.916667
vt 0.361111 0.916667
vt 0.368056 0.916667
vt 0.375000 0.916667
vt 0.381944 0.916667
vt 0.388889 0.916667
vt 0.395833 0.916667
vt 0.402778 0.916667
vt 0.409722 0.916667
vt 0.416667 0.916667
vt 0.423611 0.916667
vt 0.430556 0.916667
vt 0.437500 0.916667
vt 0.444444 0.916667
vt 0.451389 0.916667
vt 0.458333 0.916667
vt 0.465278 0.916667
vt 0.472222 0.916667
vt 0.479167 0.916667
vt 0.486111 0.916667
vt 0.493056 0.916667
vt 0.500000 0.916667
vt 0.506944 0.916667
vt 0.513889 0.916667
vt 0.520833 0.916667
vt 0.527778 0.916667
vt 0.534722 0.916667
vt 0.541667 0.916667
vt 0.548611 0.916667
vt 0.555556 0.916667
vt 0.562500 0.916667
vt 0.569444 0.916667
vt 0.576389 0.916667
vt 0.583333 0.916667
vt 0.590278 0.916667
vt 0.597222 0.916667
vt 0.604167 0.916667
vt 0.611111 0.916667
vt 0.618056 0.916667
vt 0.625000 0.916667
vt 0.631944 0.916667
vt 0.638889 0.916667
vt 0.645833 0.916667
vt 0.652778 0.916667
vt 0.659722 0.916667
vt 0.666667 0.916667
vt 0.673611 0.916667
vt 0.680556 0.916667
vt 0.687500 0.916667
vt 0.694444 0.916667
vt 0.701389 0.916667
vt 0.708333 0.916667
vt 0.715278 0.916667
vt 0.722222 0.916667
vt 0.729167 0.916667
vt 0.736111 0.916667
vt 0.743056 0.916667
vt 0.750000 0.916667
vt 0.756944 0.916667
vt 0.763889 0.916667
vt 0.770833 0.916667
vt 0.777778 0.916667
vt 0.784722 0.916667
vt 0.791667 0.916667
vt 0.798611 0.916667
vt 0.805556 0.916667
vt 0.812500 0.916667
vt 0.819444 0.916667
vt 0.826389 0.916667
vt 0.833333 0.916667
vt 0.840278 0.916667
vt 0.847222 0.916667
vt 0.854167 0.916667
vt 0.861111 0.916667
vt 0.868056 0.916667
vt 0.875000 0.916667
vt 0.881944 0.916667
vt 0.888889 0.916667
vt 0.895833 0.916667
vt 0.902778 0.916667
vt 0.909722 0.916667
vt 0.916667 0.916667
vt 0.923611 0.916667
vt 0.930556 0.916667
vt 0.937500 0.916667
vt 0.944444 0.916667
vt 0.951389 0.916667
vt 0.958333 0.916667
vt 0.965278 0.916667
vt 0.972222 0.916667
vt 0.979167 0.916667
vt 0.986111 0.916667
vt 0.993056 0.916667
vt 1.000000 0.916667
vt 0.000000 1.000000
vt 0.006944 1.000000
vt 0.013889 1.000000
vt 0.020833 1.000000
vt 0.027778 1.000000
vt 0.034722 1.000000
vt 0.041667 1.000000
vt 0.048611 1.000000
vt 0.055556 1.000000
vt 0.062500 1.000000
vt 0.069444 1.000000
vt 0.076389 1.000000
vt 0.083333 1.000000
vt 0.090278 1.000000
vt 0.097222 1.000000
vt 0.104167 1.000000
vt 0.111111 1.000000
vt 0.118056 1.000000
vt 0.125000 1.000000
vt 0.131944 1.000000
vt 0.138889 1.000000
vt 0.145833 1.000000
vt 0.152778 1.000000
vt 0.159722 1.000000
vt 0.166667 1.000000
vt 0.173611 1.000000
vt 0.180556 1.000000
vt 0.187500 1.000000
vt 0.194444 1.000000
vt 0.201389 1.000000
vt 0.208333 1.000000
vt 0.215278 1.000000
vt 0.222222 1.000000
vt 0.229167 1.000000
vt 0.236111 1.000000
vt 0.243056 1.000000
vt 0.250000 1.000000
vt 0.256944 1.000000
vt 0.263889 1.000000
vt 0.270833 1.000000
vt 0.277778 1.000000
vt 0.284722 1.000000
vt 0.291667 1.000000
vt 0.298611 1.000000
vt 0.305556 1.000000
vt 0.312500 1.000000
vt 0.319444 1.000000
vt 0.326389 1.000000
vt 0.333333 1.000000
vt 0.340278 1.000000
vt 0.347222 1.000000
vt 0.354167 1.000000
vt 0.361111 1.000000
vt 0.368056 1.000000
vt 0.375000 1.000000
vt 0.381944 1.000000
vt 0.388889 1.000000
vt 0.395833 1.000000
vt 0.402778 1.000000
vt 0.409722 1.000000
vt 0.416667 1.000000
vt 0.423611 1.000000
vt 0.430556 1.000000
vt 0.437500 1.000000
vt 0.444444 1.000000
vt 0.451389 1.000000
vt 0.458333 1.000000
vt 0.465278 1.000000
vt 0.472222 1.000000
vt 0.479167 1.000000
vt 0.486111 1.000000
vt 0.493056 1.000000
vt 0.500000 1.000000
vt 0.506944 1.000000
vt 0.513889 1.000000
vt 0.520833 1.000000
vt 0.527778 1.000000
vt 0.534722 1.000000
vt 0.541667 1.000000
vt 0.548611 1.000000
vt 0.555556 1.000000
vt 0.562500 1.000000
vt 0.569444 1.000000
vt 0.576389 1.000000
vt 0.583333 1.000000
vt 0.590278 1.000000
vt 0.597222 1.000000
vt 0.604167 1.000000
vt 0.611111 1.000000
vt 0.618056 1.000000
vt 0.625000 1.000000
vt 0.631944 1.000000
vt 0.638889 1.000000
vt 0.645833 1.000000
vt 0.652778 1.000000
vt 0.659722 1.000000
vt 0.666667 1.000000
vt 0.673611 1.000000
vt 0.680556 1.000000
vt 0.687500 1.000000
vt 0.694444 1.000000
vt 0.701389 1.000000
vt 0.708333 1.000000
vt 0.715278 1.000000
vt 0.722222 1.000000
vt 0.729167 1.000000
vt 0.736111 1.000000
vt 0.743056 1.000000
vt 0.750000 1.000000
vt 0.756944 1.000000
vt 0.763889 1.000000
vt 0.770833 1.000000
vt 0.777778 1.000000
vt 0.784722 1.000000
vt 0.791667 1.000000
vt 0.798611 1.000000
vt 0.805556 1.000000
vt 0.812500 1.000000
vt 0.819444 1.000000
vt 0.826389 1.000000
vt 0.833333 1.000000
vt 0.840278 1.000000
vt 0.847222 1.000000
vt 0.854167 1.000000
vt 0.861111 1.000000
vt 0.868056 1.000000
vt 0.875000 1.000000
vt 0.881944 1.000000
vt 0.888889 1.000000
vt 0.895833 1.000000
vt 0.902778 1.000000
vt 0.909722 1.000000
vt 0.916667 1.000000
vt 0.923611 1.000000
vt 0.930556 1.000000
vt 0.937500 1.000000
vt 0.944444 1.000000
vt 0.951389 1.000000
vt 0.958333 1.000000
vt 0.965278 1.000000
vt 0.972222 1.000000
vt 0.979167 1.000000
vt 0.986111 1.000000
vt 0.993056 1.000000
vt 1.000000 1.000000

vn 0.000000 1.000000 0.000000
vn 0.000000 1.000000 0.000000
vn 0.000000 1.000000 0.000000
vn 0.000000 1.000000 0.000000
vn 0.000000 1.000000 0.000000
vn 0.000000 1.000000 0.000000
vn 0.000000 1.000000 0.000000
vn 0.000000 1.000000 0.000000
vn 0.000000 1.000000 0.000000
vn 0.000000 1.000000 0.000000
vn 0.000000 1.000000 0.000000
vn 0.000000 1.000000 0.000000
vn 0.000000 1.000000 0.000000
vn 0.000000 1.000000 0.000000
vn 0.000000 1.000000 0.000000
vn 0.000000 1.000000 0.000000
vn 0.000000 1.000000 0.000000
vn 0.000000 1.000000 0.000000
vn 0.000000 1.000000 0.000000
vn 0.000000 1.000000 0.000000
vn 0.000000 1.000000 0.000000
vn 0.000000 1.000000 0.000000
vn 0.000000 1.000000 0.000000
vn 0.000000 1.000000 0.000000
vn 0.000000 1.000000 0.000000
vn 0.000000 1.000000 0.000000
vn 0.000000 1.000000 0.000000
vn 0.000000 1.000000 0.000000
vn 0.000000 1.000000 0.000000
vn 0.000000 1.000000 0.000000
vn 0.000000 1.000000 0.000000
vn 0.000000 1.000000 0.000000
vn 0.000000 1.000000 0.000000
vn 0.000000 1.000000 0.000000
vn 0.000000 1.000000 0.000000
vn 0.000000 1.000000 0.000000
vn 0.000000 1.000000 0.000000
vn 0.000000 1.000000 0.000000
vn 0.000000 1.000000 0.000000
vn 0.000000 1.000000 0.000000
vn 0.000000 1.000000 0.000000
vn 0.000000 1.000000 0.000000
vn 0.000000 1.000000 0.000000
vn 0.000000 1.000000 0.000000
vn 0.000000 1.000000 0.000000
vn 0.000000 1.000000 0.000000
vn 0.000000 1.000000 0.000000
vn 0.000000 1.000000 0.000000
vn 0.000000 1.000000 0.000000
vn 0.000000 1.000000 0.000000
vn 0.000000 1.000000 0.000000
vn 0.000000 1.000000 0.000000
vn 0.000000 1.000000 0.000000
vn 0.000000 1.000000 0.000000
vn 0.000000 1.000000 0.000000
vn 0.000000 1.000000 0.000000
vn 0.000000 1.000000 0.000000
vn 0.000000 1.000000 0.000000
vn 0.000000 1.000000 0.000000
vn 0.000000 1.000000 0.000000
vn 0.000000 1.000000 0.000000
vn 0.000000 1.000000 0.000000
vn 0.000000 1.000000 0.000000
vn 0.000000 1.000000 0.000000
vn 0.000000 1.000000 0.000000
vn 0.000000 1.000000 0.000000
vn 0.000000 1.000000 0.000000
vn 0.000000 1.000000 0.000000
vn 0.000000 1.000000 0.000000
vn 0.000000 1.000000 0.000000
vn 0.000000 1.000000 0.000000
vn 0.000000 1.000000 0.000000
vn 0.000000 1.000000 0.000000
vn 0.000000 1.000000 0.000000
vn 0.000000 1.000000 0.000000
vn 0.000000 1.000000 0.000000
vn 0.000000 1.000000 0.000000
vn 0.000000 1.000000 0.000000
vn 0.000000 1.000000 0.000000
vn 0.000000 1.000000 0.000000
vn 0.000000 1.000000 0.000000
vn 0.000000 1.000000 0.000000
vn 0.000000 1.000000 0.000000
vn 0.000000 1.000000 0.000000
vn 0.000000 1.000000 0.000000
vn 0.000000 1.000000 0.000000
vn 0.000000 1.000000 0.000000
vn 0.000000 1.000000 0.000000
vn 0.000000 1.000000 0.000000
vn 0.000000 1.000000 0.000000
vn 0.000000 1.000000 0.000000
vn 0.000000 1.000000 0.000000
vn 0.000000 1.000000 0.000000
vn 0.000000 1.000000 0.000000
vn 0.000000 1.000000 0.000000
vn 0.000000 1.000000 0.000000
vn 0.000000 1.000000 0.000000
vn 0.000000 1.000000 0.000000
vn 0.000000 1.000000 0.000000
vn 0.000000 1.000000 0.000000
vn 0.000000 1.000000 0.000000
vn 0.000000 1.000000 0.000000
vn 0.000000 1.000000 0.000000
vn 0.000000 1.000000 0.000000
vn 0.000000 1.000000 0.000000
vn 0.000000 1.000000 0.000000
vn 0.000000 1.000000 0.000000
vn 0.000000 1.000000 0.000000
vn 0.000000 1.000000 0.000000
vn 0.000000 1.000000 0.000000
vn 0.000000 1.000000 0.000000
vn 0.000000 1.000000 0.000000
vn 0.000000 1.000000 0.000000
vn 0.000000 1.000000 0.000000
vn 0.000000 1.000000 0.000000
vn 0.000000 1.000000 0.000000
vn 0.000000 1.000000 0.000000
vn 0.000000 1.000000 0.000000
vn 0.000000 1.000000 0.000000
vn 0.000000 1.000000 0.000000
vn 0.000000 1.000000 0.000000
vn 0.000000 1.000000 0.000000
vn 0.000000 1.000000 0.000000
vn 0.000000 1.000000 0.000000
vn 0.000000 1.000000 0.000000
vn 0.000000 1.000000 0.000000
vn 0.000000 1.000000 0.000000
vn 0.000000 1.000000 0.000000
vn 0.000000 1.000000 0.000000
vn 0.000000 1.000000 0.000000
vn 0.000000 1.000000 0.000000
vn 0.000000 1.000000 0.000000
vn 0.000000 1.000000 0.000000
vn 0.000000 1.000000 0.000000
vn 0.000000 1.000000 0.000000
vn 0.000000 1.000000 0.000000
vn 0.000000 1.000000 0.000000
vn 0.000000 1.000000 0.000000
vn 0.000000 1.000000 0.000000
vn 0.000000 1.000000 0.000000
vn 0.000000 1.000000 0.000000
vn 0.000000 1.000000 0.000000
vn 0.000000 1.000000 0.000000
vn 0.000000 1.000000 0.000000
vn 0.000000 1.000000 0.000000
vn 0.000000 1.000000 0.000000
vn 0.000000 1.000000 0.000000
vn 0.000000 1.000000 0.000000
vn 0.000000 1.000000 0.000000
vn 0.000000 1.000000 0.000000
vn 0.000000 1.000000 0.000000
vn 0.000000 1.000000 0.000000
vn 0.000000 1.000000 0.000000
vn 0.000000 1.000000 0.000000
vn 0.000000 1.000000 0.000000
vn 0.000000 1.000000 0.000000
vn 0.000000 1.000000 0.000000
vn 0.000000 1.000000 0.000000
vn 0.000000 1.000000 0.000000
vn 0.000000 1.000000 0.000000
vn 0.000000 1.000000 0.000000
vn 0.000000 1.000000 0.000000
vn 0.000000 1.000000 0.000000
vn 0.000000 1.000000 0.000000
vn 0.000000 1.000000 0.000000
vn 0.000000 1.000000 0.000000
vn 0.000000 1.000000 0.000000
vn 0.000000 1.000000 0.000000
vn 0.000000 1.000000 0.000000
vn 0.000000 1.000000 0.000000
vn 0.000000 1.000000 0.000000
vn 0.000000 1.000000 0.000000
vn 0.000000 1.000000 0.000000
vn 0.000000 1.000000 0.000000
vn 0.000000 1.000000 0.000000
vn 0.000000 1.000000 0.000000
vn 0.000000 1.000000 0.000000
vn 0.000000 1.000000 0.000000
vn 0.000000 1.000000 0.000000
vn 0.000000 1.000000 0.000000
vn 0.000000 1.000000 0.000000
vn 0.000000 1.000000 0.000000
vn 0.000000 1.000000 0.000000
vn 0.000000 1.000000 0.000000
vn 0.000000 1.000000 0.000000
vn 0.000000 1.000000 0.000000
vn 0.000000 1.000000 0.000000
vn 0.000000 1.000000 0.000000
vn 0.000000 1.000000 0.000000
vn 0.000000 1.000000 0.000000
vn 0.000000 1.000000 0.000000
vn 0.000000 1.000000 0.000000
vn 0.000000 1.000000 0.000000
vn 0.000000 1.000000 0.000000
vn 0.000000 1.000000 0.000000
vn 0.000000 1.000000 0.000000
vn 0.000000 1.000000 0.000000
vn 0.000000 1.000000 0.000000
vn 0.000000 1.000000 0.000000
vn 0.000000 1.000000 0.000000
vn 0.000000 1.000000 0.000000
vn 0.000000 1.000000 0.000000
vn 0.000000 1.000000 0.000000
vn 0.000000 1.000000 0.000000
vn 0.000000 1.000000 0.000000
vn 0.000000 1.000000 0.000000
vn 0.000000 1.000000 0.000000
vn 0.000000 1.000000 0.000000
vn 0.000000 1.000000 0.000000
vn 0.000000 1.000000 0.000000
vn 0.000000 1.000000 0.000000
vn 0.000000 1.000000 0.000000
vn 0.000000 1.000000 0.000000
vn 0.000000 1.000000 0.000000
vn 0.000000 1.000000 0.000000
vn 0.000000 1.000000 0.000000
vn 0.000000 1.000000 0.000000
vn 0.000000 1.000000 0.000000
vn 0.000000 1.000000 0.000000
vn 0.000000 1.000000 0.000000
vn 0.000000 1.000000 0.000000
vn 0.000000 1.000000 0.000000
vn 0.000000 1.000000 0.000000
vn 0.000000 1.000000 0.000000
vn 0.000000 1.000000 0.000000
vn 0.000000 1.000000 0.000000
vn 0.000000 1.000000 0.000000
vn 0.000000 1.000000 0.000000
vn 0.000000 1.000000 0.000000
vn 0.000000 1.000000 0.000000
vn 0.000000 1.000000 0.000000
vn 0.000000 1.000000 0.000000
vn 0.000000 1.000000 0.000000
vn 0.000000 1.000000 0.000000
vn 0.000000 1.000000 0.000000
vn 0.000000 1.000000 0.000000
vn 0.000000 1.000000 0.000000
vn 0.000000 1.000000 0.000000
vn 0.000000 1.000000 0.000000
vn 0.000000 1.000000 0.000000
vn 0.000000 1.000000 0.000000
vn 0.000000 1.000000 0.000000
vn 0.000000 1.000000 0.000000
vn 0.000000 1.000000 0.000000
vn 0.000000 1.000000 0.000000
vn 0.000000 1.000000 0.000000
vn 0.000000 1.000000 0.000000
vn 0.000000 1.000000 0.000000
vn 0.000000 1.000000 0.000000
vn 0.000000 1.000000 0.000000
vn 0.000000 1.000000 0.000000
vn 0.000000 1.000000 0.000000
vn 0.000000 1.000000 0.000000
vn 0.000000 1.000000 0.000000
vn 0.000000 1.000000 0.000000
vn 0.000000 1.000000 0.000000
vn 0.000000 1.000000 0.000000
vn 0.000000 1.000000 0.000000
vn 0.000000 1.000000 0.000000
vn 0.000000 1.000000 0.000000
vn 0.000000 1.000000 0.000000
vn 0.000000 1.000000 0.000000
vn 0.000000 1.000000 0.000000
vn 0.000000 1.000000 0.000000
vn 0.000000 1.000000 0.000000
vn 0.000000 1.000000 0.000000
vn 0.000000 1.000000 0.000000
vn 0.000000 1.000000 0.000000
vn 0.000000 1.000000 0.000000
vn 0.000000 1.000000 0.000000
vn 0.000000 1.000000 0.000000
vn 0.000000 1.000000 0.000000
vn 0.000000 1.000000 0.000000
vn 0.000000 1.000000 0.000000
vn 0.000000 1.000000 0.000000
vn 0.000000 1.000000 0.000000
vn 0.000000 1.000000 0.000000
vn 0.000000 1.000000 0.000000
vn 0.000000 1.000000 0.000000
vn 0.000000 1.000000 0.000000
vn 0.000000 1.000000 0.000000
vn 0.000000 1.000000 0.000000
vn 0.000000 1.000000 0.000000
vn 0.000000 1.000000 0.000000
vn 0.000000 1.000000 0.000000
vn 0.000000 1.000000 0.000000
vn 0.000000 1.000000 0.000000
vn 0.000000 1.000000 0.000000
vn 0.000000 1.000000 0.000000
vn 0.000000 1.000000 0.000000
vn 0.000000 1.000000 0.000000
vn 0.000000 1.000000 0.000000
vn 0.000000 1.000000 0.000000
vn 0.000000 1.000000 0.000000
vn 0.000000 1.000000 0.000000
vn 0.000000 1.000000 0.000000
vn 0.000000 1.000000 0.000000
vn 0.000000 1.000000 0.000000
vn 0.000000 1.000000 0.000000
vn 0.000000 1.000000 0.000000
vn 0.000000 1.000000 0.000000
vn 0.000000 1.000000 0.000000
vn 0.000000 1.000000 0.000000
vn 0.000000 1.000000 0.000000
vn 0.000000 1.000000 0.000000
vn 0.000000 1.000000 0.000000
vn 0.000000 1.000000 0.000000
vn 0.000000 1.000000 0.000000
vn 0.000000 1.000000 0.000000
vn 0.000000 1.000000 0.000000
vn 0.000000 1.000000 0.000000
vn 0.000000 1.000000 0.000000
vn 0.000000 1.000000 0.000000
vn 0.000000 1.000000 0.000000
vn 0.000000 1.000000 0.000000
vn 0.000000 1.000000 0.000000
vn 0.000000 1.000000 0.000000
vn 0.000000 1.000000 0.000000
vn 0.000000 1.000000 0.000000
vn 0.000000 1.000000 0.000000
vn 0.000000 1.000000 0.000000
vn 0.000000 1.000000 0.000000
vn 0.000000 1.000000 0.000000
vn 0.000000 1.000000 0.000000
vn 0.000000 1.000000 0.000000
vn 0.000000 1.000000 0.000000
vn 0.000000 1.000000 0.000000
vn 0.000000 1.000000 0.000000
vn 0.000000 1.000000 0.000000
vn 0.000000 1.000000 0.000000
vn 0.000000 1.000000 0.000000
vn 0.000000 1.000000 0.000000
vn 0.000000 1.000000 0.000000
vn 0.000000 1.000000 0.000000
vn 0.000000 1.000000 0.000000
vn 0.000000 1.000000 0.000000
vn 0.000000 1.000000 0.000000
vn 0.000000 1.000000 0.000000
vn 0.000000 1.000000 0.000000
vn 0.000000 1.000000 0.000000
vn 0.000000 1.000000 0.000000
vn 0.000000 1.000000 0.000000
vn 0.000000 1.000000 0.000000
vn 0.000000 1.000000 0.000000
vn 0.000000 1.000000 0.000000
vn 0.000000 1.000000 0.000000
vn 0.000000 1.000000 0.000000
vn 0.000000 1.000000 0.000000
vn 0.000000 1.000000 0.000000
vn 0.000000 1.000000 0.000000
vn 0.000000 1.000000 0.000000
vn 0.000000 1.000000 0.000000
vn 0.000000 1.000000 0.000000
vn 0.000000 1.000000 0.000000
vn 0.000000 1.000000 0.000000
vn 0.000000 1.000000 0.000000
vn 0.000000 1.000000 0.000000
vn 0.000000 1.000000 0.000000
vn 0.000000 1.000000 0.000000
vn 0.000000 1.000000 0.000000
vn 0.000000 1.000000 0.000000
vn 0.000000 1.000000 0.000000
vn 0.000000 1.000000 0.000000
vn 0.000000 1.000000 0.000000
vn 0.000000 1.000000 0.000000
vn 0.000000 1.000000 0.000000
vn 0.000000 1.000000 0.000000
vn 0.000000 1.000000 0.000000
vn 0.000000 1.000000 0.000000
vn 0.000000 1.000000 0.000000
vn 0.000000 1.000000 0.000000
vn 0.000000 1.000000 0.000000
vn 0.000000 1.000000 0.000000
vn 0.000000 1.000000 0.000000
vn 0.000000 1.000000 0.000000
vn 0.000000 1.000000 0.000000
vn 0.000000 1.000000 0.000000
vn 0.000000 1.000000 0.000000
vn 0.000000 1.000000 0.000000
vn 0.000000 1.000000 0.000000
vn 0.000000 1.000000 0.000000
vn 0.000000 1.000000 0.000000
vn 0.000000 1.000000 0.000000
vn 0.000000 1.000000 0.000000
vn 0.000000 1.000000 0.000000
vn 0.000000 1.000000 0.000000
vn 0.000000 1.000000 0.000000
vn 0.000000 1.000000 0.000000
vn 0.000000 1.000000 0.000000
vn 0.000000 1.000000 0.000000
vn 0.000000 1.000000 0.000000
vn 0.000000 1.000000 0.000000
vn 0.000000 1.000000 0.000000
vn 0.000000 1.000000 0.000000
vn 0.000000 1.000000 0.000000
vn 0.000000 1.000000 0.000000
vn 0.000000 1.000000 0.000000
vn 0.000000 1.000000 0.000000
vn 0.000000 1.000000 0.000000
vn 0.000000 1.000000 0.000000
vn 0.000000 1.000000 0.000000
vn 0.000000 1.000000 0.000000
vn 0.000000 1.000000 0.000000
vn 0.000000 1.000000 0.000000
vn 0.000000 1.000000 0.000000
vn 0.000000 1.000000 0.000000
vn 0.000000 1.000000 0.000000
vn 0.000000 1.000000 0.000000
vn 0.000000 1.000000 0.000000
vn 0.000000 1.000000 0.000000
vn 0.000000 1.000000 0.000000
vn 0.000000 1.000000 0.000000
vn 0.000000 1.000000 0.000000
vn 0.000000 1.000000 0.000000
vn 0.000000 1.000000 0.000000
vn 0.000000 1.000000 0.000000
vn 0.000000 1.000000 0.000000
vn 0.000000 1.000000 0.000000
vn 0.000000 1.000000 0.000000
vn 0.000000 1.000000 0.000000
vn 0.000000 1.000000 0.000000
vn 0.000000 1.000000 0.000000
vn 0.000000 1.000000 0.000000
vn 0.000000 1.000000 0.000000
vn 0.000000 1.000000 0.000000
vn 0.000000 1.000000 0.000000
vn 0.000000 1.000000 0.000000
vn 0.000000 1.000000 0.000000
vn 0.000000 1.000000 0.000000
vn 0.000000 1.000000 0.000000
vn 0.000000 1.000000 0.000000
vn 0.000000 1.000000 0.000000
vn 0.000000 1.000000 0.000000
vn 0.000000 1.000000 0.000000
vn 0.000000 1.000000 0.000000
vn 0.000000 1.000000 0.000000
vn 0.000000 1.000000 0.000000
vn 0.000000 1.000000 0.000000
vn 0.000000 1.000000 0.000000
vn 0.000000 1.000000 0.000000
vn 0.000000 1.000000 0.000000
vn 0.000000 1.000000 0.000000
vn 0.000000 1.000000 0.000000
vn 0.000000 1.000000 0.000000
vn 0.000000 1.000000 0.000000
vn 0.000000 1.000000 0.000000
vn 0.000000 1.000000 0.000000
vn 0.000000 1.000000 0.000000
vn 0.000000 1.000000 0.000000
vn 0.000000 1.000000 0.000000
vn 0.000000 1.000000 0.000000
vn 0.000000 1.000000 0.000000
vn 0.000000 1.000000 0.000000
vn 0.000000 1.000000 0.000000
vn 0.000000 1.000000 0.000000
vn 0.000000 1.000000 0.000000
vn 0.000000 1.000000 0.000000
vn 0.000000 1.000000 0.000000
vn 0.000000 1.000000 0.000000
vn 0.000000 1.000000 0.000000
vn 0.000000 1.000000 0.000000
vn 0.000000 1.000000 0.000000
vn 0.000000 1.000000 0.000000
vn 0.000000 1.000000 0.000000
vn 0.000000 1.000000 0.000000
vn 0.000000 1.000000 0.000000
vn 0.000000 1.000000 0.000000
vn 0.000000 1.000000 0.000000
vn 0.000000 1.000000 0.000000
vn 0.000000 1.000000 0.000000
vn 0.000000 1.000000 0.000000
vn 0.000000 1.000000 0.000000
vn 0.000000 1.000000 0.000000
vn 0.000000 1.000000 0.000000
vn 0.000000 1.000000 0.000000
vn 0.000000 1.000000 0.000000
vn 0.000000 1.000000 0.000000
vn 0.000000 1.000000 0.000000
vn 0.000000 1.000000 0.000000
vn 0.000000 1.000000 0.000000
vn 0.000000 1.000000 0.000000
vn 0.000000 1.000000 0.000000
vn 0.000000 1.000000 0.000000
vn 0.000000 1.000000 0.000000
vn 0.000000 1.000000 0.000000
vn 0.000000 1.000000 0.000000
vn 0.000000 1.000000 0.000000
vn 0.000000 1.000000 0.000000
vn 0.000000 1.000000 0.000000
vn 0.000000 1.000000 0.000000
vn 0.000000 1.000000 0.000000
vn 0.000000 1.000000 0.000000
vn 0.000000 1.000000 0.000000
vn 0.000000 1.000000 0.000000
vn 0.000000 1.000000 0.000000
vn 0.000000 1.000000 0.000000
vn 0.000000 1.000000 0.000000
vn 0.000000 1.000000 0.000000
vn 0.000000 1.000000 0.000000
vn 0.000000 1.000000 0.000000
vn 0.000000 1.000000 0.000000
vn 0.000000 1.000000 0.000000
vn 0.000000 1.000000 0.000000
vn 0.000000 1.000000 0.000000
vn 0.000000 1.000000 0.000000
vn 0.000000 1.000000 0.000000
vn 0.000000 1.000000 0.000000
vn 0.000000 1.000000 0.000000
vn 0.000000 1.000000 0.000000
vn 0.000000 1.000000 0.000000
vn 0.000000 1.000000 0.000000
vn 0.000000 1.000000 0.000000
vn 0.000000 1.000000 0.000000
vn 0.000000 1.000000 0.000000
vn 0.000000 1.000000 0.000000
vn 0.000000 1.000000 0.000000
vn 0.000000 1.000000 0.000000
vn 0.000000 1.000000 0.000000
vn 0.000000 1.000000 0.000000
vn 0.000000 1.000000 0.000000
vn 0.000000 1.000000 0.000000
vn 0.000000 1.000000 0.000000
vn 0.000000 1.000000 0.000000
vn 0.000000 1.000000 0.000000
vn 0.000000 1.000000 0.000000
vn 0.000000 1.000000 0.000000
vn 0.000000 1.000000 0.000000
vn 0.000000 1.000000 0.000000
vn 0.000000 1.000000 0.000000
vn 0.000000 1.000000 0.000000
vn 0.000000 1.000000 0.000000
vn 0.000000 1.000000 0.000000
vn 0.000000 1.000000 0.000000
vn 0.000000 1.000000 0.000000
vn 0.000000 1.000000 0.000000
vn 0.000000 1.000000 0.000000
vn 0.000000 1.000000 0.000000
vn 0.000000 1.000000 0.000000
vn 0.000000 1.000000 0.000000
vn 0.000000 1.000000 0.000000
vn 0.000000 1.000000 0.000000
vn 0.000000 1.000000 0.000000
vn 0.000000 1.000000 0.000000
vn 0.000000 1.000000 0.000000
vn 0.000000 1.000000 0.000000
vn 0.000000 1.000000 0.000000
vn 0.000000 1.000000 0.000000
vn 0.000000 1.000000 0.000000
vn 0.000000 1.000000 0.000000
vn 0.000000 1.000000 0.000000
vn 0.000000 1.000000 0.000000
vn 0.000000 1.000000 0.000000
vn 0.000000 1.000000 0.000000
vn 0.000000 1.000000 0.000000
vn 0.000000 1.000000 0.000000
vn 0.000000 1.000000 0.000000
vn 0.000000 1.000000 0.000000
vn 0.000000 1.000000 0.000000
vn 0.000000 1.000000 0.000000
vn 0.000000 1.000000 0.000000
vn 0.000000 1.000000 0.000000
vn 0.000000 1.000000 0.000000
vn 0.000000 1.000000 0.000000
vn 0.000000 1.000000 0.000000
vn 0.000000 1.000000 0.000000
vn 0.000000 1.000000 0.000000
vn 0.000000 1.000000 0.000000
vn 0.000000 1.000000 0.000000
vn 0.000000 1.000000 0.000000
vn 0.000000 1.000000 0.000000
vn 0.000000 1.000000 0.000000
vn 0.000000 1.000000 0.000000
vn 0.000000 1.000000 0.000000
vn 0.000000 1.000000 0.000000
vn 0.000000 1.000000 0.000000
vn 0.000000 1.000000 0.000000
vn 0.000000 1.000000 0.000000
vn 0.000000 1.000000 0.000000
vn 0.000000 1.000000 0.000000
vn 0.000000 1.000000 0.000000
vn 0.000000 1.000000 0.000000
vn 0.000000 1.000000 0.000000
vn 0.000000 1.000000 0.000000
vn 0.000000 1.000000 0.000000
vn 0.000000 1.000000 0.000000
vn 0.000000 1.000000 0.000000
vn 0.000000 1.000000 0.000000
vn 0.000000 1.000000 0.000000
vn 0.000000 1.000000 0.000000
vn 0.000000 1.000000 0.000000
vn 0.000000 1.000000 0.000000
vn 0.000000 1.000000 0.000000
vn 0.000000 1.000000 0.000000
vn 0.000000 1.000000 0.000000
vn 0.000000 1.000000 0.000000
vn 0.000000 1.000000 0.000000
vn 0.000000 1.000000 0.000000
vn 0.000000 1.000000 0.000000
vn 0.000000 1.000000 0.000000
vn 0.000000 1.000000 0.000000
vn 0.000000 1.000000 0.000000
vn 0.000000 1.000000 0.000000
vn 0.000000 1.000000 0.000000
vn 0.000000 1.000000 0.000000
vn 0.000000 1.000000 0.000000
vn 0.000000 1.000000 0.000000
vn 0.000000 1.000000 0.000000
vn 0.000000 1.000000 0.000000
vn 0.000000 1.000000 0.000000
vn 0.000000 1.000000 0.000000
vn 0.000000 1.000000 0.000000
vn 0.000000 1.000000 0.000000
vn 0.000000 1.000000 0.000000
vn 0.000000 1.000000 0.000000
vn 0.000000 1.000000 0.000000
vn 0.000000 1.000000 0.000000
vn 0.000000 1.000000 0.000000
vn 0.000000 1.000000 0.000000
vn 0.000000 1.000000 0.000000
vn 0.000000 1.000000 0.000000
vn 0.000000 1.000000 0.000000
vn 0.000000 1.000000 0.000000
vn 0.000000 1.000000 0.000000
vn 0.000000 1.000000 0.000000
vn 0.000000 1.000000 0.000000
vn 0.000000 1.000000 0.000000
vn 0.000000 1.000000 0.000000
vn 0.000000 1.000000 0.000000
vn 0.000000 1.000000 0.000000
vn 0.000000 1.000000 0.000000
vn 0.000000 1.000000 0.000000
vn 0.000000 1.000000 0.000000
vn 0.000000 1.000000 0.000000
vn 0.000000 1.000000 0.000000
vn 0.000000 1.000000 0.000000
vn 0.000000 1.000000 0.000000
vn 0.000000 1.000000 0.000000
vn 0.000000 1.000000 0.000000
vn 0.000000 1.000000 0.000000
vn 0.000000 1.000000 0.000000
vn 0.000000 1.000000 0.000000
vn 0.000000 1.000000 0.000000
vn 0.000000 1.000000 0.000000
vn 0.000000 1.000000 0.000000
vn 0.000000 1.000000 0.000000
vn 0.000000 1.000000 0.000000
vn 0.000000 1.000000 0.000000
vn 0.000000 1.000000 0.000000
vn 0.000000 1.000000 0.000000
vn 0.000000 1.000000 0.000000
vn 0.000000 1.000000 0.000000
vn 0.000000 1.000000 0.000000
vn 0.000000 1.000000 0.000000
vn 0.000000 1.000000 0.000000
vn 0.000000 1.000000 0.000000
vn 0.000000 1.000000 0.000000
vn 0.000000 1.000000 0.000000
vn 0.000000 1.000000 0.000000
vn 0.000000 1.000000 0.000000
vn 0.000000 1.000000 0.000000
vn 0.000000 1.000000 0.000000
vn 0.000000 1.000000 0.000000
vn 0.000000 1.000000 0.000000
vn 0.000000 1.000000 0.000000
vn 0.000000 1.000000 0.000000
vn 0.000000 1.000000 0.000000
vn 0.000000 1.000000 0.000000
vn 0.000000 1.000000 0.000000
vn 0.000000 1.000000 0.000000
vn 0.000000 1.000000 0.000000
vn 0.000000 1.000000 0.000000
vn 0.000000 1.000000 0.000000
vn 0.000000 1.000000 0.000000
vn 0.000000 1.000000 0.000000
vn 0.000000 1.000000 0.000000
vn 0.000000 1.000000 0.000000
vn 0.000000 1.000000 0.000000
vn 0.000000 1.000000 0.000000
vn 0.000000 1.000000 0.000000
vn 0.000000 1.000000 0.000000
vn 0.000000 1.000000 0.000000
vn 0.000000 1.000000 0.000000
vn 0.000000 1.000000 0.000000
vn 0.000000 1.000000 0.000000
vn 0.000000 1.000000 0.000000
vn 0.000000 1.000000 0.000000
vn 0.000000 1.000000 0.000000
vn 0.000000 1.000000 0.000000
vn 0.000000 1.000000 0.000000
vn 0.000000 1.000000 0.000000
vn 0.000000 1.000000 0.000000
vn 0.000000 1.000000 0.000000
vn 0.000000 1.000000 0.000000
vn 0.000000 1.000000 0.000000
vn 0.000000 1.000000 0.000000
vn 0.000000 1.000000 0.000000
vn 0.000000 1.000000 0.000000
vn 0.000000 1.000000 0.000000
vn 0.000000 1.000000 0.000000
vn 0.000000 1.000000 0.000000
vn 0.000000 1.000000 0.000000
vn 0.000000 1.000000 0.000000
vn 0.000000 1.000000 0.000000
vn 0.000000 1.000000 0.000000
vn 0.000000 1.000000 0.000000
vn 0.000000 1.000000 0.000000
vn 0.000000 1.000000 0.000000
vn 0.000000 1.000000 0.000000
vn 0.000000 1.000000 0.000000
vn 0.000000 1.000000 0.000000
vn 0.000000 1.000000 0.000000
vn 0.000000 1.000000 0.000000
vn 0.000000 1.000000 0.000000
vn 0.000000 1.000000 0.000000
vn 0.000000 1.000000 0.000000
vn 0.000000 1.000000 0.000000
vn 0.000000 1.000000 0.000000
vn 0.000000 1.000000 0.000000
vn 0.000000 1.000000 0.000000
vn 0.000000 1.000000 0.000000
vn 0.000000 1.000000 0.000000
vn 0.000000 1.000000 0.000000
vn 0.000000 1.000000 0.000000
vn 0.000000 1.000000 0.000000
vn 0.000000 1.000000 0.000000
vn 0.000000 1.000000 0.000000
vn 0.000000 1.000000 0.000000
vn 0.000000 1.000000 0.000000
vn 0.000000 1.000000 0.000000
vn 0.000000 1.000000 0.000000
vn 0.000000 1.000000 0.000000
vn 0.000000 1.000000 0.000000
vn 0.000000 1.000000 0.000000
vn 0.000000 1.000000 0.000000
vn 0.000000 1.000000 0.000000
vn 0.000000 1.000000 0.000000
vn 0.000000 1.000000 0.000000
vn 0.000000 1.000000 0.000000
vn 0.000000 1.000000 0.000000
vn 0.000000 1.000000 0.000000
vn 0.000000 1.000000 0.000000
vn 0.000000 1.000000 0.000000
vn 0.000000 1.000000 0.000000
vn 0.000000 1.000000 0.000000
vn 0.000000 1.000000 0.000000
vn 0.000000 1.000000 0.000000
vn 0.000000 1.000000 0.000000
vn 0.000000 1.000000 0.000000
vn 0.000000 1.000000 0.000000
vn 0.000000 1.000000 0.000000
vn 0.000000 1.000000 0.000000
vn 0.000000 1.000000 0.000000
vn 0.000000 1.000000 0.000000
vn 0.000000 1.000000 0.000000
vn 0.000000 1.000000 0.000000
vn 0.000000 1.000000 0.000000
vn 0.000000 1.000000 0.000000
vn 0.000000 1.000000 0.000000
vn 0.000000 1.000000 0.000000
vn 0.000000 1.000000 0.000000
vn 0.000000 1.000000 0.000000
vn 0.000000 1.000000 0.000000
vn 0.000000 1.000000 0.000000
vn 0.000000 1.000000 0.000000
vn 0.000000 1.000000 0.000000
vn 0.000000 1.000000 0.000000
vn 0.000000 1.000000 0.000000
vn 0.000000 1.000000 0.000000
vn 0.000000 1.000000 0.000000
vn 0.000000 1.000000 0.000000
vn 0.000000 1.000000 0.000000
vn 0.000000 1.000000 0.000000
vn 0.000000 1.000000 0.000000
vn 0.000000 1.000000 0.000000
vn 0.000000 1.000000 0.000000
vn 0.000000 1.000000 0.000000
vn 0.000000 1.000000 0.000000
vn 0.000000 1.000000 0.000000
vn 0.000000 1.000000 0.000000
vn 0.000000 1.000000 0.000000
vn 0.000000 1.000000 0.000000
vn 0.000000 1.000000 0.000000
vn 0.000000 1.000000 0.000000
vn 0.000000 1.000000 0.000000
vn 0.000000 1.000000 0.000000
vn 0.000000 1.000000 0.000000
vn 0.000000 1.000000 0.000000
vn 0.000000 1.000000 0.000000
vn 0.000000 1.000000 0.000000
vn 0.000000 1.000000 0.000000
vn 0.000000 1.000000 0.000000
vn 0.000000 1.000000 0.000000
vn 0.000000 1.000000 0.000000
vn 0.000000 1.000000 0.000000
vn 0.000000 1.000000 0.000000
vn 0.000000 1.000000 0.000000
vn 0.000000 1.000000 0.000000
vn 0.000000 1.000000 0.000000
vn 0.000000 1.000000 0.000000
vn 0.000000 1.000000 0.000000
vn 0.000000 1.000000 0.000000
vn 0.000000 1.000000 0.000000
vn 0.000000 1.000000 0.000000
vn 0.000000 1.000000 0.000000
vn 0.000000 1.000000 0.000000
vn 0.000000 1.000000 0.000000
vn 0.000000 1.000000 0.000000
vn 0.000000 1.000000 0.000000
vn 0.000000 1.000000 0.000000
vn 0.000000 1.000000 0.000000
vn 0.000000 1.000000 0.000000
vn 0.000000 1.000000 0.000000
vn 0.000000 1.000000 0.000000
vn 0.000000 1.000000 0.000000
vn 0.000000 1.000000 0.000000
vn 0.000000 1.000000 0.000000
vn 0.000000 1.000000 0.000000
vn 0.000000 1.000000 0.000000
vn 0.000000 1.000000 0.000000
vn 0.000000 1.000000 0.000000
vn 0.000000 1.000000 0.000000
vn 0.000000 1.000000 0.000000
vn 0.000000 1.000000 0.000000
vn 0.000000 1.000000 0.000000
vn 0.000000 1.000000 0.000000
vn 0.000000 1.000000 0.000000
vn 0.000000 1.000000 0.000000
vn 0.000000 1.000000 0.000000
vn 0.000000 1.000000 0.000000
vn 0.000000 1.000000 0.000000
vn 0.000000 1.000000 0.000000
vn 0.000000 1.000000 0.000000
vn 0.000000 1.000000 0.000000
vn 0.000000 1.000000 0.000000
vn 0.000000 1.000000 0.000000
vn 0.000000 1.000000 0.000000
vn 0.000000 1.000000 0.000000
vn 0.000000 1.000000 0.000000
vn 0.000000 1.000000 0.000000
vn 0.000000 1.000000 0.000000
vn 0.000000 1.000000 0.000000
vn 0.000000 1.000000 0.000000
vn 0.000000 1.000000 0.000000
vn 0.000000 1.000000 0.000000
vn 0.000000 1.000000 0.000000
vn 0.000000 1.000000 0.000000
vn 0.000000 1.000000 0.000000
vn 0.000000 1.000000 0.000000
vn 0.000000 1.000000 0.000000
vn 0.000000 1.000000 0.000000
vn 0.000000 1.000000 0.000000
vn 0.000000 1.000000 0.000000
vn 0.000000 1.000000 0.000000
vn 0.000000 1.000000 0.000000
vn 0.000000 1.000000 0.000000
vn 0.000000 1.000000 0.000000
vn 0.000000 1.000000 0.000000
vn 0.000000 1.000000 0.000000
vn 0.000000 1.000000 0.000000
vn 0.000000 1.000000 0.000000
vn 0.000000 1.000000 0.000000
vn 0.000000 1.000000 0.000000
vn 0.000000 1.000000 0.000000
vn 0.000000 1.000000 0.000000
vn 0.000000 1.000000 0.000000
vn 0.000000 1.000000 0.000000
vn 0.000000 1.000000 0.000000
vn 0.000000 1.000000 0.000000
vn 0.000000 1.000000 0.000000
vn 0.000000 1.000000 0.000000
vn 0.000000 1.000000 0.000000
vn 0.000000 1.000000 0.000000
vn 0.000000 1.000000 0.000000
vn 0.000000 1.000000 0.000000
vn 0.000000 1.000000 0.000000
vn 0.000000 1.000000 0.000000
vn 0.000000 1.000000 0.000000
vn 0.000000 1.000000 0.000000
vn 0.000000 1.000000 0.000000
vn 0.000000 1.000000 0.000000
vn 0.000000 1.000000 0.000000
vn 0.000000 1.000000 0.000000
vn 0.000000 1.000000 0.000000
vn 0.000000 1.000000 0.000000
vn 0.000000 1.000000 0.000000
vn 0.000000 1.000000 0.000000
vn 0.000000 1.000000 0.000000
vn 0.000000 1.000000 0.000000
vn 0.000000 1.000000 0.000000
vn 0.000000 1.000000 0.000000
vn 0.000000 1.000000 0.000000
vn 0.000000 1.000000 0.000000
vn 0.000000 1.000000 0.000000
vn 0.000000 1.000000 0.000000
vn 0.000000 1.000000 0.000000
vn 0.000000 1.000000 0.000000
vn 0.000000 1.000000 0.000000
vn 0.000000 1.000000 0.000000
vn 0.000000 1.000000 0.000000
vn 0.000000 1.000000 0.000000
vn 0.000000 1.000000 0.000000
vn 0.000000 1.000000 0.000000
vn 0.000000 1.000000 0.000000
vn 0.000000 1.000000 0.000000
vn 0.000000 1.000000 0.000000
vn 0.000000 1.000000 0.000000
vn 0.000000 1.000000 0.000000
vn 0.000000 1.000000 0.000000
vn 0.000000 1.000000 0.000000
vn 0.000000 1.000000 0.000000
vn 0.000000 1.000000 0.000000
vn 0.000000 1.000000 0.000000
vn 0.000000 1.000000 0.000000
vn 0.000000 1.000000 0.000000
vn 0.000000 1.000000 0.000000
vn 0.000000 1.000000 0.000000
vn 0.000000 1.000000 0.000000
vn 0.000000 1.000000 0.000000
vn 0.000000 1.000000 0.000000
vn 0.000000 1.000000 0.000000
vn 0.000000 1.000000 0.000000
vn 0.000000 1.000000 0.000000
vn 0.000000 1.000000 0.000000
vn 0.000000 1.000000 0.000000
vn 0.000000 1.000000 0.000000
vn 0.000000 1.000000 0.000000
vn 0.000000 1.000000 0.000000
vn 0.000000 1.000000 0.000000
vn 0.000000 1.000000 0.000000
vn 0.000000 1.000000 0.000000
vn 0.000000 1.000000 0.000000
vn 0.000000 1.000000 0.000000
vn 0.000000 1.000000 0.000000
vn 0.000000 1.000000 0.000000
vn 0.000000 1.000000 0.000000
vn 0.000000 1.000000 0.000000
vn 0.000000 1.000000 0.000000
vn 0.000000 1.000000 0.000000
vn 0.000000 1.000000 0.000000
vn 0.000000 1.000000 0.000000
vn 0.000000 1.000000 0.000000
vn 0.000000 1.000000 0.000000
vn 0.000000 1.000000 0.000000
vn 0.000000 1.000000 0.000000
vn 0.000000 1.000000 0.000000
vn 0.000000 1.000000 0.000000
vn 0.000000 1.000000 0.000000
vn 0.000000 1.000000 0.000000
vn 0.000000 1.000000 0.000000
vn 0.000000 1.000000 0.000000
vn 0.000000 1.000000 0.000000
vn 0.000000 1.000000 0.000000
vn 0.000000 1.000000 0.000000
vn 0.000000 1.000000 0.000000
vn 0.000000 1.000000 0.000000
vn 0.000000 1.000000 0.000000
vn 0.000000 1.000000 0.000000
vn 0.000000 1.000000 0.000000
vn 0.000000 1.000000 0.000000
vn 0.000000 1.000000 0.000000
vn 0.000000 1.000000 0.000000
vn 0.000000 1.000000 0.000000
vn 0.000000 1.000000 0.000000
vn 0.000000 1.000000 0.000000
vn 0.000000 1.000000 0.000000
vn 0.000000 1.000000 0.000000
vn 0.000000 1.000000 0.000000
vn 0.000000 1.000000 0.000000
vn 0.000000 1.000000 0.000000
vn 0.000000 1.000000 0.000000
vn 0.000000 1.000000 0.000000
vn 0.000000 1.000000 0.000000
vn 0.000000 1.000000 0.000000
vn 0.000000 1.000000 0.000000
vn 0.000000 1.000000 0.000000
vn 0.000000 1.000000 0.000000
vn 0.000000 1.000000 0.000000
vn 0.000000 1.000000 0.000000
vn 0.000000 1.000000 0.000000
vn 0.000000 1.000000 0.000000
vn 0.000000 1.000000 0.000000
vn 0.000000 1.000000 0.000000
vn 0.000000 1.000000 0.000000
vn 0.000000 1.000000 0.000000
vn 0.000000 1.000000 0.000000
vn 0.000000 1.000000 0.000000
vn 0.000000 1.000000 0.000000
vn 0.000000 1.000000 0.000000
vn 0.000000 1.000000 0.000000
vn 0.000000 1.000000 0.000000
vn 0.000000 1.000000 0.000000
vn 0.000000 1.000000 0.000000
vn 0.000000 1.000000 0.000000
vn 0.000000 1.000000 0.000000
vn 0.000000 1.000000 0.000000
vn 0.000000 1.000000 0.000000
vn 0.000000 1.000000 0.000000
vn 0.000000 1.000000 0.000000
vn 0.000000 1.000000 0.000000
vn 0.000000 1.000000 0.000000
vn 0.000000 1.000000 0.000000
vn 0.000000 1.000000 0.000000
vn 0.000000 1.000000 0.000000
vn 0.000000 1.000000 0.000000
vn 0.000000 1.000000 0.000000
vn 0.000000 1.000000 0.000000
vn 0.000000 1.000000 0.000000
vn 0.000000 1.000000 0.000000
vn 0.000000 1.000000 0.000000
vn 0.000000 1.000000 0.000000
vn 0.000000 1.000000 0.000000
vn 0.000000 1.000000 0.000000
vn 0.000000 1.000000 0.000000
vn 0.000000 1.000000 0.000000
vn 0.000000 1.000000 0.000000
vn 0.000000 1.000000 0.000000
vn 0.000000 1.000000 0.000000
vn 0.000000 1.000000 0.000000
vn 0.000000 1.000000 0.000000
vn 0.000000 1.000000 0.000000
vn 0.000000 1.000000 0.000000
vn 0.000000 1.000000 0.000000
vn 0.000000 1.000000 0.000000
vn 0.000000 1.000000 0.000000
vn 0.000000 1.000000 0.000000
vn 0.000000 1.000000 0.000000
vn 0.000000 1.000000 0.000000
vn 0.000000 1.000000 0.000000
vn 0.000000 1.000000 0.000000
vn 0.000000 1.000000 0.000000
vn 0.000000 1.000000 0.000000
vn 0.000000 1.000000 0.000000
vn 0.000000 1.000000 0.000000
vn 0.000000 1.000000 0.000000
vn 0.000000 1.000000 0.000000
vn 0.000000 1.000000 0.000000
vn 0.000000 1.000000 0.000000
vn 0.000000 1.000000 0.000000
vn 0.000000 1.000000 0.000000
vn 0.000000 1.000000 0.000000
vn 0.000000 1.000000 0.000000
vn 0.000000 1.000000 0.000000
vn 0.000000 1.000000 0.000000
vn 0.000000 1.000000 0.000000
vn 0.000000 1.000000 0.000000
vn 0.000000 1.000000 0.000000
vn 0.000000 1.000000 0.000000
vn 0.000000 1.000000 0.000000
vn 0.000000 1.000000 0.000000
vn 0.000000 1.000000 0.000000
vn 0.000000 1.000000 0.000000
vn 0.000000 1.000000 0.000000
vn 0.000000 1.000000 0.000000
vn 0.000000 1.000000 0.000000
vn 0.000000 1.000000 0.000000
vn 0.000000 1.000000 0.000000
vn 0.000000 1.000000 0.000000
vn 0.000000 1.000000 0.000000
vn 0.000000 1.000000 0.000000
vn 0.000000 1.000000 0.000000
vn 0.000000 1.000000 0.000000
vn 0.000000 1.000000 0.000000
vn 0.000000 1.000000 0.000000
vn 0.000000 1.000000 0.000000
vn 0.000000 1.000000 0.000000
vn 0.000000 1.000000 0.000000
vn 0.000000 1.000000 0.000000
vn 0.000000 1.000000 0.000000
vn 0.000000 1.000000 0.000000
vn 0.000000 1.000000 0.000000
vn 0.000000 1.000000 0.000000
vn 0.000000 1.000000 0.000000
vn 0.000000 1.000000 0.000000
vn 0.000000 1.000000 0.000000
vn 0.000000 1.000000 0.000000
vn 0.000000 1.000000 0.000000
vn 0.000000 1.000000 0.000000
vn 0.000000 1.000000 0.000000
vn 0.000000 1.000000 0.000000
vn 0.000000 1.000000 0.000000
vn 0.000000 1.000000 0.000000
vn 0.000000 1.000000 0.000000
vn 0.000000 1.000000 0.000000
vn 0.000000 1.000000 0.000000
vn 0.000000 1.000000 0.000000
vn 0.000000 1.000000 0.000000
vn 0.000000 1.000000 0.000000
vn 0.000000 1.000000 0.000000
vn 0.000000 1.000000 0.000000
vn 0.000000 1.000000 0.000000
vn 0.000000 1.000000 0.000000
vn 0.000000 1.000000 0.000000
vn 0.000000 1.000000 0.000000
vn 0.000000 1.000000 0.000000
vn 0.000000 1.000000 0.000000
vn 0.000000 1.000000 0.000000
vn 0.000000 1.000000 0.000000
vn 0.000000 1.000000 0.000000
vn 0.000000 1.000000 0.000000
vn 0.000000 1.000000 0.000000
vn 0.000000 1.000000 0.000000
vn 0.000000 1.000000 0.000000
vn 0.000000 1.000000 0.000000
vn 0.000000 1.000000 0.000000
vn 0.000000 1.000000 0.000000
vn 0.000000 1.000000 0.000000
vn 0.000000 1.000000 0.000000
vn 0.000000 1.000000 0.000000
vn 0.000000 1.000000 0.000000
vn 0.000000 1.000000 0.000000
vn 0.000000 1.000000 0.000000
vn 0.000000 1.000000 0.000000
vn 0.000000 1.000000 0.000000
vn 0.000000 1.000000 0.000000
vn 0.000000 1.000000 0.000000
vn 0.000000 1.000000 0.000000
vn 0.000000 1.000000 0.000000
vn 0.000000 1.000000 0.000000
vn 0.000000 1.000000 0.000000
vn 0.000000 1.000000 0.000000
vn 0.000000 1.000000 0.000000
vn 0.000000 1.000000 0.000000
vn 0.000000 1.000000 0.000000
vn 0.000000 1.000000 0.000000
vn 0.000000 1.000000 0.000000
vn 0.000000 1.000000 0.000000
vn 0.000000 1.000000 0.000000
vn 0.000000 1.000000 0.000000
vn 0.000000 1.000000 0.000000
vn 0.000000 1.000000 0.000000
vn 0.000000 1.000000 0.000000
vn 0.000000 1.000000 0.000000
vn 0.000000 1.000000 0.000000
vn 0.000000 1.000000 0.000000
vn 0.000000 1.000000 0.000000
vn 0.000000 1.000000 0.000000
vn 0.000000 1.000000 0.000000
vn 0.000000 1.000000 0.000000
vn 0.000000 1.000000 0.000000
vn 0.000000 1.000000 0.000000
vn 0.000000 1.000000 0.000000
vn 0.000000 1.000000 0.000000
vn 0.000000 1.000000 0.000000
vn 0.000000 1.000000 0.000000
vn 0.000000 1.000000 0.000000
vn 0.000000 1.000000 0.000000
vn 0.000000 1.000000 0.000000
vn 0.000000 1.000000 0.000000
vn 0.000000 1.000000 0.000000
vn 0.000000 1.000000 0.000000
vn 0.000000 1.000000 0.000000
vn 0.000000 1.000000 0.000000
vn 0.000000 1.000000 0.000000
vn 0.000000 1.000000 0.000000
vn 0.000000 1.000000 0.000000
vn 0.000000 1.000000 0.000000
vn 0.000000 1.000000 0.000000
vn 0.000000 1.000000 0.000000
vn 0.000000 1.000000 0.000000
vn 0.000000 1.000000 0.000000
vn 0.000000 1.000000 0.000000
vn 0.000000 1.000000 0.000000
vn 0.000000 1.000000 0.000000
vn 0.000000 1.000000 0.000000
vn 0.000000 1.000000 0.000000
vn 0.000000 1.000000 0.000000
vn 0.000000 1.000000 0.000000
vn 0.000000 1.000000 0.000000
vn 0.000000 1.000000 0.000000
vn 0.000000 1.000000 0.000000
vn 0.000000 1.000000 0.000000
vn 0.000000 1.000000 0.000000
vn 0.000000 1.000000 0.000000
vn 0.000000 1.000000 0.000000
vn 0.000000 1.000000 0.000000
vn 0.000000 1.000000 0.000000
vn 0.000000 1.000000 0.000000
vn 0.000000 1.000000 0.000000
vn 0.000000 1.000000 0.000000
vn 0.000000 1.000000 0.000000
vn 0.000000 1.000000 0.000000
vn 0.000000 1.000000 0.000000
vn 0.000000 1.000000 0.000000
vn 0.000000 1.000000 0.000000
vn 0.000000 1.000000 0.000000
vn 0.000000 1.000000 0.000000
vn 0.000000 1.000000 0.000000
vn 0.000000 1.000000 0.000000
vn 0.000000 1.000000 0.000000
vn 0.000000 1.000000 0.000000
vn 0.000000 1.000000 0.000000
vn 0.000000 1.000000 0.000000
vn 0.000000 1.000000 0.000000
vn 0.000000 1.000000 0.000000
vn 0.000000 1.000000 0.000000
vn 0.000000 1.000000 0.000000
vn 0.000000 1.000000 0.000000
vn 0.000000 1.000000 0.000000
vn 0.000000 1.000000 0.000000
vn 0.000000 1.000000 0.000000
vn 0.000000 1.000000 0.000000
vn 0.000000 1.000000 0.000000
vn 0.000000 1.000000 0.000000
vn 0.000000 1.000000 0.000000
vn 0.000000 1.000000 0.000000
vn 0.000000 1.000000 0.000000
vn 0.000000 1.000000 0.000000
vn 0.000000 1.000000 0.000000
vn 0.000000 1.000000 0.000000
vn 0.000000 1.000000 0.000000
vn 0.000000 1.000000 0.000000
vn 0.000000 1.000000 0.000000
vn 0.000000 1.000000 0.000000
vn 0.000000 1.000000 0.000000
vn 0.000000 1.000000 0.000000
vn 0.000000 1.000000 0.000000
vn 0.000000 1.000000 0.000000
vn 0.000000 1.000000 0.000000
vn 0.000000 1.000000 0.000000
vn 0.000000 1.000000 0.000000
vn 0.000000 1.000000 0.000000
vn 0.000000 1.000000 0.000000
vn 0.000000 1.000000 0.000000
vn 0.000000 1.000000 0.000000
vn 0.000000 1.000000 0.000000
vn 0.000000 1.000000 0.000000
vn 0.000000 1.000000 0.000000
vn 0.000000 1.000000 0.000000
vn 0.000000 1.000000 0.000000
vn 0.000000 1.000000 0.000000
vn 0.000000 1.000000 0.000000
vn 0.000000 1.000000 0.000000
vn 0.000000 1.000000 0.000000
vn 0.000000 1.000000 0.000000
vn 0.000000 1.000000 0.000000
vn 0.000000 1.000000 0.000000
vn 0.000000 1.000000 0.000000
vn 0.000000 1.000000 0.000000
vn 0.000000 1.000000 0.000000
vn 0.000000 1.000000 0.000000
vn 0.000000 1.000000 0.000000
vn 0.000000 1.000000 0.000000
vn 0.000000 1.000000 0.000000
vn 0.000000 1.000000 0.000000
vn 0.000000 1.000000 0.000000
vn 0.000000 1.000000 0.000000
vn 0.000000 1.000000 0.000000
vn 0.000000 1.000000 0.000000
vn 0.000000 1.000000 0.000000
vn 0.000000 1.000000 0.000000
vn 0.000000 1.000000 0.000000
vn 0.000000 1.000000 0.000000
vn 0.000000 1.000000 0.000000
vn 0.000000 1.000000 0.000000
vn 0.000000 1.000000 0.000000
vn 0.000000 1.000000 0.000000
vn 0.000000 1.000000 0.000000
vn 0.000000 1.000000 0.000000
vn 0.000000 1.000000 0.000000
vn 0.000000 1.000000 0.000000
vn 0.000000 1.000000 0.000000
vn 0.000000 1.000000 0.000000
vn 0.000000 1.000000 0.000000
vn 0.000000 1.000000 0.000000
vn 0.000000 1.000000 0.000000
vn 0.000000 1.000000 0.000000
vn 0.000000 1.000000 0.000000
vn 0.000000 1.000000 0.000000
vn 0.000000 1.000000 0.000000
vn 0.000000 1.000000 0.000000
vn 0.000000 1.000000 0.000000
vn 0.000000 1.000000 0.000000
vn 0.000000 1.000000 0.000000
vn 0.000000 1.000000 0.000000
vn 0.000000 1.000000 0.000000
vn 0.000000 1.000000 0.000000
vn 0.000000 1.000000 0.000000
vn 0.000000 1.000000 0.000000
vn 0.000000 1.000000 0.000000
vn 0.000000 1.000000 0.000000
vn 0.000000 1.000000 0.000000
vn 0.000000 1.000000 0.000000
vn 0.000000 1.000000 0.000000
vn 0.000000 1.000000 0.000000
vn 0.000000 1.000000 0.000000
vn 0.000000 1.000000 0.000000
vn 0.000000 1.000000 0.000000
vn 0.000000 1.000000 0.000000
vn 0.000000 1.000000 0.000000
vn 0.000000 1.000000 0.000000
vn 0.000000 1.000000 0.000000
vn 0.000000 1.000000 0.000000
vn 0.000000 1.000000 0.000000
vn 0.000000 1.000000 0.000000
vn 0.000000 1.000000 0.000000
vn 0.000000 1.000000 0.000000
vn 0.000000 1.000000 0.000000
vn 0.000000 1.000000 0.000000
vn 0.000000 1.000000 0.000000
vn 0.000000 1.000000 0.000000
vn 0.000000 1.000000 0.000000
vn 0.000000 1.000000 0.000000
vn 0.000000 1.000000 0.000000
vn 0.000000 1.000000 0.000000
vn 0.000000 1.000000 0.000000
vn 0.000000 1.000000 0.000000
vn 0.000000 1.000000 0.000000
vn 0.000000 1.000000 0.000000
vn 0.000000 1.000000 0.000000
vn 0.000000 1.000000 0.000000
vn 0.000000 1.000000 0.000000
vn 0.000000 1.000000 0.000000
vn 0.000000 1.000000 0.000000
vn 0.000000 1.000000 0.000000
vn 0.000000 1.000000 0.000000
vn 0.000000 1.000000 0.000000
vn 0.000000 1.000000 0.000000
vn 0.000000 1.000000 0.000000
vn 0.000000 1.000000 0.000000
vn 0.000000 1.000000 0.000000
vn 0.000000 1.000000 0.000000
vn 0.000000 1.000000 0.000000
vn 0.000000 1.000000 0.000000
vn 0.000000 1.000000 0.000000
vn 0.000000 1.000000 0.000000
vn 0.000000 1.000000 0.000000
vn 0.000000 1.000000 0.000000
vn 0.000000 1.000000 0.000000
vn 0.000000 1.000000 0.000000
vn 0.000000 1.000000 0.000000
vn 0.000000 1.000000 0.000000
vn 0.000000 1.000000 0.000000
vn 0.000000 1.000000 0.000000
vn 0.000000 1.000000 0.000000
vn 0.000000 1.000000 0.000000
vn 0.000000 1.000000 0.000000
vn 0.000000 1.000000 0.000000
vn 0.000000 1.000000 0.000000
vn 0.000000 1.000000 0.000000
vn 0.000000 1.000000 0.000000
vn 0.000000 1.000000 0.000000
vn 0.000000 1.000000 0.000000
vn 0.000000 1.000000 0.000000
vn 0.000000 1.000000 0.000000
vn 0.000000 1.000000 0.000000
vn 0.000000 1.000000 0.000000
vn 0.000000 1.000000 0.000000
vn 0.000000 1.000000 0.000000
vn 0.000000 1.000000 0.000000
vn 0.000000 1.000000 0.000000
vn 0.000000 1.000000 0.000000
vn 0.000000 1.000000 0.000000
vn 0.000000 1.000000 0.000000
vn 0.000000 1.000000 0.000000
vn 0.000000 1.000000 0.000000
vn 0.000000 1.000000 0.000000
vn 0.000000 1.000000 0.000000
vn 0.000000 1.000000 0.000000
vn 0.000000 1.000000 0.000000
vn 0.000000 1.000000 0.000000
vn 0.000000 1.000000 0.000000
vn 0.000000 1.000000 0.000000
vn 0.000000 1.000000 0.000000
vn 0.000000 1.000000 0.000000
vn 0.000000 1.000000 0.000000
vn 0.000000 1.000000 0.000000
vn 0.000000 1.000000 0.000000
vn 0.000000 1.000000 0.000000
vn 0.000000 1.000000 0.000000
vn 0.000000 1.000000 0.000000
vn 0.000000 1.000000 0.000000
vn 0.000000 1.000000 0.000000
vn 0.000000 1.000000 0.000000
vn 0.000000 1.000000 0.000000
vn 0.000000 1.000000 0.000000
vn 0.000000 1.000000 0.000000
vn 0.000000 1.000000 0.000000
vn 0.000000 1.000000 0.000000
vn 0.000000 1.000000 0.000000
vn 0.000000 1.000000 0.000000
vn 0.000000 1.000000 0.000000
vn 0.000000 1.000000 0.000000
vn 0.000000 1.000000 0.000000
vn 0.000000 1.000000 0.000000
vn 0.000000 1.000000 0.000000
vn 0.000000 1.000000 0.000000
vn 0.000000 1.000000 0.000000
vn 0.000000 1.000000 0.000000
vn 0.000000 1.000000 0.000000
vn 0.000000 1.000000 0.000000
vn 0.000000 1.000000 0.000000
vn 0.000000 1.000000 0.000000
vn 0.000000 1.000000 0.000000
vn 0.000000 1.000000 0.000000
vn 0.000000 1.000000 0.000000
vn 0.000000 1.000000 0.000000
vn 0.000000 1.000000 0.000000
vn 0.000000 1.000000 0.000000
vn 0.000000 1.000000 0.000000
vn 0.000000 1.000000 0.000000
vn 0.000000 1.000000 0.000000
vn 0.000000 1.000000 0.000000
vn 0.000000 1.000000 0.000000
vn 0.000000 1.000000 0.000000
vn 0.000000 1.000000 0.000000
vn 0.000000 1.000000 0.000000
vn 0.000000 1.000000 0.000000
vn 0.000000 1.000000 0.000000
vn 0.000000 1.000000 0.000000
vn 0.000000 1.000000 0.000000
vn 0.000000 1.000000 0.000000
vn 0.000000 1.000000 0.000000
vn 0.000000 1.000000 0.000000
vn 0.000000 1.000000 0.000000
vn 0.000000 1.000000 0.000000
vn 0.000000 1.000000 0.000000
vn 0.000000 1.000000 0.000000
vn 0.000000 1.000000 0.000000
vn 0.000000 1.000000 0.000000
vn 0.000000 1.000000 0.000000
vn 0.000000 1.000000 0.000000
vn 0.000000 1.000000 0.000000
vn 0.000000 1.000000 0.000000
vn 0.000000 1.000000 0.000000
vn 0.000000 1.000000 0.000000
vn 0.000000 1.000000 0.000000
vn 0.000000 1.000000 0.000000
vn 0.000000 1.000000 0.000000
vn 0.000000 1.000000 0.000000
vn 0.000000 1.000000 0.000000
vn 0.000000 1.000000 0.000000
vn 0.000000 1.000000 0.000000
vn 0.000000 1.000000 0.000000
vn 0.000000 1.000000 0.000000
vn 0.000000 1.000000 0.000000
vn 0.000000 1.000000 0.000000
vn 0.000000 1.000000 0.000000
vn 0.000000 1.000000 0.000000
vn 0.000000 1.000000 0.000000
vn 0.000000 1.000000 0.000000
vn 0.000000 1.000000 0.000000
vn 0.000000 1.000000 0.000000
vn 0.000000 1.000000 0.000000
vn 0.000000 1.000000 0.000000
vn 0.000000 1.000000 0.000000
vn 0.000000 1.000000 0.000000
vn 0.000000 1.000000 0.000000
vn 0.000000 1.000000 0.000000
vn 0.000000 1.000000 0.000000
vn 0.000000 1.000000 0.000000
vn 0.000000 1.000000 0.000000
vn 0.000000 1.000000 0.000000
vn 0.000000 1.000000 0.000000
vn 0.000000 1.000000 0.000000
vn 0.000000 1.000000 0.000000
vn 0.000000 1.000000 0.000000
vn 0.000000 1.000000 0.000000
vn 0.000000 1.000000 0.000000
vn 0.000000 1.000000 0.000000
vn 0.000000 1.000000 0.000000
vn 0.000000 1.000000 0.000000
vn 0.000000 1.000000 0.000000
vn 0.000000 1.000000 0.000000
vn 0.000000 1.000000 0.000000
vn 0.000000 1.000000 0.000000
vn 0.000000 1.000000 0.000000
vn 0.000000 1.000000 0.000000
vn 0.000000 1.000000 0.000000
vn 0.000000 1.000000 0.000000
vn 0.000000 1.000000 0.000000
vn 0.000000 1.000000 0.000000
vn 0.000000 1.000000 0.000000
vn 0.000000 1.000000 0.000000
vn 0.000000 1.000000 0.000000
vn 0.000000 1.000000 0.000000
vn 0.000000 1.000000 0.000000
vn 0.000000 1.000000 0.000000
vn 0.000000 1.000000 0.000000
vn 0.000000 1.000000 0.000000
vn 0.000000 1.000000 0.000000
vn 0.000000 1.000000 0.000000
vn 0.000000 1.000000 0.000000
vn 0.000000 1.000000 0.000000
vn 0.000000 1.000000 0.000000
vn 0.000000 1.000000 0.000000
vn 0.000000 1.000000 0.000000
vn 0.000000 1.000000 0.000000
vn 0.000000 1.000000 0.000000
vn 0.000000 1.000000 0.000000
vn 0.000000 1.000000 0.000000
vn 0.000000 1.000000 0.000000
vn 0.000000 1.000000 0.000000
vn 0.000000 1.000000 0.000000
vn 0.000000 1.000000 0.000000
vn 0.000000 1.000000 0.000000
vn 0.000000 1.000000 0.000000
vn 0.000000 1.000000 0.000000
vn 0.000000 1.000000 0.000000
vn 0.000000 1.000000 0.000000
vn 0.000000 1.000000 0.000000
vn 0.000000 1.000000 0.000000
vn 0.000000 1.000000 0.000000
vn 0.000000 1.000000 0.000000
vn 0.000000 1.000000 0.000000
vn 0.000000 1.000000 0.000000
vn 0.000000 1.000000 0.000000
vn 0.000000 1.000000 0.000000
vn 0.000000 1.000000 0.000000
vn 0.000000 1.000000 0.000000
vn 0.000000 1.000000 0.000000
vn 0.000000 1.000000 0.000000
vn 0.000000 1.000000 0.000000
vn 0.000000 1.000000 0.000000
vn 0.000000 1.000000 0.000000
vn 0.000000 1.000000 0.000000
vn 0.000000 1.000000 0.000000
vn 0.000000 1.000000 0.000000
vn 0.000000 1.000000 0.000000
vn 0.000000 1.000000 0.000000
vn 0.000000 1.000000 0.000000
vn 0.000000 1.000000 0.000000
vn 0.000000 1.000000 0.000000
vn 0.000000 1.000000 0.000000
vn 0.000000 1.000000 0.000000
vn 0.000000 1.000000 0.000000
vn 0.000000 1.000000 0.000000
vn 0.000000 1.000000 0.000000
vn 0.000000 1.000000 0.000000
vn 0.000000 1.000000 0.000000
vn 0.000000 1.000000 0.000000
vn 0.000000 1.000000 0.000000
vn 0.000000 1.000000 0.000000
vn 0.000000 1.000000 0.000000
vn 0.000000 1.000000 0.000000
vn 0.000000 1.000000 0.000000
vn 0.000000 1.000000 0.000000
vn 0.000000 1.000000 0.000000
vn 0.000000 1.000000 0.000000
vn 0.000000 1.000000 0.000000
vn 0.000000 1.000000 0.000000
vn 0.000000 1.000000 0.000000
vn 0.000000 1.000000 0.000000
vn 0.000000 1.000000 0.000000
vn 0.000000 1.000000 0.000000
vn 0.000000 1.000000 0.000000
vn 0.000000 1.000000 0.000000
vn 0.000000 1.000000 0.000000
vn 0.000000 1.000000 0.000000
vn 0.000000 1.000000 0.000000
vn 0.000000 1.000000 0.000000
vn 0.000000 1.000000 0.000000
vn 0.000000 1.000000 0.000000
vn 0.000000 1.000000 0.000000
vn 0.000000 1.000000 0.000000
vn 0.000000 1.000000 0.000000
vn 0.000000 1.000000 0.000000
vn 0.000000 1.000000 0.000000
vn 0.000000 1.000000 0.000000
vn 0.000000 1.000000 0.000000
vn 0.000000 1.000000 0.000000
vn 0.000000 1.000000 0.000000
vn 0.000000 1.000000 0.000000
vn 0.000000 1.000000 0.000000
vn 0.000000 1.000000 0.000000
vn 0.000000 1.000000 0.000000
vn 0.000000 1.000000 0.000000
vn 0.000000 1.000000 0.000000
vn 0.000000 1.000000 0.000000
vn 0.000000 1.000000 0.000000
vn 0.000000 1.000000 0.000000
vn 0.000000 1.000000 0.000000
vn 0.000000 1.000000 0.000000
vn 0.000000 1.000000 0.000000
vn 0.000000 1.000000 0.000000
vn 0.000000 1.000000 0.000000
vn 0.000000 1.000000 0.000000
vn 0.000000 1.000000 0.000000
vn 0.000000 1.000000 0.000000
vn 0.000000 1.000000 0.000000
vn 0.000000 1.000000 0.000000
vn 0.000000 1.000000 0.000000
vn 0.000000 1.000000 0.000000
vn 0.000000 1.000000 0.000000
vn 0.000000 1.000000 0.000000
vn 0.000000 1.000000 0.000000
vn 0.000000 1.000000 0.000000
vn 0.000000 1.000000 0.000000
vn 0.000000 1.000000 0.000000
vn 0.000000 1.000000 0.000000
vn 0.000000 1.000000 0.000000
vn 0.000000 1.000000 0.000000
vn 0.000000 1.000000 0.000000
vn 0.000000 1.000000 0.000000
vn 0.000000 1.000000 0.000000
vn 0.000000 1.000000 0.000000
vn 0.000000 1.000000 0.000000
vn 0.000000 1.000000 0.000000
vn 0.000000 1.000000 0.000000
vn 0.000000 1.000000 0.000000
vn 0.000000 1.000000 0.000000
vn 0.000000 1.000000 0.000000
vn 0.000000 1.000000 0.000000
vn 0.000000 1.000000 0.000000
vn 0.000000 1.000000 0.000000
vn 0.000000 1.000000 0.000000
vn 0.000000 1.000000 0.000000
vn 0.000000 1.000000 0.000000
vn 0.000000 1.000000 0.000000
vn 0.000000 1.000000 0.000000
vn 0.000000 1.000000 0.000000
vn 0.000000 1.000000 0.000000
vn 0.000000 1.000000 0.000000
vn 0.000000 1.000000 0.000000
vn 0.000000 1.000000 0.000000
vn 0.000000 1.000000 0.000000
vn 0.000000 1.000000 0.000000
vn 0.000000 1.000000 0.000000
vn 0.000000 1.000000 0.000000
vn 0.000000 1.000000 0.000000
vn 0.000000 1.000000 0.000000
vn 0.000000 1.000000 0.000000
vn 0.000000 1.000000 0.000000
vn 0.000000 1.000000 0.000000
vn 0.000000 1.000000 0.000000
vn 0.000000 1.000000 0.000000
vn 0.000000 1.000000 0.000000
vn 0.000000 1.000000 0.000000
vn 0.000000 1.000000 0.000000
vn 0.000000 1.000000 0.000000
vn 0.000000 1.000000 0.000000
vn 0.000000 1.000000 0.000000
vn 0.000000 1.000000 0.000000
vn 0.000000 1.000000 0.000000
vn 0.000000 1.000000 0.000000
vn 0.000000 1.000000 0.000000
vn 0.000000 1.000000 0.000000
vn 0.000000 1.000000 0.000000
vn 0.000000 1.000000 0.000000
vn 0.000000 1.000000 0.000000
vn 0.000000 1.000000 0.000000
vn 0.000000 1.000000 0.000000
vn 0.000000 1.000000 0.000000
vn 0.000000 1.000000 0.000000
vn 0.000000 1.000000 0.000000
vn 0.000000 1.000000 0.000000
vn 0.000000 1.000000 0.000000
vn 0.000000 1.000000 0.000000
vn 0.000000 1.000000 0.000000
vn 0.000000 1.000000 0.000000
vn 0.000000 1.000000 0.000000
vn 0.000000 1.000000 0.000000
vn 0.000000 1.000000 0.000000
vn 0.000000 1.000000 0.000000
vn 0.000000 1.000000 0.000000
vn 0.000000 1.000000 0.000000
vn 0.000000 1.000000 0.000000
vn 0.000000 1.000000 0.000000
vn 0.000000 1.000000 0.000000
vn 0.000000 1.000000 0.000000
vn 0.000000 1.000000 0.000000
vn 0.000000 1.000000 0.000000
vn 0.000000 1.000000 0.000000
vn 0.000000 1.000000 0.000000
vn 0.000000 1.000000 0.000000
vn 0.000000 1.000000 0.000000
vn 0.000000 1.000000 0.000000
vn 0.000000 1.000000 0.000000
vn 0.000000 1.000000 0.000000
vn 0.000000 1.000000 0.000000
vn 0.000000 1.000000 0.000000
vn 0.000000 1.000000 0.000000
vn 0.000000 1.000000 0.000000
vn 0.000000 1.000000 0.000000
vn 0.000000 1.000000 0.000000
vn 0.000000 1.000000 0.000000
vn 0.000000 1.000000 0.000000
vn 0.000000 1.000000 0.000000
vn 0.000000 1.000000 0.000000
vn 0.000000 1.000000 0.000000
vn 0.000000 1.000000 0.000000
vn 0.000000 1.000000 0.000000
vn 0.000000 1.000000 0.000000
vn 0.000000 1.000000 0.000000
vn 0.000000 1.000000 0.000000
vn 0.000000 1.000000 0.000000
vn 0.000000 1.000000 0.000000
vn 0.000000 1.000000 0.000000
vn 0.000000 1.000000 0.000000
vn 0.000000 1.000000 0.000000
vn 0.000000 1.000000 0.000000
vn 0.000000 1.000000 0.000000
vn 0.000000 1.000000 0.000000
vn 0.000000 1.000000 0.000000
vn 0.000000 1.000000 0.000000
vn 0.000000 1.000000 0.000000
vn 0.000000 1.000000 0.000000
vn 0.000000 1.000000 0.000000
vn 0.000000 1.000000 0.000000
vn 0.000000 1.000000 0.000000
vn 0.000000 1.000000 0.000000
vn 0.000000 1.000000 0.000000
vn 0.000000 1.000000 0.000000
vn 0.000000 1.000000 0.000000
vn 0.000000 1.000000 0.000000
vn 0.000000 1.000000 0.000000
vn 0.000000 1.000000 0.000000
vn 0.000000 1.000000 0.000000
vn 0.000000 1.000000 0.000000
vn 0.000000 1.000000 0.000000
vn 0.000000 1.000000 0.000000
vn 0.000000 1.000000 0.000000
vn 0.000000 1.000000 0.000000
vn 0.000000 1.000000 0.000000
vn 0.000000 1.000000 0.000000
vn 0.000000 1.000000 0.000000
vn 0.000000 1.000000 0.000000
vn 0.000000 1.000000 0.000000
vn 0.000000 1.000000 0.000000
vn 0.000000 1.000000 0.000000
vn 0.000000 1.000000 0.000000
vn 0.000000 1.000000 0.000000
vn 0.000000 1.000000 0.000000
vn 0.000000 1.000000 0.000000
vn 0.000000 1.000000 0.000000
vn 0.000000 1.000000 0.000000
vn 0.000000 1.000000 0.000000
vn 0.000000 1.000000 0.000000
vn 0.000000 1.000000 0.000000
vn 0.000000 1.000000 0.000000
vn 0.000000 1.000000 0.000000
vn 0.000000 1.000000 0.000000
vn 0.000000 1.000000 0.000000
vn 0.000000 1.000000 0.000000
vn 0.000000 1.000000 0.000000
vn 0.000000 1.000000 0.000000
vn 0.000000 1.000000 0.000000
vn 0.000000 1.000000 0.000000
vn 0.000000 1.000000 0.000000
vn 0.000000 1.000000 0.000000
vn 0.000000 1.000000 0.000000
vn 0.000000 1.000000 0.000000
vn 0.000000 1.000000 0.000000
vn 0.000000 1.000000 0.000000
vn 0.000000 1.000000 0.000000
vn 0.000000 1.000000 0.000000
vn 0.000000 1.000000 0.000000
vn 0.000000 1.000000 0.000000
vn 0.000000 1.000000 0.000000
vn 0.000000 1.000000 0.000000
vn 0.000000 1.000000 0.000000
vn 0.000000 1.000000 0.000000
vn 0.000000 1.000000 0.000000
vn 0.000000 1.000000 0.000000
vn 0.000000 1.000000 0.000000
vn 0.000000 1.000000 0.000000
vn 0.000000 1.000000 0.000000
vn 0.000000 1.000000 0.000000
vn 0.000000 1.000000 0.000000
vn 0.000000 1.000000 0.000000
vn 0.000000 1.000000 0.000000
vn 0.000000 1.000000 0.000000
vn 0.000000 1.000000 0.000000
vn 0.000000 1.000000 0.000000
vn 0.000000 1.000000 0.000000
vn 0.000000 1.000000 0.000000
vn 0.000000 1.000000 0.000000
vn 0.000000 1.000000 0.000000
vn 0.000000 1.000000 0.000000
vn 0.000000 1.000000 0.000000
vn 0.000000 1.000000 0.000000
vn 0.000000 1.000000 0.000000
vn 0.000000 1.000000 0.000000
vn 0.000000 1.000000 0.000000
vn 0.000000 1.000000 0.000000
vn 0.000000 1.000000 0.000000
vn 0.000000 1.000000 0.000000
vn 0.000000 1.000000 0.000000
vn 0.000000 1.000000 0.000000
vn 0.000000 1.000000 0.000000
vn 0.000000 1.000000 0.000000
vn 0.000000 1.000000 0.000000
vn 0.000000 1.000000 0.000000
vn 0.000000 1.000000 0.000000
vn 0.000000 1.000000 0.000000
vn 0.000000 1.000000 0.000000
vn 0.000000 1.000000 0.000000
vn 0.000000 1.000000 0.000000
vn 0.000000 1.000000 0.000000
vn 0.000000 1.000000 0.000000
vn 0.000000 1.000000 0.000000
vn 0.000000 1.000000 0.000000
vn 0.000000 1.000000 0.000000
vn 0.000000 1.000000 0.000000
vn 0.000000 1.000000 0.000000
vn 0.000000 1.000000 0.000000
vn 0.000000 1.000000 0.000000
vn 0.000000 1.000000 0.000000
vn 0.000000 1.000000 0.000000
vn 0.000000 1.000000 0.000000
vn 0.000000 1.000000 0.000000
vn 0.000000 1.000000 0.000000
vn 0.000000 1.000000 0.000000
vn 0.000000 1.000000 0.000000
vn 0.000000 1.000000 0.000000
vn 0.000000 1.000000 0.000000
vn 0.000000 1.000000 0.000000
vn 0.000000 1.000000 0.000000
vn 0.000000 1.000000 0.000000
vn 0.000000 1.000000 0.000000
vn 0.000000 1.000000 0.000000
vn 0.000000 1.000000 0.000000
vn 0.000000 1.000000 0.000000
vn 0.000000 1.000000 0.000000
vn 0.000000 1.000000 0.000000
vn 0.000000 1.000000 0.000000
vn 0.000000 1.000000 0.000000
vn 0.000000 1.000000 0.000000
vn 0.000000 1.000000 0.000000
vn 0.000000 1.000000 0.000000
vn 0.000000 1.000000 0.000000
vn 0.000000 1.000000 0.000000
vn 0.000000 1.000000 0.000000
vn 0.000000 1.000000 0.000000
vn 0.000000 1.000000 0.000000
vn 0.000000 1.000000 0.000000
vn 0.000000 1.000000 0.000000
vn 0.000000 1.000000 0.000000
vn 0.000000 1.000000 0.000000
vn 0.000000 1.000000 0.000000
vn 0.000000 1.000000 0.000000
vn 0.000000 1.000000 0.000000
vn 0.000000 1.000000 0.000000
vn 0.000000 1.000000 0.000000
vn 0.000000 1.000000 0.000000
vn 0.000000 1.000000 0.000000
vn 0.000000 1.000000 0.000000
vn 0.000000 1.000000 0.000000
vn 0.000000 1.000000 0.000000
vn 0.000000 1.000000 0.000000
vn 0.000000 1.000000 0.000000
vn 0.000000 1.000000 0.000000
vn 0.000000 1.000000 0.000000
vn 0.000000 1.000000 0.000000
vn 0.000000 1.000000 0.000000
vn 0.000000 1.000000 0.000000
vn 0.000000 1.000000 0.000000
vn 0.000000 1.000000 0.000000
vn 0.000000 1.000000 0.000000
vn 0.000000 1.000000 0.000000
vn 0.000000 1.000000 0.000000
vn 0.000000 1.000000 0.000000
vn 0.000000 1.000000 0.000000
vn 0.000000 1.000000 0.000000
vn 0.000000 1.000000 0.000000
vn 0.000000 1.000000 0.000000
vn 0.000000 1.000000 0.000000
vn 0.000000 1.000000 0.000000
vn 0.000000 1.000000 0.000000
vn 0.000000 1.000000 0.000000
vn 0.000000 1.000000 0.000000
vn 0.000000 1.000000 0.000000
vn 0.000000 1.000000 0.000000
vn 0.000000 1.000000 0.000000
vn 0.000000 1.000000 0.000000
vn 0.000000 1.000000 0.000000
vn 0.000000 1.000000 0.000000
vn 0.000000 1.000000 0.000000
vn 0.000000 1.000000 0.000000
vn 0.000000 1.000000 0.000000
vn 0.000000 1.000000 0.000000
vn 0.000000 1.000000 0.000000
vn 0.000000 1.000000 0.000000
vn 0.000000 1.000000 0.000000
vn 0.000000 1.000000 0.000000
vn 0.000000 1.000000 0.000000
vn 0.000000 1.000000 0.000000
vn 0.000000 1.000000 0.000000
vn 0.000000 1.000000 0.000000
vn 0.000000 1.000000 0.000000
vn 0.000000 1.000000 0.000000
vn 0.000000 1.000000 0.000000
vn 0.000000 1.000000 0.000000
vn 0.000000 1.000000 0.000000
vn 0.000000 1.000000 0.000000
vn 0.000000 1.000000 0.000000
vn 0.000000 -1.000000 0.000000
vn 0.000000 -1.000000 0.000000
vn 0.000000 -1.000000 0.000000
vn 0.000000 -1.000000 0.000000
vn 0.000000 -1.000000 0.000000
vn 0.000000 -1.000000 0.000000
vn 0.000000 -1.000000 0.000000
vn 0.000000 -1.000000 0.000000
vn 0.000000 -1.000000 0.000000
vn 0.000000 -1.000000 0.000000
vn 0.000000 -1.000000 0.000000
vn 0.000000 -1.000000 0.000000
vn 0.000000 -1.000000 0.000000
vn 0.000000 -1.000000 0.000000
vn 0.000000 -1.000000 0.000000
vn 0.000000 -1.000000 0.000000
vn 0.000000 -1.000000 0.000000
vn 0.000000 -1.000000 0.000000
vn 0.000000 -1.000000 0.000000
vn 0.000000 -1.000000 0.000000
vn 0.000000 -1.000000 0.000000
vn 0.000000 -1.000000 0.000000
vn 0.000000 -1.000000 0.000000
vn 0.000000 -1.000000 0.000000
vn 0.000000 -1.000000 0.000000
vn 0.000000 -1.000000 0.000000
vn 0.000000 -1.000000 0.000000
vn 0.000000 -1.000000 0.000000
vn 0.000000 -1.000000 0.000000
vn 0.000000 -1.000000 0.000000
vn 0.000000 -1.000000 0.000000
vn 0.000000 -1.000000 0.000000
vn 0.000000 -1.000000 0.000000
vn 0.000000 -1.000000 0.000000
vn 0.000000 -1.000000 0.000000
vn 0.000000 -1.000000 0.000000
vn 0.000000 -1.000000 0.000000
vn 0.000000 -1.000000 0.000000
vn 0.000000 -1.000000 0.000000
vn 0.000000 -1.000000 0.000000
vn 0.000000 -1.000000 0.000000
vn 0.000000 -1.000000 0.000000
vn 0.000000 -1.000000 0.000000
vn 0.000000 -1.000000 0.000000
vn 0.000000 -1.000000 0.000000
vn 0.000000 -1.000000 0.000000
vn 0.000000 -1.000000 0.000000
vn 0.000000 -1.000000 0.000000
vn 0.000000 -1.000000 0.000000
vn 0.000000 -1.000000 0.000000
vn 0.000000 -1.000000 0.000000
vn 0.000000 -1.000000 0.000000
vn 0.000000 -1.000000 0.000000
vn 0.000000 -1.000000 0.000000
vn 0.000000 -1.000000 0.000000
vn 0.000000 -1.000000 0.000000
vn 0.000000 -1.000000 0.000000
vn 0.000000 -1.000000 0.000000
vn 0.000000 -1.000000 0.000000
vn 0.000000 -1.000000 0.000000
vn 0.000000 -1.000000 0.000000
vn 0.000000 -1.000000 0.000000
vn 0.000000 -1.000000 0.000000
vn 0.000000 -1.000000 0.000000
vn 0.000000 -1.000000 0.000000
vn 0.000000 -1.000000 0.000000
vn 0.000000 -1.000000 0.000000
vn 0.000000 -1.000000 0.000000
vn 0.000000 -1.000000 0.000000
vn 0.000000 -1.000000 0.000000
vn 0.000000 -1.000000 0.000000
vn 0.000000 -1.000000 0.000000
vn 0.000000 -1.000000 0.000000
vn 0.000000 -1.000000 0.000000
vn 0.000000 -1.000000 0.000000
vn 0.000000 -1.000000 0.000000
vn 0.000000 -1.000000 0.000000
vn 0.000000 -1.000000 0.000000
vn 0.000000 -1.000000 0.000000
vn 0.000000 -1.000000 0.000000
vn 0.000000 -1.000000 0.000000
vn 0.000000 -1.000000 0.000000
vn 0.000000 -1.000000 0.000000
vn 0.000000 -1.000000 0.000000
vn 0.000000 -1.000000 0.000000
vn 0.000000 -1.000000 0.000000
vn 0.000000 -1.000000 0.000000
vn 0.000000 -1.000000 0.000000
vn 0.000000 -1.000000 0.000000
vn 0.000000 -1.000000 0.000000
vn 0.000000 -1.000000 0.000000
vn 0.000000 -1.000000 0.000000
vn 0.000000 -1.000000 0.000000
vn 0.000000 -1.000000 0.000000
vn 0.000000 -1.000000 0.000000
vn 0.000000 -1.000000 0.000000
vn 0.000000 -1.000000 0.000000
vn 0.000000 -1.000000 0.000000
vn 0.000000 -1.000000 0.000000
vn 0.000000 -1.000000 0.000000
vn 0.000000 -1.000000 0.000000
vn 0.000000 -1.000000 0.000000
vn 0.000000 -1.000000 0.000000
vn 0.000000 -1.000000 0.000000
vn 0.000000 -1.000000 0.000000
vn 0.000000 -1.000000 0.000000
vn 0.000000 -1.000000 0.000000
vn 0.000000 -1.000000 0.000000
vn 0.000000 -1.000000 0.000000
vn 0.000000 -1.000000 0.000000
vn 0.000000 -1.000000 0.000000
vn 0.000000 -1.000000 0.000000
vn 0.000000 -1.000000 0.000000
vn 0.000000 -1.000000 0.000000
vn 0.000000 -1.000000 0.000000
vn 0.000000 -1.000000 0.000000
vn 0.000000 -1.000000 0.000000
vn 0.000000 -1.000000 0.000000
vn 0.000000 -1.000000 0.000000
vn 0.000000 -1.000000 0.000000
vn 0.000000 -1.000000 0.000000
vn 0.000000 -1.000000 0.000000
vn 0.000000 -1.000000 0.000000
vn 0.000000 -1.000000 0.000000
vn 0.000000 -1.000000 0.000000
vn 0.000000 -1.000000 0.000000
vn 0.000000 -1.000000 0.000000
vn 0.000000 -1.000000 0.000000
vn 0.000000 -1.000000 0.000000
vn 0.000000 -1.000000 0.000000
vn 0.000000 -1.000000 0.000000
vn 0.000000 -1.000000 0.000000
vn 0.000000 -1.000000 0.000000
vn 0.000000 -1.000000 0.000000
vn 0.000000 -1.000000 0.000000
vn 0.000000 -1.000000 0.000000
vn 0.000000 -1.000000 0.000000
vn 0.000000 -1.000000 0.000000
vn 0.000000 -1.000000 0.000000
vn 0.000000 -1.000000 0.000000
vn 0.000000 -1.000000 0.000000
vn 0.000000 -1.000000 0.000000
vn 0.000000 -1.000000 0.000000
vn 0.000000 -1.000000 0.000000
vn 0.000000 -1.000000 0.000000
vn 0.000000 -1.000000 0.000000
vn 0.000000 -1.000000 0.000000
vn 0.000000 -1.000000 0.000000
vn 0.000000 -1.000000 0.000000
vn 0.000000 -1.000000 0.000000
vn 0.000000 -1.000000 0.000000
vn 0.000000 -1.000000 0.000000
vn 0.000000 -1.000000 0.000000
vn 0.000000 -1.000000 0.000000
vn 0.000000 -1.000000 0.000000
vn 0.000000 -1.000000 0.000000
vn 0.000000 -1.000000 0.000000
vn 0.000000 -1.000000 0.000000
vn 0.000000 -1.000000 0.000000
vn 0.000000 -1.000000 0.000000
vn 0.000000 -1.000000 0.000000
vn 0.000000 -1.000000 0.000000
vn 0.000000 -1.000000 0.000000
vn 0.000000 -1.000000 0.000000
vn 0.000000 -1.000000 0.000000
vn 0.000000 -1.000000 0.000000
vn 0.000000 -1.000000 0.000000
vn 0.000000 -1.000000 0.000000
vn 0.000000 -1.000000 0.000000
vn 0.000000 -1.000000 0.000000
vn 0.000000 -1.000000 0.000000
vn 0.000000 -1.000000 0.000000
vn 0.000000 -1.000000 0.000000
vn 0.000000 -1.000000 0.000000
vn 0.000000 -1.000000 0.000000
vn 0.000000 -1.000000 0.000000
vn 0.000000 -1.000000 0.000000
vn 0.000000 -1.000000 0.000000
vn 0.000000 -1.000000 0.000000
vn 0.000000 -1.000000 0.000000
vn 0.000000 -1.000000 0.000000
vn 0.000000 -1.000000 0.000000
vn 0.000000 -1.000000 0.000000
vn 0.000000 -1.000000 0.000000
vn 0.000000 -1.000000 0.000000
vn 0.000000 -1.000000 0.000000
vn 0.000000 -1.000000 0.000000
vn 0.000000 -1.000000 0.000000
vn 0.000000 -1.000000 0.000000
vn 0.000000 -1.000000 0.000000
vn 0.000000 -1.000000 0.000000
vn 0.000000 -1.000000 0.000000
vn 0.000000 -1.000000 0.000000
vn 0.000000 -1.000000 0.000000
vn 0.000000 -1.000000 0.000000
vn 0.000000 -1.000000 0.000000
vn 0.000000 -1.000000 0.000000
vn 0.000000 -1.000000 0.000000
vn 0.000000 -1.000000 0.000000
vn 0.000000 -1.000000 0.000000
vn 0.000000 -1.000000 0.000000
vn 0.000000 -1.000000 0.000000
vn 0.000000 -1.000000 0.000000
vn 0.000000 -1.000000 0.000000
vn 0.000000 -1.000000 0.000000
vn 0.000000 -1.000000 0.000000
vn 0.000000 -1.000000 0.000000
vn 0.000000 -1.000000 0.000000
vn 0.000000 -1.000000 0.000000
vn 0.000000 -1.000000 0.000000
vn 0.000000 -1.000000 0.000000
vn 0.000000 -1.000000 0.000000
vn 0.000000 -1.000000 0.000000
vn 0.000000 -1.000000 0.000000
vn 0.000000 -1.000000 0.000000
vn 0.000000 -1.000000 0.000000
vn 0.000000 -1.000000 0.000000
vn 0.000000 -1.000000 0.000000
vn 0.000000 -1.000000 0.000000
vn 0.000000 -1.000000 0.000000
vn 0.000000 -1.000000 0.000000
vn 0.000000 -1.000000 0.000000
vn 0.000000 -1.000000 0.000000
vn 0.000000 -1.000000 0.000000
vn 0.000000 -1.000000 0.000000
vn 0.000000 -1.000000 0.000000
vn 0.000000 -1.000000 0.000000
vn 0.000000 -1.000000 0.000000
vn 0.000000 -1.000000 0.000000
vn 0.000000 -1.000000 0.000000
vn 0.000000 -1.000000 0.000000
vn 0.000000 -1.000000 0.000000
vn 0.000000 -1.000000 0.000000
vn 0.000000 -1.000000 0.000000
vn 0.000000 -1.000000 0.000000
vn 0.000000 -1.000000 0.000000
vn 0.000000 -1.000000 0.000000
vn 0.000000 -1.000000 0.000000
vn 0.000000 -1.000000 0.000000
vn 0.000000 -1.000000 0.000000
vn 0.000000 -1.000000 0.000000
vn 0.000000 -1.000000 0.000000
vn 0.000000 -1.000000 0.000000
vn 0.000000 -1.000000 0.000000
vn 0.000000 -1.000000 0.000000
vn 0.000000 -1.000000 0.000000
vn 0.000000 -1.000000 0.000000
vn 0.000000 -1.000000 0.000000
vn 0.000000 -1.000000 0.000000
vn 0.000000 -1.000000 0.000000
vn 0.000000 -1.000000 0.000000
vn 0.000000 -1.000000 0.000000
vn 0.000000 -1.000000 0.000000
vn 0.000000 -1.000000 0.000000
vn 0.000000 -1.000000 0.000000
vn 0.000000 -1.000000 0.000000
vn 0.000000 -1.000000 0.000000
vn 0.000000 -1.000000 0.000000
vn 0.000000 -1.000000 0.000000
vn 0.000000 -1.000000 0.000000
vn 0.000000 -1.000000 0.000000
vn 0.000000 -1.000000 0.000000
vn 0.000000 -1.000000 0.000000
vn 0.000000 -1.000000 0.000000
vn 0.000000 -1.000000 0.000000
vn 0.000000 -1.000000 0.000000
vn 0.000000 -1.000000 0.000000
vn 0.000000 -1.000000 0.000000
vn 0.000000 -1.000000 0.000000
vn 0.000000 -1.000000 0.000000
vn 0.000000 -1.000000 0.000000
vn 0.000000 -1.000000 0.000000
vn 0.000000 -1.000000 0.000000
vn 0.000000 -1.000000 0.000000
vn 0.000000 -1.000000 0.000000
vn 0.000000 -1.000000 0.000000
vn 0.000000 -1.000000 0.000000
vn 0.000000 -1.000000 0.000000
vn 0.000000 -1.000000 0.000000
vn 0.000000 -1.000000 0.000000
vn 0.000000 -1.000000 0.000000
vn 0.000000 -1.000000 0.000000
vn 0.000000 -1.000000 0.000000
vn 0.000000 -1.000000 0.000000
vn 0.000000 -1.000000 0.000000
vn 0.000000 -1.000000 0.000000
vn 0.000000 -1.000000 0.000000
vn 0.000000 -1.000000 0.000000
vn 0.000000 -1.000000 0.000000
vn 0.000000 -1.000000 0.000000
vn 0.000000 -1.000000 0.000000
vn 0.000000 -1.000000 0.000000
vn 0.000000 -1.000000 0.000000
vn 0.000000 -1.000000 0.000000
vn 0.000000 -1.000000 0.000000
vn 0.000000 -1.000000 0.000000
vn 0.000000 -1.000000 0.000000
vn 0.000000 -1.000000 0.000000
vn 0.000000 -1.000000 0.000000
vn 0.000000 -1.000000 0.000000
vn 0.000000 -1.000000 0.000000
vn 0.000000 -1.000000 0.000000
vn 0.000000 -1.000000 0.000000
vn 0.000000 -1.000000 0.000000
vn 0.000000 -1.000000 0.000000
vn 0.000000 -1.000000 0.000000
vn 0.000000 -1.000000 0.000000
vn 0.000000 -1.000000 0.000000
vn 0.000000 -1.000000 0.000000
vn 0.000000 -1.000000 0.000000
vn 0.000000 -1.000000 0.000000
vn 0.000000 -1.000000 0.000000
vn 0.000000 -1.000000 0.000000
vn 0.000000 -1.000000 0.000000
vn 0.000000 -1.000000 0.000000
vn 0.000000 -1.000000 0.000000
vn 0.000000 -1.000000 0.000000
vn 0.000000 -1.000000 0.000000
vn 0.000000 -1.000000 0.000000
vn 0.000000 -1.000000 0.000000
vn 0.000000 -1.000000 0.000000
vn 0.000000 -1.000000 0.000000
vn 0.000000 -1.000000 0.000000
vn 0.000000 -1.000000 0.000000
vn 0.000000 -1.000000 0.000000
vn 0.000000 -1.000000 0.000000
vn 0.000000 -1.000000 0.000000
vn 0.000000 -1.000000 0.000000
vn 0.000000 -1.000000 0.000000
vn 0.000000 -1.000000 0.000000
vn 0.000000 -1.000000 0.000000
vn 0.000000 -1.000000 0.000000
vn 0.000000 -1.000000 0.000000
vn 0.000000 -1.000000 0.000000
vn 0.000000 -1.000000 0.000000
vn 0.000000 -1.000000 0.000000
vn 0.000000 -1.000000 0.000000
vn 0.000000 -1.000000 0.000000
vn 0.000000 -1.000000 0.000000
vn 0.000000 -1.000000 0.000000
vn 0.000000 -1.000000 0.000000
vn 0.000000 -1.000000 0.000000
vn 0.000000 -1.000000 0.000000
vn 0.000000 -1.000000 0.000000
vn 0.000000 -1.000000 0.000000
vn 0.000000 -1.000000 0.000000
vn 0.000000 -1.000000 0.000000
vn 0.000000 -1.000000 0.000000
vn 0.000000 -1.000000 0.000000
vn 0.000000 -1.000000 0.000000
vn 0.000000 -1.000000 0.000000
vn 0.000000 -1.000000 0.000000
vn 0.000000 -1.000000 0.000000
vn 0.000000 -1.000000 0.000000
vn 0.000000 -1.000000 0.000000
vn 0.000000 -1.000000 0.000000
vn 0.000000 -1.000000 0.000000
vn 0.000000 -1.000000 0.000000
vn 0.000000 -1.000000 0.000000
vn 0.000000 -1.000000 0.000000
vn 0.000000 -1.000000 0.000000
vn 0.000000 -1.000000 0.000000
vn 0.000000 -1.000000 0.000000
vn 0.000000 -1.000000 0.000000
vn 0.000000 -1.000000 0.000000
vn 0.000000 -1.000000 0.000000
vn 0.000000 -1.000000 0.000000
vn 0.000000 -1.000000 0.000000
vn 0.000000 -1.000000 0.000000
vn 0.000000 -1.000000 0.000000
vn 0.000000 -1.000000 0.000000
vn 0.000000 -1.000000 0.000000
vn 0.000000 -1.000000 0.000000
vn 0.000000 -1.000000 0.000000
vn 0.000000 -1.000000 0.000000
vn 0.000000 -1.000000 0.000000
vn 0.000000 -1.000000 0.000000
vn 0.000000 -1.000000 0.000000
vn 0.000000 -1.000000 0.000000
vn 0.000000 -1.000000 0.000000
vn 0.000000 -1.000000 0.000000
vn 0.000000 -1.000000 0.000000
vn 0.000000 -1.000000 0.000000
vn 0.000000 -1.000000 0.000000
vn 0.000000 -1.000000 0.000000
vn 0.000000 -1.000000 0.000000
vn 0.000000 -1.000000 0.000000
vn 0.000000 -1.000000 0.000000
vn 0.000000 -1.000000 0.000000
vn 0.000000 -1.000000 0.000000
vn 0.000000 -1.000000 0.000000
vn 0.000000 -1.000000 0.000000
vn 0.000000 -1.000000 0.000000
vn 0.000000 -1.000000 0.000000
vn 0.000000 -1.000000 0.000000
vn 0.000000 -1.000000 0.000000
vn 0.000000 -1.000000 0.000000
vn 0.000000 -1.000000 0.000000
vn 0.000000 -1.000000 0.000000
vn 0.000000 -1.000000 0.000000
vn 0.000000 -1.000000 0.000000
vn 0.000000 -1.000000 0.000000
vn 0.000000 -1.000000 0.000000
vn 0.000000 -1.000000 0.000000
vn 0.000000 -1.000000 0.000000
vn 0.000000 -1.000000 0.000000
vn 0.000000 -1.000000 0.000000
vn 0.000000 -1.000000 0.000000
vn 0.000000 -1.000000 0.000000
vn 0.000000 -1.000000 0.000000
vn 0.000000 -1.000000 0.000000
vn 0.000000 -1.000000 0.000000
vn 0.000000 -1.000000 0.000000
vn 0.000000 -1.000000 0.000000
vn 0.000000 -1.000000 0.000000
vn 0.000000 -1.000000 0.000000
vn 0.000000 -1.000000 0.000000
vn 0.000000 -1.000000 0.000000
vn 0.000000 -1.000000 0.000000
vn 0.000000 -1.000000 0.000000
vn 0.000000 -1.000000 0.000000
vn 0.000000 -1.000000 0.000000
vn 0.000000 -1.000000 0.000000
vn 0.000000 -1.000000 0.000000
vn 0.000000 -1.000000 0.000000
vn 0.000000 -1.000000 0.000000
vn 0.000000 -1.000000 0.000000
vn 0.000000 -1.000000 0.000000
vn 0.000000 -1.000000 0.000000
vn 0.000000 -1.000000 0.000000
vn 0.000000 -1.000000 0.000000
vn 0.000000 -1.000000 0.000000
vn 0.000000 -1.000000 0.000000
vn 0.000000 -1.000000 0.000000
vn 0.000000 -1.000000 0.000000
vn 0.000000 -1.000000 0.000000
vn 0.000000 -1.000000 0.000000
vn 0.000000 -1.000000 0.000000
vn 0.000000 -1.000000 0.000000
vn 0.000000 -1.000000 0.000000
vn 0.000000 -1.000000 0.000000
vn 0.000000 -1.000000 0.000000
vn 0.000000 -1.000000 0.000000
vn 0.000000 -1.000000 0.000000
vn 0.000000 -1.000000 0.000000
vn 0.000000 -1.000000 0.000000
vn 0.000000 -1.000000 0.000000
vn 0.000000 -1.000000 0.000000
vn 0.000000 -1.000000 0.000000
vn 0.000000 -1.000000 0.000000
vn 0.000000 -1.000000 0.000000
vn 0.000000 -1.000000 0.000000
vn 0.000000 -1.000000 0.000000
vn 0.000000 -1.000000 0.000000
vn 0.000000 -1.000000 0.000000
vn 0.000000 -1.000000 0.000000
vn 0.000000 -1.000000 0.000000
vn 0.000000 -1.000000 0.000000
vn 0.000000 -1.000000 0.000000
vn 0.000000 -1.000000 0.000000
vn 0.000000 -1.000000 0.000000
vn 0.000000 -1.000000 0.000000
vn 0.000000 -1.000000 0.000000
vn 0.000000 -1.000000 0.000000
vn 0.000000 -1.000000 0.000000
vn 0.000000 -1.000000 0.000000
vn 0.000000 -1.000000 0.000000
vn 0.000000 -1.000000 0.000000
vn 0.000000 -1.000000 0.000000
vn 0.000000 -1.000000 0.000000
vn 0.000000 -1.000000 0.000000
vn 0.000000 -1.000000 0.000000
vn 0.000000 -1.000000 0.000000
vn 0.000000 -1.000000 0.000000
vn 0.000000 -1.000000 0.000000
vn 0.000000 -1.000000 0.000000
vn 0.000000 -1.000000 0.000000
vn 0.000000 -1.000000 0.000000
vn 0.000000 -1.000000 0.000000
vn 0.000000 -1.000000 0.000000
vn 0.000000 -1.000000 0.000000
vn 0.000000 -1.000000 0.000000
vn 0.000000 -1.000000 0.000000
vn 0.000000 -1.000000 0.000000
vn 0.000000 -1.000000 0.000000
vn 0.000000 -1.000000 0.000000
vn 0.000000 -1.000000 0.000000
vn 0.000000 -1.000000 0.000000
vn 0.000000 -1.000000 0.000000
vn 0.000000 -1.000000 0.000000
vn 0.000000 -1.000000 0.000000
vn 0.000000 -1.000000 0.000000
vn 0.000000 -1.000000 0.000000
vn 0.000000 -1.000000 0.000000
vn 0.000000 -1.000000 0.000000
vn 0.000000 -1.000000 0.000000
vn 0.000000 -1.000000 0.000000
vn 0.000000 -1.000000 0.000000
vn 0.000000 -1.000000 0.000000
vn 0.000000 -1.000000 0.000000
vn 0.000000 -1.000000 0.000000
vn 0.000000 -1.000000 0.000000
vn 0.000000 -1.000000 0.000000
vn 0.000000 -1.000000 0.000000
vn 0.000000 -1.000000 0.000000
vn 0.000000 -1.000000 0.000000
vn 0.000000 -1.000000 0.000000
vn 0.000000 -1.000000 0.000000
vn 0.000000 -1.000000 0.000000
vn 0.000000 -1.000000 0.000000
vn 0.000000 -1.000000 0.000000
vn 0.000000 -1.000000 0.000000
vn 0.000000 -1.000000 0.000000
vn 0.000000 -1.000000 0.000000
vn 0.000000 -1.000000 0.000000
vn 0.000000 -1.000000 0.000000
vn 0.000000 -1.000000 0.000000
vn 0.000000 -1.000000 0.000000
vn 0.000000 -1.000000 0.000000
vn 0.000000 -1.000000 0.000000
vn 0.000000 -1.000000 0.000000
vn 0.000000 -1.000000 0.000000
vn 0.000000 -1.000000 0.000000
vn 0.000000 -1.000000 0.000000
vn 0.000000 -1.000000 0.000000
vn 0.000000 -1.000000 0.000000
vn 0.000000 -1.000000 0.000000
vn 0.000000 -1.000000 0.000000
vn 0.000000 -1.000000 0.000000
vn 0.000000 -1.000000 0.000000
vn 0.000000 -1.000000 0.000000
vn 0.000000 -1.000000 0.000000
vn 0.000000 -1.000000 0.000000
vn 0.000000 -1.000000 0.000000
vn 0.000000 -1.000000 0.000000
vn 0.000000 -1.000000 0.000000
vn 0.000000 -1.000000 0.000000
vn 0.000000 -1.000000 0.000000
vn 0.000000 -1.000000 0.000000
vn 0.000000 -1.000000 0.000000
vn 0.000000 -1.000000 0.000000
vn 0.000000 -1.000000 0.000000
vn 0.000000 -1.000000 0.000000
vn 0.000000 -1.000000 0.000000
vn 0.000000 -1.000000 0.000000
vn 0.000000 -1.000000 0.000000
vn 0.000000 -1.000000 0.000000
vn 0.000000 -1.000000 0.000000
vn 0.000000 -1.000000 0.000000
vn 0.000000 -1.000000 0.000000
vn 0.000000 -1.000000 0.000000
vn 0.000000 -1.000000 0.000000
vn 0.000000 -1.000000 0.000000
vn 0.000000 -1.000000 0.000000
vn 0.000000 -1.000000 0.000000
vn 0.000000 -1.000000 0.000000
vn 0.000000 -1.000000 0.000000
vn 0.000000 -1.000000 0.000000
vn 0.000000 -1.000000 0.000000
vn 0.000000 -1.000000 0.000000
vn 0.000000 -1.000000 0.000000
vn 0.000000 -1.000000 0.000000
vn 0.000000 -1.000000 0.000000
vn 0.000000 -1.000000 0.000000
vn 0.000000 -1.000000 0.000000
vn 0.000000 -1.000000 0.000000
vn 0.000000 -1.000000 0.000000
vn 0.000000 -1.000000 0.000000
vn 0.000000 -1.000000 0.000000
vn 0.000000 -1.000000 0.000000
vn 0.000000 -1.000000 0.000000
vn 0.000000 -1.000000 0.000000
vn 0.000000 -1.000000 0.000000
vn 0.000000 -1.000000 0.000000
vn 0.000000 -1.000000 0.000000
vn 0.000000 -1.000000 0.000000
vn 0.000000 -1.000000 0.000000
vn 0.000000 -1.000000 0.000000
vn 0.000000 -1.000000 0.000000
vn 0.000000 -1.000000 0.000000
vn 0.000000 -1.000000 0.000000
vn 0.000000 -1.000000 0.000000
vn 0.000000 -1.000000 0.000000
vn 0.000000 -1.000000 0.000000
vn 0.000000 -1.000000 0.000000
vn 0.000000 -1.000000 0.000000
vn 0.000000 -1.000000 0.000000
vn 0.000000 -1.000000 0.000000
vn 0.000000 -1.000000 0.000000
vn 0.000000 -1.000000 0.000000
vn 0.000000 -1.000000 0.000000
vn 0.000000 -1.000000 0.000000
vn 0.000000 -1.000000 0.000000
vn 0.000000 -1.000000 0.000000
vn 0.000000 -1.000000 0.000000
vn 0.000000 -1.000000 0.000000
vn 0.000000 -1.000000 0.000000
vn 0.000000 -1.000000 0.000000
vn 0.000000 -1.000000 0.000000
vn 0.000000 -1.000000 0.000000
vn 0.000000 -1.000000 0.000000
vn 0.000000 -1.000000 0.000000
vn 0.000000 -1.000000 0.000000
vn 0.000000 -1.000000 0.000000
vn 0.000000 -1.000000 0.000000
vn 0.000000 -1.000000 0.000000
vn 0.000000 -1.000000 0.000000
vn 0.000000 -1.000000 0.000000
vn 0.000000 -1.000000 0.000000
vn 0.000000 -1.000000 0.000000
vn 0.000000 -1.000000 0.000000
vn 0.000000 -1.000000 0.000000
vn 0.000000 -1.000000 0.000000
vn 0.000000 -1.000000 0.000000
vn 0.000000 -1.000000 0.000000
vn 0.000000 -1.000000 0.000000
vn 0.000000 -1.000000 0.000000
vn 0.000000 -1.000000 0.000000
vn 0.000000 -1.000000 0.000000
vn 0.000000 -1.000000 0.000000
vn 0.000000 -1.000000 0.000000
vn 0.000000 -1.000000 0.000000
vn 0.000000 -1.000000 0.000000
vn 0.000000 -1.000000 0.000000
vn 0.000000 -1.000000 0.000000
vn 0.000000 -1.000000 0.000000
vn 0.000000 -1.000000 0.000000
vn 0.000000 -1.000000 0.000000
vn 0.000000 -1.000000 0.000000
vn 0.000000 -1.000000 0.000000
vn 0.000000 -1.000000 0.000000
vn 0.000000 -1.000000 0.000000
vn 0.000000 -1.000000 0.000000
vn 0.000000 -1.000000 0.000000
vn 0.000000 -1.000000 0.000000
vn 0.000000 -1.000000 0.000000
vn 0.000000 -1.000000 0.000000
vn 0.000000 -1.000000 0.000000
vn 0.000000 -1.000000 0.000000
vn 0.000000 -1.000000 0.000000
vn 0.000000 -1.000000 0.000000
vn 0.000000 -1.000000 0.000000
vn 0.000000 -1.000000 0.000000
vn 0.000000 -1.000000 0.000000
vn 0.000000 -1.000000 0.000000
vn 0.000000 -1.000000 0.000000
vn 0.000000 -1.000000 0.000000
vn 0.000000 -1.000000 0.000000
vn 0.000000 -1.000000 0.000000
vn 0.000000 -1.000000 0.000000
vn 0.000000 -1.000000 0.000000
vn 0.000000 -1.000000 0.000000
vn 0.000000 -1.000000 0.000000
vn 0.000000 -1.000000 0.000000
vn 0.000000 -1.000000 0.000000
vn 0.000000 -1.000000 0.000000
vn 0.000000 -1.000000 0.000000
vn 0.000000 -1.000000 0.000000
vn 0.000000 -1.000000 0.000000
vn 0.000000 -1.000000 0.000000
vn 0.000000 -1.000000 0.000000
vn 0.000000 -1.000000 0.000000
vn 0.000000 -1.000000 0.000000
vn 0.000000 -1.000000 0.000000
vn 0.000000 -1.000000 0.000000
vn 0.000000 -1.000000 0.000000
vn 0.000000 -1.000000 0.000000
vn 0.000000 -1.000000 0.000000
vn 0.000000 -1.000000 0.000000
vn 0.000000 -1.000000 0.000000
vn 0.000000 -1.000000 0.000000
vn 0.000000 -1.000000 0.000000
vn 0.000000 -1.000000 0.000000
vn 0.000000 -1.000000 0.000000
vn 0.000000 -1.000000 0.000000
vn 0.000000 -1.000000 0.000000
vn 0.000000 -1.000000 0.000000
vn 0.000000 -1.000000 0.000000
vn 0.000000 -1.000000 0.000000
vn 0.000000 -1.000000 0.000000
vn 0.000000 -1.000000 0.000000
vn 0.000000 -1.000000 0.000000
vn 0.000000 -1.000000 0.000000
vn 0.000000 -1.000000 0.000000
vn 0.000000 -1.000000 0.000000
vn 0.000000 -1.000000 0.000000
vn 0.000000 -1.000000 0.000000
vn 0.000000 -1.000000 0.000000
vn 0.000000 -1.000000 0.000000
vn 0.000000 -1.000000 0.000000
vn 0.000000 -1.000000 0.000000
vn 0.000000 -1.000000 0.000000
vn 0.000000 -1.000000 0.000000
vn 0.000000 -1.000000 0.000000
vn 0.000000 -1.000000 0.000000
vn 0.000000 -1.000000 0.000000
vn 0.000000 -1.000000 0.000000
vn 0.000000 -1.000000 0.000000
vn 0.000000 -1.000000 0.000000
vn 0.000000 -1.000000 0.000000
vn 0.000000 -1.000000 0.000000
vn 0.000000 -1.000000 0.000000
vn 0.000000 -1.000000 0.000000
vn 0.000000 -1.000000 0.000000
vn 0.000000 -1.000000 0.000000
vn 0.000000 -1.000000 0.000000
vn 0.000000 -1.000000 0.000000
vn 0.000000 -1.000000 0.000000
vn 0.000000 -1.000000 0.000000
vn 0.000000 -1.000000 0.000000
vn 0.000000 -1.000000 0.000000
vn 0.000000 -1.000000 0.000000
vn 0.000000 -1.000000 0.000000
vn 0.000000 -1.000000 0.000000
vn 0.000000 -1.000000 0.000000
vn 0.000000 -1.000000 0.000000
vn 0.000000 -1.000000 0.000000
vn 0.000000 -1.000000 0.000000
vn 0.000000 -1.000000 0.000000
vn 0.000000 -1.000000 0.000000
vn 0.000000 -1.000000 0.000000
vn 0.000000 -1.000000 0.000000
vn 0.000000 -1.000000 0.000000
vn 0.000000 -1.000000 0.000000
vn 0.000000 -1.000000 0.000000
vn 0.000000 -1.000000 0.000000
vn 0.000000 -1.000000 0.000000
vn 0.000000 -1.000000 0.000000
vn 0.000000 -1.000000 0.000000
vn 0.000000 -1.000000 0.000000
vn 0.000000 -1.000000 0.000000
vn 0.000000 -1.000000 0.000000
vn 0.000000 -1.000000 0.000000
vn 0.000000 -1.000000 0.000000
vn 0.000000 -1.000000 0.000000
vn 0.000000 -1.000000 0.000000
vn 0.000000 -1.000000 0.000000
vn 0.000000 -1.000000 0.000000
vn 0.000000 -1.000000 0.000000
vn 0.000000 -1.000000 0.000000
vn 0.000000 -1.000000 0.000000
vn 0.000000 -1.000000 0.000000
vn 0.000000 -1.000000 0.000000
vn 0.000000 -1.000000 0.000000
vn 0.000000 -1.000000 0.000000
vn 0.000000 -1.000000 0.000000
vn 0.000000 -1.000000 0.000000
vn 0.000000 -1.000000 0.000000
vn 0.000000 -1.000000 0.000000
vn 0.000000 -1.000000 0.000000
vn 0.000000 -1.000000 0.000000
vn 0.000000 -1.000000 0.000000
vn 0.000000 -1.000000 0.000000
vn 0.000000 -1.000000 0.000000
vn 0.000000 -1.000000 0.000000
vn 0.000000 -1.000000 0.000000
vn 0.000000 -1.000000 0.000000
vn 0.000000 -1.000000 0.000000
vn 0.000000 -1.000000 0.000000
vn 0.000000 -1.000000 0.000000
vn 0.000000 -1.000000 0.000000
vn 0.000000 -1.000000 0.000000
vn 0.000000 -1.000000 0.000000
vn 0.000000 -1.000000 0.000000
vn 0.000000 -1.000000 0.000000
vn 0.000000 -1.000000 0.000000
vn 0.000000 -1.000000 0.000000
vn 0.000000 -1.000000 0.000000
vn 0.000000 -1.000000 0.000000
vn 0.000000 -1.000000 0.000000
vn 0.000000 -1.000000 0.000000
vn 0.000000 -1.000000 0.000000
vn 0.000000 -1.000000 0.000000
vn 0.000000 -1.000000 0.000000
vn 0.000000 -1.000000 0.000000
vn 0.000000 -1.000000 0.000000
vn 0.000000 -1.000000 0.000000
vn 0.000000 -1.000000 0.000000
vn 0.000000 -1.000000 0.000000
vn 0.000000 -1.000000 0.000000
vn 0.000000 -1.000000 0.000000
vn 0.000000 -1.000000 0.000000
vn 0.000000 -1.000000 0.000000
vn 0.000000 -1.000000 0.000000
vn 0.000000 -1.000000 0.000000
vn 0.000000 -1.000000 0.000000
vn 0.000000 -1.000000 0.000000
vn 0.000000 -1.000000 0.000000
vn 0.000000 -1.000000 0.000000
vn 0.000000 -1.000000 0.000000
vn 0.000000 -1.000000 0.000000
vn 0.000000 -1.000000 0.000000
vn 0.000000 -1.000000 0.000000
vn 0.000000 -1.000000 0.000000
vn 0.000000 -1.000000 0.000000
vn 0.000000 -1.000000 0.000000
vn 0.000000 -1.000000 0.000000
vn 0.000000 -1.000000 0.000000
vn 0.000000 -1.000000 0.000000
vn 0.000000 -1.000000 0.000000
vn 0.000000 -1.000000 0.000000
vn 0.000000 -1.000000 0.000000
vn 0.000000 -1.000000 0.000000
vn 0.000000 -1.000000 0.000000
vn 0.000000 -1.000000 0.000000
vn 0.000000 -1.000000 0.000000
vn 0.000000 -1.000000 0.000000
vn 0.000000 -1.000000 0.000000
vn 0.000000 -1.000000 0.000000
vn 0.000000 -1.000000 0.000000
vn 0.000000 -1.000000 0.000000
vn 0.000000 -1.000000 0.000000
vn 0.000000 -1.000000 0.000000
vn 0.000000 -1.000000 0.000000
vn 0.000000 -1.000000 0.000000
vn 0.000000 -1.000000 0.000000
vn 0.000000 -1.000000 0.000000
vn 0.000000 -1.000000 0.000000
vn 0.000000 -1.000000 0.000000
vn 0.000000 -1.000000 0.000000
vn 0.000000 -1.000000 0.000000
vn 0.000000 -1.000000 0.000000
vn 0.000000 -1.000000 0.000000
vn 0.000000 -1.000000 0.000000
vn 0.000000 -1.000000 0.000000
vn 0.000000 -1.000000 0.000000
vn 0.000000 -1.000000 0.000000
vn 0.000000 -1.000000 0.000000
vn 0.000000 -1.000000 0.000000
vn 0.000000 -1.000000 0.000000
vn 0.000000 -1.000000 0.000000
vn 0.000000 -1.000000 0.000000
vn 0.000000 -1.000000 0.000000
vn 0.000000 -1.000000 0.000000
vn 0.000000 -1.000000 0.000000
vn 0.000000 -1.000000 0.000000
vn 0.000000 -1.000000 0.000000
vn 0.000000 -1.000000 0.000000
vn 0.000000 -1.000000 0.000000
vn 0.000000 -1.000000 0.000000
vn 0.000000 -1.000000 0.000000
vn 0.000000 -1.000000 0.000000
vn 0.000000 -1.000000 0.000000
vn 0.000000 -1.000000 0.000000
vn 0.000000 -1.000000 0.000000
vn 0.000000 -1.000000 0.000000
vn 0.000000 -1.000000 0.000000
vn 0.000000 -1.000000 0.000000
vn 0.000000 -1.000000 0.000000
vn 0.000000 -1.000000 0.000000
vn 0.000000 -1.000000 0.000000
vn 0.000000 -1.000000 0.000000
vn 0.000000 -1.000000 0.000000
vn 0.000000 -1.000000 0.000000
vn 0.000000 -1.000000 0.000000
vn 0.000000 -1.000000 0.000000
vn 0.000000 -1.000000 0.000000
vn 0.000000 -1.000000 0.000000
vn 0.000000 -1.000000 0.000000
vn 0.000000 -1.000000 0.000000
vn 0.000000 -1.000000 0.000000
vn 0.000000 -1.000000 0.000000
vn 0.000000 -1.000000 0.000000
vn 0.000000 -1.000000 0.000000
vn 0.000000 -1.000000 0.000000
vn 0.000000 -1.000000 0.000000
vn 0.000000 -1.000000 0.000000
vn 0.000000 -1.000000 0.000000
vn 0.000000 -1.000000 0.000000
vn 0.000000 -1.000000 0.000000
vn 0.000000 -1.000000 0.000000
vn 0.000000 -1.000000 0.000000
vn 0.000000 -1.000000 0.000000
vn 0.000000 -1.000000 0.000000
vn 0.000000 -1.000000 0.000000
vn 0.000000 -1.000000 0.000000
vn 0.000000 -1.000000 0.000000
vn 0.000000 -1.000000 0.000000
vn 0.000000 -1.000000 0.000000
vn 0.000000 -1.000000 0.000000
vn 0.000000 -1.000000 0.000000
vn 0.000000 -1.000000 0.000000
vn 0.000000 -1.000000 0.000000
vn 0.000000 -1.000000 0.000000
vn 0.000000 -1.000000 0.000000
vn 0.000000 -1.000000 0.000000
vn 0.000000 -1.000000 0.000000
vn 0.000000 -1.000000 0.000000
vn 0.000000 -1.000000 0.000000
vn 0.000000 -1.000000 0.000000
vn 0.000000 -1.000000 0.000000
vn 0.000000 -1.000000 0.000000
vn 0.000000 -1.000000 0.000000
vn 0.000000 -1.000000 0.000000
vn 0.000000 -1.000000 0.000000
vn 0.000000 -1.000000 0.000000
vn 0.000000 -1.000000 0.000000
vn 0.000000 -1.000000 0.000000
vn 0.000000 -1.000000 0.000000
vn 0.000000 -1.000000 0.000000
vn 0.000000 -1.000000 0.000000
vn 0.000000 -1.000000 0.000000
vn 0.000000 -1.000000 0.000000
vn 0.000000 -1.000000 0.000000
vn 0.000000 -1.000000 0.000000
vn 0.000000 -1.000000 0.000000
vn 0.000000 -1.000000 0.000000
vn 0.000000 -1.000000 0.000000
vn 0.000000 -1.000000 0.000000
vn 0.000000 -1.000000 0.000000
vn 0.000000 -1.000000 0.000000
vn 0.000000 -1.000000 0.000000
vn 0.000000 -1.000000 0.000000
vn 0.000000 -1.000000 0.000000
vn 0.000000 -1.000000 0.000000
vn 0.000000 -1.000000 0.000000
vn 0.000000 -1.000000 0.000000
vn 0.000000 -1.000000 0.000000
vn 0.000000 -1.000000 0.000000
vn 0.000000 -1.000000 0.000000
vn 0.000000 -1.000000 0.000000
vn 0.000000 -1.000000 0.000000
vn 0.000000 -1.000000 0.000000
vn 0.000000 -1.000000 0.000000
vn 0.000000 -1.000000 0.000000
vn 0.000000 -1.000000 0.000000
vn 0.000000 -1.000000 0.000000
vn 0.000000 -1.000000 0.000000
vn 0.000000 -1.000000 0.000000
vn 0.000000 -1.000000 0.000000
vn 0.000000 -1.000000 0.000000
vn 0.000000 -1.000000 0.000000
vn 0.000000 -1.000000 0.000000
vn 0.000000 -1.000000 0.000000
vn 0.000000 -1.000000 0.000000
vn 0.000000 -1.000000 0.000000
vn 0.000000 -1.000000 0.000000
vn 0.000000 -1.000000 0.000000
vn 0.000000 -1.000000 0.000000
vn 0.000000 -1.000000 0.000000
vn 0.000000 -1.000000 0.000000
vn 0.000000 -1.000000 0.000000
vn 0.000000 -1.000000 0.000000
vn 0.000000 -1.000000 0.000000
vn 0.000000 -1.000000 0.000000
vn 0.000000 -1.000000 0.000000
vn 0.000000 -1.000000 0.000000
vn 0.000000 -1.000000 0.000000
vn 0.000000 -1.000000 0.000000
vn 0.000000 -1.000000 0.000000
vn 0.000000 -1.000000 0.000000
vn 0.000000 -1.000000 0.000000
vn 0.000000 -1.000000 0.000000
vn 0.000000 -1.000000 0.000000
vn 0.000000 -1.000000 0.000000
vn 0.000000 -1.000000 0.000000
vn 0.000000 -1.000000 0.000000
vn 0.000000 -1.000000 0.000000
vn 0.000000 -1.000000 0.000000
vn 0.000000 -1.000000 0.000000
vn 0.000000 -1.000000 0.000000
vn 0.000000 -1.000000 0.000000
vn 0.000000 -1.000000 0.000000
vn 0.000000 -1.000000 0.000000
vn 0.000000 -1.000000 0.000000
vn 0.000000 -1.000000 0.000000
vn 0.000000 -1.000000 0.000000
vn 0.000000 -1.000000 0.000000
vn 0.000000 -1.000000 0.000000
vn 0.000000 -1.000000 0.000000
vn 0.000000 -1.000000 0.000000
vn 0.000000 -1.000000 0.000000
vn 0.000000 -1.000000 0.000000
vn 0.000000 -1.000000 0.000000
vn 0.000000 -1.000000 0.000000
vn 0.000000 -1.000000 0.000000
vn 0.000000 -1.000000 0.000000
vn 0.000000 -1.000000 0.000000
vn 0.000000 -1.000000 0.000000
vn 0.000000 -1.000000 0.000000
vn 0.000000 -1.000000 0.000000
vn 0.000000 -1.000000 0.000000
vn 0.000000 -1.000000 0.000000
vn 0.000000 -1.000000 0.000000
vn 0.000000 -1.000000 0.000000
vn 0.000000 -1.000000 0.000000
vn 0.000000 -1.000000 0.000000
vn 0.000000 -1.000000 0.000000
vn 0.000000 -1.000000 0.000000
vn 0.000000 -1.000000 0.000000
vn 0.000000 -1.000000 0.000000
vn 0.000000 -1.000000 0.000000
vn 0.000000 -1.000000 0.000000
vn 0.000000 -1.000000 0.000000
vn 0.000000 -1.000000 0.000000
vn 0.000000 -1.000000 0.000000
vn 0.000000 -1.000000 0.000000
vn 0.000000 -1.000000 0.000000
vn 0.000000 -1.000000 0.000000
vn 0.000000 -1.000000 0.000000
vn 0.000000 -1.000000 0.000000
vn 0.000000 -1.000000 0.000000
vn 0.000000 -1.000000 0.000000
vn 0.000000 -1.000000 0.000000
vn 0.000000 -1.000000 0.000000
vn 0.000000 -1.000000 0.000000
vn 0.000000 -1.000000 0.000000
vn 0.000000 -1.000000 0.000000
vn 0.000000 -1.000000 0.000000
vn 0.000000 -1.000000 0.000000
vn 0.000000 -1.000000 0.000000
vn 0.000000 -1.000000 0.000000
vn 0.000000 -1.000000 0.000000
vn 0.000000 -1.000000 0.000000
vn 0.000000 -1.000000 0.000000
vn 0.000000 -1.000000 0.000000
vn 0.000000 -1.000000 0.000000
vn 0.000000 -1.000000 0.000000
vn 0.000000 -1.000000 0.000000
vn 0.000000 -1.000000 0.000000
vn 0.000000 -1.000000 0.000000
vn 0.000000 -1.000000 0.000000
vn 0.000000 -1.000000 0.000000
vn 0.000000 -1.000000 0.000000
vn 0.000000 -1.000000 0.000000
vn 0.000000 -1.000000 0.000000
vn 0.000000 -1.000000 0.000000
vn 0.000000 -1.000000 0.000000
vn 0.000000 -1.000000 0.000000
vn 0.000000 -1.000000 0.000000
vn 0.000000 -1.000000 0.000000
vn 0.000000 -1.000000 0.000000
vn 0.000000 -1.000000 0.000000
vn 0.000000 -1.000000 0.000000
vn 0.000000 -1.000000 0.000000
vn 0.000000 -1.000000 0.000000
vn 0.000000 -1.000000 0.000000
vn 0.000000 -1.000000 0.000000
vn 0.000000 -1.000000 0.000000
vn 0.000000 -1.000000 0.000000
vn 0.000000 -1.000000 0.000000
vn 0.000000 -1.000000 0.000000
vn 0.000000 -1.000000 0.000000
vn 0.000000 -1.000000 0.000000
vn 0.000000 -1.000000 0.000000
vn 0.000000 -1.000000 0.000000
vn 0.000000 -1.000000 0.000000
vn 0.000000 -1.000000 0.000000
vn 0.000000 -1.000000 0.000000
vn 0.000000 -1.000000 0.000000
vn 0.000000 -1.000000 0.000000
vn 0.000000 -1.000000 0.000000
vn 0.000000 -1.000000 0.000000
vn 0.000000 -1.000000 0.000000
vn 0.000000 -1.000000 0.000000
vn 0.000000 -1.000000 0.000000
vn 0.000000 -1.000000 0.000000
vn 0.000000 -1.000000 0.000000
vn 0.000000 -1.000000 0.000000
vn 0.000000 -1.000000 0.000000
vn 0.000000 -1.000000 0.000000
vn 0.000000 -1.000000 0.000000
vn 0.000000 -1.000000 0.000000
vn 0.000000 -1.000000 0.000000
vn 0.000000 -1.000000 0.000000
vn 0.000000 -1.000000 0.000000
vn 0.000000 -1.000000 0.000000
vn 0.000000 -1.000000 0.000000
vn 0.000000 -1.000000 0.000000
vn 0.000000 -1.000000 0.000000
vn 0.000000 -1.000000 0.000000
vn 0.000000 -1.000000 0.000000
vn 0.000000 -1.000000 0.000000
vn 0.000000 -1.000000 0.000000
vn 0.000000 -1.000000 0.000000
vn 0.000000 -1.000000 0.000000
vn 0.000000 -1.000000 0.000000
vn 0.000000 -1.000000 0.000000
vn 0.000000 -1.000000 0.000000
vn 0.000000 -1.000000 0.000000
vn 0.000000 -1.000000 0.000000
vn 0.000000 -1.000000 0.000000
vn 0.000000 -1.000000 0.000000
vn 0.000000 -1.000000 0.000000
vn 0.000000 -1.000000 0.000000
vn 0.000000 -1.000000 0.000000
vn 0.000000 -1.000000 0.000000
vn 0.000000 -1.000000 0.000000
vn 0.000000 -1.000000 0.000000
vn 0.000000 -1.000000 0.000000
vn 0.000000 -1.000000 0.000000
vn 0.000000 -1.000000 0.000000
vn 0.000000 -1.000000 0.000000
vn 0.000000 -1.000000 0.000000
vn 0.000000 -1.000000 0.000000
vn 0.000000 -1.000000 0.000000
vn 0.000000 -1.000000 0.000000
vn 0.000000 -1.000000 0.000000
vn 0.000000 -1.000000 0.000000
vn 0.000000 -1.000000 0.000000
vn 0.000000 -1.000000 0.000000
vn 0.000000 -1.000000 0.000000
vn 0.000000 -1.000000 0.000000
vn 0.000000 -1.000000 0.000000
vn 0.000000 -1.000000 0.000000
vn 0.000000 -1.000000 0.000000
vn 0.000000 -1.000000 0.000000
vn 0.000000 -1.000000 0.000000
vn 0.000000 -1.000000 0.000000
vn 0.000000 -1.000000 0.000000
vn 0.000000 -1.000000 0.000000
vn 0.000000 -1.000000 0.000000
vn 0.000000 -1.000000 0.000000
vn 0.000000 -1.000000 0.000000
vn 0.000000 -1.000000 0.000000
vn 0.000000 -1.000000 0.000000
vn 0.000000 -1.000000 0.000000
vn 0.000000 -1.000000 0.000000
vn 0.000000 -1.000000 0.000000
vn 0.000000 -1.000000 0.000000
vn 0.000000 -1.000000 0.000000
vn 0.000000 -1.000000 0.000000
vn 0.000000 -1.000000 0.000000
vn 0.000000 -1.000000 0.000000
vn 0.000000 -1.000000 0.000000
vn 0.000000 -1.000000 0.000000
vn 0.000000 -1.000000 0.000000
vn 0.000000 -1.000000 0.000000
vn 0.000000 -1.000000 0.000000
vn 0.000000 -1.000000 0.000000
vn 0.000000 -1.000000 0.000000
vn 0.000000 -1.000000 0.000000
vn 0.000000 -1.000000 0.000000
vn 0.000000 -1.000000 0.000000
vn 0.000000 -1.000000 0.000000
vn 0.000000 -1.000000 0.000000
vn 0.000000 -1.000000 0.000000
vn 0.000000 -1.000000 0.000000
vn 0.000000 -1.000000 0.000000
vn 0.000000 -1.000000 0.000000
vn 0.000000 -1.000000 0.000000
vn 0.000000 -1.000000 0.000000
vn 0.000000 -1.000000 0.000000
vn 0.000000 -1.000000 0.000000
vn 0.000000 -1.000000 0.000000
vn 0.000000 -1.000000 0.000000
vn 0.000000 -1.000000 0.000000
vn 0.000000 -1.000000 0.000000
vn 0.000000 -1.000000 0.000000
vn 0.000000 -1.000000 0.000000
vn 0.000000 -1.000000 0.000000
vn 0.000000 -1.000000 0.000000
vn 0.000000 -1.000000 0.000000
vn 0.000000 -1.000000 0.000000
vn 0.000000 -1.000000 0.000000
vn 0.000000 -1.000000 0.000000
vn 0.000000 -1.000000 0.000000
vn 0.000000 -1.000000 0.000000
vn 0.000000 -1.000000 0.000000
vn 0.000000 -1.000000 0.000000
vn 0.000000 -1.000000 0.000000
vn 0.000000 -1.000000 0.000000
vn 0.000000 -1.000000 0.000000
vn 0.000000 -1.000000 0.000000
vn 0.000000 -1.000000 0.000000
vn 0.000000 -1.000000 0.000000
vn 0.000000 -1.000000 0.000000
vn 0.000000 -1.000000 0.000000
vn 0.000000 -1.000000 0.000000
vn 0.000000 -1.000000 0.000000
vn 0.000000 -1.000000 0.000000
vn 0.000000 -1.000000 0.000000
vn 0.000000 -1.000000 0.000000
vn 0.000000 -1.000000 0.000000
vn 0.000000 -1.000000 0.000000
vn 0.000000 -1.000000 0.000000
vn 0.000000 -1.000000 0.000000
vn 0.000000 -1.000000 0.000000
vn 0.000000 -1.000000 0.000000
vn 0.000000 -1.000000 0.000000
vn 0.000000 -1.000000 0.000000
vn 0.000000 -1.000000 0.000000
vn 0.000000 -1.000000 0.000000
vn 0.000000 -1.000000 0.000000
vn 0.000000 -1.000000 0.000000
vn 0.000000 -1.000000 0.000000
vn 0.000000 -1.000000 0.000000
vn 0.000000 -1.000000 0.000000
vn 0.000000 -1.000000 0.000000
vn 0.000000 -1.000000 0.000000
vn 0.000000 -1.000000 0.000000
vn 0.000000 -1.000000 0.000000
vn 0.000000 -1.000000 0.000000
vn 0.000000 -1.000000 0.000000
vn 0.000000 -1.000000 0.000000
vn 0.000000 -1.000000 0.000000
vn 0.000000 -1.000000 0.000000
vn 0.000000 -1.000000 0.000000
vn 0.000000 -1.000000 0.000000
vn 0.000000 -1.000000 0.000000
vn 0.000000 -1.000000 0.000000
vn 0.000000 -1.000000 0.000000
vn 0.000000 -1.000000 0.000000
vn 0.000000 -1.000000 0.000000
vn 0.000000 -1.000000 0.000000
vn 0.000000 -1.000000 0.000000
vn 0.000000 -1.000000 0.000000
vn 0.000000 -1.000000 0.000000
vn 0.000000 -1.000000 0.000000
vn 0.000000 -1.000000 0.000000
vn 0.000000 -1.000000 0.000000
vn 0.000000 -1.000000 0.000000
vn 0.000000 -1.000000 0.000000
vn 0.000000 -1.000000 0.000000
vn 0.000000 -1.000000 0.000000
vn 0.000000 -1.000000 0.000000
vn 0.000000 -1.000000 0.000000
vn 0.000000 -1.000000 0.000000
vn 0.000000 -1.000000 0.000000
vn 0.000000 -1.000000 0.000000
vn 0.000000 -1.000000 0.000000
vn 0.000000 -1.000000 0.000000
vn 0.000000 -1.000000 0.000000
vn 0.000000 -1.000000 0.000000
vn 0.000000 -1.000000 0.000000
vn 0.000000 -1.000000 0.000000
vn 0.000000 -1.000000 0.000000
vn 0.000000 -1.000000 0.000000
vn 0.000000 -1.000000 0.000000
vn 0.000000 -1.000000 0.000000
vn 0.000000 -1.000000 0.000000
vn 0.000000 -1.000000 0.000000
vn 0.000000 -1.000000 0.000000
vn 0.000000 -1.000000 0.000000
vn 0.000000 -1.000000 0.000000
vn 0.000000 -1.000000 0.000000
vn 0.000000 -1.000000 0.000000
vn 0.000000 -1.000000 0.000000
vn 0.000000 -1.000000 0.000000
vn 0.000000 -1.000000 0.000000
vn 0.000000 -1.000000 0.000000
vn 0.000000 -1.000000 0.000000
vn 0.000000 -1.000000 0.000000
vn 0.000000 -1.000000 0.000000
vn 0.000000 -1.000000 0.000000
vn 0.000000 -1.000000 0.000000
vn 0.000000 -1.000000 0.000000
vn 0.000000 -1.000000 0.000000
vn 0.000000 -1.000000 0.000000
vn 0.000000 -1.000000 0.000000
vn 0.000000 -1.000000 0.000000
vn 0.000000 -1.000000 0.000000
vn 0.000000 -1.000000 0.000000
vn 0.000000 -1.000000 0.000000
vn 0.000000 -1.000000 0.000000
vn 0.000000 -1.000000 0.000000
vn 0.000000 -1.000000 0.000000
vn 0.000000 -1.000000 0.000000
vn 0.000000 -1.000000 0.000000
vn 0.000000 -1.000000 0.000000
vn 0.000000 -1.000000 0.000000
vn 0.000000 -1.000000 0.000000
vn 0.000000 -1.000000 0.000000
vn 0.000000 -1.000000 0.000000
vn 0.000000 -1.000000 0.000000
vn 0.000000 -1.000000 0.000000
vn 0.000000 -1.000000 0.000000
vn 0.000000 -1.000000 0.000000
vn 0.000000 -1.000000 0.000000
vn 0.000000 -1.000000 0.000000
vn 0.000000 -1.000000 0.000000
vn 0.000000 -1.000000 0.000000
vn 0.000000 -1.000000 0.000000
vn 0.000000 -1.000000 0.000000
vn 0.000000 -1.000000 0.000000
vn 0.000000 -1.000000 0.000000
vn 0.000000 -1.000000 0.000000
vn 0.000000 -1.000000 0.000000
vn 0.000000 -1.000000 0.000000
vn 0.000000 -1.000000 0.000000
vn 0.000000 -1.000000 0.000000
vn 0.000000 -1.000000 0.000000
vn 0.000000 -1.000000 0.000000
vn 0.000000 -1.000000 0.000000
vn 0.000000 -1.000000 0.000000
vn 0.000000 -1.000000 0.000000
vn 0.000000 -1.000000 0.000000
vn 0.000000 -1.000000 0.000000
vn 0.000000 -1.000000 0.000000
vn 0.000000 -1.000000 0.000000
vn 0.000000 -1.000000 0.000000
vn 0.000000 -1.000000 0.000000
vn 0.000000 -1.000000 0.000000
vn 0.000000 -1.000000 0.000000
vn 0.000000 -1.000000 0.000000
vn 0.000000 -1.000000 0.000000
vn 0.000000 -1.000000 0.000000
vn 0.000000 -1.000000 0.000000
vn 0.000000 -1.000000 0.000000
vn 0.000000 -1.000000 0.000000
vn 0.000000 -1.000000 0.000000
vn 0.000000 -1.000000 0.000000
vn 0.000000 -1.000000 0.000000
vn 0.000000 -1.000000 0.000000
vn 0.000000 -1.000000 0.000000
vn 0.000000 -1.000000 0.000000
vn 0.000000 -1.000000 0.000000
vn 0.000000 -1.000000 0.000000
vn 0.000000 -1.000000 0.000000
vn 0.000000 -1.000000 0.000000
vn 0.000000 -1.000000 0.000000
vn 0.000000 -1.000000 0.000000
vn 0.000000 -1.000000 0.000000
vn 0.000000 -1.000000 0.000000
vn 0.000000 -1.000000 0.000000
vn 0.000000 -1.000000 0.000000
vn 0.000000 -1.000000 0.000000
vn 0.000000 -1.000000 0.000000
vn 0.000000 -1.000000 0.000000
vn 0.000000 -1.000000 0.000000
vn 0.000000 -1.000000 0.000000
vn 0.000000 -1.000000 0.000000
vn 0.000000 -1.000000 0.000000
vn 0.000000 -1.000000 0.000000
vn 0.000000 -1.000000 0.000000
vn 0.000000 -1.000000 0.000000
vn 0.000000 -1.000000 0.000000
vn 0.000000 -1.000000 0.000000
vn 0.000000 -1.000000 0.000000
vn 0.000000 -1.000000 0.000000
vn 0.000000 -1.000000 0.000000
vn 0.000000 -1.000000 0.000000
vn 0.000000 -1.000000 0.000000
vn 0.000000 -1.000000 0.000000
vn 0.000000 -1.000000 0.000000
vn 0.000000 -1.000000 0.000000
vn 0.000000 -1.000000 0.000000
vn 0.000000 -1.000000 0.000000
vn 0.000000 -1.000000 0.000000
vn 0.000000 -1.000000 0.000000
vn 0.000000 -1.000000 0.000000
vn 0.000000 -1.000000 0.000000
vn 0.000000 -1.000000 0.000000
vn 0.000000 -1.000000 0.000000
vn 0.000000 -1.000000 0.000000
vn 0.000000 -1.000000 0.000000
vn 0.000000 -1.000000 0.000000
vn 0.000000 -1.000000 0.000000
vn 0.000000 -1.000000 0.000000
vn 0.000000 -1.000000 0.000000
vn 0.000000 -1.000000 0.000000
vn 0.000000 -1.000000 0.000000
vn 0.000000 -1.000000 0.000000
vn 0.000000 -1.000000 0.000000
vn 0.000000 -1.000000 0.000000
vn 0.000000 -1.000000 0.000000
vn 0.000000 -1.000000 0.000000
vn 0.000000 -1.000000 0.000000
vn 0.000000 -1.000000 0.000000
vn 0.000000 -1.000000 0.000000
vn 0.000000 -1.000000 0.000000
vn 0.000000 -1.000000 0.000000
vn 0.000000 -1.000000 0.000000
vn 0.000000 -1.000000 0.000000
vn 0.000000 -1.000000 0.000000
vn 0.000000 -1.000000 0.000000
vn 0.000000 -1.000000 0.000000
vn 0.000000 -1.000000 0.000000
vn 0.000000 -1.000000 0.000000
vn 0.000000 -1.000000 0.000000
vn 0.000000 -1.000000 0.000000
vn 0.000000 -1.000000 0.000000
vn 0.000000 -1.000000 0.000000
vn 0.000000 -1.000000 0.000000
vn 0.000000 -1.000000 0.000000
vn 0.000000 -1.000000 0.000000
vn 0.000000 -1.000000 0.000000
vn 0.000000 -1.000000 0.000000
vn 0.000000 -1.000000 0.000000
vn 0.000000 -1.000000 0.000000
vn 0.000000 -1.000000 0.000000
vn 0.000000 -1.000000 0.000000
vn 0.000000 -1.000000 0.000000
vn 0.000000 -1.000000 0.000000
vn 0.000000 -1.000000 0.000000
vn 0.000000 -1.000000 0.000000
vn 0.000000 -1.000000 0.000000
vn 0.000000 -1.000000 0.000000
vn 0.000000 -1.000000 0.000000
vn 0.000000 -1.000000 0.000000
vn 0.000000 -1.000000 0.000000
vn 0.000000 -1.000000 0.000000
vn 0.000000 -1.000000 0.000000
vn 0.000000 -1.000000 0.000000
vn 0.000000 -1.000000 0.000000
vn 0.000000 -1.000000 0.000000
vn 0.000000 -1.000000 0.000000
vn 0.000000 -1.000000 0.000000
vn 0.000000 -1.000000 0.000000
vn 0.000000 -1.000000 0.000000
vn 0.000000 -1.000000 0.000000
vn 0.000000 -1.000000 0.000000
vn 0.000000 -1.000000 0.000000
vn 0.000000 -1.000000 0.000000
vn 0.000000 -1.000000 0.000000
vn 0.000000 -1.000000 0.000000
vn 0.000000 -1.000000 0.000000
vn 0.000000 -1.000000 0.000000
vn 0.000000 -1.000000 0.000000
vn 0.000000 -1.000000 0.000000
vn 0.000000 -1.000000 0.000000
vn 0.000000 -1.000000 0.000000
vn 0.000000 -1.000000 0.000000
vn 0.000000 -1.000000 0.000000
vn 0.000000 -1.000000 0.000000
vn 0.000000 -1.000000 0.000000
vn 0.000000 -1.000000 0.000000
vn 0.000000 -1.000000 0.000000
vn 0.000000 -1.000000 0.000000
vn 0.000000 -1.000000 0.000000
vn 0.000000 -1.000000 0.000000
vn 0.000000 -1.000000 0.000000
vn 0.000000 -1.000000 0.000000
vn 0.000000 -1.000000 0.000000
vn 0.000000 -1.000000 0.000000
vn 0.000000 -1.000000 0.000000
vn 0.000000 -1.000000 0.000000
vn 0.000000 -1.000000 0.000000
vn 0.000000 -1.000000 0.000000
vn 0.000000 -1.000000 0.000000
vn 0.000000 -1.000000 0.000000
vn 0.000000 -1.000000 0.000000
vn 0.000000 -1.000000 0.000000
vn 0.000000 -1.000000 0.000000
vn 0.000000 -1.000000 0.000000
vn 0.000000 -1.000000 0.000000
vn 0.000000 -1.000000 0.000000
vn 0.000000 -1.000000 0.000000
vn 0.000000 -1.000000 0.000000
vn 0.000000 -1.000000 0.000000
vn 0.000000 -1.000000 0.000000
vn 0.000000 -1.000000 0.000000
vn 0.000000 -1.000000 0.000000
vn 0.000000 -1.000000 0.000000
vn 0.000000 -1.000000 0.000000
vn 0.000000 -1.000000 0.000000
vn 0.000000 -1.000000 0.000000
vn 0.000000 -1.000000 0.000000
vn 0.000000 -1.000000 0.000000
vn 0.000000 -1.000000 0.000000
vn 0.000000 -1.000000 0.000000
vn 0.000000 -1.000000 0.000000
vn 0.000000 -1.000000 0.000000
vn 0.000000 -1.000000 0.000000
vn 0.000000 -1.000000 0.000000
vn 0.000000 -1.000000 0.000000
vn 0.000000 -1.000000 0.000000
vn 0.000000 -1.000000 0.000000
vn 0.000000 -1.000000 0.000000
vn 0.000000 -1.000000 0.000000
vn 0.000000 -1.000000 0.000000
vn 0.000000 -1.000000 0.000000
vn 0.000000 -1.000000 0.000000
vn 0.000000 -1.000000 0.000000
vn 0.000000 -1.000000 0.000000
vn 0.000000 -1.000000 0.000000
vn 0.000000 -1.000000 0.000000
vn 0.000000 -1.000000 0.000000
vn 0.000000 -1.000000 0.000000
vn 0.000000 -1.000000 0.000000
vn 0.000000 -1.000000 0.000000
vn 0.000000 -1.000000 0.000000
vn 0.000000 -1.000000 0.000000
vn 0.000000 -1.000000 0.000000
vn 0.000000 -1.000000 0.000000
vn 0.000000 -1.000000 0.000000
vn 0.000000 -1.000000 0.000000
vn 0.000000 -1.000000 0.000000
vn 0.000000 -1.000000 0.000000
vn 0.000000 -1.000000 0.000000
vn 0.000000 -1.000000 0.000000
vn 0.000000 -1.000000 0.000000
vn 0.000000 -1.000000 0.000000
vn 0.000000 -1.000000 0.000000
vn 0.000000 -1.000000 0.000000
vn 0.000000 -1.000000 0.000000
vn 0.000000 -1.000000 0.000000
vn 0.000000 -1.000000 0.000000
vn 0.000000 -1.000000 0.000000
vn 0.000000 -1.000000 0.000000
vn 0.000000 -1.000000 0.000000
vn 0.000000 -1.000000 0.000000
vn 0.000000 -1.000000 0.000000
vn 0.000000 -1.000000 0.000000
vn 0.000000 -1.000000 0.000000
vn 0.000000 -1.000000 0.000000
vn 0.000000 -1.000000 0.000000
vn 0.000000 -1.000000 0.000000
vn 0.000000 -1.000000 0.000000
vn 0.000000 -1.000000 0.000000
vn 0.000000 -1.000000 0.000000
vn 0.000000 -1.000000 0.000000
vn 0.000000 -1.000000 0.000000
vn 0.000000 -1.000000 0.000000
vn 0.000000 -1.000000 0.000000
vn 0.000000 -1.000000 0.000000
vn 0.000000 -1.000000 0.000000
vn 0.000000 -1.000000 0.000000
vn 0.000000 -1.000000 0.000000
vn 0.000000 -1.000000 0.000000
vn 0.000000 -1.000000 0.000000
vn 0.000000 -1.000000 0.000000
vn 0.000000 -1.000000 0.000000
vn 0.000000 -1.000000 0.000000
vn 0.000000 -1.000000 0.000000
vn 0.000000 -1.000000 0.000000
vn 0.000000 -1.000000 0.000000
vn 0.000000 -1.000000 0.000000
vn 0.000000 -1.000000 0.000000
vn 0.000000 -1.000000 0.000000
vn 0.000000 -1.000000 0.000000
vn 0.000000 -1.000000 0.000000
vn 0.000000 -1.000000 0.000000
vn 0.000000 -1.000000 0.000000
vn 0.000000 -1.000000 0.000000
vn 0.000000 -1.000000 0.000000
vn 0.000000 -1.000000 0.000000
vn 0.000000 -1.000000 0.000000
vn 0.000000 -1.000000 0.000000
vn 0.000000 -1.000000 0.000000
vn 0.000000 -1.000000 0.000000
vn 0.000000 -1.000000 0.000000
vn 0.000000 -1.000000 0.000000
vn 0.000000 -1.000000 0.000000
vn 0.000000 -1.000000 0.000000
vn 0.000000 -1.000000 0.000000
vn 0.000000 -1.000000 0.000000
vn 0.000000 -1.000000 0.000000
vn 0.000000 -1.000000 0.000000
vn 0.000000 -1.000000 0.000000
vn 0.000000 -1.000000 0.000000
vn 0.000000 -1.000000 0.000000
vn 0.000000 -1.000000 0.000000
vn 0.000000 -1.000000 0.000000
vn 0.000000 -1.000000 0.000000
vn 0.000000 -1.000000 0.000000
vn 0.000000 -1.000000 0.000000
vn 0.000000 -1.000000 0.000000
vn 0.000000 -1.000000 0.000000
vn 0.000000 -1.000000 0.000000
vn 0.000000 -1.000000 0.000000
vn 0.000000 -1.000000 0.000000
vn 0.000000 -1.000000 0.000000
vn 0.000000 -1.000000 0.000000
vn 0.000000 -1.000000 0.000000
vn 0.000000 -1.000000 0.000000
vn 0.000000 -1.000000 0.000000
vn 0.000000 -1.000000 0.000000
vn 0.000000 -1.000000 0.000000
vn 0.000000 -1.000000 0.000000
vn 0.000000 -1.000000 0.000000
vn 0.000000 -1.000000 0.000000
vn 0.000000 -1.000000 0.000000
vn 0.000000 -1.000000 0.000000
vn 0.000000 -1.000000 0.000000
vn 0.000000 -1.000000 0.000000
vn 0.000000 -1.000000 0.000000
vn 0.000000 -1.000000 0.000000
vn 0.000000 -1.000000 0.000000
vn 0.000000 -1.000000 0.000000
vn 0.000000 -1.000000 0.000000
vn 0.000000 -1.000000 0.000000
vn 0.000000 -1.000000 0.000000
vn 0.000000 -1.000000 0.000000
vn 0.000000 -1.000000 0.000000
vn 0.000000 -1.000000 0.000000
vn 0.000000 -1.000000 0.000000
vn 0.000000 -1.000000 0.000000
vn 0.000000 -1.000000 0.000000
vn 0.000000 -1.000000 0.000000
vn 0.000000 -1.000000 0.000000
vn 0.000000 -1.000000 0.000000
vn 0.000000 -1.000000 0.000000
vn 0.000000 -1.000000 0.000000
vn 0.000000 -1.000000 0.000000
vn 0.000000 -1.000000 0.000000
vn 0.000000 -1.000000 0.000000
vn 0.000000 -1.000000 0.000000
vn 0.000000 -1.000000 0.000000
vn 0.000000 -1.000000 0.000000
vn 0.000000 -1.000000 0.000000
vn 0.000000 -1.000000 0.000000
vn 0.000000 -1.000000 0.000000
vn 0.000000 -1.000000 0.000000
vn 0.000000 -1.000000 0.000000
vn 0.000000 -1.000000 0.000000
vn 0.000000 -1.000000 0.000000
vn 0.000000 -1.000000 0.000000
vn 0.000000 -1.000000 0.000000
vn 0.000000 -1.000000 0.000000
vn 0.000000 -1.000000 0.000000
vn 0.000000 -1.000000 0.000000
vn 0.000000 -1.000000 0.000000
vn 0.000000 -1.000000 0.000000
vn 0.000000 -1.000000 0.000000
vn 0.000000 -1.000000 0.000000
vn 0.000000 -1.000000 0.000000
vn 0.000000 -1.000000 0.000000
vn 0.000000 -1.000000 0.000000
vn 0.000000 -1.000000 0.000000
vn 0.000000 -1.000000 0.000000
vn 0.000000 -1.000000 0.000000
vn 0.000000 -1.000000 0.000000
vn 0.000000 -1.000000 0.000000
vn 0.000000 -1.000000 0.000000
vn 0.000000 -1.000000 0.000000
vn 0.000000 -1.000000 0.000000
vn 0.000000 -1.000000 0.000000
vn 0.000000 -1.000000 0.000000
vn 0.000000 -1.000000 0.000000
vn 0.000000 -1.000000 0.000000
vn 0.000000 -1.000000 0.000000
vn 0.000000 -1.000000 0.000000
vn 0.000000 -1.000000 0.000000
vn 0.000000 -1.000000 0.000000
vn 0.000000 -1.000000 0.000000
vn 0.000000 -1.000000 0.000000
vn 0.000000 -1.000000 0.000000
vn 0.000000 -1.000000 0.000000
vn 0.000000 -1.000000 0.000000
vn 0.000000 -1.000000 0.000000
vn 0.000000 -1.000000 0.000000
vn 0.000000 -1.000000 0.000000
vn 0.000000 -1.000000 0.000000
vn 0.000000 -1.000000 0.000000
vn 0.000000 -1.000000 0.000000
vn 0.000000 -1.000000 0.000000
vn 0.000000 -1.000000 0.000000
vn 0.000000 -1.000000 0.000000
vn 0.000000 -1.000000 0.000000
vn 0.000000 -1.000000 0.000000
vn 0.000000 -1.000000 0.000000
vn 0.000000 -1.000000 0.000000
vn 0.000000 -1.000000 0.000000
vn 0.000000 -1.000000 0.000000
vn 0.000000 -1.000000 0.000000
vn 0.000000 -1.000000 0.000000
vn 0.000000 -1.000000 0.000000
vn 0.000000 -1.000000 0.000000
vn 0.000000 -1.000000 0.000000
vn 0.000000 -1.000000 0.000000
vn 0.000000 -1.000000 0.000000
vn 0.000000 -1.000000 0.000000
vn 0.000000 -1.000000 0.000000
vn 0.000000 -1.000000 0.000000
vn 0.000000 -1.000000 0.000000
vn 0.000000 -1.000000 0.000000
vn 0.000000 -1.000000 0.000000
vn 0.000000 -1.000000 0.000000
vn 0.000000 -1.000000 0.000000
vn 0.000000 -1.000000 0.000000
vn 0.000000 -1.000000 0.000000
vn 0.000000 -1.000000 0.000000
vn 0.000000 -1.000000 0.000000
vn 0.000000 -1.000000 0.000000
vn 0.000000 -1.000000 0.000000
vn 0.000000 -1.000000 0.000000
vn 0.000000 -1.000000 0.000000
vn 0.000000 -1.000000 0.000000
vn 0.000000 -1.000000 0.000000
vn 0.000000 -1.000000 0.000000
vn 0.000000 -1.000000 0.000000
vn 0.000000 -1.000000 0.000000
vn 0.000000 -1.000000 0.000000
vn 0.000000 -1.000000 0.000000
vn 0.000000 -1.000000 0.000000
vn 0.000000 -1.000000 0.000000
vn 0.000000 -1.000000 0.000000
vn 0.000000 -1.000000 0.000000
vn 0.000000 -1.000000 0.000000
vn 0.000000 -1.000000 0.000000
vn 0.000000 -1.000000 0.000000
vn 0.000000 -1.000000 0.000000
vn 0.000000 -1.000000 0.000000
vn 0.000000 -1.000000 0.000000
vn 0.000000 -1.000000 0.000000
vn 0.000000 -1.000000 0.000000
vn 0.000000 -1.000000 0.000000
vn 0.000000 -1.000000 0.000000
vn 0.000000 -1.000000 0.000000
vn 0.000000 -1.000000 0.000000
vn 0.000000 -1.000000 0.000000
vn 0.000000 -1.000000 0.000000
vn 0.000000 -1.000000 0.000000
vn 0.000000 -1.000000 0.000000
vn 0.000000 -1.000000 0.000000
vn 0.000000 -1.000000 0.000000
vn 0.000000 -1.000000 0.000000
vn 0.000000 -1.000000 0.000000
vn 0.000000 -1.000000 0.000000
vn 0.000000 -1.000000 0.000000
vn 0.000000 -1.000000 0.000000
vn 0.000000 -1.000000 0.000000
vn 0.000000 -1.000000 0.000000
vn 0.000000 -1.000000 0.000000
vn 0.000000 -1.000000 0.000000
vn 0.000000 -1.000000 0.000000
vn 0.000000 -1.000000 0.000000
vn 0.000000 -1.000000 0.000000
vn 0.000000 -1.000000 0.000000
vn 0.000000 -1.000000 0.000000
vn 0.000000 -1.000000 0.000000
vn 0.000000 -1.000000 0.000000
vn 0.000000 -1.000000 0.000000
vn 0.000000 -1.000000 0.000000
vn 0.000000 -1.000000 0.000000
vn 0.000000 -1.000000 0.000000
vn 0.000000 -1.000000 0.000000
vn 0.000000 -1.000000 0.000000
vn 0.000000 -1.000000 0.000000
vn 0.000000 -1.000000 0.000000
vn 0.000000 -1.000000 0.000000
vn 0.000000 -1.000000 0.000000
vn 0.000000 -1.000000 0.000000
vn 0.000000 -1.000000 0.000000
vn 0.000000 -1.000000 0.000000
vn 0.000000 -1.000000 0.000000
vn 0.000000 -1.000000 0.000000
vn 0.000000 -1.000000 0.000000
vn 0.000000 -1.000000 0.000000
vn 0.000000 -1.000000 0.000000
vn 0.000000 -1.000000 0.000000
vn 0.000000 -1.000000 0.000000
vn 0.000000 -1.000000 0.000000
vn 0.000000 -1.000000 0.000000
vn 0.000000 -1.000000 0.000000
vn 0.000000 -1.000000 0.000000
vn 0.000000 -1.000000 0.000000
vn 0.000000 -1.000000 0.000000
vn 0.000000 -1.000000 0.000000
vn 0.000000 -1.000000 0.000000
vn 0.000000 -1.000000 0.000000
vn 0.000000 -1.000000 0.000000
vn 0.000000 -1.000000 0.000000
vn 0.000000 -1.000000 0.000000
vn 0.000000 -1.000000 0.000000
vn 0.000000 -1.000000 0.000000
vn 0.000000 -1.000000 0.000000
vn 0.000000 -1.000000 0.000000
vn 0.000000 -1.000000 0.000000
vn 0.000000 -1.000000 0.000000
vn 0.000000 -1.000000 0.000000
vn 0.000000 -1.000000 0.000000
vn 0.000000 -1.000000 0.000000
vn 0.000000 -1.000000 0.000000
vn 0.000000 -1.000000 0.000000
vn 0.000000 -1.000000 0.000000
vn 0.000000 -1.000000 0.000000
vn 0.000000 -1.000000 0.000000
vn 0.000000 -1.000000 0.000000
vn 0.000000 -1.000000 0.000000
vn 0.000000 -1.000000 0.000000
vn 0.000000 -1.000000 0.000000
vn 0.000000 -1.000000 0.000000
vn 0.000000 -1.000000 0.000000
vn 0.000000 -1.000000 0.000000
vn 0.000000 -1.000000 0.000000
vn 0.000000 -1.000000 0.000000
vn 0.000000 -1.000000 0.000000
vn 0.000000 -1.000000 0.000000
vn 0.000000 -1.000000 0.000000
vn 0.000000 -1.000000 0.000000
vn 0.000000 -1.000000 0.000000
vn 0.000000 -1.000000 0.000000
vn 0.000000 -1.000000 0.000000
vn 0.000000 -1.000000 0.000000
vn 0.000000 -1.000000 0.000000
vn 0.000000 -1.000000 0.000000
vn 0.000000 -1.000000 0.000000
vn 0.000000 -1.000000 0.000000
vn 0.000000 -1.000000 0.000000
vn 0.000000 -1.000000 0.000000
vn 0.000000 -1.000000 0.000000
vn 0.000000 -1.000000 0.000000
vn 0.000000 -1.000000 0.000000
vn 0.000000 -1.000000 0.000000
vn 0.000000 -1.000000 0.000000
vn 0.000000 -1.000000 0.000000
vn 0.000000 -1.000000 0.000000
vn 0.000000 -1.000000 0.000000
vn 0.000000 -1.000000 0.000000
vn 0.000000 -1.000000 0.000000
vn 0.000000 -1.000000 0.000000
vn 0.000000 -1.000000 0.000000
vn 0.000000 -1.000000 0.000000
vn 0.000000 -1.000000 0.000000
vn 0.000000 -1.000000 0.000000
vn 0.000000 -1.000000 0.000000
vn 0.000000 -1.000000 0.000000
vn 0.000000 -1.000000 0.000000
vn 0.000000 -1.000000 0.000000
vn 0.000000 -1.000000 0.000000
vn 0.000000 -1.000000 0.000000
vn 0.000000 -1.000000 0.000000
vn 0.000000 -1.000000 0.000000
vn 0.000000 -1.000000 0.000000
vn 0.000000 -1.000000 0.000000
vn 0.000000 -1.000000 0.000000
vn 0.000000 -1.000000 0.000000
vn 0.000000 -1.000000 0.000000
vn 0.000000 -1.000000 0.000000
vn 0.000000 -1.000000 0.000000
vn 0.000000 -1.000000 0.000000
vn 0.000000 -1.000000 0.000000
vn 0.000000 -1.000000 0.000000
vn 0.000000 -1.000000 0.000000
vn 0.000000 -1.000000 0.000000
vn 0.000000 -1.000000 0.000000
vn 0.000000 -1.000000 0.000000
vn 0.000000 -1.000000 0.000000
vn 0.000000 -1.000000 0.000000
vn 0.000000 -1.000000 0.000000
vn 0.000000 -1.000000 0.000000
vn 0.000000 -1.000000 0.000000
vn 0.000000 -1.000000 0.000000
vn 0.000000 -1.000000 0.000000
vn 0.000000 -1.000000 0.000000
vn 0.000000 -1.000000 0.000000
vn 0.000000 -1.000000 0.000000
vn 0.000000 -1.000000 0.000000
vn 0.000000 -1.000000 0.000000
vn 0.000000 -1.000000 0.000000
vn 0.000000 -1.000000 0.000000
vn 0.000000 -1.000000 0.000000
vn 0.000000 -1.000000 0.000000
vn 0.000000 -1.000000 0.000000
vn 0.000000 -1.000000 0.000000
vn 0.000000 -1.000000 0.000000
vn 0.000000 -1.000000 0.000000
vn 0.000000 -1.000000 0.000000
vn 0.000000 -1.000000 0.000000
vn 0.000000 -1.000000 0.000000
vn 0.000000 -1.000000 0.000000
vn 0.000000 -1.000000 0.000000
vn 0.000000 -1.000000 0.000000
vn 0.000000 -1.000000 0.000000
vn 0.000000 -1.000000 0.000000
vn 0.000000 -1.000000 0.000000
vn 0.000000 -1.000000 0.000000
vn 0.000000 -1.000000 0.000000
vn 0.000000 -1.000000 0.000000
vn 0.000000 -1.000000 0.000000
vn 0.000000 -1.000000 0.000000
vn 0.000000 -1.000000 0.000000
vn 0.000000 -1.000000 0.000000
vn 0.000000 -1.000000 0.000000
vn 0.000000 -1.000000 0.000000
vn 0.000000 -1.000000 0.000000
vn 0.000000 -1.000000 0.000000
vn 0.000000 -1.000000 0.000000
vn 0.000000 -1.000000 0.000000
vn 0.000000 -1.000000 0.000000
vn 0.000000 -1.000000 0.000000
vn 0.000000 -1.000000 0.000000
vn 0.000000 -1.000000 0.000000
vn 0.000000 -1.000000 0.000000
vn 0.000000 -1.000000 0.000000
vn 0.000000 -1.000000 0.000000
vn 0.000000 -1.000000 0.000000
vn 0.000000 -1.000000 0.000000
vn 0.000000 -1.000000 0.000000
vn 0.000000 -1.000000 0.000000
vn 0.000000 -1.000000 0.000000
vn 0.000000 -1.000000 0.000000
vn 0.000000 -1.000000 0.000000
vn 0.000000 -1.000000 0.000000
vn 0.000000 -1.000000 0.000000
vn 0.000000 -1.000000 0.000000
vn 0.000000 -1.000000 0.000000
vn 0.000000 -1.000000 0.000000
vn 0.000000 -1.000000 0.000000
vn 0.000000 -1.000000 0.000000
vn 0.000000 -1.000000 0.000000
vn 0.000000 -1.000000 0.000000
vn 0.000000 -1.000000 0.000000

g SaturnRings
s 1
f 1/1/1 146/146/146 147/147/147
f 1/1/1 147/147/147 2/2/2
f 2/2/2 147/147/147 148/148/148
f 2/2/2 148/148/148 3/3/3
f 3/3/3 148/148/148 149/149/149
f 3/3/3 149/149/149 4/4/4
f 4/4/4 149/149/149 150/150/150
f 4/4/4 150/150/150 5/5/5
f 5/5/5 150/150/150 151/151/151
f 5/5/5 151/151/151 6/6/6
f 6/6/6 151/151/151 152/152/152
f 6/6/6 152/152/152 7/7/7
f 7/7/7 152/152/152 153/153/153
f 7/7/7 153/153/153 8/8/8
f 8/8/8 153/153/153 154/154/154
f 8/8/8 154/154/154 9/9/9
f 9/9/9 154/154/154 155/155/155
f 9/9/9 155/155/155 10/10/10
f 10/10/10 155/155/155 156/156/156
f 10/10/10 156/156/156 11/11/11
f 11/11/11 156/156/156 157/157/157
f 11/11/11 157/157/157 12/12/12
f 12/12/12 157/157/157 158/158/158
f 12/12/12 158/158/158 13/13/13
f 13/13/13 158/158/158 159/159/159
f 13/13/13 159/159/159 14/14/14
f 14/14/14 159/159/159 160/160/160
f 14/14/14 160/160/160 15/15/15
f 15/15/15 160/160/160 161/161/161
f 15/15/15 161/161/161 16/16/16
f 16/16/16 161/161/161 162/162/162
f 16/16/16 162/162/162 17/17/17
f 17/17/17 162/162/162 163/163/163
f 17/17/17 163/163/163 18/18/18
f 18/18/18 163/163/163 164/164/164
f 18/18/18 164/164/164 19/19/19
f 19/19/19 164/164/164 165/165/165
f 19/19/19 165/165/165 20/20/20
f 20/20/20 165/165/165 166/166/166
f 20/20/20 166/166/166 21/21/21
f 21/21/21 166/166/166 167/167/167
f 21/21/21 167/167/167 22/22/22
f 22/22/22 167/167/167 168/168/168
f 22/22/22 168/168/168 23/23/23
f 23/23/23 168/168/168 169/169/169
f 23/23/23 169/169/169 24/24/24
f 24/24/24 169/169/169 170/170/170
f 24/24/24 170/170/170 25/25/25
f 25/25/25 170/170/170 171/171/171
f 25/25/25 171/171/171 26/26/26
f 26/26/26 171/171/171 172/172/172
f 26/26/26 172/172/172 27/27/27
f 27/27/27 172/172/172 173/173/173
f 27/27/27 173/173/173 28/28/28
f 28/28/28 173/173/173 174/174/174
f 28/28/28 174/174/174 29/29/29
f 29/29/29 174/174/174 175/175/175
f 29/29/29 175/175/175 30/30/30
f 30/30/30 175/175/175 176/176/176
f 30/30/30 176/176/176 31/31/31
f 31/31/31 176/176/176 177/177/177
f 31/31/31 177/177/177 32/32/32
f 32/32/32 177/177/177 178/178/178
f 32/32/32 178/178/178 33/33/33
f 33/33/33 178/178/178 179/179/179
f 33/33/33 179/179/179 34/34/34
f 34/34/34 179/179/179 180/180/180
f 34/34/34 180/180/180 35/35/35
f 35/35/35 180/180/180 181/181/181
f 35/35/35 181/181/181 36/36/36
f 36/36/36 181/181/181 182/182/182
f 36/36/36 182/182/182 37/37/37
f 37/37/37 182/182/182 183/183/183
f 37/37/37 183/183/183 38/38/38
f 38/38/38 183/183/183 184/184/184
f 38/38/38 184/184/184 39/39/39
f 39/39/39 184/184/184 185/185/185
f 39/39/39 185/185/185 40/40/40
f 40/40/40 185/185/185 186/186/186
f 40/40/40 186/186/186 41/41/41
f 41/41/41 186/186/186 187/187/187
f 41/41/41 187/187/187 42/42/42
f 42/42/42 187/187/187 188/188/188
f 42/42/42 188/188/188 43/43/43
f 43/43/43 188/188/188 189/189/189
f 43/43/43 189/189/189 44/44/44
f 44/44/44 189/189/189 190/190/190
f 44/44/44 190/190/190 45/45/45
f 45/45/45 190/190/190 191/191/191
f 45/45/45 191/191/191 46/46/46
f 46/46/46 191/191/191 192/192/192
f 46/46/46 192/192/192 47/47/47
f 47/47/47 192/192/192 193/193/193
f 47/47/47 193/193/193 48/48/48
f 48/48/48 193/193/193 194/194/194
f 48/48/48 194/194/194 49/49/49
f 49/49/49 194/194/194 195/195/195
f 49/49/49 195/195/195 50/50/50
f 50/50/50 195/195/195 196/196/196
f 50/50/50 196/196/196 51/51/51
f 51/51/51 196/196/196 197/197/197
f 51/51/51 197/197/197 52/52/52
f 52/52/52 197/197/197 198/198/198
f 52/52/52 198/198/198 53/53/53
f 53/53/53 198/198/198 199/199/199
f 53/53/53 199/199/199 54/54/54
f 54/54/54 199/199/199 200/200/200
f 54/54/54 200/200/200 55/55/55
f 55/55/55 200/200/200 201/201/201
f 55/55/55 201/201/201 56/56/56
f 56/56/56 201/201/201 202/202/202
f 56/56/56 202/202/202 57/57/57
f 57/57/57 202/202/202 203/203/203
f 57/57/57 203/203/203 58/58/58
f 58/58/58 203/203/203 204/204/204
f 58/58/58 204/204/204 59/59/59
f 59/59/59 204/204/204 205/205/205
f 59/59/59 205/205/205 60/60/60
f 60/60/60 205/205/205 206/206/206
f 60/60/60 206/206/206 61/61/61
f 61/61/61 206/206/206 207/207/207
f 61/61/61 207/207/207 62/62/62
f 62/62/62 207/207/207 208/208/208
f 62/62/62 208/208/208 63/63/63
f 63/63/63 208/208/208 209/209/209
f 63/63/63 209/209/209 64/64/64
f 64/64/64 209/209/209 210/210/210
f 64/64/64 210/210/210 65/65/65
f 65/65/65 210/210/210 211/211/211
f 65/65/65 211/211/211 66/66/66
f 66/66/66 211/211/211 212/212/212
f 66/66/66 212/212/212 67/67/67
f 67/67/67 212/212/212 213/213/213
f 67/67/67 213/213/213 68/68/68
f 68/68/68 213/213/213 214/214/214
f 68/68/68 214/214/214 69/69/69
f 69/69/69 214/214/214 215/215/215
f 69/69/69 215/215/215 70/70/70
f 70/70/70 215/215/215 216/216/216
f 70/70/70 216/216/216 71/71/71
f 71/71/71 216/216/216 217/217/217
f 71/71/71 217/217/217 72/72/72
f 72/72/72 217/217/217 218/218/218
f 72/72/72 218/218/218 73/73/73
f 73/73/73 218/218/218 219/219/219
f 73/73/73 219/219/219 74/74/74
f 74/74/74 219/219/219 220/220/220
f 74/74/74 220/220/220 75/75/75
f 75/75/75 220/220/220 221/221/221
f 75/75/75 221/221/221 76/76/76
f 76/76/76 221/221/221 222/222/222
f 76/76/76 222/222/222 77/77/77
f 77/77/77 222/222/222 223/223/223
f 77/77/77 223/223/223 78/78/78
f 78/78/78 223/223/223 224/224/224
f 78/78/78 224/224/224 79/79/79
f 79/79/79 224/224/224 225/225/225
f 79/79/79 225/225/225 80/80/80
f 80/80/80 225/225/225 226/226/226
f 80/80/80 226/226/226 81/81/81
f 81/81/81 226/226/226 227/227/227
f 81/81/81 227/227/227 82/82/82
f 82/82/82 227/227/227 228/228/228
f 82/82/82 228/228/228 83/83/83
f 83/83/83 228/228/228 229/229/229
f 83/83/83 229/229/229 84/84/84
f 84/84/84 229/229/229 230/230/230
f 84/84/84 230/230/230 85/85/85
f 85/85/85 230/230/230 231/231/231
f 85/85/85 231/231/231 86/86/86
f 86/86/86 231/231/231 232/232/232
f 86/86/86 232/232/232 87/87/87
f 87/87/87 232/232/232 233/233/233
f 87/87/87 233/233/233 88/88/88
f 88/88/88 233/233/233 234/234/234
f 88/88/88 234/234/234 89/89/89
f 89/89/89 234/234/234 235/235/235
f 89/89/89 235/235/235 90/90/90
f 90/90/90 235/235/235 236/236/236
f 90/90/90 236/236/236 91/91/91
f 91/91/91 236/236/236 237/237/237
f 91/91/91 237/237/237 92/92/92
f 92/92/92 237/237/237 238/238/238
f 92/92/92 238/238/238 93/93/93
f 93/93/93 238/238/238 239/239/239
f 93/93/93 239/239/239 94/94/94
f 94/94/94 239/239/239 240/240/240
f 94/94/94 240/240/240 95/95/95
f 95/95/95 240/240/240 241/241/241
f 95/95/95 241/241/241 96/96/96
f 96/96/96 241/241/241 242/242/242
f 96/96/96 242/242/242 97/97/97
f 97/97/97 242/242/242 243/243/243
f 97/97/97 243/243/243 98/98/98
f 98/98/98 243/243/243 244/244/244
f 98/98/98 244/244/244 99/99/99
f 99/99/99 244/244/244 245/245/245
f 99/99/99 245/245/245 100/100/100
f 100/100/100 245/245/245 246/246/246
f 100/100/100 246/246/246 101/101/101
f 101/101/101 246/246/246 247/247/247
f 101/101/101 247/247/247 102/102/102
f 102/102/102 247/247/247 248/248/248
f 102/102/102 248/248/248 103/103/103
f 103/103/103 248/248/248 249/249/249
f 103/103/103 249/249/249 104/104/104
f 104/104/104 249/249/249 250/250/250
f 104/104/104 250/250/250 105/105/105
f 105/105/105 250/250/250 251/251/251
f 105/105/105 251/251/251 106/106/106
f 106/106/106 251/251/251 252/252/252
f 106/106/106 252/252/252 107/107/107
f 107/107/107 252/252/252 253/253/253
f 107/107/107 253/253/253 108/108/108
f 108/108/108 253/253/253 254/254/254
f 108/108/108 254/254/254 109/109/109
f 109/109/109 254/254/254 255/255/255
f 109/109/109 255/255/255 110/110/110
f 110/110/110 255/255/255 256/256/256
f 110/110/110 256/256/256 111/111/111
f 111/111/111 256/256/256 257/257/257
f 111/111/111 257/257/257 112/112/112
f 112/112/112 257/257/257 258/258/258
f 112/112/112 258/258/258 113/113/113
f 113/113/113 258/258/258 259/259/259
f 113/113/113 259/259/259 114/114/114
f 114/114/114 259/259/259 260/260/260
f 114/114/114 260/260/260 115/115/115
f 115/115/115 260/260/260 261/261/261
f 115/115/115 261/261/261 116/116/116
f 116/116/116 261/261/261 262/262/262
f 116/116/116 262/262/262 117/117/117
f 117/117/117 262/262/262 263/263/263
f 117/117/117 263/263/263 118/118/118
f 118/118/118 263/263/263 264/264/264
f 118/118/118 264/264/264 119/119/119
f 119/119/119 264/264/264 265/265/265
f 119/119/119 265/265/265 120/120/120
f 120/120/120 265/265/265 266/266/266
f 120/120/120 266/266/266 121/121/121
f 121/121/121 266/266/266 267/267/267
f 121/121/121 267/267/267 122/122/122
f 122/122/122 267/267/267 268/268/268
f 122/122/122 268/268/268 123/123/123
f 123/123/123 268/268/268 269/269/269
f 123/123/123 269/269/269 124/124/124
f 124/124/124 269/269/269 270/270/270
f 124/124/124 270/270/270 125/125/125
f 125/125/125 270/270/270 271/271/271
f 125/125/125 271/271/271 126/126/126
f 126/126/126 271/271/271 272/272/272
f 126/126/126 272/272/272 127/127/127
f 127/127/127 272/272/272 273/273/273
f 127/127/127 273/273/273 128/128/128
f 128/128/128 273/273/273 274/274/274
f 128/128/128 274/274/274 129/129/129
f 129/129/129 274/274/274 275/275/275
f 129/129/129 275/275/275 130/130/130
f 130/130/130 275/275/275 276/276/276
f 130/130/130 276/276/276 131/131/131
f 131/131/131 276/276/276 277/277/277
f 131/131/131 277/277/277 132/132/132
f 132/132/132 277/277/277 278/278/278
f 132/132/132 278/278/278 133/133/133
f 133/133/133 278/278/278 279/279/279
f 133/133/133 279/279/279 134/134/134
f 134/134/134 279/279/279 280/280/280
f 134/134/134 280/280/280 135/135/135
f 135/135/135 280/280/280 281/281/281
f 135/135/135 281/281/281 136/136/136
f 136/136/136 281/281/281 282/282/282
f 136/136/136 282/282/282 137/137/137
f 137/137/137 282/282/282 283/283/283
f 137/137/137 283/283/283 138/138/138
f 138/138/138 283/283/283 284/284/284
f 138/138/138 284/284/284 139/139/139
f 139/139/139 284/284/284 285/285/285
f 139/139/139 285/285/285 140/140/140
f 140/140/140 285/285/285 286/286/286
f 140/140/140 286/286/286 141/141/141
f 141/141/141 286/286/286 287/287/287
f 141/141/141 287/287/287 142/142/142
f 142/142/142 287/287/287 288/288/288
f 142/142/142 288/288/288 143/143/143
f 143/143/143 288/288/288 289/289/289
f 143/143/143 289/289/289 144/144/144
f 144/144/144 289/289/289 290/290/290
f 144/144/144 290/290/290 145/145/145
f 146/146/146 291/291/291 292/292/292
f 146/146/146 292/292/292 147/147/147
f 147/147/147 292/292/292 293/293/293
f 147/147/147 293/293/293 148/148/148
f 148/148/148 293/293/293 294/294/294
f 148/148/148 294/294/294 149/149/149
f 149/149/149 294/294/294 295/295/295
f 149/149/149 295/295/295 150/150/150
f 150/150/150 295/295/295 296/296/296
f 150/150/150 296/296/296 151/151/151
f 151/151/151 296/296/296 297/297/297
f 151/151/151 297/297/297 152/152/152
f 152/152/152 297/297/297 298/298/298
f 152/152/152 298/298/298 153/153/153
f 153/153/153 298/298/298 299/299/299
f 153/153/153 299/299/299 154/154/154
f 154/154/154 299/299/299 300/300/300
f 154/154/154 300/300/300 155/155/155
f 155/155/155 300/300/300 301/301/301
f 155/155/155 301/301/301 156/156/156
f 156/156/156 301/301/301 302/302/302
f 156/156/156 302/302/302 157/157/157
f 157/157/157 302/302/302 303/303/303
f 157/157/157 303/303/303 158/158/158
f 158/158/158 303/303/303 304/304/304
f 158/158/158 304/304/304 159/159/159
f 159/159/159 304/304/304 305/305/305
f 159/159/159 305/305/305 160/160/160
f 160/160/160 305/305/305 306/306/306
f 160/160/160 306/306/306 161/161/161
f 161/161/161 306/306/306 307/307/307
f 161/161/161 307/307/307 162/162/162
f 162/162/162 307/307/307 308/308/308
f 162/162/162 308/308/308 163/163/163
f 163/163/163 308/308/308 309/309/309
f 163/163/163 309/309/309 164/164/164
f 164/164/164 309/309/309 310/310/310
f 164/164/164 310/310/310 165/165/165
f 165/165/165 310/310/310 311/311/311
f 165/165/165 311/311/311 166/166/166
f 166/166/166 311/311/311 312/312/312
f 166/166/166 312/312/312 167/167/167
f 167/167/167 312/312/312 313/313/313
f 167/167/167 313/313/313 168/168/168
f 168/168/168 313/313/313 314/314/314
f 168/168/168 314/314/314 169/169/169
f 169/169/169 314/314/314 315/315/315
f 169/169/169 315/315/315 170/170/170
f 170/170/170 315/315/315 316/316/316
f 170/170/170 316/316/316 171/171/171
f 171/171/171 316/316/316 317/317/317
f 171/171/171 317/317/317 172/172/172
f 172/172/172 317/317/317 318/318/318
f 172/172/172 318/318/318 173/173/173
f 173/173/173 318/318/318 319/319/319
f 173/173/173 319/319/319 174/174/174
f 174/174/174 319/319/319 320/320/320
f 174/174/174 320/320/320 175/175/175
f 175/175/175 320/320/320 321/321/321
f 175/175/175 321/321/321 176/176/176
f 176/176/176 321/321/321 322/322/322
f 176/176/176 322/322/322 177/177/177
f 177/177/177 322/322/322 323/323/323
f 177/177/177 323/323/323 178/178/178
f 178/178/178 323/323/323 324/324/324
f 178/178/178 324/324/324 179/179/179
f 179/179/179 324/324/324 325/325/325
f 179/179/179 325/325/325 180/180/180
f 180/180/180 325/325/325 326/326/326
f 180/180/180 326/326/326 181/181/181
f 181/181/181 326/326/326 327/327/327
f 181/181/181 327/327/327 182/182/182
f 182/182/182 327/327/327 328/328/328
f 182/182/182 328/328/328 183/183/183
f 183/183/183 328/328/328 329/329/329
f 183/183/183 329/329/329 184/184/184
f 184/184/184 329/329/329 330/330/330
f 184/184/184 330/330/330 185/185/185
f 185/185/185 330/330/330 331/331/331
f 185/185/185 331/331/331 186/186/186
f 186/186/186 331/331/331 332/332/332
f 186/186/186 332/332/332 187/187/187
f 187/187/187 332/332/332 333/333/333
f 187/187/187 333/333/333 188/188/188
f 188/188/188 333/333/333 334/334/334
f 188/188/188 334/334/334 189/189/189
f 189/189/189 334/334/334 335/335/335
f 189/189/189 335/335/335 190/190/190
f 190/190/190 335/335/335 336/336/336
f 190/190/190 336/336/336 191/191/191
f 191/191/191 336/336/336 337/337/337
f 191/191/191 337/337/337 192/192/192
f 192/192/192 337/337/337 338/338/338
f 192/192/192 338/338/338 193/193/193
f 193/193/193 338/338/338 339/339/339
f 193/193/193 339/339/339 194/194/194
f 194/194/194 339/339/339 340/340/340
f 194/194/194 340/340/340 195/195/195
f 195/195/195 340/340/340 341/341/341
f 195/195/195 341/341/341 196/196/196
f 196/196/196 341/341/341 342/342/342
f 196/196/196 342/342/342 197/197/197
f 197/197/197 342/342/342 343/343/343
f 197/197/197 343/343/343 198/198/198
f 198/198/198 343/343/343 344/344/344
f 198/198/198 344/344/344 199/199/199
f 199/199/199 344/344/344 345/345/345
f 199/199/199 345/345/345 200/200/200
f 200/200/200 345/345/345 346/346/346
f 200/200/200 346/346/346 201/201/201
f 201/201/201 346/346/346 347/347/347
f 201/201/201 347/347/347 202/202/202
f 202/202/202 347/347/347 348/348/348
f 202/202/202 348/348/348 203/203/203
f 203/203/203 348/348/348 349/349/349
f 203/203/203 349/349/349 204/204/204
f 204/204/204 349/349/349 350/350/350
f 204/204/204 350/350/350 205/205/205
f 205/205/205 350/350/350 351/351/351
f 205/205/205 351/351/351 206/206/206
f 206/206/206 351/351/351 352/352/352
f 206/206/206 352/352/352 207/207/207
f 207/207/207 352/352/352 353/353/353
f 207/207/207 353/353/353 208/208/208
f 208/208/208 353/353/353 354/354/354
f 208/208/208 354/354/354 209/209/209
f 209/209/209 354/354/354 355/355/355
f 209/209/209 355/355/355 210/210/210
f 210/210/210 355/355/355 356/356/356
f 210/210/210 356/356/356 211/211/211
f 211/211/211 356/356/356 357/357/357
f 211/211/211 357/357/357 212/212/212
f 212/212/212 357/357/357 358/358/358
f 212/212/212 358/358/358 213/213/213
f 213/213/213 358/358/358 359/359/359
f 213/213/213 359/359/359 214/214/214
f 214/214/214 359/359/359 360/360/360
f 214/214/214 360/360/360 215/215/215
f 215/215/215 360/360/360 361/361/361
f 215/215/215 361/361/361 216/216/216
f 216/216/216 361/361/361 362/362/362
f 216/216/216 362/362/362 217/217/217
f 217/217/217 362/362/362 363/363/363
f 217/217/217 363/363/363 218/218/218
f 218/218/218 363/363/363 364/364/364
f 218/218/218 364/364/364 219/219/219
f 219/219/219 364/364/364 365/365/365
f 219/219/219 365/365/365 220/220/220
f 220/220/220 365/365/365 366/366/366
f 220/220/220 366/366/366 221/221/221
f 221/221/221 366/366/366 367/367/367
f 221/221/221 367/367/367 222/222/222
f 222/222/222 367/367/367 368/368/368
f 222/222/222 368/368/368 223/223/223
f 223/223/223 368/368/368 369/369/369
f 223/223/223 369/369/369 224/224/224
f 224/224/224 369/369/369 370/370/370
f 224/224/224 370/370/370 225/225/225
f 225/225/225 370/370/370 371/371/371
f 225/225/225 371/371/371 226/226/226
f 226/226/226 371/371/371 372/372/372
f 226/226/226 372/372/372 227/227/227
f 227/227/227 372/372/372 373/373/373
f 227/227/227 373/373/373 228/228/228
f 228/228/228 373/373/373 374/374/374
f 228/228/228 374/374/374 229/229/229
f 229/229/229 374/374/374 375/375/375
f 229/229/229 375/375/375 230/230/230
f 230/230/230 375/375/375 376/376/376
f 230/230/230 376/376/376 231/231/231
f 231/231/231 376/376/376 377/377/377
f 231/231/231 377/377/377 232/232/232
f 232/232/232 377/377/377 378/378/378
f 232/232/232 378/378/378 233/233/233
f 233/233/233 378/378/378 379/379/379
f 233/233/233 379/379/379 234/234/234
f 234/234/234 379/379/379 380/380/380
f 234/234/234 380/380/380 235/235/235
f 235/235/235 380/380/380 381/381/381
f 235/235/235 381/381/381 236/236/236
f 236/236/236 381/381/381 382/382/382
f 236/236/236 382/382/382 237/237/237
f 237/237/237 382/382/382 383/383/383
f 237/237/237 383/383/383 238/238/238
f 238/238/238 383/383/383 384/384/384
f 238/238/238 384/384/384 239/239/239
f 239/239/239 384/384/384 385/385/385
f 239/239/239 385/385/385 240/240/240
f 240/240/240 385/385/385 386/386/386
f 240/240/240 386/386/386 241/241/241
f 241/241/241 386/386/386 387/387/387
f 241/241/241 387/387/387 242/242/242
f 242/242/242 387/387/387 388/388/388
f 242/242/242 388/388/388 243/243/243
f 243/243/243 388/388/388 389/389/389
f 243/243/243 389/389/389 244/244/244
f 244/244/244 389/389/389 390/390/390
f 244/244/244 390/390/390 245/245/245
f 245/245/245 390/390/390 391/391/391
f 245/245/245 391/391/391 246/246/246
f 246/246/246 391/391/391 392/392/392
f 246/246/246 392/392/392 247/247/247
f 247/247/247 392/392/392 393/393/393
f 247/247/247 393/393/393 248/248/248
f 248/248/248 393/393/393 394/394/394
f 248/248/248 394/394/394 249/249/249
f 249/249/249 394/394/394 395/395/395
f 249/249/249 395/395/395 250/250/250
f 250/250/250 395/395/395 396/396/396
f 250/250/250 396/396/396 251/251/251
f 251/251/251 396/396/396 397/397/397
f 251/251/251 397/397/397 252/252/252
f 252/252/252 397/397/397 398/398/398
f 252/252/252 398/398/398 253/253/253
f 253/253/253 398/398/398 399/399/399
f 253/253/253 399/399/399 254/254/254
f 254/254/254 399/399/399 400/400/400
f 254/254/254 400/400/400 255/255/255
f 255/255/255 400/400/400 401/401/401
f 255/255/255 401/401/401 256/256/256
f 256/256/256 401/401/401 402/402/402
f 256/256/256 402/402/402 257/257/257
f 257/257/257 402/402/402 403/403/403
f 257/257/257 403/403/403 258/258/258
f 258/258/258 403/403/403 404/404/404
f 258/258/258 404/404/404 259/259/259
f 259/259/259 404/404/404 405/405/405
f 259/259/259 405/405/405 260/260/260
f 260/260/260 405/405/405 406/406/406
f 260/260/260 406/406/406 261/261/261
f 261/261/261 406/406/406 407/407/407
f 261/261/261 407/407/407 262/262/262
f 262/262/262 407/407/407 408/408/408
f 262/262/262 408/408/408 263/263/263
f 263/263/263 408/408/408 409/409/409
f 263/263/263 409/409/409 264/264/264
f 264/264/264 409/409/409 410/410/410
f 264/264/264 410/410/410 265/265/265
f 265/265/265 410/410/410 411/411/411
f 265/265/265 411/411/411 266/266/266
f 266/266/266 411/411/411 412/412/412
f 266/266/266 412/412/412 267/267/267
f 267/267/267 412/412/412 413/413/413
f 267/267/267 413/413/413 268/268/268
f 268/268/268 413/413/413 414/414/414
f 268/268/268 414/414/414 269/269/269
f 269/269/269 414/414/414 415/415/415
f 269/269/269 415/415/415 270/270/270
f 270/270/270 415/415/415 416/416/416
f 270/270/270 416/416/416 271/271/271
f 271/271/271 416/416/416 417/417/417
f 271/271/271 417/417/417 272/272/272
f 272/272/272 417/417/417 418/418/418
f 272/272/272 418/418/418 273/273/273
f 273/273/273 418/418/418 419/419/419
f 273/273/273 419/419/419 274/274/274
f 274/274/274 419/419/419 420/420/420
f 274/274/274 420/420/420 275/275/275
f 275/275/275 420/420/420 421/421/421
f 275/275/275 421/421/421 276/276/276
f 276/276/276 421/421/421 422/422/422
f 276/276/276 422/422/422 277/277/277
f 277/277/277 422/422/422 423/423/423
f 277/277/277 423/423/423 278/278/278
f 278/278/278 423/423/423 424/424/424
f 278/278/278 424/424/424 279/279/279
f 279/279/279 424/424/424 425/425/425
f 279/279/279 425/425/425 280/280/280
f 280/280/280 425/425/425 426/426/426
f 280/280/280 426/426/426 281/281/281
f 281/281/281 426/426/426 427/427/427
f 281/281/281 427/427/427 282/282/282
f 282/282/282 427/427/427 428/428/428
f 282/282/282 428/428/428 283/283/283
f 283/283/283 428/428/428 429/429/429
f 283/283/283 429/429/429 284/284/284
f 284/284/284 429/429/429 430/430/430
f 284/284/284 430/430/430 285/285/285
f 285/285/285 430/430/430 431/431/431
f 285/285/285 431/431/431 286/286/286
f 286/286/286 431/431/431 432/432/432
f 286/286/286 432/432/432 287/287/287
f 287/287/287 432/432/432 433/433/433
f 287/287/287 433/433/433 288/288/288
f 288/288/288 433/433/433 434/434/434
f 288/288/288 434/434/434 289/289/289
f 289/289/289 434/434/434 435/435/435
f 289/289/289 435/435/435 290/290/290
f 291/291/291 436/436/436 437/437/437
f 291/291/291 437/437/437 292/292/292
f 292/292/292 437/437/437 438/438/438
f 292/292/292 438/438/438 293/293/293
f 293/293/293 438/438/438 439/439/439
f 293/293/293 439/439/439 294/294/294
f 294/294/294 439/439/439 440/440/440
f 294/294/294 440/440/440 295/295/295
f 295/295/295 440/440/440 441/441/441
f 295/295/295 441/441/441 296/296/296
f 296/296/296 441/441/441 442/442/442
f 296/296/296 442/442/442 297/297/297
f 297/297/297 442/442/442 443/443/443
f 297/297/297 443/443/443 298/298/298
f 298/298/298 443/443/443 444/444/444
f 298/298/298 444/444/444 299/299/299
f 299/299/299 444/444/444 445/445/445
f 299/299/299 445/445/445 300/300/300
f 300/300/300 445/445/445 446/446/446
f 300/300/300 446/446/446 301/301/301
f 301/301/301 446/446/446 447/447/447
f 301/301/301 447/447/447 302/302/302
f 302/302/302 447/447/447 448/448/448
f 302/302/302 448/448/448 303/303/303
f 303/303/303 448/448/448 449/449/449
f 303/303/303 449/449/449 304/304/304
f 304/304/304 449/449/449 450/450/450
f 304/304/304 450/450/450 305/305/305
f 305/305/305 450/450/450 451/451/451
f 305/305/305 451/451/451 306/306/306
f 306/306/306 451/451/451 452/452/452
f 306/306/306 452/452/452 307/307/307
f 307/307/307 452/452/452 453/453/453
f 307/307/307 453/453/453 308/308/308
f 308/308/308 453/453/453 454/454/454
f 308/308/308 454/454/454 309/309/309
f 309/309/309 454/454/454 455/455/455
f 309/309/309 455/455/455 310/310/310
f 310/310/310 455/455/455 456/456/456
f 310/310/310 456/456/456 311/311/311
f 311/311/311 456/456/456 457/457/457
f 311/311/311 457/457/457 312/312/312
f 312/312/312 457/457/457 458/458/458
f 312/312/312 458/458/458 313/313/313
f 313/313/313 458/458/458 459/459/459
f 313/313/313 459/459/459 314/314/314
f 314/314/314 459/459/459 460/460/460
f 314/314/314 460/460/460 315/315/315
f 315/315/315 460/460/460 461/461/461
f 315/315/315 461/461/461 316/316/316
f 316/316/316 461/461/461 462/462/462
f 316/316/316 462/462/462 317/317/317
f 317/317/317 462/462/462 463/463/463
f 317/317/317 463/463/463 318/318/318
f 318/318/318 463/463/463 464/464/464
f 318/318/318 464/464/464 319/319/319
f 319/319/319 464/464/464 465/465/465
f 319/319/319 465/465/465 320/320/320
f 320/320/320 465/465/465 466/466/466
f 320/320/320 466/466/466 321/321/321
f 321/321/321 466/466/466 467/467/467
f 321/321/321 467/467/467 322/322/322
f 322/322/322 467/467/467 468/468/468
f 322/322/322 468/468/468 323/323/323
f 323/323/323 468/468/468 469/469/469
f 323/323/323 469/469/469 324/324/324
f 324/324/324 469/469/469 470/470/470
f 324/324/324 470/470/470 325/325/325
f 325/325/325 470/470/470 471/471/471
f 325/325/325 471/471/471 326/326/326
f 326/326/326 471/471/471 472/472/472
f 326/326/326 472/472/472 327/327/327
f 327/327/327 472/472/472 473/473/473
f 327/327/327 473/473/473 328/328/328
f 328/328/328 473/473/473 474/474/474
f 328/328/328 474/474/474 329/329/329
f 329/329/329 474/474/474 475/475/475
f 329/329/329 475/475/475 330/330/330
f 330/330/330 475/475/475 476/476/476
f 330/330/330 476/476/476 331/331/331
f 331/331/331 476/476/476 477/477/477
f 331/331/331 477/477/477 332/332/332
f 332/332/332 477/477/477 478/478/478
f 332/332/332 478/478/478 333/333/333
f 333/333/333 478/478/478 479/479/479
f 333/333/333 479/479/479 334/334/334
f 334/334/334 479/479/479 480/480/480
f 334/334/334 480/480/480 335/335/335
f 335/335/335 480/480/480 481/481/481
f 335/335/335 481/481/481 336/336/336
f 336/336/336 481/481/481 482/482/482
f 336/336/336 482/482/482 337/337/337
f 337/337/337 482/482/482 483/483/483
f 337/337/337 483/483/483 338/338/338
f 338/338/338 483/483/483 484/484/484
f 338/338/338 484/484/484 339/339/339
f 339/339/339 484/484/484 485/485/485
f 339/339/339 485/485/485 340/340/340
f 340/340/340 485/485/485 486/486/486
f 340/340/340 486/486/486 341/341/341
f 341/341/341 486/486/486 487/487/487
f 341/341/341 487/487/487 342/342/342
f 342/342/342 487/487/487 488/488/488
f 342/342/342 488/488/488 343/343/343
f 343/343/343 488/488/488 489/489/489
f 343/343/343 489/489/489 344/344/344
f 344/344/344 489/489/489 490/490/490
f 344/344/344 490/490/490 345/345/345
f 345/345/345 490/490/490 491/491/491
f 345/345/345 491/491/491 346/346/346
f 346/346/346 491/491/491 492/492/492
f 346/346/346 492/492/492 347/347/347
f 347/347/347 492/492/492 493/493/493
f 347/347/347 493/493/493 348/348/348
f 348/348/348 493/493/493 494/494/494
f 348/348/348 494/494/494 349/349/349
f 349/349/349 494/494/494 495/495/495
f 349/349/349 495/495/495 350/350/350
f 350/350/350 495/495/495 496/496/496
f 350/350/350 496/496/496 351/351/351
f 351/351/351 496/496/496 497/497/497
f 351/351/351 497/497/497 352/352/352
f 352/352/352 497/497/497 498/498/498
f 352/352/352 498/498/498 353/353/353
f 353/353/353 498/498/498 499/499/499
f 353/353/353 499/499/499 354/354/354
f 354/354/354 499/499/499 500/500/500
f 354/354/354 500/500/500 355/355/355
f 355/355/355 500/500/500 501/501/501
f 355/355/355 501/501/501 356/356/356
f 356/356/356 501/501/501 502/502/502
f 356/356/356 502/502/502 357/357/357
f 357/357/357 502/502/502 503/503/503
f 357/357/357 503/503/503 358/358/358
f 358/358/358 503/503/503 504/504/504
f 358/358/358 504/504/504 359/359/359
f 359/359/359 504/504/504 505/505/505
f 359/359/359 505/505/505 360/360/360
f 360/360/360 505/505/505 506/506/506
f 360/360/360 506/506/506 361/361/361
f 361/361/361 506/506/506 507/507/507
f 361/361/361 507/507/507 362/362/362
f 362/362/362 507/507/507 508/508/508
f 362/362/362 508/508/508 363/363/363
f 363/363/363 508/508/508 509/509/509
f 363/363/363 509/509/509 364/364/364
f 364/364/364 509/509/509 510/510/510
f 364/364/364 510/510/510 365/365/365
f 365/365/365 510/510/510 511/511/511
f 365/365/365 511/511/511 366/366/366
f 366/366/366 511/511/511 512/512/512
f 366/366/366 512/512/512 367/367/367
f 367/367/367 512/512/512 513/513/513
f 367/367/367 513/513/513 368/368/368
f 368/368/368 513/513/513 514/514/514
f 368/368/368 514/514/514 369/369/369
f 369/369/369 514/514/514 515/515/515
f 369/369/369 515/515/515 370/370/370
f 370/370/370 515/515/515 516/516/516
f 370/370/370 516/516/516 371/371/371
f 371/371/371 516/516/516 517/517/517
f 371/371/371 517/517/517 372/372/372
f 372/372/372 517/517/517 518/518/518
f 372/372/372 518/518/518 373/373/373
f 373/373/373 518/518/518 519/519/519
f 373/373/373 519/519/519 374/374/374
f 374/374/374 519/519/519 520/520/520
f 374/374/374 520/520/520 375/375/375
f 375/375/375 520/520/520 521/521/521
f 375/375/375 521/521/521 376/376/376
f 376/376/376 521/521/521 522/522/522
f 376/376/376 522/522/522 377/377/377
f 377/377/377 522/522/522 523/523/523
f 377/377/377 523/523/523 378/378/378
f 378/378/378 523/523/523 524/524/524
f 378/378/378 524/524/524 379/379/379
f 379/379/379 524/524/524 525/525/525
f 379/379/379 525/525/525 380/380/380
f 380/380/380 525/525/525 526/526/526
f 380/380/380 526/526/526 381/381/381
f 381/381/381 526/526/526 527/527/527
f 381/381/381 527/527/527 382/382/382
f 382/382/382 527/527/527 528/528/528
f 382/382/382 528/528/528 383/383/383
f 383/383/383 528/528/528 529/529/529
f 383/383/383 529/529/529 384/384/384
f 384/384/384 529/529/529 530/530/530
f 384/384/384 530/530/530 385/385/385
f 385/385/385 530/530/530 531/531/531
f 385/385/385 531/531/531 386/386/386
f 386/386/386 531/531/531 532/532/532
f 386/386/386 532/532/532 387/387/387
f 387/387/387 532/532/532 533/533/533
f 387/387/387 533/533/533 388/388/388
f 388/388/388 533/533/533 534/534/534
f 388/388/388 534/534/534 389/389/389
f 389/389/389 534/534/534 535/535/535
f 389/389/389 535/535/535 390/390/390
f 390/390/390 535/535/535 536/536/536
f 390/390/390 536/536/536 391/391/391
f 391/391/391 536/536/536 537/537/537
f 391/391/391 537/537/537 392/392/392
f 392/392/392 537/537/537 538/538/538
f 392/392/392 538/538/538 393/393/393
f 393/393/393 538/538/538 539/539/539
f 393/393/393 539/539/539 394/394/394
f 394/394/394 539/539/539 540/540/540
f 394/394/394 540/540/540 395/395/395
f 395/395/395 540/540/540 541/541/541
f 395/395/395 541/541/541 396/396/396
f 396/396/396 541/541/541 542/542/542
f 396/396/396 542/542/542 397/397/397
f 397/397/397 542/542/542 543/543/543
f 397/397/397 543/543/543 398/398/398
f 398/398/398 543/543/543 544/544/544
f 398/398/398 544/544/544 399/399/399
f 399/399/399 544/544/544 545/545/545
f 399/399/399 545/545/545 400/400/400
f 400/400/400 545/545/545 546/546/546
f 400/400/400 546/546/546 401/401/401
f 401/401/401 546/546/546 547/547/547
f 401/401/401 547/547/547 402/402/402
f 402/402/402 547/547/547 548/548/548
f 402/402/402 548/548/548 403/403/403
f 403/403/403 548/548/548 549/549/549
f 403/403/403 549/549/549 404/404/404
f 404/404/404 549/549/549 550/550/550
f 404/404/404 550/550/550 405/405/405
f 405/405/405 550/550/550 551/551/551
f 405/405/405 551/551/551 406/406/406
f 406/406/406 551/551/551 552/552/552
f 406/406/406 552/552/552 407/407/407
f 407/407/407 552/552/552 553/553/553
f 407/407/407 553/553/553 408/408/408
f 408/408/408 553/553/553 554/554/554
f 408/408/408 554/554/554 409/409/409
f 409/409/409 554/554/554 555/555/555
f 409/409/409 555/555/555 410/410/410
f 410/410/410 555/555/555 556/556/556
f 410/410/410 556/556/556 411/411/411
f 411/411/411 556/556/556 557/557/557
f 411/411/411 557/557/557 412/412/412
f 412/412/412 557/557/557 558/558/558
f 412/412/412 558/558/558 413/413/413
f 413/413/413 558/558/558 559/559/559
f 413/413/413 559/559/559 414/414/414
f 414/414/414 559/559/559 560/560/560
f 414/414/414 560/560/560 415/415/415
f 415/415/415 560/560/560 561/561/561
f 415/415/415 561/561/561 416/416/416
f 416/416/416 561/561/561 562/562/562
f 416/416/416 562/562/562 417/417/417
f 417/417/417 562/562/562 563/563/563
f 417/417/417 563/563/563 418/418/418
f 418/418/418 563/563/563 564/564/564
f 418/418/418 564/564/564 419/419/419
f 419/419/419 564/564/564 565/565/565
f 419/419/419 565/565/565 420/420/420
f 420/420/420 565/565/565 566/566/566
f 420/420/420 566/566/566 421/421/421
f 421/421/421 566/566/566 567/567/567
f 421/421/421 567/567/567 422/422/422
f 422/422/422 567/567/567 568/568/568
f 422/422/422 568/568/568 423/423/423
f 423/423/423 568/568/568 569/569/569
f 423/423/423 569/569/569 424/424/424
f 424/424/424 569/569/569 570/570/570
f 424/424/424 570/570/570 425/425/425
f 425/425/425 570/570/570 571/571/571
f 425/425/425 571/571/571 426/426/426
f 426/426/426 571/571/571 572/572/572
f 426/426/426 572/572/572 427/427/427
f 427/427/427 572/572/572 573/573/573
f 427/427/427 573/573/573 428/428/428
f 428/428/428 573/573/573 574/574/574
f 428/428/428 574/574/574 429/429/429
f 429/429/429 574/574/574 575/575/575
f 429/429/429 575/575/575 430/430/430
f 430/430/430 575/575/575 576/576/576
f 430/430/430 576/576/576 431/431/431
f 431/431/431 576/576/576 577/577/577
f 431/431/431 577/577/577 432/432/432
f 432/432/432 577/577/577 578/578/578
f 432/432/432 578/578/578 433/433/433
f 433/433/433 578/578/578 579/579/579
f 433/433/433 579/579/579 434/434/434
f 434/434/434 579/579/579 580/580/580
f 434/434/434 580/580/580 435/435/435
f 436/436/436 581/581/581 582/582/582
f 436/436/436 582/582/582 437/437/437
f 437/437/437 582/582/582 583/583/583
f 437/437/437 583/583/583 438/438/438
f 438/438/438 583/583/583 584/584/584
f 438/438/438 584/584/584 439/439/439
f 439/439/439 584/584/584 585/585/585
f 439/439/439 585/585/585 440/440/440
f 440/440/440 585/585/585 586/586/586
f 440/440/440 586/586/586 441/441/441
f 441/441/441 586/586/586 587/587/587
f 441/441/441 587/587/587 442/442/442
f 442/442/442 587/587/587 588/588/588
f 442/442/442 588/588/588 443/443/443
f 443/443/443 588/588/588 589/589/589
f 443/443/443 589/589/589 444/444/444
f 444/444/444 589/589/589 590/590/590
f 444/444/444 590/590/590 445/445/445
f 445/445/445 590/590/590 591/591/591
f 445/445/445 591/591/591 446/446/446
f 446/446/446 591/591/591 592/592/592
f 446/446/446 592/592/592 447/447/447
f 447/447/447 592/592/592 593/593/593
f 447/447/447 593/593/593 448/448/448
f 448/448/448 593/593/593 594/594/594
f 448/448/448 594/594/594 449/449/449
f 449/449/449 594/594/594 595/595/595
f 449/449/449 595/595/595 450/450/450
f 450/450/450 595/595/595 596/596/596
f 450/450/450 596/596/596 451/451/451
f 451/451/451 596/596/596 597/597/597
f 451/451/451 597/597/597 452/452/452
f 452/452/452 597/597/597 598/598/598
f 452/452/452 598/598/598 453/453/453
f 453/453/453 598/598/598 599/599/599
f 453/453/453 599/599/599 454/454/454
f 454/454/454 599/599/599 600/600/600
f 454/454/454 600/600/600 455/455/455
f 455/455/455 600/600/600 601/601/601
f 455/455/455 601/601/601 456/456/456
f 456/456/456 601/601/601 602/602/602
f 456/456/456 602/602/602 457/457/457
f 457/457/457 602/602/602 603/603/603
f 457/457/457 603/603/603 458/458/458
f 458/458/458 603/603/603 604/604/604
f 458/458/458 604/604/604 459/459/459
f 459/459/459 604/604/604 605/605/605
f 459/459/459 605/605/605 460/460/460
f 460/460/460 605/605/605 606/606/606
f 460/460/460 606/606/606 461/461/461
f 461/461/461 606/606/606 607/607/607
f 461/461/461 607/607/607 462/462/462
f 462/462/462 607/607/607 608/608/608
f 462/462/462 608/608/608 463/463/463
f 463/463/463 608/608/608 609/609/609
f 463/463/463 609/609/609 464/464/464
f 464/464/464 609/609/609 610/610/610
f 464/464/464 610/610/610 465/465/465
f 465/465/465 610/610/610 611/611/611
f 465/465/465 611/611/611 466/466/466
f 466/466/466 611/611/611 612/612/612
f 466/466/466 612/612/612 467/467/467
f 467/467/467 612/612/612 613/613/613
f 467/467/467 613/613/613 468/468/468
f 468/468/468 613/613/613 614/614/614
f 468/468/468 614/614/614 469/469/469
f 469/469/469 614/614/614 615/615/615
f 469/469/469 615/615/615 470/470/470
f 470/470/470 615/615/615 616/616/616
f 470/470/470 616/616/616 471/471/471
f 471/471/471 616/616/616 617/617/617
f 471/471/471 617/617/617 472/472/472
f 472/472/472 617/617/617 618/618/618
f 472/472/472 618/618/618 473/473/473
f 473/473/473 618/618/618 619/619/619
f 473/473/473 619/619/619 474/474/474
f 474/474/474 619/619/619 620/620/620
f 474/474/474 620/620/620 475/475/475
f 475/475/475 620/620/620 621/621/621
f 475/475/475 621/621/621 476/476/476
f 476/476/476 621/621/621 622/622/622
f 476/476/476 622/622/622 477/477/477
f 477/477/477 622/622/622 623/623/623
f 477/477/477 623/623/623 478/478/478
f 478/478/478 623/623/623 624/624/624
f 478/478/478 624/624/624 479/479/479
f 479/479/479 624/624/624 625/625/625
f 479/479/479 625/625/625 480/480/480
f 480/480/480 625/625/625 626/626/626
f 480/480/480 626/626/626 481/481/481
f 481/481/481 626/626/626 627/627/627
f 481/481/481 627/627/627 482/482/482
f 482/482/482 627/627/627 628/628/628
f 482/482/482 628/628/628 483/483/483
f 483/483/483 628/628/628 629/629/629
f 483/483/483 629/629/629 484/484/484
f 484/484/484 629/629/629 630/630/630
f 484/484/484 630/630/630 485/485/485
f 485/485/485 630/630/630 631/631/631
f 485/485/485 631/631/631 486/486/486
f 486/486/486 631/631/631 632/632/632
f 486/486/486 632/632/632 487/487/487
f 487/487/487 632/632/632 633/633/633
f 487/487/487 633/633/633 488/488/488
f 488/488/488 633/633/633 634/634/634
f 488/488/488 634/634/634 489/489/489
f 489/489/489 634/634/634 635/635/635
f 489/489/489 635/635/635 490/490/490
f 490/490/490 635/635/635 636/636/636
f 490/490/490 636/636/636 491/491/491
f 491/491/491 636/636/636 637/637/637
f 491/491/491 637/637/637 492/492/492
f 492/492/492 637/637/637 638/638/638
f 492/492/492 638/638/638 493/493/493
f 493/493/493 638/638/638 639/639/639
f 493/493/493 639/639/639 494/494/494
f 494/494/494 639/639/639 640/640/640
f 494/494/494 640/640/640 495/495/495
f 495/495/495 640/640/640 641/641/641
f 495/495/495 641/641/641 496/496/496
f 496/496/496 641/641/641 642/642/642
f 496/496/496 642/642/642 497/497/497
f 497/497/497 642/642/642 643/643/643
f 497/497/497 643/643/643 498/498/498
f 498/498/498 643/643/643 644/644/644
f 498/498/498 644/644/644 499/499/499
f 499/499/499 644/644/644 645/645/645
f 499/499/499 645/645/645 500/500/500
f 500/500/500 645/645/645 646/646/646
f 500/500/500 646/646/646 501/501/501
f 501/501/501 646/646/646 647/647/647
f 501/501/501 647/647/647 502/502/502
f 502/502/502 647/647/647 648/648/648
f 502/502/502 648/648/648 503/503/503
f 503/503/503 648/648/648 649/649/649
f 503/503/503 649/649/649 504/504/504
f 504/504/504 649/649/649 650/650/650
f 504/504/504 650/650/650 505/505/505
f 505/505/505 650/650/650 651/651/651
f 505/505/505 651/651/651 506/506/506
f 506/506/506 651/651/651 652/652/652
f 506/506/506 652/652/652 507/507/507
f 507/507/507 652/652/652 653/653/653
f 507/507/507 653/653/653 508/508/508
f 508/508/508 653/653/653 654/654/654
f 508/508/508 654/654/654 509/509/509
f 509/509/509 654/654/654 655/655/655
f 509/509/509 655/655/655 510/510/510
f 510/510/510 655/655/655 656/656/656
f 510/510/510 656/656/656 511/511/511
f 511/511/511 656/656/656 657/657/657
f 511/511/511 657/657/657 512/512/512
f 512/512/512 657/657/657 658/658/658
f 512/512/512 658/658/658 513/513/513
f 513/513/513 658/658/658 659/659/659
f 513/513/513 659/659/659 514/514/514
f 514/514/514 659/659/659 660/660/660
f 514/514/514 660/660/660 515/515/515
f 515/515/515 660/660/660 661/661/661
f 515/515/515 661/661/661 516/516/516
f 516/516/516 661/661/661 662/662/662
f 516/516/516 662/662/662 517/517/517
f 517/517/517 662/662/662 663/663/663
f 517/517/517 663/663/663 518/518/518
f 518/518/518 663/663/663 664/664/664
f 518/518/518 664/664/664 519/519/519
f 519/519/519 664/664/664 665/665/665
f 519/519/519 665/665/665 520/520/520
f 520/520/520 665/665/665 666/666/666
f 520/520/520 666/666/666 521/521/521
f 521/521/521 666/666/666 667/667/667
f 521/521/521 667/667/667 522/522/522
f 522/522/522 667/667/667 668/668/668
f 522/522/522 668/668/668 523/523/523
f 523/523/523 668/668/668 669/669/669
f 523/523/523 669/669/669 524/524/524
f 524/524/524 669/669/669 670/670/670
f 524/524/524 670/670/670 525/525/525
f 525/525/525 670/670/670 671/671/671
f 525/525/525 671/671/671 526/526/526
f 526/526/526 671/671/671 672/672/672
f 526/526/526 672/672/672 527/527/527
f 527/527/527 672/672/672 673/673/673
f 527/527/527 673/673/673 528/528/528
f 528/528/528 673/673/673 674/674/674
f 528/528/528 674/674/674 529/529/529
f 529/529/529 674/674/674 675/675/675
f 529/529/529 675/675/675 530/530/530
f 530/530/530 675/675/675 676/676/676
f 530/530/530 676/676/676 531/531/531
f 531/531/531 676/676/676 677/677/677
f 531/531/531 677/677/677 532/532/532
f 532/532/532 677/677/677 678/678/678
f 532/532/532 678/678/678 533/533/533
f 533/533/533 678/678/678 679/679/679
f 533/533/533 679/679/679 534/534/534
f 534/534/534 679/679/679 680/680/680
f 534/534/534 680/680/680 535/535/535
f 535/535/535 680/680/680 681/681/681
f 535/535/535 681/681/681 536/536/536
f 536/536/536 681/681/681 682/682/682
f 536/536/536 682/682/682 537/537/537
f 537/537/537 682/682/682 683/683/683
f 537/537/537 683/683/683 538/538/538
f 538/538/538 683/683/683 684/684/684
f 538/538/538 684/684/684 539/539/539
f 539/539/539 684/684/684 685/685/685
f 539/539/539 685/685/685 540/540/540
f 540/540/540 685/685/685 686/686/686
f 540/540/540 686/686/686 541/541/541
f 541/541/541 686/686/686 687/687/687
f 541/541/541 687/687/687 542/542/542
f 542/542/542 687/687/687 688/688/688
f 542/542/542 688/688/688 543/543/543
f 543/543/543 688/688/688 689/689/689
f 543/543/543 689/689/689 544/544/544
f 544/544/544 689/689/689 690/690/690
f 544/544/544 690/690/690 545/545/545
f 545/545/545 690/690/690 691/691/691
f 545/545/545 691/691/691 546/546/546
f 546/546/546 691/691/691 692/692/692
f 546/546/546 692/692/692 547/547/547
f 547/547/547 692/692/692 693/693/693
f 547/547/547 693/693/693 548/548/548
f 548/548/548 693/693/693 694/694/694
f 548/548/548 694/694/694 549/549/549
f 549/549/549 694/694/694 695/695/695
f 549/549/549 695/695/695 550/550/550
f 550/550/550 695/695/695 696/696/696
f 550/550/550 696/696/696 551/551/551
f 551/551/551 696/696/696 697/697/697
f 551/551/551 697/697/697 552/552/552
f 552/552/552 697/697/697 698/698/698
f 552/552/552 698/698/698 553/553/553
f 553/553/553 698/698/698 699/699/699
f 553/553/553 699/699/699 554/554/554
f 554/554/554 699/699/699 700/700/700
f 554/554/554 700/700/700 555/555/555
f 555/555/555 700/700/700 701/701/701
f 555/555/555 701/701/701 556/556/556
f 556/556/556 701/701/701 702/702/702
f 556/556/556 702/702/702 557/557/557
f 557/557/557 702/702/702 703/703/703
f 557/557/557 703/703/703 558/558/558
f 558/558/558 703/703/703 704/704/704
f 558/558/558 704/704/704 559/559/559
f 559/559/559 704/704/704 705/705/705
f 559/559/559 705/705/705 560/560/560
f 560/560/560 705/705/705 706/706/706
f 560/560/560 706/706/706 561/561/561
f 561/561/561 706/706/706 707/707/707
f 561/561/561 707/707/707 562/562/562
f 562/562/562 707/707/707 708/708/708
f 562/562/562 708/708/708 563/563/563
f 563/563/563 708/708/708 709/709/709
f 563/563/563 709/709/709 564/564/564
f 564/564/564 709/709/709 710/710/710
f 564/564/564 710/710/710 565/565/565
f 565/565/565 710/710/710 711/711/711
f 565/565/565 711/711/711 566/566/566
f 566/566/566 711/711/711 712/712/712
f 566/566/566 712/712/712 567/567/567
f 567/567/567 712/712/712 713/713/713
f 567/567/567 713/713/713 568/568/568
f 568/568/568 713/713/713 714/714/714
f 568/568/568 714/714/714 569/569/569
f 569/569/569 714/714/714 715/715/715
f 569/569/569 715/715/715 570/570/570
f 570/570/570 715/715/715 716/716/716
f 570/570/570 716/716/716 571/571/571
f 571/571/571 716/716/716 717/717/717
f 571/571/571 717/717/717 572/572/572
f 572/572/572 717/717/717 718/718/718
f 572/572/572 718/718/718 573/573/573
f 573/573/573 718/718/718 719/719/719
f 573/573/573 719/719/719 574/574/574
f 574/574/574 719/719/719 720/720/720
f 574/574/574 720/720/720 575/575/575
f 575/575/575 720/720/720 721/721/721
f 575/575/575 721/721/721 576/576/576
f 576/576/576 721/721/721 722/722/722
f 576/576/576 722/722/722 577/577/577
f 577/577/577 722/722/722 723/723/723
f 577/577/577 723/723/723 578/578/578
f 578/578/578 723/723/723 724/724/724
f 578/578/578 724/724/724 579/579/579
f 579/579/579 724/724/724 725/725/725
f 579/579/579 725/725/725 580/580/580
f 581/581/581 726/726/726 727/727/727
f 581/581/581 727/727/727 582/582/582
f 582/582/582 727/727/727 728/728/728
f 582/582/582 728/728/728 583/583/583
f 583/583/583 728/728/728 729/729/729
f 583/583/583 729/729/729 584/584/584
f 584/584/584 729/729/729 730/730/730
f 584/584/584 730/730/730 585/585/585
f 585/585/585 730/730/730 731/731/731
f 585/585/585 731/731/731 586/586/586
f 586/586/586 731/731/731 732/732/732
f 586/586/586 732/732/732 587/587/587
f 587/587/587 732/732/732 733/733/733
f 587/587/587 733/733/733 588/588/588
f 588/588/588 733/733/733 734/734/734
f 588/588/588 734/734/734 589/589/589
f 589/589/589 734/734/734 735/735/735
f 589/589/589 735/735/735 590/590/590
f 590/590/590 735/735/735 736/736/736
f 590/590/590 736/736/736 591/591/591
f 591/591/591 736/736/736 737/737/737
f 591/591/591 737/737/737 592/592/592
f 592/592/592 737/737/737 738/738/738
f 592/592/592 738/738/738 593/593/593
f 593/593/593 738/738/738 739/739/739
f 593/593/593 739/739/739 594/594/594
f 594/594/594 739/739/739 740/740/740
f 594/594/594 740/740/740 595/595/595
f 595/595/595 740/740/740 741/741/741
f 595/595/595 741/741/741 596/596/596
f 596/596/596 741/741/741 742/742/742
f 596/596/596 742/742/742 597/597/597
f 597/597/597 742/742/742 743/743/743
f 597/597/597 743/743/743 598/598/598
f 598/598/598 743/743/743 744/744/744
f 598/598/598 744/744/744 599/599/599
f 599/599/599 744/744/744 745/745/745
f 599/599/599 745/745/745 600/600/600
f 600/600/600 745/745/745 746/746/746
f 600/600/600 746/746/746 601/601/601
f 601/601/601 746/746/746 747/747/747
f 601/601/601 747/747/747 602/602/602
f 602/602/602 747/747/747 748/748/748
f 602/602/602 748/748/748 603/603/603
f 603/603/603 748/748/748 749/749/749
f 603/603/603 749/749/749 604/604/604
f 604/604/604 749/749/749 750/750/750
f 604/604/604 750/750/750 605/605/605
f 605/605/605 750/750/750 751/751/751
f 605/605/605 751/751/751 606/606/606
f 606/606/606 751/751/751 752/752/752
f 606/606/606 752/752/752 607/607/607
f 607/607/607 752/752/752 753/753/753
f 607/607/607 753/753/753 608/608/608
f 608/608/608 753/753/753 754/754/754
f 608/608/608 754/754/754 609/609/609
f 609/609/609 754/754/754 755/755/755
f 609/609/609 755/755/755 610/610/610
f 610/610/610 755/755/755 756/756/756
f 610/610/610 756/756/756 611/611/611
f 611/611/611 756/756/756 757/757/757
f 611/611/611 757/757/757 612/612/612
f 612/612/612 757/757/757 758/758/758
f 612/612/612 758/758/758 613/613/613
f 613/613/613 758/758/758 759/759/759
f 613/613/613 759/759/759 614/614/614
f 614/614/614 759/759/759 760/760/760
f 614/614/614 760/760/760 615/615/615
f 615/615/615 760/760/760 761/761/761
f 615/615/615 761/761/761 616/616/616
f 616/616/616 761/761/761 762/762/762
f 616/616/616 762/762/762 617/617/617
f 617/617/617 762/762/762 763/763/763
f 617/617/617 763/763/763 618/618/618
f 618/618/618 763/763/763 764/764/764
f 618/618/618 764/764/764 619/619/619
f 619/619/619 764/764/764 765/765/765
f 619/619/619 765/765/765 620/620/620
f 620/620/620 765/765/765 766/766/766
f 620/620/620 766/766/766 621/621/621
f 621/621/621 766/766/766 767/767/767
f 621/621/621 767/767/767 622/622/622
f 622/622/622 767/767/767 768/768/768
f 622/622/622 768/768/768 623/623/623
f 623/623/623 768/768/768 769/769/769
f 623/623/623 769/769/769 624/624/624
f 624/624/624 769/769/769 770/770/770
f 624/624/624 770/770/770 625/625/625
f 625/625/625 770/770/770 771/771/771
f 625/625/625 771/771/771 626/626/626
f 626/626/626 771/771/771 772/772/772
f 626/626/626 772/772/772 627/627/627
f 627/627/627 772/772/772 773/773/773
f 627/627/627 773/773/773 628/628/628
f 628/628/628 773/773/773 774/774/774
f 628/628/628 774/774/774 629/629/629
f 629/629/629 774/774/774 775/775/775
f 629/629/629 775/775/775 630/630/630
f 630/630/630 775/775/775 776/776/776
f 630/630/630 776/776/776 631/631/631
f 631/631/631 776/776/776 777/777/777
f 631/631/631 777/777/777 632/632/632
f 632/632/632 777/777/777 778/778/778
f 632/632/632 778/778/778 633/633/633
f 633/633/633 778/778/778 779/779/779
f 633/633/633 779/779/779 634/634/634
f 634/634/634 779/779/779 780/780/780
f 634/634/634 780/780/780 635/635/635
f 635/635/635 780/780/780 781/781/781
f 635/635/635 781/781/781 636/636/636
f 636/636/636 781/781/781 782/782/782
f 636/636/636 782/782/782 637/637/637
f 637/637/637 782/782/782 783/783/783
f 637/637/637 783/783/783 638/638/638
f 638/638/638 783/783/783 784/784/784
f 638/638/638 784/784/784 639/639/639
f 639/639/639 784/784/784 785/785/785
f 639/639/639 785/785/785 640/640/640
f 640/640/640 785/785/785 786/786/786
f 640/640/640 786/786/786 641/641/641
f 641/641/641 786/786/786 787/787/787
f 641/641/641 787/787/787 642/642/642
f 642/642/642 787/787/787 788/788/788
f 642/642/642 788/788/788 643/643/643
f 643/643/643 788/788/788 789/789/789
f 643/643/643 789/789/789 644/644/644
f 644/644/644 789/789/789 790/790/790
f 644/644/644 790/790/790 645/645/645
f 645/645/645 790/790/790 791/791/791
f 645/645/645 791/791/791 646/646/646
f 646/646/646 791/791/791 792/792/792
f 646/646/646 792/792/792 647/647/647
f 647/647/647 792/792/792 793/793/793
f 647/647/647 793/793/793 648/648/648
f 648/648/648 793/793/793 794/794/794
f 648/648/648 794/794/794 649/649/649
f 649/649/649 794/794/794 795/795/795
f 649/649/649 795/795/795 650/650/650
f 650/650/650 795/795/795 796/796/796
f 650/650/650 796/796/796 651/651/651
f 651/651/651 796/796/796 797/797/797
f 651/651/651 797/797/797 652/652/652
f 652/652/652 797/797/797 798/798/798
f 652/652/652 798/798/798 653/653/653
f 653/653/653 798/798/798 799/799/799
f 653/653/653 799/799/799 654/654/654
f 654/654/654 799/799/799 800/800/800
f 654/654/654 800/800/800 655/655/655
f 655/655/655 800/800/800 801/801/801
f 655/655/655 801/801/801 656/656/656
f 656/656/656 801/801/801 802/802/802
f 656/656/656 802/802/802 657/657/657
f 657/657/657 802/802/802 803/803/803
f 657/657/657 803/803/803 658/658/658
f 658/658/658 803/803/803 804/804/804
f 658/658/658 804/804/804 659/659/659
f 659/659/659 804/804/804 805/805/805
f 659/659/659 805/805/805 660/660/660
f 660/660/660 805/805/805 806/806/806
f 660/660/660 806/806/806 661/661/661
f 661/661/661 806/806/806 807/807/807
f 661/661/661 807/807/807 662/662/662
f 662/662/662 807/807/807 808/808/808
f 662/662/662 808/808/808 663/663/663
f 663/663/663 808/808/808 809/809/809
f 663/663/663 809/809/809 664/664/664
f 664/664/664 809/809/809 810/810/810
f 664/664/664 810/810/810 665/665/665
f 665/665/665 810/810/810 811/811/811
f 665/665/665 811/811/811 666/666/666
f 666/666/666 811/811/811 812/812/812
f 666/666/666 812/812/812 667/667/667
f 667/667/667 812/812/812 813/813/813
f 667/667/667 813/813/813 668/668/668
f 668/668/668 813/813/813 814/814/814
f 668/668/668 814/814/814 669/669/669
f 669/669/669 814/814/814 815/815/815
f 669/669/669 815/815/815 670/670/670
f 670/670/670 815/815/815 816/816/816
f 670/670/670 816/816/816 671/671/671
f 671/671/671 816/816/816 817/817/817
f 671/671/671 817/817/817 672/672/672
f 672/672/672 817/817/817 818/818/818
f 672/672/672 818/818/818 673/673/673
f 673/673/673 818/818/818 819/819/819
f 673/673/673 819/819/819 674/674/674
f 674/674/674 819/819/819 820/820/820
f 674/674/674 820/820/820 675/675/675
f 675/675/675 820/820/820 821/821/821
f 675/675/675 821/821/821 676/676/676
f 676/676/676 821/821/821 822/822/822
f 676/676/676 822/822/822 677/677/677
f 677/677/677 822/822/822 823/823/823
f 677/677/677 823/823/823 678/678/678
f 678/678/678 823/823/823 824/824/824
f 678/678/678 824/824/824 679/679/679
f 679/679/679 824/824/824 825/825/825
f 679/679/679 825/825/825 680/680/680
f 680/680/680 825/825/825 826/826/826
f 680/680/680 826/826/826 681/681/681
f 681/681/681 826/826/826 827/827/827
f 681/681/681 827/827/827 682/682/682
f 682/682/682 827/827/827 828/828/828
f 682/682/682 828/828/828 683/683/683
f 683/683/683 828/828/828 829/829/829
f 683/683/683 829/829/829 684/684/684
f 684/684/684 829/829/829 830/830/830
f 684/684/684 830/830/830 685/685/685
f 685/685/685 830/830/830 831/831/831
f 685/685/685 831/831/831 686/686/686
f 686/686/686 831/831/831 832/832/832
f 686/686/686 832/832/832 687/687/687
f 687/687/687 832/832/832 833/833/833
f 687/687/687 833/833/833 688/688/688
f 688/688/688 833/833/833 834/834/834
f 688/688/688 834/834/834 689/689/689
f 689/689/689 834/834/834 835/835/835
f 689/689/689 835/835/835 690/690/690
f 690/690/690 835/835/835 836/836/836
f 690/690/690 836/836/836 691/691/691
f 691/691/691 836/836/836 837/837/837
f 691/691/691 837/837/837 692/692/692
f 692/692/692 837/837/837 838/838/838
f 692/692/692 838/838/838 693/693/693
f 693/693/693 838/838/838 839/839/839
f 693/693/693 839/839/839 694/694/694
f 694/694/694 839/839/839 840/840/840
f 694/694/694 840/840/840 695/695/695
f 695/695/695 840/840/840 841/841/841
f 695/695/695 841/841/841 696/696/696
f 696/696/696 841/841/841 842/842/842
f 696/696/696 842/842/842 697/697/697
f 697/697/697 842/842/842 843/843/843
f 697/697/697 843/843/843 698/698/698
f 698/698/698 843/843/843 844/844/844
f 698/698/698 844/844/844 699/699/699
f 699/699/699 844/844/844 845/845/845
f 699/699/699 845/845/845 700/700/700
f 700/700/700 845/845/845 846/846/846
f 700/700/700 846/846/846 701/701/701
f 701/701/701 846/846/846 847/847/847
f 701/701/701 847/847/847 702/702/702
f 702/702/702 847/847/847 848/848/848
f 702/702/702 848/848/848 703/703/703
f 703/703/703 848/848/848 849/849/849
f 703/703/703 849/849/849 704/704/704
f 704/704/704 849/849/849 850/850/850
f 704/704/704 850/850/850 705/705/705
f 705/705/705 850/850/850 851/851/851
f 705/705/705 851/851/851 706/706/706
f 706/706/706 851/851/851 852/852/852
f 706/706/706 852/852/852 707/707/707
f 707/707/707 852/852/852 853/853/853
f 707/707/707 853/853/853 708/708/708
f 708/708/708 853/853/853 854/854/854
f 708/708/708 854/854/854 709/709/709
f 709/709/709 854/854/854 855/855/855
f 709/709/709 855/855/855 710/710/710
f 710/710/710 855/855/855 856/856/856
f 710/710/710 856/856/856 711/711/711
f 711/711/711 856/856/856 857/857/857
f 711/711/711 857/857/857 712/712/712
f 712/712/712 857/857/857 858/858/858
f 712/712/712 858/858/858 713/713/713
f 713/713/713 858/858/858 859/859/859
f 713/713/713 859/859/859 714/714/714
f 714/714/714 859/859/859 860/860/860
f 714/714/714 860/860/860 715/715/715
f 715/715/715 860/860/860 861/861/861
f 715/715/715 861/861/861 716/716/716
f 716/716/716 861/861/861 862/862/862
f 716/716/716 862/862/862 717/717/717
f 717/717/717 862/862/862 863/863/863
f 717/717/717 863/863/863 718/718/718
f 718/718/718 863/863/863 864/864/864
f 718/718/718 864/864/864 719/719/719
f 719/719/719 864/864/864 865/865/865
f 719/719/719 865/865/865 720/720/720
f 720/720/720 865/865/865 866/866/866
f 720/720/720 866/866/866 721/721/721
f 721/721/721 866/866/866 867/867/867
f 721/721/721 867/867/867 722/722/722
f 722/722/722 867/867/867 868/868/868
f 722/722/722 868/868/868 723/723/723
f 723/723/723 868/868/868 869/869/869
f 723/723/723 869/869/869 724/724/724
f 724/724/724 869/869/869 870/870/870
f 724/724/724 870/870/870 725/725/725
f 726/726/726 871/871/871 872/872/872
f 726/726/726 872/872/872 727/727/727
f 727/727/727 872/872/872 873/873/873
f 727/727/727 873/873/873 728/728/728
f 728/728/728 873/873/873 874/874/874
f 728/728/728 874/874/874 729/729/729
f 729/729/729 874/874/874 875/875/875
f 729/729/729 875/875/875 730/730/730
f 730/730/730 875/875/875 876/876/876
f 730/730/730 876/876/876 731/731/731
f 731/731/731 876/876/876 877/877/877
f 731/731/731 877/877/877 732/732/732
f 732/732/732 877/877/877 878/878/878
f 732/732/732 878/878/878 733/733/733
f 733/733/733 878/878/878 879/879/879
f 733/733/733 879/879/879 734/734/734
f 734/734/734 879/879/879 880/880/880
f 734/734/734 880/880/880 735/735/735
f 735/735/735 880/880/880 881/881/881
f 735/735/735 881/881/881 736/736/736
f 736/736/736 881/881/881 882/882/882
f 736/736/736 882/882/882 737/737/737
f 737/737/737 882/882/882 883/883/883
f 737/737/737 883/883/883 738/738/738
f 738/738/738 883/883/883 884/884/884
f 738/738/738 884/884/884 739/739/739
f 739/739/739 884/884/884 885/885/885
f 739/739/739 885/885/885 740/740/740
f 740/740/740 885/885/885 886/886/886
f 740/740/740 886/886/886 741/741/741
f 741/741/741 886/886/886 887/887/887
f 741/741/741 887/887/887 742/742/742
f 742/742/742 887/887/887 888/888/888
f 742/742/742 888/888/888 743/743/743
f 743/743/743 888/888/888 889/889/889
f 743/743/743 889/889/889 744/744/744
f 744/744/744 889/889/889 890/890/890
f 744/744/744 890/890/890 745/745/745
f 745/745/745 890/890/890 891/891/891
f 745/745/745 891/891/891 746/746/746
f 746/746/746 891/891/891 892/892/892
f 746/746/746 892/892/892 747/747/747
f 747/747/747 892/892/892 893/893/893
f 747/747/747 893/893/893 748/748/748
f 748/748/748 893/893/893 894/894/894
f 748/748/748 894/894/894 749/749/749
f 749/749/749 894/894/894 895/895/895
f 749/749/749 895/895/895 750/750/750
f 750/750/750 895/895/895 896/896/896
f 750/750/750 896/896/896 751/751/751
f 751/751/751 896/896/896 897/897/897
f 751/751/751 897/897/897 752/752/752
f 752/752/752 897/897/897 898/898/898
f 752/752/752 898/898/898 753/753/753
f 753/753/753 898/898/898 899/899/899
f 753/753/753 899/899/899 754/754/754
f 754/754/754 899/899/899 900/900/900
f 754/754/754 900/900/900 755/755/755
f 755/755/755 900/900/900 901/901/901
f 755/755/755 901/901/901 756/756/756
f 756/756/756 901/901/901 902/902/902
f 756/756/756 902/902/902 757/757/757
f 757/757/757 902/902/902 903/903/903
f 757/757/757 903/903/903 758/758/758
f 758/758/758 903/903/903 904/904/904
f 758/758/758 904/904/904 759/759/759
f 759/759/759 904/904/904 905/905/905
f 759/759/759 905/905/905 760/760/760
f 760/760/760 905/905/905 906/906/906
f 760/760/760 906/906/906 761/761/761
f 761/761/761 906/906/906 907/907/907
f 761/761/761 907/907/907 762/762/762
f 762/762/762 907/907/907 908/908/908
f 762/762/762 908/908/908 763/763/763
f 763/763/763 908/908/908 909/909/909
f 763/763/763 909/909/909 764/764/764
f 764/764/764 909/909/909 910/910/910
f 764/764/764 910/910/910 765/765/765
f 765/765/765 910/910/910 911/911/911
f 765/765/765 911/911/911 766/766/766
f 766/766/766 911/911/911 912/912/912
f 766/766/766 912/912/912 767/767/767
f 767/767/767 912/912/912 913/913/913
f 767/767/767 913/913/913 768/768/768
f 768/768/768 913/913/913 914/914/914
f 768/768/768 914/914/914 769/769/769
f 769/769/769 914/914/914 915/915/915
f 769/769/769 915/915/915 770/770/770
f 770/770/770 915/915/915 916/916/916
f 770/770/770 916/916/916 771/771/771
f 771/771/771 916/916/916 917/917/917
f 771/771/771 917/917/917 772/772/772
f 772/772/772 917/917/917 918/918/918
f 772/772/772 918/918/918 773/773/773
f 773/773/773 918/918/918 919/919/919
f 773/773/773 919/919/919 774/774/774
f 774/774/774 919/919/919 920/920/920
f 774/774/774 920/920/920 775/775/775
f 775/775/775 920/920/920 921/921/921
f 775/775/775 921/921/921 776/776/776
f 776/776/776 921/921/921 922/922/922
f 776/776/776 922/922/922 777/777/777
f 777/777/777 922/922/922 923/923/923
f 777/777/777 923/923/923 778/778/778
f 778/778/778 923/923/923 924/924/924
f 778/778/778 924/924/924 779/779/779
f 779/779/779 924/924/924 925/925/925
f 779/779/779 925/925/925 780/780/780
f 780/780/780 925/925/925 926/926/926
f 780/780/780 926/926/926 781/781/781
f 781/781/781 926/926/926 927/927/927
f 781/781/781 927/927/927 782/782/782
f 782/782/782 927/927/927 928/928/928
f 782/782/782 928/928/928 783/783/783
f 783/783/783 928/928/928 929/929/929
f 783/783/783 929/929/929 784/784/784
f 784/784/784 929/929/929 930/930/930
f 784/784/784 930/930/930 785/785/785
f 785/785/785 930/930/930 931/931/931
f 785/785/785 931/931/931 786/786/786
f 786/786/786 931/931/931 932/932/932
f 786/786/786 932/932/932 787/787/787
f 787/787/787 932/932/932 933/933/933
f 787/787/787 933/933/933 788/788/788
f 788/788/788 933/933/933 934/934/934
f 788/788/788 934/934/934 789/789/789
f 789/789/789 934/934/934 935/935/935
f 789/789/789 935/935/935 790/790/790
f 790/790/790 935/935/935 936/936/936
f 790/790/790 936/936/936 791/791/791
f 791/791/791 936/936/936 937/937/937
f 791/791/791 937/937/937 792/792/792
f 792/792/792 937/937/937 938/938/938
f 792/792/792 938/938/938 793/793/793
f 793/793/793 938/938/938 939/939/939
f 793/793/793 939/939/939 794/794/794
f 794/794/794 939/939/939 940/940/940
f 794/794/794 940/940/940 795/795/795
f 795/795/795 940/940/940 941/941/941
f 795/795/795 941/941/941 796/796/796
f 796/796/796 941/941/941 942/942/942
f 796/796/796 942/942/942 797/797/797
f 797/797/797 942/942/942 943/943/943
f 797/797/797 943/943/943 798/798/798
f 798/798/798 943/943/943 944/944/944
f 798/798/798 944/944/944 799/799/799
f 799/799/799 944/944/944 945/945/945
f 799/799/799 945/945/945 800/800/800
f 800/800/800 945/945/945 946/946/946
f 800/800/800 946/946/946 801/801/801
f 801/801/801 946/946/946 947/947/947
f 801/801/801 947/947/947 802/802/802
f 802/802/802 947/947/947 948/948/948
f 802/802/802 948/948/948 803/803/803
f 803/803/803 948/948/948 949/949/949
f 803/803/803 949/949/949 804/804/804
f 804/804/804 949/949/949 950/950/950
f 804/804/804 950/950/950 805/805/805
f 805/805/805 950/950/950 951/951/951
f 805/805/805 951/951/951 806/806/806
f 806/806/806 951/951/951 952/952/952
f 806/806/806 952/952/952 807/807/807
f 807/807/807 952/952/952 953/953/953
f 807/807/807 953/953/953 808/808/808
f 808/808/808 953/953/953 954/954/954
f 808/808/808 954/954/954 809/809/809
f 809/809/809 954/954/954 955/955/955
f 809/809/809 955/955/955 810/810/810
f 810/810/810 955/955/955 956/956/956
f 810/810/810 956/956/956 811/811/811
f 811/811/811 956/956/956 957/957/957
f 811/811/811 957/957/957 812/812/812
f 812/812/812 957/957/957 958/958/958
f 812/812/812 958/958/958 813/813/813
f 813/813/813 958/958/958 959/959/959
f 813/813/813 959/959/959 814/814/814
f 814/814/814 959/959/959 960/960/960
f 814/814/814 960/960/960 815/815/815
f 815/815/815 960/960/960 961/961/961
f 815/815/815 961/961/961 816/816/816
f 816/816/816 961/961/961 962/962/962
f 816/816/816 962/962/962 817/817/817
f 817/817/817 962/962/962 963/963/963
f 817/817/817 963/963/963 818/818/818
f 818/818/818 963/963/963 964/964/964
f 818/818/818 964/964/964 819/819/819
f 819/819/819 964/964/964 965/965/965
f 819/819/819 965/965/965 820/820/820
f 820/820/820 965/965/965 966/966/966
f 820/820/820 966/966/966 821/821/821
f 821/821/821 966/966/966 967/967/967
f 821/821/821 967/967/967 822/822/822
f 822/822/822 967/967/967 968/968/968
f 822/822/822 968/968/968 823/823/823
f 823/823/823 968/968/968 969/969/969
f 823/823/823 969/969/969 824/824/824
f 824/824/824 969/969/969 970/970/970
f 824/824/824 970/970/970 825/825/825
f 825/825/825 970/970/970 971/971/971
f 825/825/825 971/971/971 826/826/826
f 826/826/826 971/971/971 972/972/972
f 826/826/826 972/972/972 827/827/827
f 827/827/827 972/972/972 973/973/973
f 827/827/827 973/973/973 828/828/828
f 828/828/828 973/973/973 974/974/974
f 828/828/828 974/974/974 829/829/829
f 829/829/829 974/974/974 975/975/975
f 829/829/829 975/975/975 830/830/830
f 830/830/830 975/975/975 976/976/976
f 830/830/830 976/976/976 831/831/831
f 831/831/831 976/976/976 977/977/977
f 831/831/831 977/977/977 832/832/832
f 832/832/832 977/977/977 978/978/978
f 832/832/832 978/978/978 833/833/833
f 833/833/833 978/978/978 979/979/979
f 833/833/833 979/979/979 834/834/834
f 834/834/834 979/979/979 980/980/980
f 834/834/834 980/980/980 835/835/835
f 835/835/835 980/980/980 981/981/981
f 835/835/835 981/981/981 836/836/836
f 836/836/836 981/981/981 982/982/982
f 836/836/836 982/982/982 837/837/837
f 837/837/837 982/982/982 983/983/983
f 837/837/837 983/983/983 838/838/838
f 838/838/838 983/983/983 984/984/984
f 838/838/838 984/984/984 839/839/839
f 839/839/839 984/984/984 985/985/985
f 839/839/839 985/985/985 840/840/840
f 840/840/840 985/985/985 986/986/986
f 840/840/840 986/986/986 841/841/841
f 841/841/841 986/986/986 987/987/987
f 841/841/841 987/987/987 842/842/842
f 842/842/842 987/987/987 988/988/988
f 842/842/842 988/988/988 843/843/843
f 843/843/843 988/988/988 989/989/989
f 843/843/843 989/989/989 844/844/844
f 844/844/844 989/989/989 990/990/990
f 844/844/844 990/990/990 845/845/845
f 845/845/845 990/990/990 991/991/991
f 845/845/845 991/991/991 846/846/846
f 846/846/846 991/991/991 992/992/992
f 846/846/846 992/992/992 847/847/847
f 847/847/847 992/992/992 993/993/993
f 847/847/847 993/993/993 848/848/848
f 848/848/848 993/993/993 994/994/994
f 848/848/848 994/994/994 849/849/849
f 849/849/849 994/994/994 995/995/995
f 849/849/849 995/995/995 850/850/850
f 850/850/850 995/995/995 996/996/996
f 850/850/850 996/996/996 851/851/851
f 851/851/851 996/996/996 997/997/997
f 851/851/851 997/997/997 852/852/852
f 852/852/852 997/997/997 998/998/998
f 852/852/852 998/998/998 853/853/853
f 853/853/853 998/998/998 999/999/999
f 853/853/853 999/999/999 854/854/854
f 854/854/854 999/999/999 1000/1000/1000
f 854/854/854 1000/1000/1000 855/855/855
f 855/855/855 1000/1000/1000 1001/1001/1001
f 855/855/855 1001/1001/1001 856/856/856
f 856/856/856 1001/1001/1001 1002/1002/1002
f 856/856/856 1002/1002/1002 857/857/857
f 857/857/857 1002/1002/1002 1003/1003/1003
f 857/857/857 1003/1003/1003 858/858/858
f 858/858/858 1003/1003/1003 1004/1004/1004
f 858/858/858 1004/1004/1004 859/859/859
f 859/859/859 1004/1004/1004 1005/1005/1005
f 859/859/859 1005/1005/1005 860/860/860
f 860/860/860 1005/1005/1005 1006/1006/1006
f 860/860/860 1006/1006/1006 861/861/861
f 861/861/861 1006/1006/1006 1007/1007/1007
f 861/861/861 1007/1007/1007 862/862/862
f 862/862/862 1007/1007/1007 1008/1008/1008
f 862/862/862 1008/1008/1008 863/863/863
f 863/863/863 1008/1008/1008 1009/1009/1009
f 863/863/863 1009/1009/1009 864/864/864
f 864/864/864 1009/1009/1009 1010/1010/1010
f 864/864/864 1010/1010/1010 865/865/865
f 865/865/865 1010/1010/1010 1011/1011/1011
f 865/865/865 1011/1011/1011 866/866/866
f 866/866/866 1011/1011/1011 1012/1012/1012
f 866/866/866 1012/1012/1012 867/867/867
f 867/867/867 1012/1012/1012 1013/1013/1013
f 867/867/867 1013/1013/1013 868/868/868
f 868/868/868 1013/1013/1013 1014/1014/1014
f 868/868/868 1014/1014/1014 869/869/869
f 869/869/869 1014/1014/1014 1015/1015/1015
f 869/869/869 1015/1015/1015 870/870/870
f 871/871/871 1016/1016/1016 1017/1017/1017
f 871/871/871 1017/1017/1017 872/872/872
f 872/872/872 1017/1017/1017 1018/1018/1018
f 872/872/872 1018/1018/1018 873/873/873
f 873/873/873 1018/1018/1018 1019/1019/1019
f 873/873/873 1019/1019/1019 874/874/874
f 874/874/874 1019/1019/1019 1020/1020/1020
f 874/874/874 1020/1020/1020 875/875/875
f 875/875/875 1020/1020/1020 1021/1021/1021
f 875/875/875 1021/1021/1021 876/876/876
f 876/876/876 1021/1021/1021 1022/1022/1022
f 876/876/876 1022/1022/1022 877/877/877
f 877/877/877 1022/1022/1022 1023/1023/1023
f 877/877/877 1023/1023/1023 878/878/878
f 878/878/878 1023/1023/1023 1024/1024/1024
f 878/878/878 1024/1024/1024 879/879/879
f 879/879/879 1024/1024/1024 1025/1025/1025
f 879/879/879 1025/1025/1025 880/880/880
f 880/880/880 1025/1025/1025 1026/1026/1026
f 880/880/880 1026/1026/1026 881/881/881
f 881/881/881 1026/1026/1026 1027/1027/1027
f 881/881/881 1027/1027/1027 882/882/882
f 882/882/882 1027/1027/1027 1028/1028/1028
f 882/882/882 1028/1028/1028 883/883/883
f 883/883/883 1028/1028/1028 1029/1029/1029
f 883/883/883 1029/1029/1029 884/884/884
f 884/884/884 1029/1029/1029 1030/1030/1030
f 884/884/884 1030/1030/1030 885/885/885
f 885/885/885 1030/1030/1030 1031/1031/1031
f 885/885/885 1031/1031/1031 886/886/886
f 886/886/886 1031/1031/1031 1032/1032/1032
f 886/886/886 1032/1032/1032 887/887/887
f 887/887/887 1032/1032/1032 1033/1033/1033
f 887/887/887 1033/1033/1033 888/888/888
f 888/888/888 1033/1033/1033 1034/1034/1034
f 888/888/888 1034/1034/1034 889/889/889
f 889/889/889 1034/1034/1034 1035/1035/1035
f 889/889/889 1035/1035/1035 890/890/890
f 890/890/890 1035/1035/1035 1036/1036/1036
f 890/890/890 1036/1036/1036 891/891/891
f 891/891/891 1036/1036/1036 1037/1037/1037
f 891/891/891 1037/1037/1037 892/892/892
f 892/892/892 1037/1037/1037 1038/1038/1038
f 892/892/892 1038/1038/1038 893/893/893
f 893/893/893 1038/1038/1038 1039/1039/1039
f 893/893/893 1039/1039/1039 894/894/894
f 894/894/894 1039/1039/1039 1040/1040/1040
f 894/894/894 1040/1040/1040 895/895/895
f 895/895/895 1040/1040/1040 1041/1041/1041
f 895/895/895 1041/1041/1041 896/896/896
f 896/896/896 1041/1041/1041 1042/1042/1042
f 896/896/896 1042/1042/1042 897/897/897
f 897/897/897 1042/1042/1042 1043/1043/1043
f 897/897/897 1043/1043/1043 898/898/898
f 898/898/898 1043/1043/1043 1044/1044/1044
f 898/898/898 1044/1044/1044 899/899/899
f 899/899/899 1044/1044/1044 1045/1045/1045
f 899/899/899 1045/1045/1045 900/900/900
f 900/900/900 1045/1045/1045 1046/1046/1046
f 900/900/900 1046/1046/1046 901/901/901
f 901/901/901 1046/1046/1046 1047/1047/1047
f 901/901/901 1047/1047/1047 902/902/902
f 902/902/902 1047/1047/1047 1048/1048/1048
f 902/902/902 1048/1048/1048 903/903/903
f 903/903/903 1048/1048/1048 1049/1049/1049
f 903/903/903 1049/1049/1049 904/904/904
f 904/904/904 1049/1049/1049 1050/1050/1050
f 904/904/904 1050/1050/1050 905/905/905
f 905/905/905 1050/1050/1050 1051/1051/1051
f 905/905/905 1051/1051/1051 906/906/906
f 906/906/906 1051/1051/1051 1052/1052/1052
f 906/906/906 1052/1052/1052 907/907/907
f 907/907/907 1052/1052/1052 1053/1053/1053
f 907/907/907 1053/1053/1053 908/908/908
f 908/908/908 1053/1053/1053 1054/1054/1054
f 908/908/908 1054/1054/1054 909/909/909
f 909/909/909 1054/1054/1054 1055/1055/1055
f 909/909/909 1055/1055/1055 910/910/910
f 910/910/910 1055/1055/1055 1056/1056/1056
f 910/910/910 1056/1056/1056 911/911/911
f 911/911/911 1056/1056/1056 1057/1057/1057
f 911/911/911 1057/1057/1057 912/912/912
f 912/912/912 1057/1057/1057 1058/1058/1058
f 912/912/912 1058/1058/1058 913/913/913
f 913/913/913 1058/1058/1058 1059/1059/1059
f 913/913/913 1059/1059/1059 914/914/914
f 914/914/914 1059/1059/1059 1060/1060/1060
f 914/914/914 1060/1060/1060 915/915/915
f 915/915/915 1060/1060/1060 1061/1061/1061
f 915/915/915 1061/1061/1061 916/916/916
f 916/916/916 1061/1061/1061 1062/1062/1062
f 916/916/916 1062/1062/1062 917/917/917
f 917/917/917 1062/1062/1062 1063/1063/1063
f 917/917/917 1063/1063/1063 918/918/918
f 918/918/918 1063/1063/1063 1064/1064/1064
f 918/918/918 1064/1064/1064 919/919/919
f 919/919/919 1064/1064/1064 1065/1065/1065
f 919/919/919 1065/1065/1065 920/920/920
f 920/920/920 1065/1065/1065 1066/1066/1066
f 920/920/920 1066/1066/1066 921/921/921
f 921/921/921 1066/1066/1066 1067/1067/1067
f 921/921/921 1067/1067/1067 922/922/922
f 922/922/922 1067/1067/1067 1068/1068/1068
f 922/922/922 1068/1068/1068 923/923/923
f 923/923/923 1068/1068/1068 1069/1069/1069
f 923/923/923 1069/1069/1069 924/924/924
f 924/924/924 1069/1069/1069 1070/1070/1070
f 924/924/924 1070/1070/1070 925/925/925
f 925/925/925 1070/1070/1070 1071/1071/1071
f 925/925/925 1071/1071/1071 926/926/926
f 926/926/926 1071/1071/1071 1072/1072/1072
f 926/926/926 1072/1072/1072 927/927/927
f 927/927/927 1072/1072/1072 1073/1073/1073
f 927/927/927 1073/1073/1073 928/928/928
f 928/928/928 1073/1073/1073 1074/1074/1074
f 928/928/928 1074/1074/1074 929/929/929
f 929/929/929 1074/1074/1074 1075/1075/1075
f 929/929/929 1075/1075/1075 930/930/930
f 930/930/930 1075/1075/1075 1076/1076/1076
f 930/930/930 1076/1076/1076 931/931/931
f 931/931/931 1076/1076/1076 1077/1077/1077
f 931/931/931 1077/1077/1077 932/932/932
f 932/932/932 1077/1077/1077 1078/1078/1078
f 932/932/932 1078/1078/1078 933/933/933
f 933/933/933 1078/1078/1078 1079/1079/1079
f 933/933/933 1079/1079/1079 934/934/934
f 934/934/934 1079/1079/1079 1080/1080/1080
f 934/934/934 1080/1080/1080 935/935/935
f 935/935/935 1080/1080/1080 1081/1081/1081
f 935/935/935 1081/1081/1081 936/936/936
f 936/936/936 1081/1081/1081 1082/1082/1082
f 936/936/936 1082/1082/1082 937/937/937
f 937/937/937 1082/1082/1082 1083/1083/1083
f 937/937/937 1083/1083/1083 938/938/938
f 938/938/938 1083/1083/1083 1084/1084/1084
f 938/938/938 1084/1084/1084 939/939/939
f 939/939/939 1084/1084/1084 1085/1085/1085
f 939/939/939 1085/1085/1085 940/940/940
f 940/940/940 1085/1085/1085 1086/1086/1086
f 940/940/940 1086/1086/1086 941/941/941
f 941/941/941 1086/1086/1086 1087/1087/1087
f 941/941/941 1087/1087/1087 942/942/942
f 942/942/942 1087/1087/1087 1088/1088/1088
f 942/942/942 1088/1088/1088 943/943/943
f 943/943/943 1088/1088/1088 1089/1089/1089
f 943/943/943 1089/1089/1089 944/944/944
f 944/944/944 1089/1089/1089 1090/1090/1090
f 944/944/944 1090/1090/1090 945/945/945
f 945/945/945 1090/1090/1090 1091/1091/1091
f 945/945/945 1091/1091/1091 946/946/946
f 946/946/946 1091/1091/1091 1092/1092/1092
f 946/946/946 1092/1092/1092 947/947/947
f 947/947/947 1092/1092/1092 1093/1093/1093
f 947/947/947 1093/1093/1093 948/948/948
f 948/948/948 1093/1093/1093 1094/1094/1094
f 948/948/948 1094/1094/1094 949/949/949
f 949/949/949 1094/1094/1094 1095/1095/1095
f 949/949/949 1095/1095/1095 950/950/950
f 950/950/950 1095/1095/1095 1096/1096/1096
f 950/950/950 1096/1096/1096 951/951/951
f 951/951/951 1096/1096/1096 1097/1097/1097
f 951/951/951 1097/1097/1097 952/952/952
f 952/952/952 1097/1097/1097 1098/1098/1098
f 952/952/952 1098/1098/1098 953/953/953
f 953/953/953 1098/1098/1098 1099/1099/1099
f 953/953/953 1099/1099/1099 954/954/954
f 954/954/954 1099/1099/1099 1100/1100/1100
f 954/954/954 1100/1100/1100 955/955/955
f 955/955/955 1100/1100/1100 1101/1101/1101
f 955/955/955 1101/1101/1101 956/956/956
f 956/956/956 1101/1101/1101 1102/1102/1102
f 956/956/956 1102/1102/1102 957/957/957
f 957/957/957 1102/1102/1102 1103/1103/1103
f 957/957/957 1103/1103/1103 958/958/958
f 958/958/958 1103/1103/1103 1104/1104/1104
f 958/958/958 1104/1104/1104 959/959/959
f 959/959/959 1104/1104/1104 1105/1105/1105
f 959/959/959 1105/1105/1105 960/960/960
f 960/960/960 1105/1105/1105 1106/1106/1106
f 960/960/960 1106/1106/1106 961/961/961
f 961/961/961 1106/1106/1106 1107/1107/1107
f 961/961/961 1107/1107/1107 962/962/962
f 962/962/962 1107/1107/1107 1108/1108/1108
f 962/962/962 1108/1108/1108 963/963/963
f 963/963/963 1108/1108/1108 1109/1109/1109
f 963/963/963 1109/1109/1109 964/964/964
f 964/964/964 1109/1109/1109 1110/1110/1110
f 964/964/964 1110/1110/1110 965/965/965
f 965/965/965 1110/1110/1110 1111/1111/1111
f 965/965/965 1111/1111/1111 966/966/966
f 966/966/966 1111/1111/1111 1112/1112/1112
f 966/966/966 1112/1112/1112 967/967/967
f 967/967/967 1112/1112/1112 1113/1113/1113
f 967/967/967 1113/1113/1113 968/968/968
f 968/968/968 1113/1113/1113 1114/1114/1114
f 968/968/968 1114/1114/1114 969/969/969
f 969/969/969 1114/1114/1114 1115/1115/1115
f 969/969/969 1115/1115/1115 970/970/970
f 970/970/970 1115/1115/1115 1116/1116/1116
f 970/970/970 1116/1116/1116 971/971/971
f 971/971/971 1116/1116/1116 1117/1117/1117
f 971/971/971 1117/1117/1117 972/972/972
f 972/972/972 1117/1117/1117 1118/1118/1118
f 972/972/972 1118/1118/1118 973/973/973
f 973/973/973 1118/1118/1118 1119/1119/1119
f 973/973/973 1119/1119/1119 974/974/974
f 974/974/974 1119/1119/1119 1120/1120/1120
f 974/974/974 1120/1120/1120 975/975/975
f 975/975/975 1120/1120/1120 1121/1121/1121
f 975/975/975 1121/1121/1121 976/976/976
f 976/976/976 1121/1121/1121 1122/1122/1122
f 976/976/976 1122/1122/1122 977/977/977
f 977/977/977 1122/1122/1122 1123/1123/1123
f 977/977/977 1123/1123/1123 978/978/978
f 978/978/978 1123/1123/1123 1124/1124/1124
f 978/978/978 1124/1124/1124 979/979/979
f 979/979/979 1124/1124/1124 1125/1125/1125
f 979/979/979 1125/1125/1125 980/980/980
f 980/980/980 1125/1125/1125 1126/1126/1126
f 980/980/980 1126/1126/1126 981/981/981
f 981/981/981 1126/1126/1126 1127/1127/1127
f 981/981/981 1127/1127/1127 982/982/982
f 982/982/982 1127/1127/1127 1128/1128/1128
f 982/982/982 1128/1128/1128 983/983/983
f 983/983/983 1128/1128/1128 1129/1129/1129
f 983/983/983 1129/1129/1129 984/984/984
f 984/984/984 1129/1129/1129 1130/1130/1130
f 984/984/984 1130/1130/1130 985/985/985
f 985/985/985 1130/1130/1130 1131/1131/1131
f 985/985/985 1131/1131/1131 986/986/986
f 986/986/986 1131/1131/1131 1132/1132/1132
f 986/986/986 1132/1132/1132 987/987/987
f 987/987/987 1132/1132/1132 1133/1133/1133
f 987/987/987 1133/1133/1133 988/988/988
f 988/988/988 1133/1133/1133 1134/1134/1134
f 988/988/988 1134/1134/1134 989/989/989
f 989/989/989 1134/1134/1134 1135/1135/1135
f 989/989/989 1135/1135/1135 990/990/990
f 990/990/990 1135/1135/1135 1136/1136/1136
f 990/990/990 1136/1136/1136 991/991/991
f 991/991/991 1136/1136/1136 1137/1137/1137
f 991/991/991 1137/1137/1137 992/992/992
f 992/992/992 1137/1137/1137 1138/1138/1138
f 992/992/992 1138/1138/1138 993/993/993
f 993/993/993 1138/1138/1138 1139/1139/1139
f 993/993/993 1139/1139/1139 994/994/994
f 994/994/994 1139/1139/1139 1140/1140/1140
f 994/994/994 1140/1140/1140 995/995/995
f 995/995/995 1140/1140/1140 1141/1141/1141
f 995/995/995 1141/1141/1141 996/996/996
f 996/996/996 1141/1141/1141 1142/1142/1142
f 996/996/996 1142/1142/1142 997/997/997
f 997/997/997 1142/1142/1142 1143/1143/1143
f 997/997/997 1143/1143/1143 998/998/998
f 998/998/998 1143/1143/1143 1144/1144/1144
f 998/998/998 1144/1144/1144 999/999/999
f 999/999/999 1144/1144/1144 1145/1145/1145
f 999/999/999 1145/1145/1145 1000/1000/1000
f 1000/1000/1000 1145/1145/1145 1146/1146/1146
f 1000/1000/1000 1146/1146/1146 1001/1001/1001
f 1001/1001/1001 1146/1146/1146 1147/1147/1147
f 1001/1001/1001 1147/1147/1147 1002/1002/1002
f 1002/1002/1002 1147/1147/1147 1148/1148/1148
f 1002/1002/1002 1148/1148/1148 1003/1003/1003
f 1003/1003/1003 1148/1148/1148 1149/1149/1149
f 1003/1003/1003 1149/1149/1149 1004/1004/1004
f 1004/1004/1004 1149/1149/1149 1150/1150/1150
f 1004/1004/1004 1150/1150/1150 1005/1005/1005
f 1005/1005/1005 1150/1150/1150 1151/1151/1151
f 1005/1005/1005 1151/1151/1151 1006/1006/1006
f 1006/1006/1006 1151/1151/1151 1152/1152/1152
f 1006/1006/1006 1152/1152/1152 1007/1007/1007
f 1007/1007/1007 1152/1152/1152 1153/1153/1153
f 1007/1007/1007 1153/1153/1153 1008/1008/1008
f 1008/1008/1008 1153/1153/1153 1154/1154/1154
f 1008/1008/1008 1154/1154/1154 1009/1009/1009
f 1009/1009/1009 1154/1154/1154 1155/1155/1155
f 1009/1009/1009 1155/1155/1155 1010/1010/1010
f 1010/1010/1010 1155/1155/1155 1156/1156/1156
f 1010/1010/1010 1156/1156/1156 1011/1011/1011
f 1011/1011/1011 1156/1156/1156 1157/1157/1157
f 1011/1011/1011 1157/1157/1157 1012/1012/1012
f 1012/1012/1012 1157/1157/1157 1158/1158/1158
f 1012/1012/1012 1158/1158/1158 1013/1013/1013
f 1013/1013/1013 1158/1158/1158 1159/1159/1159
f 1013/1013/1013 1159/1159/1159 1014/1014/1014
f 1014/1014/1014 1159/1159/1159 1160/1160/1160
f 1014/1014/1014 1160/1160/1160 1015/1015/1015
f 1016/1016/1016 1161/1161/1161 1162/1162/1162
f 1016/1016/1016 1162/1162/1162 1017/1017/1017
f 1017/1017/1017 1162/1162/1162 1163/1163/1163
f 1017/1017/1017 1163/1163/1163 1018/1018/1018
f 1018/1018/1018 1163/1163/1163 1164/1164/1164
f 1018/1018/1018 1164/1164/1164 1019/1019/1019
f 1019/1019/1019 1164/1164/1164 1165/1165/1165
f 1019/1019/1019 1165/1165/1165 1020/1020/1020
f 1020/1020/1020 1165/1165/1165 1166/1166/1166
f 1020/1020/1020 1166/1166/1166 1021/1021/1021
f 1021/1021/1021 1166/1166/1166 1167/1167/1167
f 1021/1021/1021 1167/1167/1167 1022/1022/1022
f 1022/1022/1022 1167/1167/1167 1168/1168/1168
f 1022/1022/1022 1168/1168/1168 1023/1023/1023
f 1023/1023/1023 1168/1168/1168 1169/1169/1169
f 1023/1023/1023 1169/1169/1169 1024/1024/1024
f 1024/1024/1024 1169/1169/1169 1170/1170/1170
f 1024/1024/1024 1170/1170/1170 1025/1025/1025
f 1025/1025/1025 1170/1170/1170 1171/1171/1171
f 1025/1025/1025 1171/1171/1171 1026/1026/1026
f 1026/1026/1026 1171/1171/1171 1172/1172/1172
f 1026/1026/1026 1172/1172/1172 1027/1027/1027
f 1027/1027/1027 1172/1172/1172 1173/1173/1173
f 1027/1027/1027 1173/1173/1173 1028/1028/1028
f 1028/1028/1028 1173/1173/1173 1174/1174/1174
f 1028/1028/1028 1174/1174/1174 1029/1029/1029
f 1029/1029/1029 1174/1174/1174 1175/1175/1175
f 1029/1029/1029 1175/1175/1175 1030/1030/1030
f 1030/1030/1030 1175/1175/1175 1176/1176/1176
f 1030/1030/1030 1176/1176/1176 1031/1031/1031
f 1031/1031/1031 1176/1176/1176 1177/1177/1177
f 1031/1031/1031 1177/1177/1177 1032/1032/1032
f 1032/1032/1032 1177/1177/1177 1178/1178/1178
f 1032/1032/1032 1178/1178/1178 1033/1033/1033
f 1033/1033/1033 1178/1178/1178 1179/1179/1179
f 1033/1033/1033 1179/1179/1179 1034/1034/1034
f 1034/1034/1034 1179/1179/1179 1180/1180/1180
f 1034/1034/1034 1180/1180/1180 1035/1035/1035
f 1035/1035/1035 1180/1180/1180 1181/1181/1181
f 1035/1035/1035 1181/1181/1181 1036/1036/1036
f 1036/1036/1036 1181/1181/1181 1182/1182/1182
f 1036/1036/1036 1182/1182/1182 1037/1037/1037
f 1037/1037/1037 1182/1182/1182 1183/1183/1183
f 1037/1037/1037 1183/1183/1183 1038/1038/1038
f 1038/1038/1038 1183/1183/1183 1184/1184/1184
f 1038/1038/1038 1184/1184/1184 1039/1039/1039
f 1039/1039/1039 1184/1184/1184 1185/1185/1185
f 1039/1039/1039 1185/1185/1185 1040/1040/1040
f 1040/1040/1040 1185/1185/1185 1186/1186/1186
f 1040/1040/1040 1186/1186/1186 1041/1041/1041
f 1041/1041/1041 1186/1186/1186 1187/1187/1187
f 1041/1041/1041 1187/1187/1187 1042/1042/1042
f 1042/1042/1042 1187/1187/1187 1188/1188/1188
f 1042/1042/1042 1188/1188/1188 1043/1043/1043
f 1043/1043/1043 1188/1188/1188 1189/1189/1189
f 1043/1043/1043 1189/1189/1189 1044/1044/1044
f 1044/1044/1044 1189/1189/1189 1190/1190/1190
f 1044/1044/1044 1190/1190/1190 1045/1045/1045
f 1045/1045/1045 1190/1190/1190 1191/1191/1191
f 1045/1045/1045 1191/1191/1191 1046/1046/1046
f 1046/1046/1046 1191/1191/1191 1192/1192/1192
f 1046/1046/1046 1192/1192/1192 1047/1047/1047
f 1047/1047/1047 1192/1192/1192 1193/1193/1193
f 1047/1047/1047 1193/1193/1193 1048/1048/1048
f 1048/1048/1048 1193/1193/1193 1194/1194/1194
f 1048/1048/1048 1194/1194/1194 1049/1049/1049
f 1049/1049/1049 1194/1194/1194 1195/1195/1195
f 1049/1049/1049 1195/1195/1195 1050/1050/1050
f 1050/1050/1050 1195/1195/1195 1196/1196/1196
f 1050/1050/1050 1196/1196/1196 1051/1051/1051
f 1051/1051/1051 1196/1196/1196 1197/1197/1197
f 1051/1051/1051 1197/1197/1197 1052/1052/1052
f 1052/1052/1052 1197/1197/1197 1198/1198/1198
f 1052/1052/1052 1198/1198/1198 1053/1053/1053
f 1053/1053/1053 1198/1198/1198 1199/1199/1199
f 1053/1053/1053 1199/1199/1199 1054/1054/1054
f 1054/1054/1054 1199/1199/1199 1200/1200/1200
f 1054/1054/1054 1200/1200/1200 1055/1055/1055
f 1055/1055/1055 1200/1200/1200 1201/1201/1201
f 1055/1055/1055 1201/1201/1201 1056/1056/1056
f 1056/1056/1056 1201/1201/1201 1202/1202/1202
f 1056/1056/1056 1202/1202/1202 1057/1057/1057
f 1057/1057/1057 1202/1202/1202 1203/1203/1203
f 1057/1057/1057 1203/1203/1203 1058/1058/1058
f 1058/1058/1058 1203/1203/1203 1204/1204/1204
f 1058/1058/1058 1204/1204/1204 1059/1059/1059
f 1059/1059/1059 1204/1204/1204 1205/1205/1205
f 1059/1059/1059 1205/1205/1205 1060/1060/1060
f 1060/1060/1060 1205/1205/1205 1206/1206/1206
f 1060/1060/1060 1206/1206/1206 1061/1061/1061
f 1061/1061/1061 1206/1206/1206 1207/1207/1207
f 1061/1061/1061 1207/1207/1207 1062/1062/1062
f 1062/1062/1062 1207/1207/1207 1208/1208/1208
f 1062/1062/1062 1208/1208/1208 1063/1063/1063
f 1063/1063/1063 1208/1208/1208 1209/1209/1209
f 1063/1063/1063 1209/1209/1209 1064/1064/1064
f 1064/1064/1064 1209/1209/1209 1210/1210/1210
f 1064/1064/1064 1210/1210/1210 1065/1065/1065
f 1065/1065/1065 1210/1210/1210 1211/1211/1211
f 1065/1065/1065 1211/1211/1211 1066/1066/1066
f 1066/1066/1066 1211/1211/1211 1212/1212/1212
f 1066/1066/1066 1212/1212/1212 1067/1067/1067
f 1067/1067/1067 1212/1212/1212 1213/1213/1213
f 1067/1067/1067 1213/1213/1213 1068/1068/1068
f 1068/1068/1068 1213/1213/1213 1214/1214/1214
f 1068/1068/1068 1214/1214/1214 1069/1069/1069
f 1069/1069/1069 1214/1214/1214 1215/1215/1215
f 1069/1069/1069 1215/1215/1215 1070/1070/1070
f 1070/1070/1070 1215/1215/1215 1216/1216/1216
f 1070/1070/1070 1216/1216/1216 1071/1071/1071
f 1071/1071/1071 1216/1216/1216 1217/1217/1217
f 1071/1071/1071 1217/1217/1217 1072/1072/1072
f 1072/1072/1072 1217/1217/1217 1218/1218/1218
f 1072/1072/1072 1218/1218/1218 1073/1073/1073
f 1073/1073/1073 1218/1218/1218 1219/1219/1219
f 1073/1073/1073 1219/1219/1219 1074/1074/1074
f 1074/1074/1074 1219/1219/1219 1220/1220/1220
f 1074/1074/1074 1220/1220/1220 1075/1075/1075
f 1075/1075/1075 1220/1220/1220 1221/1221/1221
f 1075/1075/1075 1221/1221/1221 1076/1076/1076
f 1076/1076/1076 1221/1221/1221 1222/1222/1222
f 1076/1076/1076 1222/1222/1222 1077/1077/1077
f 1077/1077/1077 1222/1222/1222 1223/1223/1223
f 1077/1077/1077 1223/1223/1223 1078/1078/1078
f 1078/1078/1078 1223/1223/1223 1224/1224/1224
f 1078/1078/1078 1224/1224/1224 1079/1079/1079
f 1079/1079/1079 1224/1224/1224 1225/1225/1225
f 1079/1079/1079 1225/1225/1225 1080/1080/1080
f 1080/1080/1080 1225/1225/1225 1226/1226/1226
f 1080/1080/1080 1226/1226/1226 1081/1081/1081
f 1081/1081/1081 1226/1226/1226 1227/1227/1227
f 1081/1081/1081 1227/1227/1227 1082/1082/1082
f 1082/1082/1082 1227/1227/1227 1228/1228/1228
f 1082/1082/1082 1228/1228/1228 1083/1083/1083
f 1083/1083/1083 1228/1228/1228 1229/1229/1229
f 1083/1083/1083 1229/1229/1229 1084/1084/1084
f 1084/1084/1084 1229/1229/1229 1230/1230/1230
f 1084/1084/1084 1230/1230/1230 1085/1085/1085
f 1085/1085/1085 1230/1230/1230 1231/1231/1231
f 1085/1085/1085 1231/1231/1231 1086/1086/1086
f 1086/1086/1086 1231/1231/1231 1232/1232/1232
f 1086/1086/1086 1232/1232/1232 1087/1087/1087
f 1087/1087/1087 1232/1232/1232 1233/1233/1233
f 1087/1087/1087 1233/1233/1233 1088/1088/1088
f 1088/1088/1088 1233/1233/1233 1234/1234/1234
f 1088/1088/1088 1234/1234/1234 1089/1089/1089
f 1089/1089/1089 1234/1234/1234 1235/1235/1235
f 1089/1089/1089 1235/1235/1235 1090/1090/1090
f 1090/1090/1090 1235/1235/1235 1236/1236/1236
f 1090/1090/1090 1236/1236/1236 1091/1091/1091
f 1091/1091/1091 1236/1236/1236 1237/1237/1237
f 1091/1091/1091 1237/1237/1237 1092/1092/1092
f 1092/1092/1092 1237/1237/1237 1238/1238/1238
f 1092/1092/1092 1238/1238/1238 1093/1093/1093
f 1093/1093/1093 1238/1238/1238 1239/1239/1239
f 1093/1093/1093 1239/1239/1239 1094/1094/1094
f 1094/1094/1094 1239/1239/1239 1240/1240/1240
f 1094/1094/1094 1240/1240/1240 1095/1095/1095
f 1095/1095/1095 1240/1240/1240 1241/1241/1241
f 1095/1095/1095 1241/1241/1241 1096/1096/1096
f 1096/1096/1096 1241/1241/1241 1242/1242/1242
f 1096/1096/1096 1242/1242/1242 1097/1097/1097
f 1097/1097/1097 1242/1242/1242 1243/1243/1243
f 1097/1097/1097 1243/1243/1243 1098/1098/1098
f 1098/1098/1098 1243/1243/1243 1244/1244/1244
f 1098/1098/1098 1244/1244/1244 1099/1099/1099
f 1099/1099/1099 1244/1244/1244 1245/1245/1245
f 1099/1099/1099 1245/1245/1245 1100/1100/1100
f 1100/1100/1100 1245/1245/1245 1246/1246/1246
f 1100/1100/1100 1246/1246/1246 1101/1101/1101
f 1101/1101/1101 1246/1246/1246 1247/1247/1247
f 1101/1101/1101 1247/1247/1247 1102/1102/1102
f 1102/1102/1102 1247/1247/1247 1248/1248/1248
f 1102/1102/1102 1248/1248/1248 1103/1103/1103
f 1103/1103/1103 1248/1248/1248 1249/1249/1249
f 1103/1103/1103 1249/1249/1249 1104/1104/1104
f 1104/1104/1104 1249/1249/1249 1250/1250/1250
f 1104/1104/1104 1250/1250/1250 1105/1105/1105
f 1105/1105/1105 1250/1250/1250 1251/1251/1251
f 1105/1105/1105 1251/1251/1251 1106/1106/1106
f 1106/1106/1106 1251/1251/1251 1252/1252/1252
f 1106/1106/1106 1252/1252/1252 1107/1107/1107
f 1107/1107/1107 1252/1252/1252 1253/1253/1253
f 1107/1107/1107 1253/1253/1253 1108/1108/1108
f 1108/1108/1108 1253/1253/1253 1254/1254/1254
f 1108/1108/1108 1254/1254/1254 1109/1109/1109
f 1109/1109/1109 1254/1254/1254 1255/1255/1255
f 1109/1109/1109 1255/1255/1255 1110/1110/1110
f 1110/1110/1110 1255/1255/1255 1256/1256/1256
f 1110/1110/1110 1256/1256/1256 1111/1111/1111
f 1111/1111/1111 1256/1256/1256 1257/1257/1257
f 1111/1111/1111 1257/1257/1257 1112/1112/1112
f 1112/1112/1112 1257/1257/1257 1258/1258/1258
f 1112/1112/1112 1258/1258/1258 1113/1113/1113
f 1113/1113/1113 1258/1258/1258 1259/1259/1259
f 1113/1113/1113 1259/1259/1259 1114/1114/1114
f 1114/1114/1114 1259/1259/1259 1260/1260/1260
f 1114/1114/1114 1260/1260/1260 1115/1115/1115
f 1115/1115/1115 1260/1260/1260 1261/1261/1261
f 1115/1115/1115 1261/1261/1261 1116/1116/1116
f 1116/1116/1116 1261/1261/1261 1262/1262/1262
f 1116/1116/1116 1262/1262/1262 1117/1117/1117
f 1117/1117/1117 1262/1262/1262 1263/1263/1263
f 1117/1117/1117 1263/1263/1263 1118/1118/1118
f 1118/1118/1118 1263/1263/1263 1264/1264/1264
f 1118/1118/1118 1264/1264/1264 1119/1119/1119
f 1119/1119/1119 1264/1264/1264 1265/1265/1265
f 1119/1119/1119 1265/1265/1265 1120/1120/1120
f 1120/1120/1120 1265/1265/1265 1266/1266/1266
f 1120/1120/1120 1266/1266/1266 1121/1121/1121
f 1121/1121/1121 1266/1266/1266 1267/1267/1267
f 1121/1121/1121 1267/1267/1267 1122/1122/1122
f 1122/1122/1122 1267/1267/1267 1268/1268/1268
f 1122/1122/1122 1268/1268/1268 1123/1123/1123
f 1123/1123/1123 1268/1268/1268 1269/1269/1269
f 1123/1123/1123 1269/1269/1269 1124/1124/1124
f 1124/1124/1124 1269/1269/1269 1270/1270/1270
f 1124/1124/1124 1270/1270/1270 1125/1125/1125
f 1125/1125/1125 1270/1270/1270 1271/1271/1271
f 1125/1125/1125 1271/1271/1271 1126/1126/1126
f 1126/1126/1126 1271/1271/1271 1272/1272/1272
f 1126/1126/1126 1272/1272/1272 1127/1127/1127
f 1127/1127/1127 1272/1272/1272 1273/1273/1273
f 1127/1127/1127 1273/1273/1273 1128/1128/1128
f 1128/1128/1128 1273/1273/1273 1274/1274/1274
f 1128/1128/1128 1274/1274/1274 1129/1129/1129
f 1129/1129/1129 1274/1274/1274 1275/1275/1275
f 1129/1129/1129 1275/1275/1275 1130/1130/1130
f 1130/1130/1130 1275/1275/1275 1276/1276/1276
f 1130/1130/1130 1276/1276/1276 1131/1131/1131
f 1131/1131/1131 1276/1276/1276 1277/1277/1277
f 1131/1131/1131 1277/1277/1277 1132/1132/1132
f 1132/1132/1132 1277/1277/1277 1278/1278/1278
f 1132/1132/1132 1278/1278/1278 1133/1133/1133
f 1133/1133/1133 1278/1278/1278 1279/1279/1279
f 1133/1133/1133 1279/1279/1279 1134/1134/1134
f 1134/1134/1134 1279/1279/1279 1280/1280/1280
f 1134/1134/1134 1280/1280/1280 1135/1135/1135
f 1135/1135/1135 1280/1280/1280 1281/1281/1281
f 1135/1135/1135 1281/1281/1281 1136/1136/1136
f 1136/1136/1136 1281/1281/1281 1282/1282/1282
f 1136/1136/1136 1282/1282/1282 1137/1137/1137
f 1137/1137/1137 1282/1282/1282 1283/1283/1283
f 1137/1137/1137 1283/1283/1283 1138/1138/1138
f 1138/1138/1138 1283/1283/1283 1284/1284/1284
f 1138/1138/1138 1284/1284/1284 1139/1139/1139
f 1139/1139/1139 1284/1284/1284 1285/1285/1285
f 1139/1139/1139 1285/1285/1285 1140/1140/1140
f 1140/1140/1140 1285/1285/1285 1286/1286/1286
f 1140/1140/1140 1286/1286/1286 1141/1141/1141
f 1141/1141/1141 1286/1286/1286 1287/1287/1287
f 1141/1141/1141 1287/1287/1287 1142/1142/1142
f 1142/1142/1142 1287/1287/1287 1288/1288/1288
f 1142/1142/1142 1288/1288/1288 1143/1143/1143
f 1143/1143/1143 1288/1288/1288 1289/1289/1289
f 1143/1143/1143 1289/1289/1289 1144/1144/1144
f 1144/1144/1144 1289/1289/1289 1290/1290/1290
f 1144/1144/1144 1290/1290/1290 1145/1145/1145
f 1145/1145/1145 1290/1290/1290 1291/1291/1291
f 1145/1145/1145 1291/1291/1291 1146/1146/1146
f 1146/1146/1146 1291/1291/1291 1292/1292/1292
f 1146/1146/1146 1292/1292/1292 1147/1147/1147
f 1147/1147/1147 1292/1292/1292 1293/1293/1293
f 1147/1147/1147 1293/1293/1293 1148/1148/1148
f 1148/1148/1148 1293/1293/1293 1294/1294/1294
f 1148/1148/1148 1294/1294/1294 1149/1149/1149
f 1149/1149/1149 1294/1294/1294 1295/1295/1295
f 1149/1149/1149 1295/1295/1295 1150/1150/1150
f 1150/1150/1150 1295/1295/1295 1296/1296/1296
f 1150/1150/1150 1296/1296/1296 1151/1151/1151
f 1151/1151/1151 1296/1296/1296 1297/1297/1297
f 1151/1151/1151 1297/1297/1297 1152/1152/1152
f 1152/1152/1152 1297/1297/1297 1298/1298/1298
f 1152/1152/1152 1298/1298/1298 1153/1153/1153
f 1153/1153/1153 1298/1298/1298 1299/1299/1299
f 1153/1153/1153 1299/1299/1299 1154/1154/1154
f 1154/1154/1154 1299/1299/1299 1300/1300/1300
f 1154/1154/1154 1300/1300/1300 1155/1155/1155
f 1155/1155/1155 1300/1300/1300 1301/1301/1301
f 1155/1155/1155 1301/1301/1301 1156/1156/1156
f 1156/1156/1156 1301/1301/1301 1302/1302/1302
f 1156/1156/1156 1302/1302/1302 1157/1157/1157
f 1157/1157/1157 1302/1302/1302 1303/1303/1303
f 1157/1157/1157 1303/1303/1303 1158/1158/1158
f 1158/1158/1158 1303/1303/1303 1304/1304/1304
f 1158/1158/1158 1304/1304/1304 1159/1159/1159
f 1159/1159/1159 1304/1304/1304 1305/1305/1305
f 1159/1159/1159 1305/1305/1305 1160/1160/1160
f 1161/1161/1161 1306/1306/1306 1307/1307/1307
f 1161/1161/1161 1307/1307/1307 1162/1162/1162
f 1162/1162/1162 1307/1307/1307 1308/1308/1308
f 1162/1162/1162 1308/1308/1308 1163/1163/1163
f 1163/1163/1163 1308/1308/1308 1309/1309/1309
f 1163/1163/1163 1309/1309/1309 1164/1164/1164
f 1164/1164/1164 1309/1309/1309 1310/1310/1310
f 1164/1164/1164 1310/1310/1310 1165/1165/1165
f 1165/1165/1165 1310/1310/1310 1311/1311/1311
f 1165/1165/1165 1311/1311/1311 1166/1166/1166
f 1166/1166/1166 1311/1311/1311 1312/1312/1312
f 1166/1166/1166 1312/1312/1312 1167/1167/1167
f 1167/1167/1167 1312/1312/1312 1313/1313/1313
f 1167/1167/1167 1313/1313/1313 1168/1168/1168
f 1168/1168/1168 1313/1313/1313 1314/1314/1314
f 1168/1168/1168 1314/1314/1314 1169/1169/1169
f 1169/1169/1169 1314/1314/1314 1315/1315/1315
f 1169/1169/1169 1315/1315/1315 1170/1170/1170
f 1170/1170/1170 1315/1315/1315 1316/1316/1316
f 1170/1170/1170 1316/1316/1316 1171/1171/1171
f 1171/1171/1171 1316/1316/1316 1317/1317/1317
f 1171/1171/1171 1317/1317/1317 1172/1172/1172
f 1172/1172/1172 1317/1317/1317 1318/1318/1318
f 1172/1172/1172 1318/1318/1318 1173/1173/1173
f 1173/1173/1173 1318/1318/1318 1319/1319/1319
f 1173/1173/1173 1319/1319/1319 1174/1174/1174
f 1174/1174/1174 1319/1319/1319 1320/1320/1320
f 1174/1174/1174 1320/1320/1320 1175/1175/1175
f 1175/1175/1175 1320/1320/1320 1321/1321/1321
f 1175/1175/1175 1321/1321/1321 1176/1176/1176
f 1176/1176/1176 1321/1321/1321 1322/1322/1322
f 1176/1176/1176 1322/1322/1322 1177/1177/1177
f 1177/1177/1177 1322/1322/1322 1323/1323/1323
f 1177/1177/1177 1323/1323/1323 1178/1178/1178
f 1178/1178/1178 1323/1323/1323 1324/1324/1324
f 1178/1178/1178 1324/1324/1324 1179/1179/1179
f 1179/1179/1179 1324/1324/1324 1325/1325/1325
f 1179/1179/1179 1325/1325/1325 1180/1180/1180
f 1180/1180/1180 1325/1325/1325 1326/1326/1326
f 1180/1180/1180 1326/1326/1326 1181/1181/1181
f 1181/1181/1181 1326/1326/1326 1327/1327/1327
f 1181/1181/1181 1327/1327/1327 1182/1182/1182
f 1182/1182/1182 1327/1327/1327 1328/1328/1328
f 1182/1182/1182 1328/1328/1328 1183/1183/1183
f 1183/1183/1183 1328/1328/1328 1329/1329/1329
f 1183/1183/1183 1329/1329/1329 1184/1184/1184
f 1184/1184/1184 1329/1329/1329 1330/1330/1330
f 1184/1184/1184 1330/1330/1330 1185/1185/1185
f 1185/1185/1185 1330/1330/1330 1331/1331/1331
f 1185/1185/1185 1331/1331/1331 1186/1186/1186
f 1186/1186/1186 1331/1331/1331 1332/1332/1332
f 1186/1186/1186 1332/1332/1332 1187/1187/1187
f 1187/1187/1187 1332/1332/1332 1333/1333/1333
f 1187/1187/1187 1333/1333/1333 1188/1188/1188
f 1188/1188/1188 1333/1333/1333 1334/1334/1334
f 1188/1188/1188 1334/1334/1334 1189/1189/1189
f 1189/1189/1189 1334/1334/1334 1335/1335/1335
f 1189/1189/1189 1335/1335/1335 1190/1190/1190
f 1190/1190/1190 1335/1335/1335 1336/1336/1336
f 1190/1190/1190 1336/1336/1336 1191/1191/1191
f 1191/1191/1191 1336/1336/1336 1337/1337/1337
f 1191/1191/1191 1337/1337/1337 1192/1192/1192
f 1192/1192/1192 1337/1337/1337 1338/1338/1338
f 1192/1192/1192 1338/1338/1338 1193/1193/1193
f 1193/1193/1193 1338/1338/1338 1339/1339/1339
f 1193/1193/1193 1339/1339/1339 1194/1194/1194
f 1194/1194/1194 1339/1339/1339 1340/1340/1340
f 1194/1194/1194 1340/1340/1340 1195/1195/1195
f 1195/1195/1195 1340/1340/1340 1341/1341/1341
f 1195/1195/1195 1341/1341/1341 1196/1196/1196
f 1196/1196/1196 1341/1341/1341 1342/1342/1342
f 1196/1196/1196 1342/1342/1342 1197/1197/1197
f 1197/1197/1197 1342/1342/1342 1343/1343/1343
f 1197/1197/1197 1343/1343/1343 1198/1198/1198
f 1198/1198/1198 1343/1343/1343 1344/1344/1344
f 1198/1198/1198 1344/1344/1344 1199/1199/1199
f 1199/1199/1199 1344/1344/1344 1345/1345/1345
f 1199/1199/1199 1345/1345/1345 1200/1200/1200
f 1200/1200/1200 1345/1345/1345 1346/1346/1346
f 1200/1200/1200 1346/1346/1346 1201/1201/1201
f 1201/1201/1201 1346/1346/1346 1347/1347/1347
f 1201/1201/1201 1347/1347/1347 1202/1202/1202
f 1202/1202/1202 1347/1347/1347 1348/1348/1348
f 1202/1202/1202 1348/1348/1348 1203/1203/1203
f 1203/1203/1203 1348/1348/1348 1349/1349/1349
f 1203/1203/1203 1349/1349/1349 1204/1204/1204
f 1204/1204/1204 1349/1349/1349 1350/1350/1350
f 1204/1204/1204 1350/1350/1350 1205/1205/1205
f 1205/1205/1205 1350/1350/1350 1351/1351/1351
f 1205/1205/1205 1351/1351/1351 1206/1206/1206
f 1206/1206/1206 1351/1351/1351 1352/1352/1352
f 1206/1206/1206 1352/1352/1352 1207/1207/1207
f 1207/1207/1207 1352/1352/1352 1353/1353/1353
f 1207/1207/1207 1353/1353/1353 1208/1208/1208
f 1208/1208/1208 1353/1353/1353 1354/1354/1354
f 1208/1208/1208 1354/1354/1354 1209/1209/1209
f 1209/1209/1209 1354/1354/1354 1355/1355/1355
f 1209/1209/1209 1355/1355/1355 1210/1210/1210
f 1210/1210/1210 1355/1355/1355 1356/1356/1356
f 1210/1210/1210 1356/1356/1356 1211/1211/1211
f 1211/1211/1211 1356/1356/1356 1357/1357/1357
f 1211/1211/1211 1357/1357/1357 1212/1212/1212
f 1212/1212/1212 1357/1357/1357 1358/1358/1358
f 1212/1212/1212 1358/1358/1358 1213/1213/1213
f 1213/1213/1213 1358/1358/1358 1359/1359/1359
f 1213/1213/1213 1359/1359/1359 1214/1214/1214
f 1214/1214/1214 1359/1359/1359 1360/1360/1360
f 1214/1214/1214 1360/1360/1360 1215/1215/1215
f 1215/1215/1215 1360/1360/1360 1361/1361/1361
f 1215/1215/1215 1361/1361/1361 1216/1216/1216
f 1216/1216/1216 1361/1361/1361 1362/1362/1362
f 1216/1216/1216 1362/1362/1362 1217/1217/1217
f 1217/1217/1217 1362/1362/1362 1363/1363/1363
f 1217/1217/1217 1363/1363/1363 1218/1218/1218
f 1218/1218/1218 1363/1363/1363 1364/1364/1364
f 1218/1218/1218 1364/1364/1364 1219/1219/1219
f 1219/1219/1219 1364/1364/1364 1365/1365/1365
f 1219/1219/1219 1365/1365/1365 1220/1220/1220
f 1220/1220/1220 1365/1365/1365 1366/1366/1366
f 1220/1220/1220 1366/1366/1366 1221/1221/1221
f 1221/1221/1221 1366/1366/1366 1367/1367/1367
f 1221/1221/1221 1367/1367/1367 1222/1222/1222
f 1222/1222/1222 1367/1367/1367 1368/1368/1368
f 1222/1222/1222 1368/1368/1368 1223/1223/1223
f 1223/1223/1223 1368/1368/1368 1369/1369/1369
f 1223/1223/1223 1369/1369/1369 1224/1224/1224
f 1224/1224/1224 1369/1369/1369 1370/1370/1370
f 1224/1224/1224 1370/1370/1370 1225/1225/1225
f 1225/1225/1225 1370/1370/1370 1371/1371/1371
f 1225/1225/1225 1371/1371/1371 1226/1226/1226
f 1226/1226/1226 1371/1371/1371 1372/1372/1372
f 1226/1226/1226 1372/1372/1372 1227/1227/1227
f 1227/1227/1227 1372/1372/1372 1373/1373/1373
f 1227/1227/1227 1373/1373/1373 1228/1228/1228
f 1228/1228/1228 1373/1373/1373 1374/1374/1374
f 1228/1228/1228 1374/1374/1374 1229/1229/1229
f 1229/1229/1229 1374/1374/1374 1375/1375/1375
f 1229/1229/1229 1375/1375/1375 1230/1230/1230
f 1230/1230/1230 1375/1375/1375 1376/1376/1376
f 1230/1230/1230 1376/1376/1376 1231/1231/1231
f 1231/1231/1231 1376/1376/1376 1377/1377/1377
f 1231/1231/1231 1377/1377/1377 1232/1232/1232
f 1232/1232/1232 1377/1377/1377 1378/1378/1378
f 1232/1232/1232 1378/1378/1378 1233/1233/1233
f 1233/1233/1233 1378/1378/1378 1379/1379/1379
f 1233/1233/1233 1379/1379/1379 1234/1234/1234
f 1234/1234/1234 1379/1379/1379 1380/1380/1380
f 1234/1234/1234 1380/1380/1380 1235/1235/1235
f 1235/1235/1235 1380/1380/1380 1381/1381/1381
f 1235/1235/1235 1381/1381/1381 1236/1236/1236
f 1236/1236/1236 1381/1381/1381 1382/1382/1382
f 1236/1236/1236 1382/1382/1382 1237/1237/1237
f 1237/1237/1237 1382/1382/1382 1383/1383/1383
f 1237/1237/1237 1383/1383/1383 1238/1238/1238
f 1238/1238/1238 1383/1383/1383 1384/1384/1384
f 1238/1238/1238 1384/1384/1384 1239/1239/1239
f 1239/1239/1239 1384/1384/1384 1385/1385/1385
f 1239/1239/1239 1385/1385/1385 1240/1240/1240
f 1240/1240/1240 1385/1385/1385 1386/1386/1386
f 1240/1240/1240 1386/1386/1386 1241/1241/1241
f 1241/1241/1241 1386/1386/1386 1387/1387/1387
f 1241/1241/1241 1387/1387/1387 1242/1242/1242
f 1242/1242/1242 1387/1387/1387 1388/1388/1388
f 1242/1242/1242 1388/1388/1388 1243/1243/1243
f 1243/1243/1243 1388/1388/1388 1389/1389/1389
f 1243/1243/1243 1389/1389/1389 1244/1244/1244
f 1244/1244/1244 1389/1389/1389 1390/1390/1390
f 1244/1244/1244 1390/1390/1390 1245/1245/1245
f 1245/1245/1245 1390/1390/1390 1391/1391/1391
f 1245/1245/1245 1391/1391/1391 1246/1246/1246
f 1246/1246/1246 1391/1391/1391 1392/1392/1392
f 1246/1246/1246 1392/1392/1392 1247/1247/1247
f 1247/1247/1247 1392/1392/1392 1393/1393/1393
f 1247/1247/1247 1393/1393/1393 1248/1248/1248
f 1248/1248/1248 1393/1393/1393 1394/1394/1394
f 1248/1248/1248 1394/1394/1394 1249/1249/1249
f 1249/1249/1249 1394/1394/1394 1395/1395/1395
f 1249/1249/1249 1395/1395/1395 1250/1250/1250
f 1250/1250/1250 1395/1395/1395 1396/1396/1396
f 1250/1250/1250 1396/1396/1396 1251/1251/1251
f 1251/1251/1251 1396/1396/1396 1397/1397/1397
f 1251/1251/1251 1397/1397/1397 1252/1252/1252
f 1252/1252/1252 1397/1397/1397 1398/1398/1398
f 1252/1252/1252 1398/1398/1398 1253/1253/1253
f 1253/1253/1253 1398/1398/1398 1399/1399/1399
f 1253/1253/1253 1399/1399/1399 1254/1254/1254
f 1254/1254/1254 1399/1399/1399 1400/1400/1400
f 1254/1254/1254 1400/1400/1400 1255/1255/1255
f 1255/1255/1255 1400/1400/1400 1401/1401/1401
f 1255/1255/1255 1401/1401/1401 1256/1256/1256
f 1256/1256/1256 1401/1401/1401 1402/1402/1402
f 1256/1256/1256 1402/1402/1402 1257/1257/1257
f 1257/1257/1257 1402/1402/1402 1403/1403/1403
f 1257/1257/1257 1403/1403/1403 1258/1258/1258
f 1258/1258/1258 1403/1403/1403 1404/1404/1404
f 1258/1258/1258 1404/1404/1404 1259/1259/1259
f 1259/1259/1259 1404/1404/1404 1405/1405/1405
f 1259/1259/1259 1405/1405/1405 1260/1260/1260
f 1260/1260/1260 1405/1405/1405 1406/1406/1406
f 1260/1260/1260 1406/1406/1406 1261/1261/1261
f 1261/1261/1261 1406/1406/1406 1407/1407/1407
f 1261/1261/1261 1407/1407/1407 1262/1262/1262
f 1262/1262/1262 1407/1407/1407 1408/1408/1408
f 1262/1262/1262 1408/1408/1408 1263/1263/1263
f 1263/1263/1263 1408/1408/1408 1409/1409/1409
f 1263/1263/1263 1409/1409/1409 1264/1264/1264
f 1264/1264/1264 1409/1409/1409 1410/1410/1410
f 1264/1264/1264 1410/1410/1410 1265/1265/1265
f 1265/1265/1265 1410/1410/1410 1411/1411/1411
f 1265/1265/1265 1411/1411/1411 1266/1266/1266
f 1266/1266/1266 1411/1411/1411 1412/1412/1412
f 1266/1266/1266 1412/1412/1412 1267/1267/1267
f 1267/1267/1267 1412/1412/1412 1413/1413/1413
f 1267/1267/1267 1413/1413/1413 1268/1268/1268
f 1268/1268/1268 1413/1413/1413 1414/1414/1414
f 1268/1268/1268 1414/1414/1414 1269/1269/1269
f 1269/1269/1269 1414/1414/1414 1415/1415/1415
f 1269/1269/1269 1415/1415/1415 1270/1270/1270
f 1270/1270/1270 1415/1415/1415 1416/1416/1416
f 1270/1270/1270 1416/1416/1416 1271/1271/1271
f 1271/1271/1271 1416/1416/1416 1417/1417/1417
f 1271/1271/1271 1417/1417/1417 1272/1272/1272
f 1272/1272/1272 1417/1417/1417 1418/1418/1418
f 1272/1272/1272 1418/1418/1418 1273/1273/1273
f 1273/1273/1273 1418/1418/1418 1419/1419/1419
f 1273/1273/1273 1419/1419/1419 1274/1274/1274
f 1274/1274/1274 1419/1419/1419 1420/1420/1420
f 1274/1274/1274 1420/1420/1420 1275/1275/1275
f 1275/1275/1275 1420/1420/1420 1421/1421/1421
f 1275/1275/1275 1421/1421/1421 1276/1276/1276
f 1276/1276/1276 1421/1421/1421 1422/1422/1422
f 1276/1276/1276 1422/1422/1422 1277/1277/1277
f 1277/1277/1277 1422/1422/1422 1423/1423/1423
f 1277/1277/1277 1423/1423/1423 1278/1278/1278
f 1278/1278/1278 1423/1423/1423 1424/1424/1424
f 1278/1278/1278 1424/1424/1424 1279/1279/1279
f 1279/1279/1279 1424/1424/1424 1425/1425/1425
f 1279/1279/1279 1425/1425/1425 1280/1280/1280
f 1280/1280/1280 1425/1425/1425 1426/1426/1426
f 1280/1280/1280 1426/1426/1426 1281/1281/1281
f 1281/1281/1281 1426/1426/1426 1427/1427/1427
f 1281/1281/1281 1427/1427/1427 1282/1282/1282
f 1282/1282/1282 1427/1427/1427 1428/1428/1428
f 1282/1282/1282 1428/1428/1428 1283/1283/1283
f 1283/1283/1283 1428/1428/1428 1429/1429/1429
f 1283/1283/1283 1429/1429/1429 1284/1284/1284
f 1284/1284/1284 1429/1429/1429 1430/1430/1430
f 1284/1284/1284 1430/1430/1430 1285/1285/1285
f 1285/1285/1285 1430/1430/1430 1431/1431/1431
f 1285/1285/1285 1431/1431/1431 1286/1286/1286
f 1286/1286/1286 1431/1431/1431 1432/1432/1432
f 1286/1286/1286 1432/1432/1432 1287/1287/1287
f 1287/1287/1287 1432/1432/1432 1433/1433/1433
f 1287/1287/1287 1433/1433/1433 1288/1288/1288
f 1288/1288/1288 1433/1433/1433 1434/1434/1434
f 1288/1288/1288 1434/1434/1434 1289/1289/1289
f 1289/1289/1289 1434/1434/1434 1435/1435/1435
f 1289/1289/1289 1435/1435/1435 1290/1290/1290
f 1290/1290/1290 1435/1435/1435 1436/1436/1436
f 1290/1290/1290 1436/1436/1436 1291/1291/1291
f 1291/1291/1291 1436/1436/1436 1437/1437/1437
f 1291/1291/1291 1437/1437/1437 1292/1292/1292
f 1292/1292/1292 1437/1437/1437 1438/1438/1438
f 1292/1292/1292 1438/1438/1438 1293/1293/1293
f 1293/1293/1293 1438/1438/1438 1439/1439/1439
f 1293/1293/1293 1439/1439/1439 1294/1294/1294
f 1294/1294/1294 1439/1439/1439 1440/1440/1440
f 1294/1294/1294 1440/1440/1440 1295/1295/1295
f 1295/1295/1295 1440/1440/1440 1441/1441/1441
f 1295/1295/1295 1441/1441/1441 1296/1296/1296
f 1296/1296/1296 1441/1441/1441 1442/1442/1442
f 1296/1296/1296 1442/1442/1442 1297/1297/1297
f 1297/1297/1297 1442/1442/1442 1443/1443/1443
f 1297/1297/1297 1443/1443/1443 1298/1298/1298
f 1298/1298/1298 1443/1443/1443 1444/1444/1444
f 1298/1298/1298 1444/1444/1444 1299/1299/1299
f 1299/1299/1299 1444/1444/1444 1445/1445/1445
f 1299/1299/1299 1445/1445/1445 1300/1300/1300
f 1300/1300/1300 1445/1445/1445 1446/1446/1446
f 1300/1300/1300 1446/1446/1446 1301/1301/1301
f 1301/1301/1301 1446/1446/1446 1447/1447/1447
f 1301/1301/1301 1447/1447/1447 1302/1302/1302
f 1302/1302/1302 1447/1447/1447 1448/1448/1448
f 1302/1302/1302 1448/1448/1448 1303/1303/1303
f 1303/1303/1303 1448/1448/1448 1449/1449/1449
f 1303/1303/1303 1449/1449/1449 1304/1304/1304
f 1304/1304/1304 1449/1449/1449 1450/1450/1450
f 1304/1304/1304 1450/1450/1450 1305/1305/1305
f 1306/1306/1306 1451/1451/1451 1452/1452/1452
f 1306/1306/1306 1452/1452/1452 1307/1307/1307
f 1307/1307/1307 1452/1452/1452 1453/1453/1453
f 1307/1307/1307 1453/1453/1453 1308/1308/1308
f 1308/1308/1308 1453/1453/1453 1454/1454/1454
f 1308/1308/1308 1454/1454/1454 1309/1309/1309
f 1309/1309/1309 1454/1454/1454 1455/1455/1455
f 1309/1309/1309 1455/1455/1455 1310/1310/1310
f 1310/1310/1310 1455/1455/1455 1456/1456/1456
f 1310/1310/1310 1456/1456/1456 1311/1311/1311
f 1311/1311/1311 1456/1456/1456 1457/1457/1457
f 1311/1311/1311 1457/1457/1457 1312/1312/1312
f 1312/1312/1312 1457/1457/1457 1458/1458/1458
f 1312/1312/1312 1458/1458/1458 1313/1313/1313
f 1313/1313/1313 1458/1458/1458 1459/1459/1459
f 1313/1313/1313 1459/1459/1459 1314/1314/1314
f 1314/1314/1314 1459/1459/1459 1460/1460/1460
f 1314/1314/1314 1460/1460/1460 1315/1315/1315
f 1315/1315/1315 1460/1460/1460 1461/1461/1461
f 1315/1315/1315 1461/1461/1461 1316/1316/1316
f 1316/1316/1316 1461/1461/1461 1462/1462/1462
f 1316/1316/1316 1462/1462/1462 1317/1317/1317
f 1317/1317/1317 1462/1462/1462 1463/1463/1463
f 1317/1317/1317 1463/1463/1463 1318/1318/1318
f 1318/1318/1318 1463/1463/1463 1464/1464/1464
f 1318/1318/1318 1464/1464/1464 1319/1319/1319
f 1319/1319/1319 1464/1464/1464 1465/1465/1465
f 1319/1319/1319 1465/1465/1465 1320/1320/1320
f 1320/1320/1320 1465/1465/1465 1466/1466/1466
f 1320/1320/1320 1466/1466/1466 1321/1321/1321
f 1321/1321/1321 1466/1466/1466 1467/1467/1467
f 1321/1321/1321 1467/1467/1467 1322/1322/1322
f 1322/1322/1322 1467/1467/1467 1468/1468/1468
f 1322/1322/1322 1468/1468/1468 1323/1323/1323
f 1323/1323/1323 1468/1468/1468 1469/1469/1469
f 1323/1323/1323 1469/1469/1469 1324/1324/1324
f 1324/1324/1324 1469/1469/1469 1470/1470/1470
f 1324/1324/1324 1470/1470/1470 1325/1325/1325
f 1325/1325/1325 1470/1470/1470 1471/1471/1471
f 1325/1325/1325 1471/1471/1471 1326/1326/1326
f 1326/1326/1326 1471/1471/1471 1472/1472/1472
f 1326/1326/1326 1472/1472/1472 1327/1327/1327
f 1327/1327/1327 1472/1472/1472 1473/1473/1473
f 1327/1327/1327 1473/1473/1473 1328/1328/1328
f 1328/1328/1328 1473/1473/1473 1474/1474/1474
f 1328/1328/1328 1474/1474/1474 1329/1329/1329
f 1329/1329/1329 1474/1474/1474 1475/1475/1475
f 1329/1329/1329 1475/1475/1475 1330/1330/1330
f 1330/1330/1330 1475/1475/1475 1476/1476/1476
f 1330/1330/1330 1476/1476/1476 1331/1331/1331
f 1331/1331/1331 1476/1476/1476 1477/1477/1477
f 1331/1331/1331 1477/1477/1477 1332/1332/1332
f 1332/1332/1332 1477/1477/1477 1478/1478/1478
f 1332/1332/1332 1478/1478/1478 1333/1333/1333
f 1333/1333/1333 1478/1478/1478 1479/1479/1479
f 1333/1333/1333 1479/1479/1479 1334/1334/1334
f 1334/1334/1334 1479/1479/1479 1480/1480/1480
f 1334/1334/1334 1480/1480/1480 1335/1335/1335
f 1335/1335/1335 1480/1480/1480 1481/1481/1481
f 1335/1335/1335 1481/1481/1481 1336/1336/1336
f 1336/1336/1336 1481/1481/1481 1482/1482/1482
f 1336/1336/1336 1482/1482/1482 1337/1337/1337
f 1337/1337/1337 1482/1482/1482 1483/1483/1483
f 1337/1337/1337 1483/1483/1483 1338/1338/1338
f 1338/1338/1338 1483/1483/1483 1484/1484/1484
f 1338/1338/1338 1484/1484/1484 1339/1339/1339
f 1339/1339/1339 1484/1484/1484 1485/1485/1485
f 1339/1339/1339 1485/1485/1485 1340/1340/1340
f 1340/1340/1340 1485/1485/1485 1486/1486/1486
f 1340/1340/1340 1486/1486/1486 1341/1341/1341
f 1341/1341/1341 1486/1486/1486 1487/1487/1487
f 1341/1341/1341 1487/1487/1487 1342/1342/1342
f 1342/1342/1342 1487/1487/1487 1488/1488/1488
f 1342/1342/1342 1488/1488/1488 1343/1343/1343
f 1343/1343/1343 1488/1488/1488 1489/1489/1489
f 1343/1343/1343 1489/1489/1489 1344/1344/1344
f 1344/1344/1344 1489/1489/1489 1490/1490/1490
f 1344/1344/1344 1490/1490/1490 1345/1345/1345
f 1345/1345/1345 1490/1490/1490 1491/1491/1491
f 1345/1345/1345 1491/1491/1491 1346/1346/1346
f 1346/1346/1346 1491/1491/1491 1492/1492/1492
f 1346/1346/1346 1492/1492/1492 1347/1347/1347
f 1347/1347/1347 1492/1492/1492 1493/1493/1493
f 1347/1347/1347 1493/1493/1493 1348/1348/1348
f 1348/1348/1348 1493/1493/1493 1494/1494/1494
f 1348/1348/1348 1494/1494/1494 1349/1349/1349
f 1349/1349/1349 1494/1494/1494 1495/1495/1495
f 1349/1349/1349 1495/1495/1495 1350/1350/1350
f 1350/1350/1350 1495/1495/1495 1496/1496/1496
f 1350/1350/1350 1496/1496/1496 1351/1351/1351
f 1351/1351/1351 1496/1496/1496 1497/1497/1497
f 1351/1351/1351 1497/1497/1497 1352/1352/1352
f 1352/1352/1352 1497/1497/1497 1498/1498/1498
f 1352/1352/1352 1498/1498/1498 1353/1353/1353
f 1353/1353/1353 1498/1498/1498 1499/1499/1499
f 1353/1353/1353 1499/1499/1499 1354/1354/1354
f 1354/1354/1354 1499/1499/1499 1500/1500/1500
f 1354/1354/1354 1500/1500/1500 1355/1355/1355
f 1355/1355/1355 1500/1500/1500 1501/1501/1501
f 1355/1355/1355 1501/1501/1501 1356/1356/1356
f 1356/1356/1356 1501/1501/1501 1502/1502/1502
f 1356/1356/1356 1502/1502/1502 1357/1357/1357
f 1357/1357/1357 1502/1502/1502 1503/1503/1503
f 1357/1357/1357 1503/1503/1503 1358/1358/1358
f 1358/1358/1358 1503/1503/1503 1504/1504/1504
f 1358/1358/1358 1504/1504/1504 1359/1359/1359
f 1359/1359/1359 1504/1504/1504 1505/1505/1505
f 1359/1359/1359 1505/1505/1505 1360/1360/1360
f 1360/1360/1360 1505/1505/1505 1506/1506/1506
f 1360/1360/1360 1506/1506/1506 1361/1361/1361
f 1361/1361/1361 1506/1506/1506 1507/1507/1507
f 1361/1361/1361 1507/1507/1507 1362/1362/1362
f 1362/1362/1362 1507/1507/1507 1508/1508/1508
f 1362/1362/1362 1508/1508/1508 1363/1363/1363
f 1363/1363/1363 1508/1508/1508 1509/1509/1509
f 1363/1363/1363 1509/1509/1509 1364/1364/1364
f 1364/1364/1364 1509/1509/1509 1510/1510/1510
f 1364/1364/1364 1510/1510/1510 1365/1365/1365
f 1365/1365/1365 1510/1510/1510 1511/1511/1511
f 1365/1365/1365 1511/1511/1511 1366/1366/1366
f 1366/1366/1366 1511/1511/1511 1512/1512/1512
f 1366/1366/1366 1512/1512/1512 1367/1367/1367
f 1367/1367/1367 1512/1512/1512 1513/1513/1513
f 1367/1367/1367 1513/1513/1513 1368/1368/1368
f 1368/1368/1368 1513/1513/1513 1514/1514/1514
f 1368/1368/1368 1514/1514/1514 1369/1369/1369
f 1369/1369/1369 1514/1514/1514 1515/1515/1515
f 1369/1369/1369 1515/1515/1515 1370/1370/1370
f 1370/1370/1370 1515/1515/1515 1516/1516/1516
f 1370/1370/1370 1516/1516/1516 1371/1371/1371
f 1371/1371/1371 1516/1516/1516 1517/1517/1517
f 1371/1371/1371 1517/1517/1517 1372/1372/1372
f 1372/1372/1372 1517/1517/1517 1518/1518/1518
f 1372/1372/1372 1518/1518/1518 1373/1373/1373
f 1373/1373/1373 1518/1518/1518 1519/1519/1519
f 1373/1373/1373 1519/1519/1519 1374/1374/1374
f 1374/1374/1374 1519/1519/1519 1520/1520/1520
f 1374/1374/1374 1520/1520/1520 1375/1375/1375
f 1375/1375/1375 1520/1520/1520 1521/1521/1521
f 1375/1375/1375 1521/1521/1521 1376/1376/1376
f 1376/1376/1376 1521/1521/1521 1522/1522/1522
f 1376/1376/1376 1522/1522/1522 1377/1377/1377
f 1377/1377/1377 1522/1522/1522 1523/1523/1523
f 1377/1377/1377 1523/1523/1523 1378/1378/1378
f 1378/1378/1378 1523/1523/1523 1524/1524/1524
f 1378/1378/1378 1524/1524/1524 1379/1379/1379
f 1379/1379/1379 1524/1524/1524 1525/1525/1525
f 1379/1379/1379 1525/1525/1525 1380/1380/1380
f 1380/1380/1380 1525/1525/1525 1526/1526/1526
f 1380/1380/1380 1526/1526/1526 1381/1381/1381
f 1381/1381/1381 1526/1526/1526 1527/1527/1527
f 1381/1381/1381 1527/1527/1527 1382/1382/1382
f 1382/1382/1382 1527/1527/1527 1528/1528/1528
f 1382/1382/1382 1528/1528/1528 1383/1383/1383
f 1383/1383/1383 1528/1528/1528 1529/1529/1529
f 1383/1383/1383 1529/1529/1529 1384/1384/1384
f 1384/1384/1384 1529/1529/1529 1530/1530/1530
f 1384/1384/1384 1530/1530/1530 1385/1385/1385
f 1385/1385/1385 1530/1530/1530 1531/1531/1531
f 1385/1385/1385 1531/1531/1531 1386/1386/1386
f 1386/1386/1386 1531/1531/1531 1532/1532/1532
f 1386/1386/1386 1532/1532/1532 1387/1387/1387
f 1387/1387/1387 1532/1532/1532 1533/1533/1533
f 1387/1387/1387 1533/1533/1533 1388/1388/1388
f 1388/1388/1388 1533/1533/1533 1534/1534/1534
f 1388/1388/1388 1534/1534/1534 1389/1389/1389
f 1389/1389/1389 1534/1534/1534 1535/1535/1535
f 1389/1389/1389 1535/1535/1535 1390/1390/1390
f 1390/1390/1390 1535/1535/1535 1536/1536/1536
f 1390/1390/1390 1536/1536/1536 1391/1391/1391
f 1391/1391/1391 1536/1536/1536 1537/1537/1537
f 1391/1391/1391 1537/1537/1537 1392/1392/1392
f 1392/1392/1392 1537/1537/1537 1538/1538/1538
f 1392/1392/1392 1538/1538/1538 1393/1393/1393
f 1393/1393/1393 1538/1538/1538 1539/1539/1539
f 1393/1393/1393 1539/1539/1539 1394/1394/1394
f 1394/1394/1394 1539/1539/1539 1540/1540/1540
f 1394/1394/1394 1540/1540/1540 1395/1395/1395
f 1395/1395/1395 1540/1540/1540 1541/1541/1541
f 1395/1395/1395 1541/1541/1541 1396/1396/1396
f 1396/1396/1396 1541/1541/1541 1542/1542/1542
f 1396/1396/1396 1542/1542/1542 1397/1397/1397
f 1397/1397/1397 1542/1542/1542 1543/1543/1543
f 1397/1397/1397 1543/1543/1543 1398/1398/1398
f 1398/1398/1398 1543/1543/1543 1544/1544/1544
f 1398/1398/1398 1544/1544/1544 1399/1399/1399
f 1399/1399/1399 1544/1544/1544 1545/1545/1545
f 1399/1399/1399 1545/1545/1545 1400/1400/1400
f 1400/1400/1400 1545/1545/1545 1546/1546/1546
f 1400/1400/1400 1546/1546/1546 1401/1401/1401
f 1401/1401/1401 1546/1546/1546 1547/1547/1547
f 1401/1401/1401 1547/1547/1547 1402/1402/1402
f 1402/1402/1402 1547/1547/1547 1548/1548/1548
f 1402/1402/1402 1548/1548/1548 1403/1403/1403
f 1403/1403/1403 1548/1548/1548 1549/1549/1549
f 1403/1403/1403 1549/1549/1549 1404/1404/1404
f 1404/1404/1404 1549/1549/1549 1550/1550/1550
f 1404/1404/1404 1550/1550/1550 1405/1405/1405
f 1405/1405/1405 1550/1550/1550 1551/1551/1551
f 1405/1405/1405 1551/1551/1551 1406/1406/1406
f 1406/1406/1406 1551/1551/1551 1552/1552/1552
f 1406/1406/1406 1552/1552/1552 1407/1407/1407
f 1407/1407/1407 1552/1552/1552 1553/1553/1553
f 1407/1407/1407 1553/1553/1553 1408/1408/1408
f 1408/1408/1408 1553/1553/1553 1554/1554/1554
f 1408/1408/1408 1554/1554/1554 1409/1409/1409
f 1409/1409/1409 1554/1554/1554 1555/1555/1555
f 1409/1409/1409 1555/1555/1555 1410/1410/1410
f 1410/1410/1410 1555/1555/1555 1556/1556/1556
f 1410/1410/1410 1556/1556/1556 1411/1411/1411
f 1411/1411/1411 1556/1556/1556 1557/1557/1557
f 1411/1411/1411 1557/1557/1557 1412/1412/1412
f 1412/1412/1412 1557/1557/1557 1558/1558/1558
f 1412/1412/1412 1558/1558/1558 1413/1413/1413
f 1413/1413/1413 1558/1558/1558 1559/1559/1559
f 1413/1413/1413 1559/1559/1559 1414/1414/1414
f 1414/1414/1414 1559/1559/1559 1560/1560/1560
f 1414/1414/1414 1560/1560/1560 1415/1415/1415
f 1415/1415/1415 1560/1560/1560 1561/1561/1561
f 1415/1415/1415 1561/1561/1561 1416/1416/1416
f 1416/1416/1416 1561/1561/1561 1562/1562/1562
f 1416/1416/1416 1562/1562/1562 1417/1417/1417
f 1417/1417/1417 1562/1562/1562 1563/1563/1563
f 1417/1417/1417 1563/1563/1563 1418/1418/1418
f 1418/1418/1418 1563/1563/1563 1564/1564/1564
f 1418/1418/1418 1564/1564/1564 1419/1419/1419
f 1419/1419/1419 1564/1564/1564 1565/1565/1565
f 1419/1419/1419 1565/1565/1565 1420/1420/1420
f 1420/1420/1420 1565/1565/1565 1566/1566/1566
f 1420/1420/1420 1566/1566/1566 1421/1421/1421
f 1421/1421/1421 1566/1566/1566 1567/1567/1567
f 1421/1421/1421 1567/1567/1567 1422/1422/1422
f 1422/1422/1422 1567/1567/1567 1568/1568/1568
f 1422/1422/1422 1568/1568/1568 1423/1423/1423
f 1423/1423/1423 1568/1568/1568 1569/1569/1569
f 1423/1423/1423 1569/1569/1569 1424/1424/1424
f 1424/1424/1424 1569/1569/1569 1570/1570/1570
f 1424/1424/1424 1570/1570/1570 1425/1425/1425
f 1425/1425/1425 1570/1570/1570 1571/1571/1571
f 1425/1425/1425 1571/1571/1571 1426/1426/1426
f 1426/1426/1426 1571/1571/1571 1572/1572/1572
f 1426/1426/1426 1572/1572/1572 1427/1427/1427
f 1427/1427/1427 1572/1572/1572 1573/1573/1573
f 1427/1427/1427 1573/1573/1573 1428/1428/1428
f 1428/1428/1428 1573/1573/1573 1574/1574/1574
f 1428/1428/1428 1574/1574/1574 1429/1429/1429
f 1429/1429/1429 1574/1574/1574 1575/1575/1575
f 1429/1429/1429 1575/1575/1575 1430/1430/1430
f 1430/1430/1430 1575/1575/1575 1576/1576/1576
f 1430/1430/1430 1576/1576/1576 1431/1431/1431
f 1431/1431/1431 1576/1576/1576 1577/1577/1577
f 1431/1431/1431 1577/1577/1577 1432/1432/1432
f 1432/1432/1432 1577/1577/1577 1578/1578/1578
f 1432/1432/1432 1578/1578/1578 1433/1433/1433
f 1433/1433/1433 1578/1578/1578 1579/1579/1579
f 1433/1433/1433 1579/1579/1579 1434/1434/1434
f 1434/1434/1434 1579/1579/1579 1580/1580/1580
f 1434/1434/1434 1580/1580/1580 1435/1435/1435
f 1435/1435/1435 1580/1580/1580 1581/1581/1581
f 1435/1435/1435 1581/1581/1581 1436/1436/1436
f 1436/1436/1436 1581/1581/1581 1582/1582/1582
f 1436/1436/1436 1582/1582/1582 1437/1437/1437
f 1437/1437/1437 1582/1582/1582 1583/1583/1583
f 1437/1437/1437 1583/1583/1583 1438/1438/1438
f 1438/1438/1438 1583/1583/1583 1584/1584/1584
f 1438/1438/1438 1584/1584/1584 1439/1439/1439
f 1439/1439/1439 1584/1584/1584 1585/1585/1585
f 1439/1439/1439 1585/1585/1585 1440/1440/1440
f 1440/1440/1440 1585/1585/1585 1586/1586/1586
f 1440/1440/1440 1586/1586/1586 1441/1441/1441
f 1441/1441/1441 1586/1586/1586 1587/1587/1587
f 1441/1441/1441 1587/1587/1587 1442/1442/1442
f 1442/1442/1442 1587/1587/1587 1588/1588/1588
f 1442/1442/1442 1588/1588/1588 1443/1443/1443
f 1443/1443/1443 1588/1588/1588 1589/1589/1589
f 1443/1443/1443 1589/1589/1589 1444/1444/1444
f 1444/1444/1444 1589/1589/1589 1590/1590/1590
f 1444/1444/1444 1590/1590/1590 1445/1445/1445
f 1445/1445/1445 1590/1590/1590 1591/1591/1591
f 1445/1445/1445 1591/1591/1591 1446/1446/1446
f 1446/1446/1446 1591/1591/1591 1592/1592/1592
f 1446/1446/1446 1592/1592/1592 1447/1447/1447
f 1447/1447/1447 1592/1592/1592 1593/1593/1593
f 1447/1447/1447 1593/1593/1593 1448/1448/1448
f 1448/1448/1448 1593/1593/1593 1594/1594/1594
f 1448/1448/1448 1594/1594/1594 1449/1449/1449
f 1449/1449/1449 1594/1594/1594 1595/1595/1595
f 1449/1449/1449 1595/1595/1595 1450/1450/1450
f 1451/1451/1451 1596/1596/1596 1597/1597/1597
f 1451/1451/1451 1597/1597/1597 1452/1452/1452
f 1452/1452/1452 1597/1597/1597 1598/1598/1598
f 1452/1452/1452 1598/1598/1598 1453/1453/1453
f 1453/1453/1453 1598/1598/1598 1599/1599/1599
f 1453/1453/1453 1599/1599/1599 1454/1454/1454
f 1454/1454/1454 1599/1599/1599 1600/1600/1600
f 1454/1454/1454 1600/1600/1600 1455/1455/1455
f 1455/1455/1455 1600/1600/1600 1601/1601/1601
f 1455/1455/1455 1601/1601/1601 1456/1456/1456
f 1456/1456/1456 1601/1601/1601 1602/1602/1602
f 1456/1456/1456 1602/1602/1602 1457/1457/1457
f 1457/1457/1457 1602/1602/1602 1603/1603/1603
f 1457/1457/1457 1603/1603/1603 1458/1458/1458
f 1458/1458/1458 1603/1603/1603 1604/1604/1604
f 1458/1458/1458 1604/1604/1604 1459/1459/1459
f 1459/1459/1459 1604/1604/1604 1605/1605/1605
f 1459/1459/1459 1605/1605/1605 1460/1460/1460
f 1460/1460/1460 1605/1605/1605 1606/1606/1606
f 1460/1460/1460 1606/1606/1606 1461/1461/1461
f 1461/1461/1461 1606/1606/1606 1607/1607/1607
f 1461/1461/1461 1607/1607/1607 1462/1462/1462
f 1462/1462/1462 1607/1607/1607 1608/1608/1608
f 1462/1462/1462 1608/1608/1608 1463/1463/1463
f 1463/1463/1463 1608/1608/1608 1609/1609/1609
f 1463/1463/1463 1609/1609/1609 1464/1464/1464
f 1464/1464/1464 1609/1609/1609 1610/1610/1610
f 1464/1464/1464 1610/1610/1610 1465/1465/1465
f 1465/1465/1465 1610/1610/1610 1611/1611/1611
f 1465/1465/1465 1611/1611/1611 1466/1466/1466
f 1466/1466/1466 1611/1611/1611 1612/1612/1612
f 1466/1466/1466 1612/1612/1612 1467/1467/1467
f 1467/1467/1467 1612/1612/1612 1613/1613/1613
f 1467/1467/1467 1613/1613/1613 1468/1468/1468
f 1468/1468/1468 1613/1613/1613 1614/1614/1614
f 1468/1468/1468 1614/1614/1614 1469/1469/1469
f 1469/1469/1469 1614/1614/1614 1615/1615/1615
f 1469/1469/1469 1615/1615/1615 1470/1470/1470
f 1470/1470/1470 1615/1615/1615 1616/1616/1616
f 1470/1470/1470 1616/1616/1616 1471/1471/1471
f 1471/1471/1471 1616/1616/1616 1617/1617/1617
f 1471/1471/1471 1617/1617/1617 1472/1472/1472
f 1472/1472/1472 1617/1617/1617 1618/1618/1618
f 1472/1472/1472 1618/1618/1618 1473/1473/1473
f 1473/1473/1473 1618/1618/1618 1619/1619/1619
f 1473/1473/1473 1619/1619/1619 1474/1474/1474
f 1474/1474/1474 1619/1619/1619 1620/1620/1620
f 1474/1474/1474 1620/1620/1620 1475/1475/1475
f 1475/1475/1475 1620/1620/1620 1621/1621/1621
f 1475/1475/1475 1621/1621/1621 1476/1476/1476
f 1476/1476/1476 1621/1621/1621 1622/1622/1622
f 1476/1476/1476 1622/1622/1622 1477/1477/1477
f 1477/1477/1477 1622/1622/1622 1623/1623/1623
f 1477/1477/1477 1623/1623/1623 1478/1478/1478
f 1478/1478/1478 1623/1623/1623 1624/1624/1624
f 1478/1478/1478 1624/1624/1624 1479/1479/1479
f 1479/1479/1479 1624/1624/1624 1625/1625/1625
f 1479/1479/1479 1625/1625/1625 1480/1480/1480
f 1480/1480/1480 1625/1625/1625 1626/1626/1626
f 1480/1480/1480 1626/1626/1626 1481/1481/1481
f 1481/1481/1481 1626/1626/1626 1627/1627/1627
f 1481/1481/1481 1627/1627/1627 1482/1482/1482
f 1482/1482/1482 1627/1627/1627 1628/1628/1628
f 1482/1482/1482 1628/1628/1628 1483/1483/1483
f 1483/1483/1483 1628/1628/1628 1629/1629/1629
f 1483/1483/1483 1629/1629/1629 1484/1484/1484
f 1484/1484/1484 1629/1629/1629 1630/1630/1630
f 1484/1484/1484 1630/1630/1630 1485/1485/1485
f 1485/1485/1485 1630/1630/1630 1631/1631/1631
f 1485/1485/1485 1631/1631/1631 1486/1486/1486
f 1486/1486/1486 1631/1631/1631 1632/1632/1632
f 1486/1486/1486 1632/1632/1632 1487/1487/1487
f 1487/1487/1487 1632/1632/1632 1633/1633/1633
f 1487/1487/1487 1633/1633/1633 1488/1488/1488
f 1488/1488/1488 1633/1633/1633 1634/1634/1634
f 1488/1488/1488 1634/1634/1634 1489/1489/1489
f 1489/1489/1489 1634/1634/1634 1635/1635/1635
f 1489/1489/1489 1635/1635/1635 1490/1490/1490
f 1490/1490/1490 1635/1635/1635 1636/1636/1636
f 1490/1490/1490 1636/1636/1636 1491/1491/1491
f 1491/1491/1491 1636/1636/1636 1637/1637/1637
f 1491/1491/1491 1637/1637/1637 1492/1492/1492
f 1492/1492/1492 1637/1637/1637 1638/1638/1638
f 1492/1492/1492 1638/1638/1638 1493/1493/1493
f 1493/1493/1493 1638/1638/1638 1639/1639/1639
f 1493/1493/1493 1639/1639/1639 1494/1494/1494
f 1494/1494/1494 1639/1639/1639 1640/1640/1640
f 1494/1494/1494 1640/1640/1640 1495/1495/1495
f 1495/1495/1495 1640/1640/1640 1641/1641/1641
f 1495/1495/1495 1641/1641/1641 1496/1496/1496
f 1496/1496/1496 1641/1641/1641 1642/1642/1642
f 1496/1496/1496 1642/1642/1642 1497/1497/1497
f 1497/1497/1497 1642/1642/1642 1643/1643/1643
f 1497/1497/1497 1643/1643/1643 1498/1498/1498
f 1498/1498/1498 1643/1643/1643 1644/1644/1644
f 1498/1498/1498 1644/1644/1644 1499/1499/1499
f 1499/1499/1499 1644/1644/1644 1645/1645/1645
f 1499/1499/1499 1645/1645/1645 1500/1500/1500
f 1500/1500/1500 1645/1645/1645 1646/1646/1646
f 1500/1500/1500 1646/1646/1646 1501/1501/1501
f 1501/1501/1501 1646/1646/1646 1647/1647/1647
f 1501/1501/1501 1647/1647/1647 1502/1502/1502
f 1502/1502/1502 1647/1647/1647 1648/1648/1648
f 1502/1502/1502 1648/1648/1648 1503/1503/1503
f 1503/1503/1503 1648/1648/1648 1649/1649/1649
f 1503/1503/1503 1649/1649/1649 1504/1504/1504
f 1504/1504/1504 1649/1649/1649 1650/1650/1650
f 1504/1504/1504 1650/1650/1650 1505/1505/1505
f 1505/1505/1505 1650/1650/1650 1651/1651/1651
f 1505/1505/1505 1651/1651/1651 1506/1506/1506
f 1506/1506/1506 1651/1651/1651 1652/1652/1652
f 1506/1506/1506 1652/1652/1652 1507/1507/1507
f 1507/1507/1507 1652/1652/1652 1653/1653/1653
f 1507/1507/1507 1653/1653/1653 1508/1508/1508
f 1508/1508/1508 1653/1653/1653 1654/1654/1654
f 1508/1508/1508 1654/1654/1654 1509/1509/1509
f 1509/1509/1509 1654/1654/1654 1655/1655/1655
f 1509/1509/1509 1655/1655/1655 1510/1510/1510
f 1510/1510/1510 1655/1655/1655 1656/1656/1656
f 1510/1510/1510 1656/1656/1656 1511/1511/1511
f 1511/1511/1511 1656/1656/1656 1657/1657/1657
f 1511/1511/1511 1657/1657/1657 1512/1512/1512
f 1512/1512/1512 1657/1657/1657 1658/1658/1658
f 1512/1512/1512 1658/1658/1658 1513/1513/1513
f 1513/1513/1513 1658/1658/1658 1659/1659/1659
f 1513/1513/1513 1659/1659/1659 1514/1514/1514
f 1514/1514/1514 1659/1659/1659 1660/1660/1660
f 1514/1514/1514 1660/1660/1660 1515/1515/1515
f 1515/1515/1515 1660/1660/1660 1661/1661/1661
f 1515/1515/1515 1661/1661/1661 1516/1516/1516
f 1516/1516/1516 1661/1661/1661 1662/1662/1662
f 1516/1516/1516 1662/1662/1662 1517/1517/1517
f 1517/1517/1517 1662/1662/1662 1663/1663/1663
f 1517/1517/1517 1663/1663/1663 1518/1518/1518
f 1518/1518/1518 1663/1663/1663 1664/1664/1664
f 1518/1518/1518 1664/1664/1664 1519/1519/1519
f 1519/1519/1519 1664/1664/1664 1665/1665/1665
f 1519/1519/1519 1665/1665/1665 1520/1520/1520
f 1520/1520/1520 1665/1665/1665 1666/1666/1666
f 1520/1520/1520 1666/1666/1666 1521/1521/1521
f 1521/1521/1521 1666/1666/1666 1667/1667/1667
f 1521/1521/1521 1667/1667/1667 1522/1522/1522
f 1522/1522/1522 1667/1667/1667 1668/1668/1668
f 1522/1522/1522 1668/1668/1668 1523/1523/1523
f 1523/1523/1523 1668/1668/1668 1669/1669/1669
f 1523/1523/1523 1669/1669/1669 1524/1524/1524
f 1524/1524/1524 1669/1669/1669 1670/1670/1670
f 1524/1524/1524 1670/1670/1670 1525/1525/1525
f 1525/1525/1525 1670/1670/1670 1671/1671/1671
f 1525/1525/1525 1671/1671/1671 1526/1526/1526
f 1526/1526/1526 1671/1671/1671 1672/1672/1672
f 1526/1526/1526 1672/1672/1672 1527/1527/1527
f 1527/1527/1527 1672/1672/1672 1673/1673/1673
f 1527/1527/1527 1673/1673/1673 1528/1528/1528
f 1528/1528/1528 1673/1673/1673 1674/1674/1674
f 1528/1528/1528 1674/1674/1674 1529/1529/1529
f 1529/1529/1529 1674/1674/1674 1675/1675/1675
f 1529/1529/1529 1675/1675/1675 1530/1530/1530
f 1530/1530/1530 1675/1675/1675 1676/1676/1676
f 1530/1530/1530 1676/1676/1676 1531/1531/1531
f 1531/1531/1531 1676/1676/1676 1677/1677/1677
f 1531/1531/1531 1677/1677/1677 1532/1532/1532
f 1532/1532/1532 1677/1677/1677 1678/1678/1678
f 1532/1532/1532 1678/1678/1678 1533/1533/1533
f 1533/1533/1533 1678/1678/1678 1679/1679/1679
f 1533/1533/1533 1679/1679/1679 1534/1534/1534
f 1534/1534/1534 1679/1679/1679 1680/1680/1680
f 1534/1534/1534 1680/1680/1680 1535/1535/1535
f 1535/1535/1535 1680/1680/1680 1681/1681/1681
f 1535/1535/1535 1681/1681/1681 1536/1536/1536
f 1536/1536/1536 1681/1681/1681 1682/1682/1682
f 1536/1536/1536 1682/1682/1682 1537/1537/1537
f 1537/1537/1537 1682/1682/1682 1683/1683/1683
f 1537/1537/1537 1683/1683/1683 1538/1538/1538
f 1538/1538/1538 1683/1683/1683 1684/1684/1684
f 1538/1538/1538 1684/1684/1684 1539/1539/1539
f 1539/1539/1539 1684/1684/1684 1685/1685/1685
f 1539/1539/1539 1685/1685/1685 1540/1540/1540
f 1540/1540/1540 1685/1685/1685 1686/1686/1686
f 1540/1540/1540 1686/1686/1686 1541/1541/1541
f 1541/1541/1541 1686/1686/1686 1687/1687/1687
f 1541/1541/1541 1687/1687/1687 1542/1542/1542
f 1542/1542/1542 1687/1687/1687 1688/1688/1688
f 1542/1542/1542 1688/1688/1688 1543/1543/1543
f 1543/1543/1543 1688/1688/1688 1689/1689/1689
f 1543/1543/1543 1689/1689/1689 1544/1544/1544
f 1544/1544/1544 1689/1689/1689 1690/1690/1690
f 1544/1544/1544 1690/1690/1690 1545/1545/1545
f 1545/1545/1545 1690/1690/1690 1691/1691/1691
f 1545/1545/1545 1691/1691/1691 1546/1546/1546
f 1546/1546/1546 1691/1691/1691 1692/1692/1692
f 1546/1546/1546 1692/1692/1692 1547/1547/1547
f 1547/1547/1547 1692/1692/1692 1693/1693/1693
f 1547/1547/1547 1693/1693/1693 1548/1548/1548
f 1548/1548/1548 1693/1693/1693 1694/1694/1694
f 1548/1548/1548 1694/1694/1694 1549/1549/1549
f 1549/1549/1549 1694/1694/1694 1695/1695/1695
f 1549/1549/1549 1695/1695/1695 1550/1550/1550
f 1550/1550/1550 1695/1695/1695 1696/1696/1696
f 1550/1550/1550 1696/1696/1696 1551/1551/1551
f 1551/1551/1551 1696/1696/1696 1697/1697/1697
f 1551/1551/1551 1697/1697/1697 1552/1552/1552
f 1552/1552/1552 1697/1697/1697 1698/1698/1698
f 1552/1552/1552 1698/1698/1698 1553/1553/1553
f 1553/1553/1553 1698/1698/1698 1699/1699/1699
f 1553/1553/1553 1699/1699/1699 1554/1554/1554
f 1554/1554/1554 1699/1699/1699 1700/1700/1700
f 1554/1554/1554 1700/1700/1700 1555/1555/1555
f 1555/1555/1555 1700/1700/1700 1701/1701/1701
f 1555/1555/1555 1701/1701/1701 1556/1556/1556
f 1556/1556/1556 1701/1701/1701 1702/1702/1702
f 1556/1556/1556 1702/1702/1702 1557/1557/1557
f 1557/1557/1557 1702/1702/1702 1703/1703/1703
f 1557/1557/1557 1703/1703/1703 1558/1558/1558
f 1558/1558/1558 1703/1703/1703 1704/1704/1704
f 1558/1558/1558 1704/1704/1704 1559/1559/1559
f 1559/1559/1559 1704/1704/1704 1705/1705/1705
f 1559/1559/1559 1705/1705/1705 1560/1560/1560
f 1560/1560/1560 1705/1705/1705 1706/1706/1706
f 1560/1560/1560 1706/1706/1706 1561/1561/1561
f 1561/1561/1561 1706/1706/1706 1707/1707/1707
f 1561/1561/1561 1707/1707/1707 1562/1562/1562
f 1562/1562/1562 1707/1707/1707 1708/1708/1708
f 1562/1562/1562 1708/1708/1708 1563/1563/1563
f 1563/1563/1563 1708/1708/1708 1709/1709/1709
f 1563/1563/1563 1709/1709/1709 1564/1564/1564
f 1564/1564/1564 1709/1709/1709 1710/1710/1710
f 1564/1564/1564 1710/1710/1710 1565/1565/1565
f 1565/1565/1565 1710/1710/1710 1711/1711/1711
f 1565/1565/1565 1711/1711/1711 1566/1566/1566
f 1566/1566/1566 1711/1711/1711 1712/1712/1712
f 1566/1566/1566 1712/1712/1712 1567/1567/1567
f 1567/1567/1567 1712/1712/1712 1713/1713/1713
f 1567/1567/1567 1713/1713/1713 1568/1568/1568
f 1568/1568/1568 1713/1713/1713 1714/1714/1714
f 1568/1568/1568 1714/1714/1714 1569/1569/1569
f 1569/1569/1569 1714/1714/1714 1715/1715/1715
f 1569/1569/1569 1715/1715/1715 1570/1570/1570
f 1570/1570/1570 1715/1715/1715 1716/1716/1716
f 1570/1570/1570 1716/1716/1716 1571/1571/1571
f 1571/1571/1571 1716/1716/1716 1717/1717/1717
f 1571/1571/1571 1717/1717/1717 1572/1572/1572
f 1572/1572/1572 1717/1717/1717 1718/1718/1718
f 1572/1572/1572 1718/1718/1718 1573/1573/1573
f 1573/1573/1573 1718/1718/1718 1719/1719/1719
f 1573/1573/1573 1719/1719/1719 1574/1574/1574
f 1574/1574/1574 1719/1719/1719 1720/1720/1720
f 1574/1574/1574 1720/1720/1720 1575/1575/1575
f 1575/1575/1575 1720/1720/1720 1721/1721/1721
f 1575/1575/1575 1721/1721/1721 1576/1576/1576
f 1576/1576/1576 1721/1721/1721 1722/1722/1722
f 1576/1576/1576 1722/1722/1722 1577/1577/1577
f 1577/1577/1577 1722/1722/1722 1723/1723/1723
f 1577/1577/1577 1723/1723/1723 1578/1578/1578
f 1578/1578/1578 1723/1723/1723 1724/1724/1724
f 1578/1578/1578 1724/1724/1724 1579/1579/1579
f 1579/1579/1579 1724/1724/1724 1725/1725/1725
f 1579/1579/1579 1725/1725/1725 1580/1580/1580
f 1580/1580/1580 1725/1725/1725 1726/1726/1726
f 1580/1580/1580 1726/1726/1726 1581/1581/1581
f 1581/1581/1581 1726/1726/1726 1727/1727/1727
f 1581/1581/1581 1727/1727/1727 1582/1582/1582
f 1582/1582/1582 1727/1727/1727 1728/1728/1728
f 1582/1582/1582 1728/1728/1728 1583/1583/1583
f 1583/1583/1583 1728/1728/1728 1729/1729/1729
f 1583/1583/1583 1729/1729/1729 1584/1584/1584
f 1584/1584/1584 1729/1729/1729 1730/1730/1730
f 1584/1584/1584 1730/1730/1730 1585/1585/1585
f 1585/1585/1585 1730/1730/1730 1731/1731/1731
f 1585/1585/1585 1731/1731/1731 1586/1586/1586
f 1586/1586/1586 1731/1731/1731 1732/1732/1732
f 1586/1586/1586 1732/1732/1732 1587/1587/1587
f 1587/1587/1587 1732/1732/1732 1733/1733/1733
f 1587/1587/1587 1733/1733/1733 1588/1588/1588
f 1588/1588/1588 1733/1733/1733 1734/1734/1734
f 1588/1588/1588 1734/1734/1734 1589/1589/1589
f 1589/1589/1589 1734/1734/1734 1735/1735/1735
f 1589/1589/1589 1735/1735/1735 1590/1590/1590
f 1590/1590/1590 1735/1735/1735 1736/1736/1736
f 1590/1590/1590 1736/1736/1736 1591/1591/1591
f 1591/1591/1591 1736/1736/1736 1737/1737/1737
f 1591/1591/1591 1737/1737/1737 1592/1592/1592
f 1592/1592/1592 1737/1737/1737 1738/1738/1738
f 1592/1592/1592 1738/1738/1738 1593/1593/1593
f 1593/1593/1593 1738/1738/1738 1739/1739/1739
f 1593/1593/1593 1739/1739/1739 1594/1594/1594
f 1594/1594/1594 1739/1739/1739 1740/1740/1740
f 1594/1594/1594 1740/1740/1740 1595/1595/1595
f 1596/1596/1596 1741/1741/1741 1742/1742/1742
f 1596/1596/1596 1742/1742/1742 1597/1597/1597
f 1597/1597/1597 1742/1742/1742 1743/1743/1743
f 1597/1597/1597 1743/1743/1743 1598/1598/1598
f 1598/1598/1598 1743/1743/1743 1744/1744/1744
f 1598/1598/1598 1744/1744/1744 1599/1599/1599
f 1599/1599/1599 1744/1744/1744 1745/1745/1745
f 1599/1599/1599 1745/1745/1745 1600/1600/1600
f 1600/1600/1600 1745/1745/1745 1746/1746/1746
f 1600/1600/1600 1746/1746/1746 1601/1601/1601
f 1601/1601/1601 1746/1746/1746 1747/1747/1747
f 1601/1601/1601 1747/1747/1747 1602/1602/1602
f 1602/1602/1602 1747/1747/1747 1748/1748/1748
f 1602/1602/1602 1748/1748/1748 1603/1603/1603
f 1603/1603/1603 1748/1748/1748 1749/1749/1749
f 1603/1603/1603 1749/1749/1749 1604/1604/1604
f 1604/1604/1604 1749/1749/1749 1750/1750/1750
f 1604/1604/1604 1750/1750/1750 1605/1605/1605
f 1605/1605/1605 1750/1750/1750 1751/1751/1751
f 1605/1605/1605 1751/1751/1751 1606/1606/1606
f 1606/1606/1606 1751/1751/1751 1752/1752/1752
f 1606/1606/1606 1752/1752/1752 1607/1607/1607
f 1607/1607/1607 1752/1752/1752 1753/1753/1753
f 1607/1607/1607 1753/1753/1753 1608/1608/1608
f 1608/1608/1608 1753/1753/1753 1754/1754/1754
f 1608/1608/1608 1754/1754/1754 1609/1609/1609
f 1609/1609/1609 1754/1754/1754 1755/1755/1755
f 1609/1609/1609 1755/1755/1755 1610/1610/1610
f 1610/1610/1610 1755/1755/1755 1756/1756/1756
f 1610/1610/1610 1756/1756/1756 1611/1611/1611
f 1611/1611/1611 1756/1756/1756 1757/1757/1757
f 1611/1611/1611 1757/1757/1757 1612/1612/1612
f 1612/1612/1612 1757/1757/1757 1758/1758/1758
f 1612/1612/1612 1758/1758/1758 1613/1613/1613
f 1613/1613/1613 1758/1758/1758 1759/1759/1759
f 1613/1613/1613 1759/1759/1759 1614/1614/1614
f 1614/1614/1614 1759/1759/1759 1760/1760/1760
f 1614/1614/1614 1760/1760/1760 1615/1615/1615
f 1615/1615/1615 1760/1760/1760 1761/1761/1761
f 1615/1615/1615 1761/1761/1761 1616/1616/1616
f 1616/1616/1616 1761/1761/1761 1762/1762/1762
f 1616/1616/1616 1762/1762/1762 1617/1617/1617
f 1617/1617/1617 1762/1762/1762 1763/1763/1763
f 1617/1617/1617 1763/1763/1763 1618/1618/1618
f 1618/1618/1618 1763/1763/1763 1764/1764/1764
f 1618/1618/1618 1764/1764/1764 1619/1619/1619
f 1619/1619/1619 1764/1764/1764 1765/1765/1765
f 1619/1619/1619 1765/1765/1765 1620/1620/1620
f 1620/1620/1620 1765/1765/1765 1766/1766/1766
f 1620/1620/1620 1766/1766/1766 1621/1621/1621
f 1621/1621/1621 1766/1766/1766 1767/1767/1767
f 1621/1621/1621 1767/1767/1767 1622/1622/1622
f 1622/1622/1622 1767/1767/1767 1768/1768/1768
f 1622/1622/1622 1768/1768/1768 1623/1623/1623
f 1623/1623/1623 1768/1768/1768 1769/1769/1769
f 1623/1623/1623 1769/1769/1769 1624/1624/1624
f 1624/1624/1624 1769/1769/1769 1770/1770/1770
f 1624/1624/1624 1770/1770/1770 1625/1625/1625
f 1625/1625/1625 1770/1770/1770 1771/1771/1771
f 1625/1625/1625 1771/1771/1771 1626/1626/1626
f 1626/1626/1626 1771/1771/1771 1772/1772/1772
f 1626/1626/1626 1772/1772/1772 1627/1627/1627
f 1627/1627/1627 1772/1772/1772 1773/1773/1773
f 1627/1627/1627 1773/1773/1773 1628/1628/1628
f 1628/1628/1628 1773/1773/1773 1774/1774/1774
f 1628/1628/1628 1774/1774/1774 1629/1629/1629
f 1629/1629/1629 1774/1774/1774 1775/1775/1775
f 1629/1629/1629 1775/1775/1775 1630/1630/1630
f 1630/1630/1630 1775/1775/1775 1776/1776/1776
f 1630/1630/1630 1776/1776/1776 1631/1631/1631
f 1631/1631/1631 1776/1776/1776 1777/1777/1777
f 1631/1631/1631 1777/1777/1777 1632/1632/1632
f 1632/1632/1632 1777/1777/1777 1778/1778/1778
f 1632/1632/1632 1778/1778/1778 1633/1633/1633
f 1633/1633/1633 1778/1778/1778 1779/1779/1779
f 1633/1633/1633 1779/1779/1779 1634/1634/1634
f 1634/1634/1634 1779/1779/1779 1780/1780/1780
f 1634/1634/1634 1780/1780/1780 1635/1635/1635
f 1635/1635/1635 1780/1780/1780 1781/1781/1781
f 1635/1635/1635 1781/1781/1781 1636/1636/1636
f 1636/1636/1636 1781/1781/1781 1782/1782/1782
f 1636/1636/1636 1782/1782/1782 1637/1637/1637
f 1637/1637/1637 1782/1782/1782 1783/1783/1783
f 1637/1637/1637 1783/1783/1783 1638/1638/1638
f 1638/1638/1638 1783/1783/1783 1784/1784/1784
f 1638/1638/1638 1784/1784/1784 1639/1639/1639
f 1639/1639/1639 1784/1784/1784 1785/1785/1785
f 1639/1639/1639 1785/1785/1785 1640/1640/1640
f 1640/1640/1640 1785/1785/1785 1786/1786/1786
f 1640/1640/1640 1786/1786/1786 1641/1641/1641
f 1641/1641/1641 1786/1786/1786 1787/1787/1787
f 1641/1641/1641 1787/1787/1787 1642/1642/1642
f 1642/1642/1642 1787/1787/1787 1788/1788/1788
f 1642/1642/1642 1788/1788/1788 1643/1643/1643
f 1643/1643/1643 1788/1788/1788 1789/1789/1789
f 1643/1643/1643 1789/1789/1789 1644/1644/1644
f 1644/1644/1644 1789/1789/1789 1790/1790/1790
f 1644/1644/1644 1790/1790/1790 1645/1645/1645
f 1645/1645/1645 1790/1790/1790 1791/1791/1791
f 1645/1645/1645 1791/1791/1791 1646/1646/1646
f 1646/1646/1646 1791/1791/1791 1792/1792/1792
f 1646/1646/1646 1792/1792/1792 1647/1647/1647
f 1647/1647/1647 1792/1792/1792 1793/1793/1793
f 1647/1647/1647 1793/1793/1793 1648/1648/1648
f 1648/1648/1648 1793/1793/1793 1794/1794/1794
f 1648/1648/1648 1794/1794/1794 1649/1649/1649
f 1649/1649/1649 1794/1794/1794 1795/1795/1795
f 1649/1649/1649 1795/1795/1795 1650/1650/1650
f 1650/1650/1650 1795/1795/1795 1796/1796/1796
f 1650/1650/1650 1796/1796/1796 1651/1651/1651
f 1651/1651/1651 1796/1796/1796 1797/1797/1797
f 1651/1651/1651 1797/1797/1797 1652/1652/1652
f 1652/1652/1652 1797/1797/1797 1798/1798/1798
f 1652/1652/1652 1798/1798/1798 1653/1653/1653
f 1653/1653/1653 1798/1798/1798 1799/1799/1799
f 1653/1653/1653 1799/1799/1799 1654/1654/1654
f 1654/1654/1654 1799/1799/1799 1800/1800/1800
f 1654/1654/1654 1800/1800/1800 1655/1655/1655
f 1655/1655/1655 1800/1800/1800 1801/1801/1801
f 1655/1655/1655 1801/1801/1801 1656/1656/1656
f 1656/1656/1656 1801/1801/1801 1802/1802/1802
f 1656/1656/1656 1802/1802/1802 1657/1657/1657
f 1657/1657/1657 1802/1802/1802 1803/1803/1803
f 1657/1657/1657 1803/1803/1803 1658/1658/1658
f 1658/1658/1658 1803/1803/1803 1804/1804/1804
f 1658/1658/1658 1804/1804/1804 1659/1659/1659
f 1659/1659/1659 1804/1804/1804 1805/1805/1805
f 1659/1659/1659 1805/1805/1805 1660/1660/1660
f 1660/1660/1660 1805/1805/1805 1806/1806/1806
f 1660/1660/1660 1806/1806/1806 1661/1661/1661
f 1661/1661/1661 1806/1806/1806 1807/1807/1807
f 1661/1661/1661 1807/1807/1807 1662/1662/1662
f 1662/1662/1662 1807/1807/1807 1808/1808/1808
f 1662/1662/1662 1808/1808/1808 1663/1663/1663
f 1663/1663/1663 1808/1808/1808 1809/1809/1809
f 1663/1663/1663 1809/1809/1809 1664/1664/1664
f 1664/1664/1664 1809/1809/1809 1810/1810/1810
f 1664/1664/1664 1810/1810/1810 1665/1665/1665
f 1665/1665/1665 1810/1810/1810 1811/1811/1811
f 1665/1665/1665 1811/1811/1811 1666/1666/1666
f 1666/1666/1666 1811/1811/1811 1812/1812/1812
f 1666/1666/1666 1812/1812/1812 1667/1667/1667
f 1667/1667/1667 1812/1812/1812 1813/1813/1813
f 1667/1667/1667 1813/1813/1813 1668/1668/1668
f 1668/1668/1668 1813/1813/1813 1814/1814/1814
f 1668/1668/1668 1814/1814/1814 1669/1669/1669
f 1669/1669/1669 1814/1814/1814 1815/1815/1815
f 1669/1669/1669 1815/1815/1815 1670/1670/1670
f 1670/1670/1670 1815/1815/1815 1816/1816/1816
f 1670/1670/1670 1816/1816/1816 1671/1671/1671
f 1671/1671/1671 1816/1816/1816 1817/1817/1817
f 1671/1671/1671 1817/1817/1817 1672/1672/1672
f 1672/1672/1672 1817/1817/1817 1818/1818/1818
f 1672/1672/1672 1818/1818/1818 1673/1673/1673
f 1673/1673/1673 1818/1818/1818 1819/1819/1819
f 1673/1673/1673 1819/1819/1819 1674/1674/1674
f 1674/1674/1674 1819/1819/1819 1820/1820/1820
f 1674/1674/1674 1820/1820/1820 1675/1675/1675
f 1675/1675/1675 1820/1820/1820 1821/1821/1821
f 1675/1675/1675 1821/1821/1821 1676/1676/1676
f 1676/1676/1676 1821/1821/1821 1822/1822/1822
f 1676/1676/1676 1822/1822/1822 1677/1677/1677
f 1677/1677/1677 1822/1822/1822 1823/1823/1823
f 1677/1677/1677 1823/1823/1823 1678/1678/1678
f 1678/1678/1678 1823/1823/1823 1824/1824/1824
f 1678/1678/1678 1824/1824/1824 1679/1679/1679
f 1679/1679/1679 1824/1824/1824 1825/1825/1825
f 1679/1679/1679 1825/1825/1825 1680/1680/1680
f 1680/1680/1680 1825/1825/1825 1826/1826/1826
f 1680/1680/1680 1826/1826/1826 1681/1681/1681
f 1681/1681/1681 1826/1826/1826 1827/1827/1827
f 1681/1681/1681 1827/1827/1827 1682/1682/1682
f 1682/1682/1682 1827/1827/1827 1828/1828/1828
f 1682/1682/1682 1828/1828/1828 1683/1683/1683
f 1683/1683/1683 1828/1828/1828 1829/1829/1829
f 1683/1683/1683 1829/1829/1829 1684/1684/1684
f 1684/1684/1684 1829/1829/1829 1830/1830/1830
f 1684/1684/1684 1830/1830/1830 1685/1685/1685
f 1685/1685/1685 1830/1830/1830 1831/1831/1831
f 1685/1685/1685 1831/1831/1831 1686/1686/1686
f 1686/1686/1686 1831/1831/1831 1832/1832/1832
f 1686/1686/1686 1832/1832/1832 1687/1687/1687
f 1687/1687/1687 1832/1832/1832 1833/1833/1833
f 1687/1687/1687 1833/1833/1833 1688/1688/1688
f 1688/1688/1688 1833/1833/1833 1834/1834/1834
f 1688/1688/1688 1834/1834/1834 1689/1689/1689
f 1689/1689/1689 1834/1834/1834 1835/1835/1835
f 1689/1689/1689 1835/1835/1835 1690/1690/1690
f 1690/1690/1690 1835/1835/1835 1836/1836/1836
f 1690/1690/1690 1836/1836/1836 1691/1691/1691
f 1691/1691/1691 1836/1836/1836 1837/1837/1837
f 1691/1691/1691 1837/1837/1837 1692/1692/1692
f 1692/1692/1692 1837/1837/1837 1838/1838/1838
f 1692/1692/1692 1838/1838/1838 1693/1693/1693
f 1693/1693/1693 1838/1838/1838 1839/1839/1839
f 1693/1693/1693 1839/1839/1839 1694/1694/1694
f 1694/1694/1694 1839/1839/1839 1840/1840/1840
f 1694/1694/1694 1840/1840/1840 1695/1695/1695
f 1695/1695/1695 1840/1840/1840 1841/1841/1841
f 1695/1695/1695 1841/1841/1841 1696/1696/1696
f 1696/1696/1696 1841/1841/1841 1842/1842/1842
f 1696/1696/1696 1842/1842/1842 1697/1697/1697
f 1697/1697/1697 1842/1842/1842 1843/1843/1843
f 1697/1697/1697 1843/1843/1843 1698/1698/1698
f 1698/1698/1698 1843/1843/1843 1844/1844/1844
f 1698/1698/1698 1844/1844/1844 1699/1699/1699
f 1699/1699/1699 1844/1844/1844 1845/1845/1845
f 1699/1699/1699 1845/1845/1845 1700/1700/1700
f 1700/1700/1700 1845/1845/1845 1846/1846/1846
f 1700/1700/1700 1846/1846/1846 1701/1701/1701
f 1701/1701/1701 1846/1846/1846 1847/1847/1847
f 1701/1701/1701 1847/1847/1847 1702/1702/1702
f 1702/1702/1702 1847/1847/1847 1848/1848/1848
f 1702/1702/1702 1848/1848/1848 1703/1703/1703
f 1703/1703/1703 1848/1848/1848 1849/1849/1849
f 1703/1703/1703 1849/1849/1849 1704/1704/1704
f 1704/1704/1704 1849/1849/1849 1850/1850/1850
f 1704/1704/1704 1850/1850/1850 1705/1705/1705
f 1705/1705/1705 1850/1850/1850 1851/1851/1851
f 1705/1705/1705 1851/1851/1851 1706/1706/1706
f 1706/1706/1706 1851/1851/1851 1852/1852/1852
f 1706/1706/1706 1852/1852/1852 1707/1707/1707
f 1707/1707/1707 1852/1852/1852 1853/1853/1853
f 1707/1707/1707 1853/1853/1853 1708/1708/1708
f 1708/1708/1708 1853/1853/1853 1854/1854/1854
f 1708/1708/1708 1854/1854/1854 1709/1709/1709
f 1709/1709/1709 1854/1854/1854 1855/1855/1855
f 1709/1709/1709 1855/1855/1855 1710/1710/1710
f 1710/1710/1710 1855/1855/1855 1856/1856/1856
f 1710/1710/1710 1856/1856/1856 1711/1711/1711
f 1711/1711/1711 1856/1856/1856 1857/1857/1857
f 1711/1711/1711 1857/1857/1857 1712/1712/1712
f 1712/1712/1712 1857/1857/1857 1858/1858/1858
f 1712/1712/1712 1858/1858/1858 1713/1713/1713
f 1713/1713/1713 1858/1858/1858 1859/1859/1859
f 1713/1713/1713 1859/1859/1859 1714/1714/1714
f 1714/1714/1714 1859/1859/1859 1860/1860/1860
f 1714/1714/1714 1860/1860/1860 1715/1715/1715
f 1715/1715/1715 1860/1860/1860 1861/1861/1861
f 1715/1715/1715 1861/1861/1861 1716/1716/1716
f 1716/1716/1716 1861/1861/1861 1862/1862/1862
f 1716/1716/1716 1862/1862/1862 1717/1717/1717
f 1717/1717/1717 1862/1862/1862 1863/1863/1863
f 1717/1717/1717 1863/1863/1863 1718/1718/1718
f 1718/1718/1718 1863/1863/1863 1864/1864/1864
f 1718/1718/1718 1864/1864/1864 1719/1719/1719
f 1719/1719/1719 1864/1864/1864 1865/1865/1865
f 1719/1719/1719 1865/1865/1865 1720/1720/1720
f 1720/1720/1720 1865/1865/1865 1866/1866/1866
f 1720/1720/1720 1866/1866/1866 1721/1721/1721
f 1721/1721/1721 1866/1866/1866 1867/1867/1867
f 1721/1721/1721 1867/1867/1867 1722/1722/1722
f 1722/1722/1722 1867/1867/1867 1868/1868/1868
f 1722/1722/1722 1868/1868/1868 1723/1723/1723
f 1723/1723/1723 1868/1868/1868 1869/1869/1869
f 1723/1723/1723 1869/1869/1869 1724/1724/1724
f 1724/1724/1724 1869/1869/1869 1870/1870/1870
f 1724/1724/1724 1870/1870/1870 1725/1725/1725
f 1725/1725/1725 1870/1870/1870 1871/1871/1871
f 1725/1725/1725 1871/1871/1871 1726/1726/1726
f 1726/1726/1726 1871/1871/1871 1872/1872/1872
f 1726/1726/1726 1872/1872/1872 1727/1727/1727
f 1727/1727/1727 1872/1872/1872 1873/1873/1873
f 1727/1727/1727 1873/1873/1873 1728/1728/1728
f 1728/1728/1728 1873/1873/1873 1874/1874/1874
f 1728/1728/1728 1874/1874/1874 1729/1729/1729
f 1729/1729/1729 1874/1874/1874 1875/1875/1875
f 1729/1729/1729 1875/1875/1875 1730/1730/1730
f 1730/1730/1730 1875/1875/1875 1876/1876/1876
f 1730/1730/1730 1876/1876/1876 1731/1731/1731
f 1731/1731/1731 1876/1876/1876 1877/1877/1877
f 1731/1731/1731 1877/1877/1877 1732/1732/1732
f 1732/1732/1732 1877/1877/1877 1878/1878/1878
f 1732/1732/1732 1878/1878/1878 1733/1733/1733
f 1733/1733/1733 1878/1878/1878 1879/1879/1879
f 1733/1733/1733 1879/1879/1879 1734/1734/1734
f 1734/1734/1734 1879/1879/1879 1880/1880/1880
f 1734/1734/1734 1880/1880/1880 1735/1735/1735
f 1735/1735/1735 1880/1880/1880 1881/1881/1881
f 1735/1735/1735 1881/1881/1881 1736/1736/1736
f 1736/1736/1736 1881/1881/1881 1882/1882/1882
f 1736/1736/1736 1882/1882/1882 1737/1737/1737
f 1737/1737/1737 1882/1882/1882 1883/1883/1883
f 1737/1737/1737 1883/1883/1883 1738/1738/1738
f 1738/1738/1738 1883/1883/1883 1884/1884/1884
f 1738/1738/1738 1884/1884/1884 1739/1739/1739
f 1739/1739/1739 1884/1884/1884 1885/1885/1885
f 1739/1739/1739 1885/1885/1885 1740/1740/1740
f 1886/1886/1886 2032/2032/2032 2031/2031/2031
f 1886/1886/1886 1887/1887/1887 2032/2032/2032
f 1887/1887/1887 2033/2033/2033 2032/2032/2032
f 1887/1887/1887 1888/1888/1888 2033/2033/2033
f 1888/1888/1888 2034/2034/2034 2033/2033/2033
f 1888/1888/1888 1889/1889/1889 2034/2034/2034
f 1889/1889/1889 2035/2035/2035 2034/2034/2034
f 1889/1889/1889 1890/1890/1890 2035/2035/2035
f 1890/1890/1890 2036/2036/2036 2035/2035/2035
f 1890/1890/1890 1891/1891/1891 2036/2036/2036
f 1891/1891/1891 2037/2037/2037 2036/2036/2036
f 1891/1891/1891 1892/1892/1892 2037/2037/2037
f 1892/1892/1892 2038/2038/2038 2037/2037/2037
f 1892/1892/1892 1893/1893/1893 2038/2038/2038
f 1893/1893/1893 2039/2039/2039 2038/2038/2038
f 1893/1893/1893 1894/1894/1894 2039/2039/2039
f 1894/1894/1894 2040/2040/2040 2039/2039/2039
f 1894/1894/1894 1895/1895/1895 2040/2040/2040
f 1895/1895/1895 2041/2041/2041 2040/2040/2040
f 1895/1895/1895 1896/1896/1896 2041/2041/2041
f 1896/1896/1896 2042/2042/2042 2041/2041/2041
f 1896/1896/1896 1897/1897/1897 2042/2042/2042
f 1897/1897/1897 2043/2043/2043 2042/2042/2042
f 1897/1897/1897 1898/1898/1898 2043/2043/2043
f 1898/1898/1898 2044/2044/2044 2043/2043/2043
f 1898/1898/1898 1899/1899/1899 2044/2044/2044
f 1899/1899/1899 2045/2045/2045 2044/2044/2044
f 1899/1899/1899 1900/1900/1900 2045/2045/2045
f 1900/1900/1900 2046/2046/2046 2045/2045/2045
f 1900/1900/1900 1901/1901/1901 2046/2046/2046
f 1901/1901/1901 2047/2047/2047 2046/2046/2046
f 1901/1901/1901 1902/1902/1902 2047/2047/2047
f 1902/1902/1902 2048/2048/2048 2047/2047/2047
f 1902/1902/1902 1903/1903/1903 2048/2048/2048
f 1903/1903/1903 2049/2049/2049 2048/2048/2048
f 1903/1903/1903 1904/1904/1904 2049/2049/2049
f 1904/1904/1904 2050/2050/2050 2049/2049/2049
f 1904/1904/1904 1905/1905/1905 2050/2050/2050
f 1905/1905/1905 2051/2051/2051 2050/2050/2050
f 1905/1905/1905 1906/1906/1906 2051/2051/2051
f 1906/1906/1906 2052/2052/2052 2051/2051/2051
f 1906/1906/1906 1907/1907/1907 2052/2052/2052
f 1907/1907/1907 2053/2053/2053 2052/2052/2052
f 1907/1907/1907 1908/1908/1908 2053/2053/2053
f 1908/1908/1908 2054/2054/2054 2053/2053/2053
f 1908/1908/1908 1909/1909/1909 2054/2054/2054
f 1909/1909/1909 2055/2055/2055 2054/2054/2054
f 1909/1909/1909 1910/1910/1910 2055/2055/2055
f 1910/1910/1910 2056/2056/2056 2055/2055/2055
f 1910/1910/1910 1911/1911/1911 2056/2056/2056
f 1911/1911/1911 2057/2057/2057 2056/2056/2056
f 1911/1911/1911 1912/1912/1912 2057/2057/2057
f 1912/1912/1912 2058/2058/2058 2057/2057/2057
f 1912/1912/1912 1913/1913/1913 2058/2058/2058
f 1913/1913/1913 2059/2059/2059 2058/2058/2058
f 1913/1913/1913 1914/1914/1914 2059/2059/2059
f 1914/1914/1914 2060/2060/2060 2059/2059/2059
f 1914/1914/1914 1915/1915/1915 2060/2060/2060
f 1915/1915/1915 2061/2061/2061 2060/2060/2060
f 1915/1915/1915 1916/1916/1916 2061/2061/2061
f 1916/1916/1916 2062/2062/2062 2061/2061/2061
f 1916/1916/1916 1917/1917/1917 2062/2062/2062
f 1917/1917/1917 2063/2063/2063 2062/2062/2062
f 1917/1917/1917 1918/1918/1918 2063/2063/2063
f 1918/1918/1918 2064/2064/2064 2063/2063/2063
f 1918/1918/1918 1919/1919/1919 2064/2064/2064
f 1919/1919/1919 2065/2065/2065 2064/2064/2064
f 1919/1919/1919 1920/1920/1920 2065/2065/2065
f 1920/1920/1920 2066/2066/2066 2065/2065/2065
f 1920/1920/1920 1921/1921/1921 2066/2066/2066
f 1921/1921/1921 2067/2067/2067 2066/2066/2066
f 1921/1921/1921 1922/1922/1922 2067/2067/2067
f 1922/1922/1922 2068/2068/2068 2067/2067/2067
f 1922/1922/1922 1923/1923/1923 2068/2068/2068
f 1923/1923/1923 2069/2069/2069 2068/2068/2068
f 1923/1923/1923 1924/1924/1924 2069/2069/2069
f 1924/1924/1924 2070/2070/2070 2069/2069/2069
f 1924/1924/1924 1925/1925/1925 2070/2070/2070
f 1925/1925/1925 2071/2071/2071 2070/2070/2070
f 1925/1925/1925 1926/1926/1926 2071/2071/2071
f 1926/1926/1926 2072/2072/2072 2071/2071/2071
f 1926/1926/1926 1927/1927/1927 2072/2072/2072
f 1927/1927/1927 2073/2073/2073 2072/2072/2072
f 1927/1927/1927 1928/1928/1928 2073/2073/2073
f 1928/1928/1928 2074/2074/2074 2073/2073/2073
f 1928/1928/1928 1929/1929/1929 2074/2074/2074
f 1929/1929/1929 2075/2075/2075 2074/2074/2074
f 1929/1929/1929 1930/1930/1930 2075/2075/2075
f 1930/1930/1930 2076/2076/2076 2075/2075/2075
f 1930/1930/1930 1931/1931/1931 2076/2076/2076
f 1931/1931/1931 2077/2077/2077 2076/2076/2076
f 1931/1931/1931 1932/1932/1932 2077/2077/2077
f 1932/1932/1932 2078/2078/2078 2077/2077/2077
f 1932/1932/1932 1933/1933/1933 2078/2078/2078
f 1933/1933/1933 2079/2079/2079 2078/2078/2078
f 1933/1933/1933 1934/1934/1934 2079/2079/2079
f 1934/1934/1934 2080/2080/2080 2079/2079/2079
f 1934/1934/1934 1935/1935/1935 2080/2080/2080
f 1935/1935/1935 2081/2081/2081 2080/2080/2080
f 1935/1935/1935 1936/1936/1936 2081/2081/2081
f 1936/1936/1936 2082/2082/2082 2081/2081/2081
f 1936/1936/1936 1937/1937/1937 2082/2082/2082
f 1937/1937/1937 2083/2083/2083 2082/2082/2082
f 1937/1937/1937 1938/1938/1938 2083/2083/2083
f 1938/1938/1938 2084/2084/2084 2083/2083/2083
f 1938/1938/1938 1939/1939/1939 2084/2084/2084
f 1939/1939/1939 2085/2085/2085 2084/2084/2084
f 1939/1939/1939 1940/1940/1940 2085/2085/2085
f 1940/1940/1940 2086/2086/2086 2085/2085/2085
f 1940/1940/1940 1941/1941/1941 2086/2086/2086
f 1941/1941/1941 2087/2087/2087 2086/2086/2086
f 1941/1941/1941 1942/1942/1942 2087/2087/2087
f 1942/1942/1942 2088/2088/2088 2087/2087/2087
f 1942/1942/1942 1943/1943/1943 2088/2088/2088
f 1943/1943/1943 2089/2089/2089 2088/2088/2088
f 1943/1943/1943 1944/1944/1944 2089/2089/2089
f 1944/1944/1944 2090/2090/2090 2089/2089/2089
f 1944/1944/1944 1945/1945/1945 2090/2090/2090
f 1945/1945/1945 2091/2091/2091 2090/2090/2090
f 1945/1945/1945 1946/1946/1946 2091/2091/2091
f 1946/1946/1946 2092/2092/2092 2091/2091/2091
f 1946/1946/1946 1947/1947/1947 2092/2092/2092
f 1947/1947/1947 2093/2093/2093 2092/2092/2092
f 1947/1947/1947 1948/1948/1948 2093/2093/2093
f 1948/1948/1948 2094/2094/2094 2093/2093/2093
f 1948/1948/1948 1949/1949/1949 2094/2094/2094
f 1949/1949/1949 2095/2095/2095 2094/2094/2094
f 1949/1949/1949 1950/1950/1950 2095/2095/2095
f 1950/1950/1950 2096/2096/2096 2095/2095/2095
f 1950/1950/1950 1951/1951/1951 2096/2096/2096
f 1951/1951/1951 2097/2097/2097 2096/2096/2096
f 1951/1951/1951 1952/1952/1952 2097/2097/2097
f 1952/1952/1952 2098/2098/2098 2097/2097/2097
f 1952/1952/1952 1953/1953/1953 2098/2098/2098
f 1953/1953/1953 2099/2099/2099 2098/2098/2098
f 1953/1953/1953 1954/1954/1954 2099/2099/2099
f 1954/1954/1954 2100/2100/2100 2099/2099/2099
f 1954/1954/1954 1955/1955/1955 2100/2100/2100
f 1955/1955/1955 2101/2101/2101 2100/2100/2100
f 1955/1955/1955 1956/1956/1956 2101/2101/2101
f 1956/1956/1956 2102/2102/2102 2101/2101/2101
f 1956/1956/1956 1957/1957/1957 2102/2102/2102
f 1957/1957/1957 2103/2103/2103 2102/2102/2102
f 1957/1957/1957 1958/1958/1958 2103/2103/2103
f 1958/1958/1958 2104/2104/2104 2103/2103/2103
f 1958/1958/1958 1959/1959/1959 2104/2104/2104
f 1959/1959/1959 2105/2105/2105 2104/2104/2104
f 1959/1959/1959 1960/1960/1960 2105/2105/2105
f 1960/1960/1960 2106/2106/2106 2105/2105/2105
f 1960/1960/1960 1961/1961/1961 2106/2106/2106
f 1961/1961/1961 2107/2107/2107 2106/2106/2106
f 1961/1961/1961 1962/1962/1962 2107/2107/2107
f 1962/1962/1962 2108/2108/2108 2107/2107/2107
f 1962/1962/1962 1963/1963/1963 2108/2108/2108
f 1963/1963/1963 2109/2109/2109 2108/2108/2108
f 1963/1963/1963 1964/1964/1964 2109/2109/2109
f 1964/1964/1964 2110/2110/2110 2109/2109/2109
f 1964/1964/1964 1965/1965/1965 2110/2110/2110
f 1965/1965/1965 2111/2111/2111 2110/2110/2110
f 1965/1965/1965 1966/1966/1966 2111/2111/2111
f 1966/1966/1966 2112/2112/2112 2111/2111/2111
f 1966/1966/1966 1967/1967/1967 2112/2112/2112
f 1967/1967/1967 2113/2113/2113 2112/2112/2112
f 1967/1967/1967 1968/1968/1968 2113/2113/2113
f 1968/1968/1968 2114/2114/2114 2113/2113/2113
f 1968/1968/1968 1969/1969/1969 2114/2114/2114
f 1969/1969/1969 2115/2115/2115 2114/2114/2114
f 1969/1969/1969 1970/1970/1970 2115/2115/2115
f 1970/1970/1970 2116/2116/2116 2115/2115/2115
f 1970/1970/1970 1971/1971/1971 2116/2116/2116
f 1971/1971/1971 2117/2117/2117 2116/2116/2116
f 1971/1971/1971 1972/1972/1972 2117/2117/2117
f 1972/1972/1972 2118/2118/2118 2117/2117/2117
f 1972/1972/1972 1973/1973/1973 2118/2118/2118
f 1973/1973/1973 2119/2119/2119 2118/2118/2118
f 1973/1973/1973 1974/1974/1974 2119/2119/2119
f 1974/1974/1974 2120/2120/2120 2119/2119/2119
f 1974/1974/1974 1975/1975/1975 2120/2120/2120
f 1975/1975/1975 2121/2121/2121 2120/2120/2120
f 1975/1975/1975 1976/1976/1976 2121/2121/2121
f 1976/1976/1976 2122/2122/2122 2121/2121/2121
f 1976/1976/1976 1977/1977/1977 2122/2122/2122
f 1977/1977/1977 2123/2123/2123 2122/2122/2122
f 1977/1977/1977 1978/1978/1978 2123/2123/2123
f 1978/1978/1978 2124/2124/2124 2123/2123/2123
f 1978/1978/1978 1979/1979/1979 2124/2124/2124
f 1979/1979/1979 2125/2125/2125 2124/2124/2124
f 1979/1979/1979 1980/1980/1980 2125/2125/2125
f 1980/1980/1980 2126/2126/2126 2125/2125/2125
f 1980/1980/1980 1981/1981/1981 2126/2126/2126
f 1981/1981/1981 2127/2127/2127 2126/2126/2126
f 1981/1981/1981 1982/1982/1982 2127/2127/2127
f 1982/1982/1982 2128/2128/2128 2127/2127/2127
f 1982/1982/1982 1983/1983/1983 2128/2128/2128
f 1983/1983/1983 2129/2129/2129 2128/2128/2128
f 1983/1983/1983 1984/1984/1984 2129/2129/2129
f 1984/1984/1984 2130/2130/2130 2129/2129/2129
f 1984/1984/1984 1985/1985/1985 2130/2130/2130
f 1985/1985/1985 2131/2131/2131 2130/2130/2130
f 1985/1985/1985 1986/1986/1986 2131/2131/2131
f 1986/1986/1986 2132/2132/2132 2131/2131/2131
f 1986/1986/1986 1987/1987/1987 2132/2132/2132
f 1987/1987/1987 2133/2133/2133 2132/2132/2132
f 1987/1987/1987 1988/1988/1988 2133/2133/2133
f 1988/1988/1988 2134/2134/2134 2133/2133/2133
f 1988/1988/1988 1989/1989/1989 2134/2134/2134
f 1989/1989/1989 2135/2135/2135 2134/2134/2134
f 1989/1989/1989 1990/1990/1990 2135/2135/2135
f 1990/1990/1990 2136/2136/2136 2135/2135/2135
f 1990/1990/1990 1991/1991/1991 2136/2136/2136
f 1991/1991/1991 2137/2137/2137 2136/2136/2136
f 1991/1991/1991 1992/1992/1992 2137/2137/2137
f 1992/1992/1992 2138/2138/2138 2137/2137/2137
f 1992/1992/1992 1993/1993/1993 2138/2138/2138
f 1993/1993/1993 2139/2139/2139 2138/2138/2138
f 1993/1993/1993 1994/1994/1994 2139/2139/2139
f 1994/1994/1994 2140/2140/2140 2139/2139/2139
f 1994/1994/1994 1995/1995/1995 2140/2140/2140
f 1995/1995/1995 2141/2141/2141 2140/2140/2140
f 1995/1995/1995 1996/1996/1996 2141/2141/2141
f 1996/1996/1996 2142/2142/2142 2141/2141/2141
f 1996/1996/1996 1997/1997/1997 2142/2142/2142
f 1997/1997/1997 2143/2143/2143 2142/2142/2142
f 1997/1997/1997 1998/1998/1998 2143/2143/2143
f 1998/1998/1998 2144/2144/2144 2143/2143/2143
f 1998/1998/1998 1999/1999/1999 2144/2144/2144
f 1999/1999/1999 2145/2145/2145 2144/2144/2144
f 1999/1999/1999 2000/2000/2000 2145/2145/2145
f 2000/2000/2000 2146/2146/2146 2145/2145/2145
f 2000/2000/2000 2001/2001/2001 2146/2146/2146
f 2001/2001/2001 2147/2147/2147 2146/2146/2146
f 2001/2001/2001 2002/2002/2002 2147/2147/2147
f 2002/2002/2002 2148/2148/2148 2147/2147/2147
f 2002/2002/2002 2003/2003/2003 2148/2148/2148
f 2003/2003/2003 2149/2149/2149 2148/2148/2148
f 2003/2003/2003 2004/2004/2004 2149/2149/2149
f 2004/2004/2004 2150/2150/2150 2149/2149/2149
f 2004/2004/2004 2005/2005/2005 2150/2150/2150
f 2005/2005/2005 2151/2151/2151 2150/2150/2150
f 2005/2005/2005 2006/2006/2006 2151/2151/2151
f 2006/2006/2006 2152/2152/2152 2151/2151/2151
f 2006/2006/2006 2007/2007/2007 2152/2152/2152
f 2007/2007/2007 2153/2153/2153 2152/2152/2152
f 2007/2007/2007 2008/2008/2008 2153/2153/2153
f 2008/2008/2008 2154/2154/2154 2153/2153/2153
f 2008/2008/2008 2009/2009/2009 2154/2154/2154
f 2009/2009/2009 2155/2155/2155 2154/2154/2154
f 2009/2009/2009 2010/2010/2010 2155/2155/2155
f 2010/2010/2010 2156/2156/2156 2155/2155/2155
f 2010/2010/2010 2011/2011/2011 2156/2156/2156
f 2011/2011/2011 2157/2157/2157 2156/2156/2156
f 2011/2011/2011 2012/2012/2012 2157/2157/2157
f 2012/2012/2012 2158/2158/2158 2157/2157/2157
f 2012/2012/2012 2013/2013/2013 2158/2158/2158
f 2013/2013/2013 2159/2159/2159 2158/2158/2158
f 2013/2013/2013 2014/2014/2014 2159/2159/2159
f 2014/2014/2014 2160/2160/2160 2159/2159/2159
f 2014/2014/2014 2015/2015/2015 2160/2160/2160
f 2015/2015/2015 2161/2161/2161 2160/2160/2160
f 2015/2015/2015 2016/2016/2016 2161/2161/2161
f 2016/2016/2016 2162/2162/2162 2161/2161/2161
f 2016/2016/2016 2017/2017/2017 2162/2162/2162
f 2017/2017/2017 2163/2163/2163 2162/2162/2162
f 2017/2017/2017 2018/2018/2018 2163/2163/2163
f 2018/2018/2018 2164/2164/2164 2163/2163/2163
f 2018/2018/2018 2019/2019/2019 2164/2164/2164
f 2019/2019/2019 2165/2165/2165 2164/2164/2164
f 2019/2019/2019 2020/2020/2020 2165/2165/2165
f 2020/2020/2020 2166/2166/2166 2165/2165/2165
f 2020/2020/2020 2021/2021/2021 2166/2166/2166
f 2021/2021/2021 2167/2167/2167 2166/2166/2166
f 2021/2021/2021 2022/2022/2022 2167/2167/2167
f 2022/2022/2022 2168/2168/2168 2167/2167/2167
f 2022/2022/2022 2023/2023/2023 2168/2168/2168
f 2023/2023/2023 2169/2169/2169 2168/2168/2168
f 2023/2023/2023 2024/2024/2024 2169/2169/2169
f 2024/2024/2024 2170/2170/2170 2169/2169/2169
f 2024/2024/2024 2025/2025/2025 2170/2170/2170
f 2025/2025/2025 2171/2171/2171 2170/2170/2170
f 2025/2025/2025 2026/2026/2026 2171/2171/2171
f 2026/2026/2026 2172/2172/2172 2171/2171/2171
f 2026/2026/2026 2027/2027/2027 2172/2172/2172
f 2027/2027/2027 2173/2173/2173 2172/2172/2172
f 2027/2027/2027 2028/2028/2028 2173/2173/2173
f 2028/2028/2028 2174/2174/2174 2173/2173/2173
f 2028/2028/2028 2029/2029/2029 2174/2174/2174
f 2029/2029/2029 2175/2175/2175 2174/2174/2174
f 2029/2029/2029 2030/2030/2030 2175/2175/2175
f 2031/2031/2031 2177/2177/2177 2176/2176/2176
f 2031/2031/2031 2032/2032/2032 2177/2177/2177
f 2032/2032/2032 2178/2178/2178 2177/2177/2177
f 2032/2032/2032 2033/2033/2033 2178/2178/2178
f 2033/2033/2033 2179/2179/2179 2178/2178/2178
f 2033/2033/2033 2034/2034/2034 2179/2179/2179
f 2034/2034/2034 2180/2180/2180 2179/2179/2179
f 2034/2034/2034 2035/2035/2035 2180/2180/2180
f 2035/2035/2035 2181/2181/2181 2180/2180/2180
f 2035/2035/2035 2036/2036/2036 2181/2181/2181
f 2036/2036/2036 2182/2182/2182 2181/2181/2181
f 2036/2036/2036 2037/2037/2037 2182/2182/2182
f 2037/2037/2037 2183/2183/2183 2182/2182/2182
f 2037/2037/2037 2038/2038/2038 2183/2183/2183
f 2038/2038/2038 2184/2184/2184 2183/2183/2183
f 2038/2038/2038 2039/2039/2039 2184/2184/2184
f 2039/2039/2039 2185/2185/2185 2184/2184/2184
f 2039/2039/2039 2040/2040/2040 2185/2185/2185
f 2040/2040/2040 2186/2186/2186 2185/2185/2185
f 2040/2040/2040 2041/2041/2041 2186/2186/2186
f 2041/2041/2041 2187/2187/2187 2186/2186/2186
f 2041/2041/2041 2042/2042/2042 2187/2187/2187
f 2042/2042/2042 2188/2188/2188 2187/2187/2187
f 2042/2042/2042 2043/2043/2043 2188/2188/2188
f 2043/2043/2043 2189/2189/2189 2188/2188/2188
f 2043/2043/2043 2044/2044/2044 2189/2189/2189
f 2044/2044/2044 2190/2190/2190 2189/2189/2189
f 2044/2044/2044 2045/2045/2045 2190/2190/2190
f 2045/2045/2045 2191/2191/2191 2190/2190/2190
f 2045/2045/2045 2046/2046/2046 2191/2191/2191
f 2046/2046/2046 2192/2192/2192 2191/2191/2191
f 2046/2046/2046 2047/2047/2047 2192/2192/2192
f 2047/2047/2047 2193/2193/2193 2192/2192/2192
f 2047/2047/2047 2048/2048/2048 2193/2193/2193
f 2048/2048/2048 2194/2194/2194 2193/2193/2193
f 2048/2048/2048 2049/2049/2049 2194/2194/2194
f 2049/2049/2049 2195/2195/2195 2194/2194/2194
f 2049/2049/2049 2050/2050/2050 2195/2195/2195
f 2050/2050/2050 2196/2196/2196 2195/2195/2195
f 2050/2050/2050 2051/2051/2051 2196/2196/2196
f 2051/2051/2051 2197/2197/2197 2196/2196/2196
f 2051/2051/2051 2052/2052/2052 2197/2197/2197
f 2052/2052/2052 2198/2198/2198 2197/2197/2197
f 2052/2052/2052 2053/2053/2053 2198/2198/2198
f 2053/2053/2053 2199/2199/2199 2198/2198/2198
f 2053/2053/2053 2054/2054/2054 2199/2199/2199
f 2054/2054/2054 2200/2200/2200 2199/2199/2199
f 2054/2054/2054 2055/2055/2055 2200/2200/2200
f 2055/2055/2055 2201/2201/2201 2200/2200/2200
f 2055/2055/2055 2056/2056/2056 2201/2201/2201
f 2056/2056/2056 2202/2202/2202 2201/2201/2201
f 2056/2056/2056 2057/2057/2057 2202/2202/2202
f 2057/2057/2057 2203/2203/2203 2202/2202/2202
f 2057/2057/2057 2058/2058/2058 2203/2203/2203
f 2058/2058/2058 2204/2204/2204 2203/2203/2203
f 2058/2058/2058 2059/2059/2059 2204/2204/2204
f 2059/2059/2059 2205/2205/2205 2204/2204/2204
f 2059/2059/2059 2060/2060/2060 2205/2205/2205
f 2060/2060/2060 2206/2206/2206 2205/2205/2205
f 2060/2060/2060 2061/2061/2061 2206/2206/2206
f 2061/2061/2061 2207/2207/2207 2206/2206/2206
f 2061/2061/2061 2062/2062/2062 2207/2207/2207
f 2062/2062/2062 2208/2208/2208 2207/2207/2207
f 2062/2062/2062 2063/2063/2063 2208/2208/2208
f 2063/2063/2063 2209/2209/2209 2208/2208/2208
f 2063/2063/2063 2064/2064/2064 2209/2209/2209
f 2064/2064/2064 2210/2210/2210 2209/2209/2209
f 2064/2064/2064 2065/2065/2065 2210/2210/2210
f 2065/2065/2065 2211/2211/2211 2210/2210/2210
f 2065/2065/2065 2066/2066/2066 2211/2211/2211
f 2066/2066/2066 2212/2212/2212 2211/2211/2211
f 2066/2066/2066 2067/2067/2067 2212/2212/2212
f 2067/2067/2067 2213/2213/2213 2212/2212/2212
f 2067/2067/2067 2068/2068/2068 2213/2213/2213
f 2068/2068/2068 2214/2214/2214 2213/2213/2213
f 2068/2068/2068 2069/2069/2069 2214/2214/2214
f 2069/2069/2069 2215/2215/2215 2214/2214/2214
f 2069/2069/2069 2070/2070/2070 2215/2215/2215
f 2070/2070/2070 2216/2216/2216 2215/2215/2215
f 2070/2070/2070 2071/2071/2071 2216/2216/2216
f 2071/2071/2071 2217/2217/2217 2216/2216/2216
f 2071/2071/2071 2072/2072/2072 2217/2217/2217
f 2072/2072/2072 2218/2218/2218 2217/2217/2217
f 2072/2072/2072 2073/2073/2073 2218/2218/2218
f 2073/2073/2073 2219/2219/2219 2218/2218/2218
f 2073/2073/2073 2074/2074/2074 2219/2219/2219
f 2074/2074/2074 2220/2220/2220 2219/2219/2219
f 2074/2074/2074 2075/2075/2075 2220/2220/2220
f 2075/2075/2075 2221/2221/2221 2220/2220/2220
f 2075/2075/2075 2076/2076/2076 2221/2221/2221
f 2076/2076/2076 2222/2222/2222 2221/2221/2221
f 2076/2076/2076 2077/2077/2077 2222/2222/2222
f 2077/2077/2077 2223/2223/2223 2222/2222/2222
f 2077/2077/2077 2078/2078/2078 2223/2223/2223
f 2078/2078/2078 2224/2224/2224 2223/2223/2223
f 2078/2078/2078 2079/2079/2079 2224/2224/2224
f 2079/2079/2079 2225/2225/2225 2224/2224/2224
f 2079/2079/2079 2080/2080/2080 2225/2225/2225
f 2080/2080/2080 2226/2226/2226 2225/2225/2225
f 2080/2080/2080 2081/2081/2081 2226/2226/2226
f 2081/2081/2081 2227/2227/2227 2226/2226/2226
f 2081/2081/2081 2082/2082/2082 2227/2227/2227
f 2082/2082/2082 2228/2228/2228 2227/2227/2227
f 2082/2082/2082 2083/2083/2083 2228/2228/2228
f 2083/2083/2083 2229/2229/2229 2228/2228/2228
f 2083/2083/2083 2084/2084/2084 2229/2229/2229
f 2084/2084/2084 2230/2230/2230 2229/2229/2229
f 2084/2084/2084 2085/2085/2085 2230/2230/2230
f 2085/2085/2085 2231/2231/2231 2230/2230/2230
f 2085/2085/2085 2086/2086/2086 2231/2231/2231
f 2086/2086/2086 2232/2232/2232 2231/2231/2231
f 2086/2086/2086 2087/2087/2087 2232/2232/2232
f 2087/2087/2087 2233/2233/2233 2232/2232/2232
f 2087/2087/2087 2088/2088/2088 2233/2233/2233
f 2088/2088/2088 2234/2234/2234 2233/2233/2233
f 2088/2088/2088 2089/2089/2089 2234/2234/2234
f 2089/2089/2089 2235/2235/2235 2234/2234/2234
f 2089/2089/2089 2090/2090/2090 2235/2235/2235
f 2090/2090/2090 2236/2236/2236 2235/2235/2235
f 2090/2090/2090 2091/2091/2091 2236/2236/2236
f 2091/2091/2091 2237/2237/2237 2236/2236/2236
f 2091/2091/2091 2092/2092/2092 2237/2237/2237
f 2092/2092/2092 2238/2238/2238 2237/2237/2237
f 2092/2092/2092 2093/2093/2093 2238/2238/2238
f 2093/2093/2093 2239/2239/2239 2238/2238/2238
f 2093/2093/2093 2094/2094/2094 2239/2239/2239
f 2094/2094/2094 2240/2240/2240 2239/2239/2239
f 2094/2094/2094 2095/2095/2095 2240/2240/2240
f 2095/2095/2095 2241/2241/2241 2240/2240/2240
f 2095/2095/2095 2096/2096/2096 2241/2241/2241
f 2096/2096/2096 2242/2242/2242 2241/2241/2241
f 2096/2096/2096 2097/2097/2097 2242/2242/2242
f 2097/2097/2097 2243/2243/2243 2242/2242/2242
f 2097/2097/2097 2098/2098/2098 2243/2243/2243
f 2098/2098/2098 2244/2244/2244 2243/2243/2243
f 2098/2098/2098 2099/2099/2099 2244/2244/2244
f 2099/2099/2099 2245/2245/2245 2244/2244/2244
f 2099/2099/2099 2100/2100/2100 2245/2245/2245
f 2100/2100/2100 2246/2246/2246 2245/2245/2245
f 2100/2100/2100 2101/2101/2101 2246/2246/2246
f 2101/2101/2101 2247/2247/2247 2246/2246/2246
f 2101/2101/2101 2102/2102/2102 2247/2247/2247
f 2102/2102/2102 2248/2248/2248 2247/2247/2247
f 2102/2102/2102 2103/2103/2103 2248/2248/2248
f 2103/2103/2103 2249/2249/2249 2248/2248/2248
f 2103/2103/2103 2104/2104/2104 2249/2249/2249
f 2104/2104/2104 2250/2250/2250 2249/2249/2249
f 2104/2104/2104 2105/2105/2105 2250/2250/2250
f 2105/2105/2105 2251/2251/2251 2250/2250/2250
f 2105/2105/2105 2106/2106/2106 2251/2251/2251
f 2106/2106/2106 2252/2252/2252 2251/2251/2251
f 2106/2106/2106 2107/2107/2107 2252/2252/2252
f 2107/2107/2107 2253/2253/2253 2252/2252/2252
f 2107/2107/2107 2108/2108/2108 2253/2253/2253
f 2108/2108/2108 2254/2254/2254 2253/2253/2253
f 2108/2108/2108 2109/2109/2109 2254/2254/2254
f 2109/2109/2109 2255/2255/2255 2254/2254/2254
f 2109/2109/2109 2110/2110/2110 2255/2255/2255
f 2110/2110/2110 2256/2256/2256 2255/2255/2255
f 2110/2110/2110 2111/2111/2111 2256/2256/2256
f 2111/2111/2111 2257/2257/2257 2256/2256/2256
f 2111/2111/2111 2112/2112/2112 2257/2257/2257
f 2112/2112/2112 2258/2258/2258 2257/2257/2257
f 2112/2112/2112 2113/2113/2113 2258/2258/2258
f 2113/2113/2113 2259/2259/2259 2258/2258/2258
f 2113/2113/2113 2114/2114/2114 2259/2259/2259
f 2114/2114/2114 2260/2260/2260 2259/2259/2259
f 2114/2114/2114 2115/2115/2115 2260/2260/2260
f 2115/2115/2115 2261/2261/2261 2260/2260/2260
f 2115/2115/2115 2116/2116/2116 2261/2261/2261
f 2116/2116/2116 2262/2262/2262 2261/2261/2261
f 2116/2116/2116 2117/2117/2117 2262/2262/2262
f 2117/2117/2117 2263/2263/2263 2262/2262/2262
f 2117/2117/2117 2118/2118/2118 2263/2263/2263
f 2118/2118/2118 2264/2264/2264 2263/2263/2263
f 2118/2118/2118 2119/2119/2119 2264/2264/2264
f 2119/2119/2119 2265/2265/2265 2264/2264/2264
f 2119/2119/2119 2120/2120/2120 2265/2265/2265
f 2120/2120/2120 2266/2266/2266 2265/2265/2265
f 2120/2120/2120 2121/2121/2121 2266/2266/2266
f 2121/2121/2121 2267/2267/2267 2266/2266/2266
f 2121/2121/2121 2122/2122/2122 2267/2267/2267
f 2122/2122/2122 2268/2268/2268 2267/2267/2267
f 2122/2122/2122 2123/2123/2123 2268/2268/2268
f 2123/2123/2123 2269/2269/2269 2268/2268/2268
f 2123/2123/2123 2124/2124/2124 2269/2269/2269
f 2124/2124/2124 2270/2270/2270 2269/2269/2269
f 2124/2124/2124 2125/2125/2125 2270/2270/2270
f 2125/2125/2125 2271/2271/2271 2270/2270/2270
f 2125/2125/2125 2126/2126/2126 2271/2271/2271
f 2126/2126/2126 2272/2272/2272 2271/2271/2271
f 2126/2126/2126 2127/2127/2127 2272/2272/2272
f 2127/2127/2127 2273/2273/2273 2272/2272/2272
f 2127/2127/2127 2128/2128/2128 2273/2273/2273
f 2128/2128/2128 2274/2274/2274 2273/2273/2273
f 2128/2128/2128 2129/2129/2129 2274/2274/2274
f 2129/2129/2129 2275/2275/2275 2274/2274/2274
f 2129/2129/2129 2130/2130/2130 2275/2275/2275
f 2130/2130/2130 2276/2276/2276 2275/2275/2275
f 2130/2130/2130 2131/2131/2131 2276/2276/2276
f 2131/2131/2131 2277/2277/2277 2276/2276/2276
f 2131/2131/2131 2132/2132/2132 2277/2277/2277
f 2132/2132/2132 2278/2278/2278 2277/2277/2277
f 2132/2132/2132 2133/2133/2133 2278/2278/2278
f 2133/2133/2133 2279/2279/2279 2278/2278/2278
f 2133/2133/2133 2134/2134/2134 2279/2279/2279
f 2134/2134/2134 2280/2280/2280 2279/2279/2279
f 2134/2134/2134 2135/2135/2135 2280/2280/2280
f 2135/2135/2135 2281/2281/2281 2280/2280/2280
f 2135/2135/2135 2136/2136/2136 2281/2281/2281
f 2136/2136/2136 2282/2282/2282 2281/2281/2281
f 2136/2136/2136 2137/2137/2137 2282/2282/2282
f 2137/2137/2137 2283/2283/2283 2282/2282/2282
f 2137/2137/2137 2138/2138/2138 2283/2283/2283
f 2138/2138/2138 2284/2284/2284 2283/2283/2283
f 2138/2138/2138 2139/2139/2139 2284/2284/2284
f 2139/2139/2139 2285/2285/2285 2284/2284/2284
f 2139/2139/2139 2140/2140/2140 2285/2285/2285
f 2140/2140/2140 2286/2286/2286 2285/2285/2285
f 2140/2140/2140 2141/2141/2141 2286/2286/2286
f 2141/2141/2141 2287/2287/2287 2286/2286/2286
f 2141/2141/2141 2142/2142/2142 2287/2287/2287
f 2142/2142/2142 2288/2288/2288 2287/2287/2287
f 2142/2142/2142 2143/2143/2143 2288/2288/2288
f 2143/2143/2143 2289/2289/2289 2288/2288/2288
f 2143/2143/2143 2144/2144/2144 2289/2289/2289
f 2144/2144/2144 2290/2290/2290 2289/2289/2289
f 2144/2144/2144 2145/2145/2145 2290/2290/2290
f 2145/2145/2145 2291/2291/2291 2290/2290/2290
f 2145/2145/2145 2146/2146/2146 2291/2291/2291
f 2146/2146/2146 2292/2292/2292 2291/2291/2291
f 2146/2146/2146 2147/2147/2147 2292/2292/2292
f 2147/2147/2147 2293/2293/2293 2292/2292/2292
f 2147/2147/2147 2148/2148/2148 2293/2293/2293
f 2148/2148/2148 2294/2294/2294 2293/2293/2293
f 2148/2148/2148 2149/2149/2149 2294/2294/2294
f 2149/2149/2149 2295/2295/2295 2294/2294/2294
f 2149/2149/2149 2150/2150/2150 2295/2295/2295
f 2150/2150/2150 2296/2296/2296 2295/2295/2295
f 2150/2150/2150 2151/2151/2151 2296/2296/2296
f 2151/2151/2151 2297/2297/2297 2296/2296/2296
f 2151/2151/2151 2152/2152/2152 2297/2297/2297
f 2152/2152/2152 2298/2298/2298 2297/2297/2297
f 2152/2152/2152 2153/2153/2153 2298/2298/2298
f 2153/2153/2153 2299/2299/2299 2298/2298/2298
f 2153/2153/2153 2154/2154/2154 2299/2299/2299
f 2154/2154/2154 2300/2300/2300 2299/2299/2299
f 2154/2154/2154 2155/2155/2155 2300/2300/2300
f 2155/2155/2155 2301/2301/2301 2300/2300/2300
f 2155/2155/2155 2156/2156/2156 2301/2301/2301
f 2156/2156/2156 2302/2302/2302 2301/2301/2301
f 2156/2156/2156 2157/2157/2157 2302/2302/2302
f 2157/2157/2157 2303/2303/2303 2302/2302/2302
f 2157/2157/2157 2158/2158/2158 2303/2303/2303
f 2158/2158/2158 2304/2304/2304 2303/2303/2303
f 2158/2158/2158 2159/2159/2159 2304/2304/2304
f 2159/2159/2159 2305/2305/2305 2304/2304/2304
f 2159/2159/2159 2160/2160/2160 2305/2305/2305
f 2160/2160/2160 2306/2306/2306 2305/2305/2305
f 2160/2160/2160 2161/2161/2161 2306/2306/2306
f 2161/2161/2161 2307/2307/2307 2306/2306/2306
f 2161/2161/2161 2162/2162/2162 2307/2307/2307
f 2162/2162/2162 2308/2308/2308 2307/2307/2307
f 2162/2162/2162 2163/2163/2163 2308/2308/2308
f 2163/2163/2163 2309/2309/2309 2308/2308/2308
f 2163/2163/2163 2164/2164/2164 2309/2309/2309
f 2164/2164/2164 2310/2310/2310 2309/2309/2309
f 2164/2164/2164 2165/2165/2165 2310/2310/2310
f 2165/2165/2165 2311/2311/2311 2310/2310/2310
f 2165/2165/2165 2166/2166/2166 2311/2311/2311
f 2166/2166/2166 2312/2312/2312 2311/2311/2311
f 2166/2166/2166 2167/2167/2167 2312/2312/2312
f 2167/2167/2167 2313/2313/2313 2312/2312/2312
f 2167/2167/2167 2168/2168/2168 2313/2313/2313
f 2168/2168/2168 2314/2314/2314 2313/2313/2313
f 2168/2168/2168 2169/2169/2169 2314/2314/2314
f 2169/2169/2169 2315/2315/2315 2314/2314/2314
f 2169/2169/2169 2170/2170/2170 2315/2315/2315
f 2170/2170/2170 2316/2316/2316 2315/2315/2315
f 2170/2170/2170 2171/2171/2171 2316/2316/2316
f 2171/2171/2171 2317/2317/2317 2316/2316/2316
f 2171/2171/2171 2172/2172/2172 2317/2317/2317
f 2172/2172/2172 2318/2318/2318 2317/2317/2317
f 2172/2172/2172 2173/2173/2173 2318/2318/2318
f 2173/2173/2173 2319/2319/2319 2318/2318/2318
f 2173/2173/2173 2174/2174/2174 2319/2319/2319
f 2174/2174/2174 2320/2320/2320 2319/2319/2319
f 2174/2174/2174 2175/2175/2175 2320/2320/2320
f 2176/2176/2176 2322/2322/2322 2321/2321/2321
f 2176/2176/2176 2177/2177/2177 2322/2322/2322
f 2177/2177/2177 2323/2323/2323 2322/2322/2322
f 2177/2177/2177 2178/2178/2178 2323/2323/2323
f 2178/2178/2178 2324/2324/2324 2323/2323/2323
f 2178/2178/2178 2179/2179/2179 2324/2324/2324
f 2179/2179/2179 2325/2325/2325 2324/2324/2324
f 2179/2179/2179 2180/2180/2180 2325/2325/2325
f 2180/2180/2180 2326/2326/2326 2325/2325/2325
f 2180/2180/2180 2181/2181/2181 2326/2326/2326
f 2181/2181/2181 2327/2327/2327 2326/2326/2326
f 2181/2181/2181 2182/2182/2182 2327/2327/2327
f 2182/2182/2182 2328/2328/2328 2327/2327/2327
f 2182/2182/2182 2183/2183/2183 2328/2328/2328
f 2183/2183/2183 2329/2329/2329 2328/2328/2328
f 2183/2183/2183 2184/2184/2184 2329/2329/2329
f 2184/2184/2184 2330/2330/2330 2329/2329/2329
f 2184/2184/2184 2185/2185/2185 2330/2330/2330
f 2185/2185/2185 2331/2331/2331 2330/2330/2330
f 2185/2185/2185 2186/2186/2186 2331/2331/2331
f 2186/2186/2186 2332/2332/2332 2331/2331/2331
f 2186/2186/2186 2187/2187/2187 2332/2332/2332
f 2187/2187/2187 2333/2333/2333 2332/2332/2332
f 2187/2187/2187 2188/2188/2188 2333/2333/2333
f 2188/2188/2188 2334/2334/2334 2333/2333/2333
f 2188/2188/2188 2189/2189/2189 2334/2334/2334
f 2189/2189/2189 2335/2335/2335 2334/2334/2334
f 2189/2189/2189 2190/2190/2190 2335/2335/2335
f 2190/2190/2190 2336/2336/2336 2335/2335/2335
f 2190/2190/2190 2191/2191/2191 2336/2336/2336
f 2191/2191/2191 2337/2337/2337 2336/2336/2336
f 2191/2191/2191 2192/2192/2192 2337/2337/2337
f 2192/2192/2192 2338/2338/2338 2337/2337/2337
f 2192/2192/2192 2193/2193/2193 2338/2338/2338
f 2193/2193/2193 2339/2339/2339 2338/2338/2338
f 2193/2193/2193 2194/2194/2194 2339/2339/2339
f 2194/2194/2194 2340/2340/2340 2339/2339/2339
f 2194/2194/2194 2195/2195/2195 2340/2340/2340
f 2195/2195/2195 2341/2341/2341 2340/2340/2340
f 2195/2195/2195 2196/2196/2196 2341/2341/2341
f 2196/2196/2196 2342/2342/2342 2341/2341/2341
f 2196/2196/2196 2197/2197/2197 2342/2342/2342
f 2197/2197/2197 2343/2343/2343 2342/2342/2342
f 2197/2197/2197 2198/2198/2198 2343/2343/2343
f 2198/2198/2198 2344/2344/2344 2343/2343/2343
f 2198/2198/2198 2199/2199/2199 2344/2344/2344
f 2199/2199/2199 2345/2345/2345 2344/2344/2344
f 2199/2199/2199 2200/2200/2200 2345/2345/2345
f 2200/2200/2200 2346/2346/2346 2345/2345/2345
f 2200/2200/2200 2201/2201/2201 2346/2346/2346
f 2201/2201/2201 2347/2347/2347 2346/2346/2346
f 2201/2201/2201 2202/2202/2202 2347/2347/2347
f 2202/2202/2202 2348/2348/2348 2347/2347/2347
f 2202/2202/2202 2203/2203/2203 2348/2348/2348
f 2203/2203/2203 2349/2349/2349 2348/2348/2348
f 2203/2203/2203 2204/2204/2204 2349/2349/2349
f 2204/2204/2204 2350/2350/2350 2349/2349/2349
f 2204/2204/2204 2205/2205/2205 2350/2350/2350
f 2205/2205/2205 2351/2351/2351 2350/2350/2350
f 2205/2205/2205 2206/2206/2206 2351/2351/2351
f 2206/2206/2206 2352/2352/2352 2351/2351/2351
f 2206/2206/2206 2207/2207/2207 2352/2352/2352
f 2207/2207/2207 2353/2353/2353 2352/2352/2352
f 2207/2207/2207 2208/2208/2208 2353/2353/2353
f 2208/2208/2208 2354/2354/2354 2353/2353/2353
f 2208/2208/2208 2209/2209/2209 2354/2354/2354
f 2209/2209/2209 2355/2355/2355 2354/2354/2354
f 2209/2209/2209 2210/2210/2210 2355/2355/2355
f 2210/2210/2210 2356/2356/2356 2355/2355/2355
f 2210/2210/2210 2211/2211/2211 2356/2356/2356
f 2211/2211/2211 2357/2357/2357 2356/2356/2356
f 2211/2211/2211 2212/2212/2212 2357/2357/2357
f 2212/2212/2212 2358/2358/2358 2357/2357/2357
f 2212/2212/2212 2213/2213/2213 2358/2358/2358
f 2213/2213/2213 2359/2359/2359 2358/2358/2358
f 2213/2213/2213 2214/2214/2214 2359/2359/2359
f 2214/2214/2214 2360/2360/2360 2359/2359/2359
f 2214/2214/2214 2215/2215/2215 2360/2360/2360
f 2215/2215/2215 2361/2361/2361 2360/2360/2360
f 2215/2215/2215 2216/2216/2216 2361/2361/2361
f 2216/2216/2216 2362/2362/2362 2361/2361/2361
f 2216/2216/2216 2217/2217/2217 2362/2362/2362
f 2217/2217/2217 2363/2363/2363 2362/2362/2362
f 2217/2217/2217 2218/2218/2218 2363/2363/2363
f 2218/2218/2218 2364/2364/2364 2363/2363/2363
f 2218/2218/2218 2219/2219/2219 2364/2364/2364
f 2219/2219/2219 2365/2365/2365 2364/2364/2364
f 2219/2219/2219 2220/2220/2220 2365/2365/2365
f 2220/2220/2220 2366/2366/2366 2365/2365/2365
f 2220/2220/2220 2221/2221/2221 2366/2366/2366
f 2221/2221/2221 2367/2367/2367 2366/2366/2366
f 2221/2221/2221 2222/2222/2222 2367/2367/2367
f 2222/2222/2222 2368/2368/2368 2367/2367/2367
f 2222/2222/2222 2223/2223/2223 2368/2368/2368
f 2223/2223/2223 2369/2369/2369 2368/2368/2368
f 2223/2223/2223 2224/2224/2224 2369/2369/2369
f 2224/2224/2224 2370/2370/2370 2369/2369/2369
f 2224/2224/2224 2225/2225/2225 2370/2370/2370
f 2225/2225/2225 2371/2371/2371 2370/2370/2370
f 2225/2225/2225 2226/2226/2226 2371/2371/2371
f 2226/2226/2226 2372/2372/2372 2371/2371/2371
f 2226/2226/2226 2227/2227/2227 2372/2372/2372
f 2227/2227/2227 2373/2373/2373 2372/2372/2372
f 2227/2227/2227 2228/2228/2228 2373/2373/2373
f 2228/2228/2228 2374/2374/2374 2373/2373/2373
f 2228/2228/2228 2229/2229/2229 2374/2374/2374
f 2229/2229/2229 2375/2375/2375 2374/2374/2374
f 2229/2229/2229 2230/2230/2230 2375/2375/2375
f 2230/2230/2230 2376/2376/2376 2375/2375/2375
f 2230/2230/2230 2231/2231/2231 2376/2376/2376
f 2231/2231/2231 2377/2377/2377 2376/2376/2376
f 2231/2231/2231 2232/2232/2232 2377/2377/2377
f 2232/2232/2232 2378/2378/2378 2377/2377/2377
f 2232/2232/2232 2233/2233/2233 2378/2378/2378
f 2233/2233/2233 2379/2379/2379 2378/2378/2378
f 2233/2233/2233 2234/2234/2234 2379/2379/2379
f 2234/2234/2234 2380/2380/2380 2379/2379/2379
f 2234/2234/2234 2235/2235/2235 2380/2380/2380
f 2235/2235/2235 2381/2381/2381 2380/2380/2380
f 2235/2235/2235 2236/2236/2236 2381/2381/2381
f 2236/2236/2236 2382/2382/2382 2381/2381/2381
f 2236/2236/2236 2237/2237/2237 2382/2382/2382
f 2237/2237/2237 2383/2383/2383 2382/2382/2382
f 2237/2237/2237 2238/2238/2238 2383/2383/2383
f 2238/2238/2238 2384/2384/2384 2383/2383/2383
f 2238/2238/2238 2239/2239/2239 2384/2384/2384
f 2239/2239/2239 2385/2385/2385 2384/2384/2384
f 2239/2239/2239 2240/2240/2240 2385/2385/2385
f 2240/2240/2240 2386/2386/2386 2385/2385/2385
f 2240/2240/2240 2241/2241/2241 2386/2386/2386
f 2241/2241/2241 2387/2387/2387 2386/2386/2386
f 2241/2241/2241 2242/2242/2242 2387/2387/2387
f 2242/2242/2242 2388/2388/2388 2387/2387/2387
f 2242/2242/2242 2243/2243/2243 2388/2388/2388
f 2243/2243/2243 2389/2389/2389 2388/2388/2388
f 2243/2243/2243 2244/2244/2244 2389/2389/2389
f 2244/2244/2244 2390/2390/2390 2389/2389/2389
f 2244/2244/2244 2245/2245/2245 2390/2390/2390
f 2245/2245/2245 2391/2391/2391 2390/2390/2390
f 2245/2245/2245 2246/2246/2246 2391/2391/2391
f 2246/2246/2246 2392/2392/2392 2391/2391/2391
f 2246/2246/2246 2247/2247/2247 2392/2392/2392
f 2247/2247/2247 2393/2393/2393 2392/2392/2392
f 2247/2247/2247 2248/2248/2248 2393/2393/2393
f 2248/2248/2248 2394/2394/2394 2393/2393/2393
f 2248/2248/2248 2249/2249/2249 2394/2394/2394
f 2249/2249/2249 2395/2395/2395 2394/2394/2394
f 2249/2249/2249 2250/2250/2250 2395/2395/2395
f 2250/2250/2250 2396/2396/2396 2395/2395/2395
f 2250/2250/2250 2251/2251/2251 2396/2396/2396
f 2251/2251/2251 2397/2397/2397 2396/2396/2396
f 2251/2251/2251 2252/2252/2252 2397/2397/2397
f 2252/2252/2252 2398/2398/2398 2397/2397/2397
f 2252/2252/2252 2253/2253/2253 2398/2398/2398
f 2253/2253/2253 2399/2399/2399 2398/2398/2398
f 2253/2253/2253 2254/2254/2254 2399/2399/2399
f 2254/2254/2254 2400/2400/2400 2399/2399/2399
f 2254/2254/2254 2255/2255/2255 2400/2400/2400
f 2255/2255/2255 2401/2401/2401 2400/2400/2400
f 2255/2255/2255 2256/2256/2256 2401/2401/2401
f 2256/2256/2256 2402/2402/2402 2401/2401/2401
f 2256/2256/2256 2257/2257/2257 2402/2402/2402
f 2257/2257/2257 2403/2403/2403 2402/2402/2402
f 2257/2257/2257 2258/2258/2258 2403/2403/2403
f 2258/2258/2258 2404/2404/2404 2403/2403/2403
f 2258/2258/2258 2259/2259/2259 2404/2404/2404
f 2259/2259/2259 2405/2405/2405 2404/2404/2404
f 2259/2259/2259 2260/2260/2260 2405/2405/2405
f 2260/2260/2260 2406/2406/2406 2405/2405/2405
f 2260/2260/2260 2261/2261/2261 2406/2406/2406
f 2261/2261/2261 2407/2407/2407 2406/2406/2406
f 2261/2261/2261 2262/2262/2262 2407/2407/2407
f 2262/2262/2262 2408/2408/2408 2407/2407/2407
f 2262/2262/2262 2263/2263/2263 2408/2408/2408
f 2263/2263/2263 2409/2409/2409 2408/2408/2408
f 2263/2263/2263 2264/2264/2264 2409/2409/2409
f 2264/2264/2264 2410/2410/2410 2409/2409/2409
f 2264/2264/2264 2265/2265/2265 2410/2410/2410
f 2265/2265/2265 2411/2411/2411 2410/2410/2410
f 2265/2265/2265 2266/2266/2266 2411/2411/2411
f 2266/2266/2266 2412/2412/2412 2411/2411/2411
f 2266/2266/2266 2267/2267/2267 2412/2412/2412
f 2267/2267/2267 2413/2413/2413 2412/2412/2412
f 2267/2267/2267 2268/2268/2268 2413/2413/2413
f 2268/2268/2268 2414/2414/2414 2413/2413/2413
f 2268/2268/2268 2269/2269/2269 2414/2414/2414
f 2269/2269/2269 2415/2415/2415 2414/2414/2414
f 2269/2269/2269 2270/2270/2270 2415/2415/2415
f 2270/2270/2270 2416/2416/2416 2415/2415/2415
f 2270/2270/2270 2271/2271/2271 2416/2416/2416
f 2271/2271/2271 2417/2417/2417 2416/2416/2416
f 2271/2271/2271 2272/2272/2272 2417/2417/2417
f 2272/2272/2272 2418/2418/2418 2417/2417/2417
f 2272/2272/2272 2273/2273/2273 2418/2418/2418
f 2273/2273/2273 2419/2419/2419 2418/2418/2418
f 2273/2273/2273 2274/2274/2274 2419/2419/2419
f 2274/2274/2274 2420/2420/2420 2419/2419/2419
f 2274/2274/2274 2275/2275/2275 2420/2420/2420
f 2275/2275/2275 2421/2421/2421 2420/2420/2420
f 2275/2275/2275 2276/2276/2276 2421/2421/2421
f 2276/2276/2276 2422/2422/2422 2421/2421/2421
f 2276/2276/2276 2277/2277/2277 2422/2422/2422
f 2277/2277/2277 2423/2423/2423 2422/2422/2422
f 2277/2277/2277 2278/2278/2278 2423/2423/2423
f 2278/2278/2278 2424/2424/2424 2423/2423/2423
f 2278/2278/2278 2279/2279/2279 2424/2424/2424
f 2279/2279/2279 2425/2425/2425 2424/2424/2424
f 2279/2279/2279 2280/2280/2280 2425/2425/2425
f 2280/2280/2280 2426/2426/2426 2425/2425/2425
f 2280/2280/2280 2281/2281/2281 2426/2426/2426
f 2281/2281/2281 2427/2427/2427 2426/2426/2426
f 2281/2281/2281 2282/2282/2282 2427/2427/2427
f 2282/2282/2282 2428/2428/2428 2427/2427/2427
f 2282/2282/2282 2283/2283/2283 2428/2428/2428
f 2283/2283/2283 2429/2429/2429 2428/2428/2428
f 2283/2283/2283 2284/2284/2284 2429/2429/2429
f 2284/2284/2284 2430/2430/2430 2429/2429/2429
f 2284/2284/2284 2285/2285/2285 2430/2430/2430
f 2285/2285/2285 2431/2431/2431 2430/2430/2430
f 2285/2285/2285 2286/2286/2286 2431/2431/2431
f 2286/2286/2286 2432/2432/2432 2431/2431/2431
f 2286/2286/2286 2287/2287/2287 2432/2432/2432
f 2287/2287/2287 2433/2433/2433 2432/2432/2432
f 2287/2287/2287 2288/2288/2288 2433/2433/2433
f 2288/2288/2288 2434/2434/2434 2433/2433/2433
f 2288/2288/2288 2289/2289/2289 2434/2434/2434
f 2289/2289/2289 2435/2435/2435 2434/2434/2434
f 2289/2289/2289 2290/2290/2290 2435/2435/2435
f 2290/2290/2290 2436/2436/2436 2435/2435/2435
f 2290/2290/2290 2291/2291/2291 2436/2436/2436
f 2291/2291/2291 2437/2437/2437 2436/2436/2436
f 2291/2291/2291 2292/2292/2292 2437/2437/2437
f 2292/2292/2292 2438/2438/2438 2437/2437/2437
f 2292/2292/2292 2293/2293/2293 2438/2438/2438
f 2293/2293/2293 2439/2439/2439 2438/2438/2438
f 2293/2293/2293 2294/2294/2294 2439/2439/2439
f 2294/2294/2294 2440/2440/2440 2439/2439/2439
f 2294/2294/2294 2295/2295/2295 2440/2440/2440
f 2295/2295/2295 2441/2441/2441 2440/2440/2440
f 2295/2295/2295 2296/2296/2296 2441/2441/2441
f 2296/2296/2296 2442/2442/2442 2441/2441/2441
f 2296/2296/2296 2297/2297/2297 2442/2442/2442
f 2297/2297/2297 2443/2443/2443 2442/2442/2442
f 2297/2297/2297 2298/2298/2298 2443/2443/2443
f 2298/2298/2298 2444/2444/2444 2443/2443/2443
f 2298/2298/2298 2299/2299/2299 2444/2444/2444
f 2299/2299/2299 2445/2445/2445 2444/2444/2444
f 2299/2299/2299 2300/2300/2300 2445/2445/2445
f 2300/2300/2300 2446/2446/2446 2445/2445/2445
f 2300/2300/2300 2301/2301/2301 2446/2446/2446
f 2301/2301/2301 2447/2447/2447 2446/2446/2446
f 2301/2301/2301 2302/2302/2302 2447/2447/2447
f 2302/2302/2302 2448/2448/2448 2447/2447/2447
f 2302/2302/2302 2303/2303/2303 2448/2448/2448
f 2303/2303/2303 2449/2449/2449 2448/2448/2448
f 2303/2303/2303 2304/2304/2304 2449/2449/2449
f 2304/2304/2304 2450/2450/2450 2449/2449/2449
f 2304/2304/2304 2305/2305/2305 2450/2450/2450
f 2305/2305/2305 2451/2451/2451 2450/2450/2450
f 2305/2305/2305 2306/2306/2306 2451/2451/2451
f 2306/2306/2306 2452/2452/2452 2451/2451/2451
f 2306/2306/2306 2307/2307/2307 2452/2452/2452
f 2307/2307/2307 2453/2453/2453 2452/2452/2452
f 2307/2307/2307 2308/2308/2308 2453/2453/2453
f 2308/2308/2308 2454/2454/2454 2453/2453/2453
f 2308/2308/2308 2309/2309/2309 2454/2454/2454
f 2309/2309/2309 2455/2455/2455 2454/2454/2454
f 2309/2309/2309 2310/2310/2310 2455/2455/2455
f 2310/2310/2310 2456/2456/2456 2455/2455/2455
f 2310/2310/2310 2311/2311/2311 2456/2456/2456
f 2311/2311/2311 2457/2457/2457 2456/2456/2456
f 2311/2311/2311 2312/2312/2312 2457/2457/2457
f 2312/2312/2312 2458/2458/2458 2457/2457/2457
f 2312/2312/2312 2313/2313/2313 2458/2458/2458
f 2313/2313/2313 2459/2459/2459 2458/2458/2458
f 2313/2313/2313 2314/2314/2314 2459/2459/2459
f 2314/2314/2314 2460/2460/2460 2459/2459/2459
f 2314/2314/2314 2315/2315/2315 2460/2460/2460
f 2315/2315/2315 2461/2461/2461 2460/2460/2460
f 2315/2315/2315 2316/2316/2316 2461/2461/2461
f 2316/2316/2316 2462/2462/2462 2461/2461/2461
f 2316/2316/2316 2317/2317/2317 2462/2462/2462
f 2317/2317/2317 2463/2463/2463 2462/2462/2462
f 2317/2317/2317 2318/2318/2318 2463/2463/2463
f 2318/2318/2318 2464/2464/2464 2463/2463/2463
f 2318/2318/2318 2319/2319/2319 2464/2464/2464
f 2319/2319/2319 2465/2465/2465 2464/2464/2464
f 2319/2319/2319 2320/2320/2320 2465/2465/2465
f 2321/2321/2321 2467/2467/2467 2466/2466/2466
f 2321/2321/2321 2322/2322/2322 2467/2467/2467
f 2322/2322/2322 2468/2468/2468 2467/2467/2467
f 2322/2322/2322 2323/2323/2323 2468/2468/2468
f 2323/2323/2323 2469/2469/2469 2468/2468/2468
f 2323/2323/2323 2324/2324/2324 2469/2469/2469
f 2324/2324/2324 2470/2470/2470 2469/2469/2469
f 2324/2324/2324 2325/2325/2325 2470/2470/2470
f 2325/2325/2325 2471/2471/2471 2470/2470/2470
f 2325/2325/2325 2326/2326/2326 2471/2471/2471
f 2326/2326/2326 2472/2472/2472 2471/2471/2471
f 2326/2326/2326 2327/2327/2327 2472/2472/2472
f 2327/2327/2327 2473/2473/2473 2472/2472/2472
f 2327/2327/2327 2328/2328/2328 2473/2473/2473
f 2328/2328/2328 2474/2474/2474 2473/2473/2473
f 2328/2328/2328 2329/2329/2329 2474/2474/2474
f 2329/2329/2329 2475/2475/2475 2474/2474/2474
f 2329/2329/2329 2330/2330/2330 2475/2475/2475
f 2330/2330/2330 2476/2476/2476 2475/2475/2475
f 2330/2330/2330 2331/2331/2331 2476/2476/2476
f 2331/2331/2331 2477/2477/2477 2476/2476/2476
f 2331/2331/2331 2332/2332/2332 2477/2477/2477
f 2332/2332/2332 2478/2478/2478 2477/2477/2477
f 2332/2332/2332 2333/2333/2333 2478/2478/2478
f 2333/2333/2333 2479/2479/2479 2478/2478/2478
f 2333/2333/2333 2334/2334/2334 2479/2479/2479
f 2334/2334/2334 2480/2480/2480 2479/2479/2479
f 2334/2334/2334 2335/2335/2335 2480/2480/2480
f 2335/2335/2335 2481/2481/2481 2480/2480/2480
f 2335/2335/2335 2336/2336/2336 2481/2481/2481
f 2336/2336/2336 2482/2482/2482 2481/2481/2481
f 2336/2336/2336 2337/2337/2337 2482/2482/2482
f 2337/2337/2337 2483/2483/2483 2482/2482/2482
f 2337/2337/2337 2338/2338/2338 2483/2483/2483
f 2338/2338/2338 2484/2484/2484 2483/2483/2483
f 2338/2338/2338 2339/2339/2339 2484/2484/2484
f 2339/2339/2339 2485/2485/2485 2484/2484/2484
f 2339/2339/2339 2340/2340/2340 2485/2485/2485
f 2340/2340/2340 2486/2486/2486 2485/2485/2485
f 2340/2340/2340 2341/2341/2341 2486/2486/2486
f 2341/2341/2341 2487/2487/2487 2486/2486/2486
f 2341/2341/2341 2342/2342/2342 2487/2487/2487
f 2342/2342/2342 2488/2488/2488 2487/2487/2487
f 2342/2342/2342 2343/2343/2343 2488/2488/2488
f 2343/2343/2343 2489/2489/2489 2488/2488/2488
f 2343/2343/2343 2344/2344/2344 2489/2489/2489
f 2344/2344/2344 2490/2490/2490 2489/2489/2489
f 2344/2344/2344 2345/2345/2345 2490/2490/2490
f 2345/2345/2345 2491/2491/2491 2490/2490/2490
f 2345/2345/2345 2346/2346/2346 2491/2491/2491
f 2346/2346/2346 2492/2492/2492 2491/2491/2491
f 2346/2346/2346 2347/2347/2347 2492/2492/2492
f 2347/2347/2347 2493/2493/2493 2492/2492/2492
f 2347/2347/2347 2348/2348/2348 2493/2493/2493
f 2348/2348/2348 2494/2494/2494 2493/2493/2493
f 2348/2348/2348 2349/2349/2349 2494/2494/2494
f 2349/2349/2349 2495/2495/2495 2494/2494/2494
f 2349/2349/2349 2350/2350/2350 2495/2495/2495
f 2350/2350/2350 2496/2496/2496 2495/2495/2495
f 2350/2350/2350 2351/2351/2351 2496/2496/2496
f 2351/2351/2351 2497/2497/2497 2496/2496/2496
f 2351/2351/2351 2352/2352/2352 2497/2497/2497
f 2352/2352/2352 2498/2498/2498 2497/2497/2497
f 2352/2352/2352 2353/2353/2353 2498/2498/2498
f 2353/2353/2353 2499/2499/2499 2498/2498/2498
f 2353/2353/2353 2354/2354/2354 2499/2499/2499
f 2354/2354/2354 2500/2500/2500 2499/2499/2499
f 2354/2354/2354 2355/2355/2355 2500/2500/2500
f 2355/2355/2355 2501/2501/2501 2500/2500/2500
f 2355/2355/2355 2356/2356/2356 2501/2501/2501
f 2356/2356/2356 2502/2502/2502 2501/2501/2501
f 2356/2356/2356 2357/2357/2357 2502/2502/2502
f 2357/2357/2357 2503/2503/2503 2502/2502/2502
f 2357/2357/2357 2358/2358/2358 2503/2503/2503
f 2358/2358/2358 2504/2504/2504 2503/2503/2503
f 2358/2358/2358 2359/2359/2359 2504/2504/2504
f 2359/2359/2359 2505/2505/2505 2504/2504/2504
f 2359/2359/2359 2360/2360/2360 2505/2505/2505
f 2360/2360/2360 2506/2506/2506 2505/2505/2505
f 2360/2360/2360 2361/2361/2361 2506/2506/2506
f 2361/2361/2361 2507/2507/2507 2506/2506/2506
f 2361/2361/2361 2362/2362/2362 2507/2507/2507
f 2362/2362/2362 2508/2508/2508 2507/2507/2507
f 2362/2362/2362 2363/2363/2363 2508/2508/2508
f 2363/2363/2363 2509/2509/2509 2508/2508/2508
f 2363/2363/2363 2364/2364/2364 2509/2509/2509
f 2364/2364/2364 2510/2510/2510 2509/2509/2509
f 2364/2364/2364 2365/2365/2365 2510/2510/2510
f 2365/2365/2365 2511/2511/2511 2510/2510/2510
f 2365/2365/2365 2366/2366/2366 2511/2511/2511
f 2366/2366/2366 2512/2512/2512 2511/2511/2511
f 2366/2366/2366 2367/2367/2367 2512/2512/2512
f 2367/2367/2367 2513/2513/2513 2512/2512/2512
f 2367/2367/2367 2368/2368/2368 2513/2513/2513
f 2368/2368/2368 2514/2514/2514 2513/2513/2513
f 2368/2368/2368 2369/2369/2369 2514/2514/2514
f 2369/2369/2369 2515/2515/2515 2514/2514/2514
f 2369/2369/2369 2370/2370/2370 2515/2515/2515
f 2370/2370/2370 2516/2516/2516 2515/2515/2515
f 2370/2370/2370 2371/2371/2371 2516/2516/2516
f 2371/2371/2371 2517/2517/2517 2516/2516/2516
f 2371/2371/2371 2372/2372/2372 2517/2517/2517
f 2372/2372/2372 2518/2518/2518 2517/2517/2517
f 2372/2372/2372 2373/2373/2373 2518/2518/2518
f 2373/2373/2373 2519/2519/2519 2518/2518/2518
f 2373/2373/2373 2374/2374/2374 2519/2519/2519
f 2374/2374/2374 2520/2520/2520 2519/2519/2519
f 2374/2374/2374 2375/2375/2375 2520/2520/2520
f 2375/2375/2375 2521/2521/2521 2520/2520/2520
f 2375/2375/2375 2376/2376/2376 2521/2521/2521
f 2376/2376/2376 2522/2522/2522 2521/2521/2521
f 2376/2376/2376 2377/2377/2377 2522/2522/2522
f 2377/2377/2377 2523/2523/2523 2522/2522/2522
f 2377/2377/2377 2378/2378/2378 2523/2523/2523
f 2378/2378/2378 2524/2524/2524 2523/2523/2523
f 2378/2378/2378 2379/2379/2379 2524/2524/2524
f 2379/2379/2379 2525/2525/2525 2524/2524/2524
f 2379/2379/2379 2380/2380/2380 2525/2525/2525
f 2380/2380/2380 2526/2526/2526 2525/2525/2525
f 2380/2380/2380 2381/2381/2381 2526/2526/2526
f 2381/2381/2381 2527/2527/2527 2526/2526/2526
f 2381/2381/2381 2382/2382/2382 2527/2527/2527
f 2382/2382/2382 2528/2528/2528 2527/2527/2527
f 2382/2382/2382 2383/2383/2383 2528/2528/2528
f 2383/2383/2383 2529/2529/2529 2528/2528/2528
f 2383/2383/2383 2384/2384/2384 2529/2529/2529
f 2384/2384/2384 2530/2530/2530 2529/2529/2529
f 2384/2384/2384 2385/2385/2385 2530/2530/2530
f 2385/2385/2385 2531/2531/2531 2530/2530/2530
f 2385/2385/2385 2386/2386/2386 2531/2531/2531
f 2386/2386/2386 2532/2532/2532 2531/2531/2531
f 2386/2386/2386 2387/2387/2387 2532/2532/2532
f 2387/2387/2387 2533/2533/2533 2532/2532/2532
f 2387/2387/2387 2388/2388/2388 2533/2533/2533
f 2388/2388/2388 2534/2534/2534 2533/2533/2533
f 2388/2388/2388 2389/2389/2389 2534/2534/2534
f 2389/2389/2389 2535/2535/2535 2534/2534/2534
f 2389/2389/2389 2390/2390/2390 2535/2535/2535
f 2390/2390/2390 2536/2536/2536 2535/2535/2535
f 2390/2390/2390 2391/2391/2391 2536/2536/2536
f 2391/2391/2391 2537/2537/2537 2536/2536/2536
f 2391/2391/2391 2392/2392/2392 2537/2537/2537
f 2392/2392/2392 2538/2538/2538 2537/2537/2537
f 2392/2392/2392 2393/2393/2393 2538/2538/2538
f 2393/2393/2393 2539/2539/2539 2538/2538/2538
f 2393/2393/2393 2394/2394/2394 2539/2539/2539
f 2394/2394/2394 2540/2540/2540 2539/2539/2539
f 2394/2394/2394 2395/2395/2395 2540/2540/2540
f 2395/2395/2395 2541/2541/2541 2540/2540/2540
f 2395/2395/2395 2396/2396/2396 2541/2541/2541
f 2396/2396/2396 2542/2542/2542 2541/2541/2541
f 2396/2396/2396 2397/2397/2397 2542/2542/2542
f 2397/2397/2397 2543/2543/2543 2542/2542/2542
f 2397/2397/2397 2398/2398/2398 2543/2543/2543
f 2398/2398/2398 2544/2544/2544 2543/2543/2543
f 2398/2398/2398 2399/2399/2399 2544/2544/2544
f 2399/2399/2399 2545/2545/2545 2544/2544/2544
f 2399/2399/2399 2400/2400/2400 2545/2545/2545
f 2400/2400/2400 2546/2546/2546 2545/2545/2545
f 2400/2400/2400 2401/2401/2401 2546/2546/2546
f 2401/2401/2401 2547/2547/2547 2546/2546/2546
f 2401/2401/2401 2402/2402/2402 2547/2547/2547
f 2402/2402/2402 2548/2548/2548 2547/2547/2547
f 2402/2402/2402 2403/2403/2403 2548/2548/2548
f 2403/2403/2403 2549/2549/2549 2548/2548/2548
f 2403/2403/2403 2404/2404/2404 2549/2549/2549
f 2404/2404/2404 2550/2550/2550 2549/2549/2549
f 2404/2404/2404 2405/2405/2405 2550/2550/2550
f 2405/2405/2405 2551/2551/2551 2550/2550/2550
f 2405/2405/2405 2406/2406/2406 2551/2551/2551
f 2406/2406/2406 2552/2552/2552 2551/2551/2551
f 2406/2406/2406 2407/2407/2407 2552/2552/2552
f 2407/2407/2407 2553/2553/2553 2552/2552/2552
f 2407/2407/2407 2408/2408/2408 2553/2553/2553
f 2408/2408/2408 2554/2554/2554 2553/2553/2553
f 2408/2408/2408 2409/2409/2409 2554/2554/2554
f 2409/2409/2409 2555/2555/2555 2554/2554/2554
f 2409/2409/2409 2410/2410/2410 2555/2555/2555
f 2410/2410/2410 2556/2556/2556 2555/2555/2555
f 2410/2410/2410 2411/2411/2411 2556/2556/2556
f 2411/2411/2411 2557/2557/2557 2556/2556/2556
f 2411/2411/2411 2412/2412/2412 2557/2557/2557
f 2412/2412/2412 2558/2558/2558 2557/2557/2557
f 2412/2412/2412 2413/2413/2413 2558/2558/2558
f 2413/2413/2413 2559/2559/2559 2558/2558/2558
f 2413/2413/2413 2414/2414/2414 2559/2559/2559
f 2414/2414/2414 2560/2560/2560 2559/2559/2559
f 2414/2414/2414 2415/2415/2415 2560/2560/2560
f 2415/2415/2415 2561/2561/2561 2560/2560/2560
f 2415/2415/2415 2416/2416/2416 2561/2561/2561
f 2416/2416/2416 2562/2562/2562 2561/2561/2561
f 2416/2416/2416 2417/2417/2417 2562/2562/2562
f 2417/2417/2417 2563/2563/2563 2562/2562/2562
f 2417/2417/2417 2418/2418/2418 2563/2563/2563
f 2418/2418/2418 2564/2564/2564 2563/2563/2563
f 2418/2418/2418 2419/2419/2419 2564/2564/2564
f 2419/2419/2419 2565/2565/2565 2564/2564/2564
f 2419/2419/2419 2420/2420/2420 2565/2565/2565
f 2420/2420/2420 2566/2566/2566 2565/2565/2565
f 2420/2420/2420 2421/2421/2421 2566/2566/2566
f 2421/2421/2421 2567/2567/2567 2566/2566/2566
f 2421/2421/2421 2422/2422/2422 2567/2567/2567
f 2422/2422/2422 2568/2568/2568 2567/2567/2567
f 2422/2422/2422 2423/2423/2423 2568/2568/2568
f 2423/2423/2423 2569/2569/2569 2568/2568/2568
f 2423/2423/2423 2424/2424/2424 2569/2569/2569
f 2424/2424/2424 2570/2570/2570 2569/2569/2569
f 2424/2424/2424 2425/2425/2425 2570/2570/2570
f 2425/2425/2425 2571/2571/2571 2570/2570/2570
f 2425/2425/2425 2426/2426/2426 2571/2571/2571
f 2426/2426/2426 2572/2572/2572 2571/2571/2571
f 2426/2426/2426 2427/2427/2427 2572/2572/2572
f 2427/2427/2427 2573/2573/2573 2572/2572/2572
f 2427/2427/2427 2428/2428/2428 2573/2573/2573
f 2428/2428/2428 2574/2574/2574 2573/2573/2573
f 2428/2428/2428 2429/2429/2429 2574/2574/2574
f 2429/2429/2429 2575/2575/2575 2574/2574/2574
f 2429/2429/2429 2430/2430/2430 2575/2575/2575
f 2430/2430/2430 2576/2576/2576 2575/2575/2575
f 2430/2430/2430 2431/2431/2431 2576/2576/2576
f 2431/2431/2431 2577/2577/2577 2576/2576/2576
f 2431/2431/2431 2432/2432/2432 2577/2577/2577
f 2432/2432/2432 2578/2578/2578 2577/2577/2577
f 2432/2432/2432 2433/2433/2433 2578/2578/2578
f 2433/2433/2433 2579/2579/2579 2578/2578/2578
f 2433/2433/2433 2434/2434/2434 2579/2579/2579
f 2434/2434/2434 2580/2580/2580 2579/2579/2579
f 2434/2434/2434 2435/2435/2435 2580/2580/2580
f 2435/2435/2435 2581/2581/2581 2580/2580/2580
f 2435/2435/2435 2436/2436/2436 2581/2581/2581
f 2436/2436/2436 2582/2582/2582 2581/2581/2581
f 2436/2436/2436 2437/2437/2437 2582/2582/2582
f 2437/2437/2437 2583/2583/2583 2582/2582/2582
f 2437/2437/2437 2438/2438/2438 2583/2583/2583
f 2438/2438/2438 2584/2584/2584 2583/2583/2583
f 2438/2438/2438 2439/2439/2439 2584/2584/2584
f 2439/2439/2439 2585/2585/2585 2584/2584/2584
f 2439/2439/2439 2440/2440/2440 2585/2585/2585
f 2440/2440/2440 2586/2586/2586 2585/2585/2585
f 2440/2440/2440 2441/2441/2441 2586/2586/2586
f 2441/2441/2441 2587/2587/2587 2586/2586/2586
f 2441/2441/2441 2442/2442/2442 2587/2587/2587
f 2442/2442/2442 2588/2588/2588 2587/2587/2587
f 2442/2442/2442 2443/2443/2443 2588/2588/2588
f 2443/2443/2443 2589/2589/2589 2588/2588/2588
f 2443/2443/2443 2444/2444/2444 2589/2589/2589
f 2444/2444/2444 2590/2590/2590 2589/2589/2589
f 2444/2444/2444 2445/2445/2445 2590/2590/2590
f 2445/2445/2445 2591/2591/2591 2590/2590/2590
f 2445/2445/2445 2446/2446/2446 2591/2591/2591
f 2446/2446/2446 2592/2592/2592 2591/2591/2591
f 2446/2446/2446 2447/2447/2447 2592/2592/2592
f 2447/2447/2447 2593/2593/2593 2592/2592/2592
f 2447/2447/2447 2448/2448/2448 2593/2593/2593
f 2448/2448/2448 2594/2594/2594 2593/2593/2593
f 2448/2448/2448 2449/2449/2449 2594/2594/2594
f 2449/2449/2449 2595/2595/2595 2594/2594/2594
f 2449/2449/2449 2450/2450/2450 2595/2595/2595
f 2450/2450/2450 2596/2596/2596 2595/2595/2595
f 2450/2450/2450 2451/2451/2451 2596/2596/2596
f 2451/2451/2451 2597/2597/2597 2596/2596/2596
f 2451/2451/2451 2452/2452/2452 2597/2597/2597
f 2452/2452/2452 2598/2598/2598 2597/2597/2597
f 2452/2452/2452 2453/2453/2453 2598/2598/2598
f 2453/2453/2453 2599/2599/2599 2598/2598/2598
f 2453/2453/2453 2454/2454/2454 2599/2599/2599
f 2454/2454/2454 2600/2600/2600 2599/2599/2599
f 2454/2454/2454 2455/2455/2455 2600/2600/2600
f 2455/2455/2455 2601/2601/2601 2600/2600/2600
f 2455/2455/2455 2456/2456/2456 2601/2601/2601
f 2456/2456/2456 2602/2602/2602 2601/2601/2601
f 2456/2456/2456 2457/2457/2457 2602/2602/2602
f 2457/2457/2457 2603/2603/2603 2602/2602/2602
f 2457/2457/2457 2458/2458/2458 2603/2603/2603
f 2458/2458/2458 2604/2604/2604 2603/2603/2603
f 2458/2458/2458 2459/2459/2459 2604/2604/2604
f 2459/2459/2459 2605/2605/2605 2604/2604/2604
f 2459/2459/2459 2460/2460/2460 2605/2605/2605
f 2460/2460/2460 2606/2606/2606 2605/2605/2605
f 2460/2460/2460 2461/2461/2461 2606/2606/2606
f 2461/2461/2461 2607/2607/2607 2606/2606/2606
f 2461/2461/2461 2462/2462/2462 2607/2607/2607
f 2462/2462/2462 2608/2608/2608 2607/2607/2607
f 2462/2462/2462 2463/2463/2463 2608/2608/2608
f 2463/2463/2463 2609/2609/2609 2608/2608/2608
f 2463/2463/2463 2464/2464/2464 2609/2609/2609
f 2464/2464/2464 2610/2610/2610 2609/2609/2609
f 2464/2464/2464 2465/2465/2465 2610/2610/2610
f 2466/2466/2466 2612/2612/2612 2611/2611/2611
f 2466/2466/2466 2467/2467/2467 2612/2612/2612
f 2467/2467/2467 2613/2613/2613 2612/2612/2612
f 2467/2467/2467 2468/2468/2468 2613/2613/2613
f 2468/2468/2468 2614/2614/2614 2613/2613/2613
f 2468/2468/2468 2469/2469/2469 2614/2614/2614
f 2469/2469/2469 2615/2615/2615 2614/2614/2614
f 2469/2469/2469 2470/2470/2470 2615/2615/2615
f 2470/2470/2470 2616/2616/2616 2615/2615/2615
f 2470/2470/2470 2471/2471/2471 2616/2616/2616
f 2471/2471/2471 2617/2617/2617 2616/2616/2616
f 2471/2471/2471 2472/2472/2472 2617/2617/2617
f 2472/2472/2472 2618/2618/2618 2617/2617/2617
f 2472/2472/2472 2473/2473/2473 2618/2618/2618
f 2473/2473/2473 2619/2619/2619 2618/2618/2618
f 2473/2473/2473 2474/2474/2474 2619/2619/2619
f 2474/2474/2474 2620/2620/2620 2619/2619/2619
f 2474/2474/2474 2475/2475/2475 2620/2620/2620
f 2475/2475/2475 2621/2621/2621 2620/2620/2620
f 2475/2475/2475 2476/2476/2476 2621/2621/2621
f 2476/2476/2476 2622/2622/2622 2621/2621/2621
f 2476/2476/2476 2477/2477/2477 2622/2622/2622
f 2477/2477/2477 2623/2623/2623 2622/2622/2622
f 2477/2477/2477 2478/2478/2478 2623/2623/2623
f 2478/2478/2478 2624/2624/2624 2623/2623/2623
f 2478/2478/2478 2479/2479/2479 2624/2624/2624
f 2479/2479/2479 2625/2625/2625 2624/2624/2624
f 2479/2479/2479 2480/2480/2480 2625/2625/2625
f 2480/2480/2480 2626/2626/2626 2625/2625/2625
f 2480/2480/2480 2481/2481/2481 2626/2626/2626
f 2481/2481/2481 2627/2627/2627 2626/2626/2626
f 2481/2481/2481 2482/2482/2482 2627/2627/2627
f 2482/2482/2482 2628/2628/2628 2627/2627/2627
f 2482/2482/2482 2483/2483/2483 2628/2628/2628
f 2483/2483/2483 2629/2629/2629 2628/2628/2628
f 2483/2483/2483 2484/2484/2484 2629/2629/2629
f 2484/2484/2484 2630/2630/2630 2629/2629/2629
f 2484/2484/2484 2485/2485/2485 2630/2630/2630
f 2485/2485/2485 2631/2631/2631 2630/2630/2630
f 2485/2485/2485 2486/2486/2486 2631/2631/2631
f 2486/2486/2486 2632/2632/2632 2631/2631/2631
f 2486/2486/2486 2487/2487/2487 2632/2632/2632
f 2487/2487/2487 2633/2633/2633 2632/2632/2632
f 2487/2487/2487 2488/2488/2488 2633/2633/2633
f 2488/2488/2488 2634/2634/2634 2633/2633/2633
f 2488/2488/2488 2489/2489/2489 2634/2634/2634
f 2489/2489/2489 2635/2635/2635 2634/2634/2634
f 2489/2489/2489 2490/2490/2490 2635/2635/2635
f 2490/2490/2490 2636/2636/2636 2635/2635/2635
f 2490/2490/2490 2491/2491/2491 2636/2636/2636
f 2491/2491/2491 2637/2637/2637 2636/2636/2636
f 2491/2491/2491 2492/2492/2492 2637/2637/2637
f 2492/2492/2492 2638/2638/2638 2637/2637/2637
f 2492/2492/2492 2493/2493/2493 2638/2638/2638
f 2493/2493/2493 2639/2639/2639 2638/2638/2638
f 2493/2493/2493 2494/2494/2494 2639/2639/2639
f 2494/2494/2494 2640/2640/2640 2639/2639/2639
f 2494/2494/2494 2495/2495/2495 2640/2640/2640
f 2495/2495/2495 2641/2641/2641 2640/2640/2640
f 2495/2495/2495 2496/2496/2496 2641/2641/2641
f 2496/2496/2496 2642/2642/2642 2641/2641/2641
f 2496/2496/2496 2497/2497/2497 2642/2642/2642
f 2497/2497/2497 2643/2643/2643 2642/2642/2642
f 2497/2497/2497 2498/2498/2498 2643/2643/2643
f 2498/2498/2498 2644/2644/2644 2643/2643/2643
f 2498/2498/2498 2499/2499/2499 2644/2644/2644
f 2499/2499/2499 2645/2645/2645 2644/2644/2644
f 2499/2499/2499 2500/2500/2500 2645/2645/2645
f 2500/2500/2500 2646/2646/2646 2645/2645/2645
f 2500/2500/2500 2501/2501/2501 2646/2646/2646
f 2501/2501/2501 2647/2647/2647 2646/2646/2646
f 2501/2501/2501 2502/2502/2502 2647/2647/2647
f 2502/2502/2502 2648/2648/2648 2647/2647/2647
f 2502/2502/2502 2503/2503/2503 2648/2648/2648
f 2503/2503/2503 2649/2649/2649 2648/2648/2648
f 2503/2503/2503 2504/2504/2504 2649/2649/2649
f 2504/2504/2504 2650/2650/2650 2649/2649/2649
f 2504/2504/2504 2505/2505/2505 2650/2650/2650
f 2505/2505/2505 2651/2651/2651 2650/2650/2650
f 2505/2505/2505 2506/2506/2506 2651/2651/2651
f 2506/2506/2506 2652/2652/2652 2651/2651/2651
f 2506/2506/2506 2507/2507/2507 2652/2652/2652
f 2507/2507/2507 2653/2653/2653 2652/2652/2652
f 2507/2507/2507 2508/2508/2508 2653/2653/2653
f 2508/2508/2508 2654/2654/2654 2653/2653/2653
f 2508/2508/2508 2509/2509/2509 2654/2654/2654
f 2509/2509/2509 2655/2655/2655 2654/2654/2654
f 2509/2509/2509 2510/2510/2510 2655/2655/2655
f 2510/2510/2510 2656/2656/2656 2655/2655/2655
f 2510/2510/2510 2511/2511/2511 2656/2656/2656
f 2511/2511/2511 2657/2657/2657 2656/2656/2656
f 2511/2511/2511 2512/2512/2512 2657/2657/2657
f 2512/2512/2512 2658/2658/2658 2657/2657/2657
f 2512/2512/2512 2513/2513/2513 2658/2658/2658
f 2513/2513/2513 2659/2659/2659 2658/2658/2658
f 2513/2513/2513 2514/2514/2514 2659/2659/2659
f 2514/2514/2514 2660/2660/2660 2659/2659/2659
f 2514/2514/2514 2515/2515/2515 2660/2660/2660
f 2515/2515/2515 2661/2661/2661 2660/2660/2660
f 2515/2515/2515 2516/2516/2516 2661/2661/2661
f 2516/2516/2516 2662/2662/2662 2661/2661/2661
f 2516/2516/2516 2517/2517/2517 2662/2662/2662
f 2517/2517/2517 2663/2663/2663 2662/2662/2662
f 2517/2517/2517 2518/2518/2518 2663/2663/2663
f 2518/2518/2518 2664/2664/2664 2663/2663/2663
f 2518/2518/2518 2519/2519/2519 2664/2664/2664
f 2519/2519/2519 2665/2665/2665 2664/2664/2664
f 2519/2519/2519 2520/2520/2520 2665/2665/2665
f 2520/2520/2520 2666/2666/2666 2665/2665/2665
f 2520/2520/2520 2521/2521/2521 2666/2666/2666
f 2521/2521/2521 2667/2667/2667 2666/2666/2666
f 2521/2521/2521 2522/2522/2522 2667/2667/2667
f 2522/2522/2522 2668/2668/2668 2667/2667/2667
f 2522/2522/2522 2523/2523/2523 2668/2668/2668
f 2523/2523/2523 2669/2669/2669 2668/2668/2668
f 2523/2523/2523 2524/2524/2524 2669/2669/2669
f 2524/2524/2524 2670/2670/2670 2669/2669/2669
f 2524/2524/2524 2525/2525/2525 2670/2670/2670
f 2525/2525/2525 2671/2671/2671 2670/2670/2670
f 2525/2525/2525 2526/2526/2526 2671/2671/2671
f 2526/2526/2526 2672/2672/2672 2671/2671/2671
f 2526/2526/2526 2527/2527/2527 2672/2672/2672
f 2527/2527/2527 2673/2673/2673 2672/2672/2672
f 2527/2527/2527 2528/2528/2528 2673/2673/2673
f 2528/2528/2528 2674/2674/2674 2673/2673/2673
f 2528/2528/2528 2529/2529/2529 2674/2674/2674
f 2529/2529/2529 2675/2675/2675 2674/2674/2674
f 2529/2529/2529 2530/2530/2530 2675/2675/2675
f 2530/2530/2530 2676/2676/2676 2675/2675/2675
f 2530/2530/2530 2531/2531/2531 2676/2676/2676
f 2531/2531/2531 2677/2677/2677 2676/2676/2676
f 2531/2531/2531 2532/2532/2532 2677/2677/2677
f 2532/2532/2532 2678/2678/2678 2677/2677/2677
f 2532/2532/2532 2533/2533/2533 2678/2678/2678
f 2533/2533/2533 2679/2679/2679 2678/2678/2678
f 2533/2533/2533 2534/2534/2534 2679/2679/2679
f 2534/2534/2534 2680/2680/2680 2679/2679/2679
f 2534/2534/2534 2535/2535/2535 2680/2680/2680
f 2535/2535/2535 2681/2681/2681 2680/2680/2680
f 2535/2535/2535 2536/2536/2536 2681/2681/2681
f 2536/2536/2536 2682/2682/2682 2681/2681/2681
f 2536/2536/2536 2537/2537/2537 2682/2682/2682
f 2537/2537/2537 2683/2683/2683 2682/2682/2682
f 2537/2537/2537 2538/2538/2538 2683/2683/2683
f 2538/2538/2538 2684/2684/2684 2683/2683/2683
f 2538/2538/2538 2539/2539/2539 2684/2684/2684
f 2539/2539/2539 2685/2685/2685 2684/2684/2684
f 2539/2539/2539 2540/2540/2540 2685/2685/2685
f 2540/2540/2540 2686/2686/2686 2685/2685/2685
f 2540/2540/2540 2541/2541/2541 2686/2686/2686
f 2541/2541/2541 2687/2687/2687 2686/2686/2686
f 2541/2541/2541 2542/2542/2542 2687/2687/2687
f 2542/2542/2542 2688/2688/2688 2687/2687/2687
f 2542/2542/2542 2543/2543/2543 2688/2688/2688
f 2543/2543/2543 2689/2689/2689 2688/2688/2688
f 2543/2543/2543 2544/2544/2544 2689/2689/2689
f 2544/2544/2544 2690/2690/2690 2689/2689/2689
f 2544/2544/2544 2545/2545/2545 2690/2690/2690
f 2545/2545/2545 2691/2691/2691 2690/2690/2690
f 2545/2545/2545 2546/2546/2546 2691/2691/2691
f 2546/2546/2546 2692/2692/2692 2691/2691/2691
f 2546/2546/2546 2547/2547/2547 2692/2692/2692
f 2547/2547/2547 2693/2693/2693 2692/2692/2692
f 2547/2547/2547 2548/2548/2548 2693/2693/2693
f 2548/2548/2548 2694/2694/2694 2693/2693/2693
f 2548/2548/2548 2549/2549/2549 2694/2694/2694
f 2549/2549/2549 2695/2695/2695 2694/2694/2694
f 2549/2549/2549 2550/2550/2550 2695/2695/2695
f 2550/2550/2550 2696/2696/2696 2695/2695/2695
f 2550/2550/2550 2551/2551/2551 2696/2696/2696
f 2551/2551/2551 2697/2697/2697 2696/2696/2696
f 2551/2551/2551 2552/2552/2552 2697/2697/2697
f 2552/2552/2552 2698/2698/2698 2697/2697/2697
f 2552/2552/2552 2553/2553/2553 2698/2698/2698
f 2553/2553/2553 2699/2699/2699 2698/2698/2698
f 2553/2553/2553 2554/2554/2554 2699/2699/2699
f 2554/2554/2554 2700/2700/2700 2699/2699/2699
f 2554/2554/2554 2555/2555/2555 2700/2700/2700
f 2555/2555/2555 2701/2701/2701 2700/2700/2700
f 2555/2555/2555 2556/2556/2556 2701/2701/2701
f 2556/2556/2556 2702/2702/2702 2701/2701/2701
f 2556/2556/2556 2557/2557/2557 2702/2702/2702
f 2557/2557/2557 2703/2703/2703 2702/2702/2702
f 2557/2557/2557 2558/2558/2558 2703/2703/2703
f 2558/2558/2558 2704/2704/2704 2703/2703/2703
f 2558/2558/2558 2559/2559/2559 2704/2704/2704
f 2559/2559/2559 2705/2705/2705 2704/2704/2704
f 2559/2559/2559 2560/2560/2560 2705/2705/2705
f 2560/2560/2560 2706/2706/2706 2705/2705/2705
f 2560/2560/2560 2561/2561/2561 2706/2706/2706
f 2561/2561/2561 2707/2707/2707 2706/2706/2706
f 2561/2561/2561 2562/2562/2562 2707/2707/2707
f 2562/2562/2562 2708/2708/2708 2707/2707/2707
f 2562/2562/2562 2563/2563/2563 2708/2708/2708
f 2563/2563/2563 2709/2709/2709 2708/2708/2708
f 2563/2563/2563 2564/2564/2564 2709/2709/2709
f 2564/2564/2564 2710/2710/2710 2709/2709/2709
f 2564/2564/2564 2565/2565/2565 2710/2710/2710
f 2565/2565/2565 2711/2711/2711 2710/2710/2710
f 2565/2565/2565 2566/2566/2566 2711/2711/2711
f 2566/2566/2566 2712/2712/2712 2711/2711/2711
f 2566/2566/2566 2567/2567/2567 2712/2712/2712
f 2567/2567/2567 2713/2713/2713 2712/2712/2712
f 2567/2567/2567 2568/2568/2568 2713/2713/2713
f 2568/2568/2568 2714/2714/2714 2713/2713/2713
f 2568/2568/2568 2569/2569/2569 2714/2714/2714
f 2569/2569/2569 2715/2715/2715 2714/2714/2714
f 2569/2569/2569 2570/2570/2570 2715/2715/2715
f 2570/2570/2570 2716/2716/2716 2715/2715/2715
f 2570/2570/2570 2571/2571/2571 2716/2716/2716
f 2571/2571/2571 2717/2717/2717 2716/2716/2716
f 2571/2571/2571 2572/2572/2572 2717/2717/2717
f 2572/2572/2572 2718/2718/2718 2717/2717/2717
f 2572/2572/2572 2573/2573/2573 2718/2718/2718
f 2573/2573/2573 2719/2719/2719 2718/2718/2718
f 2573/2573/2573 2574/2574/2574 2719/2719/2719
f 2574/2574/2574 2720/2720/2720 2719/2719/2719
f 2574/2574/2574 2575/2575/2575 2720/2720/2720
f 2575/2575/2575 2721/2721/2721 2720/2720/2720
f 2575/2575/2575 2576/2576/2576 2721/2721/2721
f 2576/2576/2576 2722/2722/2722 2721/2721/2721
f 2576/2576/2576 2577/2577/2577 2722/2722/2722
f 2577/2577/2577 2723/2723/2723 2722/2722/2722
f 2577/2577/2577 2578/2578/2578 2723/2723/2723
f 2578/2578/2578 2724/2724/2724 2723/2723/2723
f 2578/2578/2578 2579/2579/2579 2724/2724/2724
f 2579/2579/2579 2725/2725/2725 2724/2724/2724
f 2579/2579/2579 2580/2580/2580 2725/2725/2725
f 2580/2580/2580 2726/2726/2726 2725/2725/2725
f 2580/2580/2580 2581/2581/2581 2726/2726/2726
f 2581/2581/2581 2727/2727/2727 2726/2726/2726
f 2581/2581/2581 2582/2582/2582 2727/2727/2727
f 2582/2582/2582 2728/2728/2728 2727/2727/2727
f 2582/2582/2582 2583/2583/2583 2728/2728/2728
f 2583/2583/2583 2729/2729/2729 2728/2728/2728
f 2583/2583/2583 2584/2584/2584 2729/2729/2729
f 2584/2584/2584 2730/2730/2730 2729/2729/2729
f 2584/2584/2584 2585/2585/2585 2730/2730/2730
f 2585/2585/2585 2731/2731/2731 2730/2730/2730
f 2585/2585/2585 2586/2586/2586 2731/2731/2731
f 2586/2586/2586 2732/2732/2732 2731/2731/2731
f 2586/2586/2586 2587/2587/2587 2732/2732/2732
f 2587/2587/2587 2733/2733/2733 2732/2732/2732
f 2587/2587/2587 2588/2588/2588 2733/2733/2733
f 2588/2588/2588 2734/2734/2734 2733/2733/2733
f 2588/2588/2588 2589/2589/2589 2734/2734/2734
f 2589/2589/2589 2735/2735/2735 2734/2734/2734
f 2589/2589/2589 2590/2590/2590 2735/2735/2735
f 2590/2590/2590 2736/2736/2736 2735/2735/2735
f 2590/2590/2590 2591/2591/2591 2736/2736/2736
f 2591/2591/2591 2737/2737/2737 2736/2736/2736
f 2591/2591/2591 2592/2592/2592 2737/2737/2737
f 2592/2592/2592 2738/2738/2738 2737/2737/2737
f 2592/2592/2592 2593/2593/2593 2738/2738/2738
f 2593/2593/2593 2739/2739/2739 2738/2738/2738
f 2593/2593/2593 2594/2594/2594 2739/2739/2739
f 2594/2594/2594 2740/2740/2740 2739/2739/2739
f 2594/2594/2594 2595/2595/2595 2740/2740/2740
f 2595/2595/2595 2741/2741/2741 2740/2740/2740
f 2595/2595/2595 2596/2596/2596 2741/2741/2741
f 2596/2596/2596 2742/2742/2742 2741/2741/2741
f 2596/2596/2596 2597/2597/2597 2742/2742/2742
f 2597/2597/2597 2743/2743/2743 2742/2742/2742
f 2597/2597/2597 2598/2598/2598 2743/2743/2743
f 2598/2598/2598 2744/2744/2744 2743/2743/2743
f 2598/2598/2598 2599/2599/2599 2744/2744/2744
f 2599/2599/2599 2745/2745/2745 2744/2744/2744
f 2599/2599/2599 2600/2600/2600 2745/2745/2745
f 2600/2600/2600 2746/2746/2746 2745/2745/2745
f 2600/2600/2600 2601/2601/2601 2746/2746/2746
f 2601/2601/2601 2747/2747/2747 2746/2746/2746
f 2601/2601/2601 2602/2602/2602 2747/2747/2747
f 2602/2602/2602 2748/2748/2748 2747/2747/2747
f 2602/2602/2602 2603/2603/2603 2748/2748/2748
f 2603/2603/2603 2749/2749/2749 2748/2748/2748
f 2603/2603/2603 2604/2604/2604 2749/2749/2749
f 2604/2604/2604 2750/2750/2750 2749/2749/2749
f 2604/2604/2604 2605/2605/2605 2750/2750/2750
f 2605/2605/2605 2751/2751/2751 2750/2750/2750
f 2605/2605/2605 2606/2606/2606 2751/2751/2751
f 2606/2606/2606 2752/2752/2752 2751/2751/2751
f 2606/2606/2606 2607/2607/2607 2752/2752/2752
f 2607/2607/2607 2753/2753/2753 2752/2752/2752
f 2607/2607/2607 2608/2608/2608 2753/2753/2753
f 2608/2608/2608 2754/2754/2754 2753/2753/2753
f 2608/2608/2608 2609/2609/2609 2754/2754/2754
f 2609/2609/2609 2755/2755/2755 2754/2754/2754
f 2609/2609/2609 2610/2610/2610 2755/2755/2755
f 2611/2611/2611 2757/2757/2757 2756/2756/2756
f 2611/2611/2611 2612/2612/2612 2757/2757/2757
f 2612/2612/2612 2758/2758/2758 2757/2757/2757
f 2612/2612/2612 2613/2613/2613 2758/2758/2758
f 2613/2613/2613 2759/2759/2759 2758/2758/2758
f 2613/2613/2613 2614/2614/2614 2759/2759/2759
f 2614/2614/2614 2760/2760/2760 2759/2759/2759
f 2614/2614/2614 2615/2615/2615 2760/2760/2760
f 2615/2615/2615 2761/2761/2761 2760/2760/2760
f 2615/2615/2615 2616/2616/2616 2761/2761/2761
f 2616/2616/2616 2762/2762/2762 2761/2761/2761
f 2616/2616/2616 2617/2617/2617 2762/2762/2762
f 2617/2617/2617 2763/2763/2763 2762/2762/2762
f 2617/2617/2617 2618/2618/2618 2763/2763/2763
f 2618/2618/2618 2764/2764/2764 2763/2763/2763
f 2618/2618/2618 2619/2619/2619 2764/2764/2764
f 2619/2619/2619 2765/2765/2765 2764/2764/2764
f 2619/2619/2619 2620/2620/2620 2765/2765/2765
f 2620/2620/2620 2766/2766/2766 2765/2765/2765
f 2620/2620/2620 2621/2621/2621 2766/2766/2766
f 2621/2621/2621 2767/2767/2767 2766/2766/2766
f 2621/2621/2621 2622/2622/2622 2767/2767/2767
f 2622/2622/2622 2768/2768/2768 2767/2767/2767
f 2622/2622/2622 2623/2623/2623 2768/2768/2768
f 2623/2623/2623 2769/2769/2769 2768/2768/2768
f 2623/2623/2623 2624/2624/2624 2769/2769/2769
f 2624/2624/2624 2770/2770/2770 2769/2769/2769
f 2624/2624/2624 2625/2625/2625 2770/2770/2770
f 2625/2625/2625 2771/2771/2771 2770/2770/2770
f 2625/2625/2625 2626/2626/2626 2771/2771/2771
f 2626/2626/2626 2772/2772/2772 2771/2771/2771
f 2626/2626/2626 2627/2627/2627 2772/2772/2772
f 2627/2627/2627 2773/2773/2773 2772/2772/2772
f 2627/2627/2627 2628/2628/2628 2773/2773/2773
f 2628/2628/2628 2774/2774/2774 2773/2773/2773
f 2628/2628/2628 2629/2629/2629 2774/2774/2774
f 2629/2629/2629 2775/2775/2775 2774/2774/2774
f 2629/2629/2629 2630/2630/2630 2775/2775/2775
f 2630/2630/2630 2776/2776/2776 2775/2775/2775
f 2630/2630/2630 2631/2631/2631 2776/2776/2776
f 2631/2631/2631 2777/2777/2777 2776/2776/2776
f 2631/2631/2631 2632/2632/2632 2777/2777/2777
f 2632/2632/2632 2778/2778/2778 2777/2777/2777
f 2632/2632/2632 2633/2633/2633 2778/2778/2778
f 2633/2633/2633 2779/2779/2779 2778/2778/2778
f 2633/2633/2633 2634/2634/2634 2779/2779/2779
f 2634/2634/2634 2780/2780/2780 2779/2779/2779
f 2634/2634/2634 2635/2635/2635 2780/2780/2780
f 2635/2635/2635 2781/2781/2781 2780/2780/2780
f 2635/2635/2635 2636/2636/2636 2781/2781/2781
f 2636/2636/2636 2782/2782/2782 2781/2781/2781
f 2636/2636/2636 2637/2637/2637 2782/2782/2782
f 2637/2637/2637 2783/2783/2783 2782/2782/2782
f 2637/2637/2637 2638/2638/2638 2783/2783/2783
f 2638/2638/2638 2784/2784/2784 2783/2783/2783
f 2638/2638/2638 2639/2639/2639 2784/2784/2784
f 2639/2639/2639 2785/2785/2785 2784/2784/2784
f 2639/2639/2639 2640/2640/2640 2785/2785/2785
f 2640/2640/2640 2786/2786/2786 2785/2785/2785
f 2640/2640/2640 2641/2641/2641 2786/2786/2786
f 2641/2641/2641 2787/2787/2787 2786/2786/2786
f 2641/2641/2641 2642/2642/2642 2787/2787/2787
f 2642/2642/2642 2788/2788/2788 2787/2787/2787
f 2642/2642/2642 2643/2643/2643 2788/2788/2788
f 2643/2643/2643 2789/2789/2789 2788/2788/2788
f 2643/2643/2643 2644/2644/2644 2789/2789/2789
f 2644/2644/2644 2790/2790/2790 2789/2789/2789
f 2644/2644/2644 2645/2645/2645 2790/2790/2790
f 2645/2645/2645 2791/2791/2791 2790/2790/2790
f 2645/2645/2645 2646/2646/2646 2791/2791/2791
f 2646/2646/2646 2792/2792/2792 2791/2791/2791
f 2646/2646/2646 2647/2647/2647 2792/2792/2792
f 2647/2647/2647 2793/2793/2793 2792/2792/2792
f 2647/2647/2647 2648/2648/2648 2793/2793/2793
f 2648/2648/2648 2794/2794/2794 2793/2793/2793
f 2648/2648/2648 2649/2649/2649 2794/2794/2794
f 2649/2649/2649 2795/2795/2795 2794/2794/2794
f 2649/2649/2649 2650/2650/2650 2795/2795/2795
f 2650/2650/2650 2796/2796/2796 2795/2795/2795
f 2650/2650/2650 2651/2651/2651 2796/2796/2796
f 2651/2651/2651 2797/2797/2797 2796/2796/2796
f 2651/2651/2651 2652/2652/2652 2797/2797/2797
f 2652/2652/2652 2798/2798/2798 2797/2797/2797
f 2652/2652/2652 2653/2653/2653 2798/2798/2798
f 2653/2653/2653 2799/2799/2799 2798/2798/2798
f 2653/2653/2653 2654/2654/2654 2799/2799/2799
f 2654/2654/2654 2800/2800/2800 2799/2799/2799
f 2654/2654/2654 2655/2655/2655 2800/2800/2800
f 2655/2655/2655 2801/2801/2801 2800/2800/2800
f 2655/2655/2655 2656/2656/2656 2801/2801/2801
f 2656/2656/2656 2802/2802/2802 2801/2801/2801
f 2656/2656/2656 2657/2657/2657 2802/2802/2802
f 2657/2657/2657 2803/2803/2803 2802/2802/2802
f 2657/2657/2657 2658/2658/2658 2803/2803/2803
f 2658/2658/2658 2804/2804/2804 2803/2803/2803
f 2658/2658/2658 2659/2659/2659 2804/2804/2804
f 2659/2659/2659 2805/2805/2805 2804/2804/2804
f 2659/2659/2659 2660/2660/2660 2805/2805/2805
f 2660/2660/2660 2806/2806/2806 2805/2805/2805
f 2660/2660/2660 2661/2661/2661 2806/2806/2806
f 2661/2661/2661 2807/2807/2807 2806/2806/2806
f 2661/2661/2661 2662/2662/2662 2807/2807/2807
f 2662/2662/2662 2808/2808/2808 2807/2807/2807
f 2662/2662/2662 2663/2663/2663 2808/2808/2808
f 2663/2663/2663 2809/2809/2809 2808/2808/2808
f 2663/2663/2663 2664/2664/2664 2809/2809/2809
f 2664/2664/2664 2810/2810/2810 2809/2809/2809
f 2664/2664/2664 2665/2665/2665 2810/2810/2810
f 2665/2665/2665 2811/2811/2811 2810/2810/2810
f 2665/2665/2665 2666/2666/2666 2811/2811/2811
f 2666/2666/2666 2812/2812/2812 2811/2811/2811
f 2666/2666/2666 2667/2667/2667 2812/2812/2812
f 2667/2667/2667 2813/2813/2813 2812/2812/2812
f 2667/2667/2667 2668/2668/2668 2813/2813/2813
f 2668/2668/2668 2814/2814/2814 2813/2813/2813
f 2668/2668/2668 2669/2669/2669 2814/2814/2814
f 2669/2669/2669 2815/2815/2815 2814/2814/2814
f 2669/2669/2669 2670/2670/2670 2815/2815/2815
f 2670/2670/2670 2816/2816/2816 2815/2815/2815
f 2670/2670/2670 2671/2671/2671 2816/2816/2816
f 2671/2671/2671 2817/2817/2817 2816/2816/2816
f 2671/2671/2671 2672/2672/2672 2817/2817/2817
f 2672/2672/2672 2818/2818/2818 2817/2817/2817
f 2672/2672/2672 2673/2673/2673 2818/2818/2818
f 2673/2673/2673 2819/2819/2819 2818/2818/2818
f 2673/2673/2673 2674/2674/2674 2819/2819/2819
f 2674/2674/2674 2820/2820/2820 2819/2819/2819
f 2674/2674/2674 2675/2675/2675 2820/2820/2820
f 2675/2675/2675 2821/2821/2821 2820/2820/2820
f 2675/2675/2675 2676/2676/2676 2821/2821/2821
f 2676/2676/2676 2822/2822/2822 2821/2821/2821
f 2676/2676/2676 2677/2677/2677 2822/2822/2822
f 2677/2677/2677 2823/2823/2823 2822/2822/2822
f 2677/2677/2677 2678/2678/2678 2823/2823/2823
f 2678/2678/2678 2824/2824/2824 2823/2823/2823
f 2678/2678/2678 2679/2679/2679 2824/2824/2824
f 2679/2679/2679 2825/2825/2825 2824/2824/2824
f 2679/2679/2679 2680/2680/2680 2825/2825/2825
f 2680/2680/2680 2826/2826/2826 2825/2825/2825
f 2680/2680/2680 2681/2681/2681 2826/2826/2826
f 2681/2681/2681 2827/2827/2827 2826/2826/2826
f 2681/2681/2681 2682/2682/2682 2827/2827/2827
f 2682/2682/2682 2828/2828/2828 2827/2827/2827
f 2682/2682/2682 2683/2683/2683 2828/2828/2828
f 2683/2683/2683 2829/2829/2829 2828/2828/2828
f 2683/2683/2683 2684/2684/2684 2829/2829/2829
f 2684/2684/2684 2830/2830/2830 2829/2829/2829
f 2684/2684/2684 2685/2685/2685 2830/2830/2830
f 2685/2685/2685 2831/2831/2831 2830/2830/2830
f 2685/2685/2685 2686/2686/2686 2831/2831/2831
f 2686/2686/2686 2832/2832/2832 2831/2831/2831
f 2686/2686/2686 2687/2687/2687 2832/2832/2832
f 2687/2687/2687 2833/2833/2833 2832/2832/2832
f 2687/2687/2687 2688/2688/2688 2833/2833/2833
f 2688/2688/2688 2834/2834/2834 2833/2833/2833
f 2688/2688/2688 2689/2689/2689 2834/2834/2834
f 2689/2689/2689 2835/2835/2835 2834/2834/2834
f 2689/2689/2689 2690/2690/2690 2835/2835/2835
f 2690/2690/2690 2836/2836/2836 2835/2835/2835
f 2690/2690/2690 2691/2691/2691 2836/2836/2836
f 2691/2691/2691 2837/2837/2837 2836/2836/2836
f 2691/2691/2691 2692/2692/2692 2837/2837/2837
f 2692/2692/2692 2838/2838/2838 2837/2837/2837
f 2692/2692/2692 2693/2693/2693 2838/2838/2838
f 2693/2693/2693 2839/2839/2839 2838/2838/2838
f 2693/2693/2693 2694/2694/2694 2839/2839/2839
f 2694/2694/2694 2840/2840/2840 2839/2839/2839
f 2694/2694/2694 2695/2695/2695 2840/2840/2840
f 2695/2695/2695 2841/2841/2841 2840/2840/2840
f 2695/2695/2695 2696/2696/2696 2841/2841/2841
f 2696/2696/2696 2842/2842/2842 2841/2841/2841
f 2696/2696/2696 2697/2697/2697 2842/2842/2842
f 2697/2697/2697 2843/2843/2843 2842/2842/2842
f 2697/2697/2697 2698/2698/2698 2843/2843/2843
f 2698/2698/2698 2844/2844/2844 2843/2843/2843
f 2698/2698/2698 2699/2699/2699 2844/2844/2844
f 2699/2699/2699 2845/2845/2845 2844/2844/2844
f 2699/2699/2699 2700/2700/2700 2845/2845/2845
f 2700/2700/2700 2846/2846/2846 2845/2845/2845
f 2700/2700/2700 2701/2701/2701 2846/2846/2846
f 2701/2701/2701 2847/2847/2847 2846/2846/2846
f 2701/2701/2701 2702/2702/2702 2847/2847/2847
f 2702/2702/2702 2848/2848/2848 2847/2847/2847
f 2702/2702/2702 2703/2703/2703 2848/2848/2848
f 2703/2703/2703 2849/2849/2849 2848/2848/2848
f 2703/2703/2703 2704/2704/2704 2849/2849/2849
f 2704/2704/2704 2850/2850/2850 2849/2849/2849
f 2704/2704/2704 2705/2705/2705 2850/2850/2850
f 2705/2705/2705 2851/2851/2851 2850/2850/2850
f 2705/2705/2705 2706/2706/2706 2851/2851/2851
f 2706/2706/2706 2852/2852/2852 2851/2851/2851
f 2706/2706/2706 2707/2707/2707 2852/2852/2852
f 2707/2707/2707 2853/2853/2853 2852/2852/2852
f 2707/2707/2707 2708/2708/2708 2853/2853/2853
f 2708/2708/2708 2854/2854/2854 2853/2853/2853
f 2708/2708/2708 2709/2709/2709 2854/2854/2854
f 2709/2709/2709 2855/2855/2855 2854/2854/2854
f 2709/2709/2709 2710/2710/2710 2855/2855/2855
f 2710/2710/2710 2856/2856/2856 2855/2855/2855
f 2710/2710/2710 2711/2711/2711 2856/2856/2856
f 2711/2711/2711 2857/2857/2857 2856/2856/2856
f 2711/2711/2711 2712/2712/2712 2857/2857/2857
f 2712/2712/2712 2858/2858/2858 2857/2857/2857
f 2712/2712/2712 2713/2713/2713 2858/2858/2858
f 2713/2713/2713 2859/2859/2859 2858/2858/2858
f 2713/2713/2713 2714/2714/2714 2859/2859/2859
f 2714/2714/2714 2860/2860/2860 2859/2859/2859
f 2714/2714/2714 2715/2715/2715 2860/2860/2860
f 2715/2715/2715 2861/2861/2861 2860/2860/2860
f 2715/2715/2715 2716/2716/2716 2861/2861/2861
f 2716/2716/2716 2862/2862/2862 2861/2861/2861
f 2716/2716/2716 2717/2717/2717 2862/2862/2862
f 2717/2717/2717 2863/2863/2863 2862/2862/2862
f 2717/2717/2717 2718/2718/2718 2863/2863/2863
f 2718/2718/2718 2864/2864/2864 2863/2863/2863
f 2718/2718/2718 2719/2719/2719 2864/2864/2864
f 2719/2719/2719 2865/2865/2865 2864/2864/2864
f 2719/2719/2719 2720/2720/2720 2865/2865/2865
f 2720/2720/2720 2866/2866/2866 2865/2865/2865
f 2720/2720/2720 2721/2721/2721 2866/2866/2866
f 2721/2721/2721 2867/2867/2867 2866/2866/2866
f 2721/2721/2721 2722/2722/2722 2867/2867/2867
f 2722/2722/2722 2868/2868/2868 2867/2867/2867
f 2722/2722/2722 2723/2723/2723 2868/2868/2868
f 2723/2723/2723 2869/2869/2869 2868/2868/2868
f 2723/2723/2723 2724/2724/2724 2869/2869/2869
f 2724/2724/2724 2870/2870/2870 2869/2869/2869
f 2724/2724/2724 2725/2725/2725 2870/2870/2870
f 2725/2725/2725 2871/2871/2871 2870/2870/2870
f 2725/2725/2725 2726/2726/2726 2871/2871/2871
f 2726/2726/2726 2872/2872/2872 2871/2871/2871
f 2726/2726/2726 2727/2727/2727 2872/2872/2872
f 2727/2727/2727 2873/2873/2873 2872/2872/2872
f 2727/2727/2727 2728/2728/2728 2873/2873/2873
f 2728/2728/2728 2874/2874/2874 2873/2873/2873
f 2728/2728/2728 2729/2729/2729 2874/2874/2874
f 2729/2729/2729 2875/2875/2875 2874/2874/2874
f 2729/2729/2729 2730/2730/2730 2875/2875/2875
f 2730/2730/2730 2876/2876/2876 2875/2875/2875
f 2730/2730/2730 2731/2731/2731 2876/2876/2876
f 2731/2731/2731 2877/2877/2877 2876/2876/2876
f 2731/2731/2731 2732/2732/2732 2877/2877/2877
f 2732/2732/2732 2878/2878/2878 2877/2877/2877
f 2732/2732/2732 2733/2733/2733 2878/2878/2878
f 2733/2733/2733 2879/2879/2879 2878/2878/2878
f 2733/2733/2733 2734/2734/2734 2879/2879/2879
f 2734/2734/2734 2880/2880/2880 2879/2879/2879
f 2734/2734/2734 2735/2735/2735 2880/2880/2880
f 2735/2735/2735 2881/2881/2881 2880/2880/2880
f 2735/2735/2735 2736/2736/2736 2881/2881/2881
f 2736/2736/2736 2882/2882/2882 2881/2881/2881
f 2736/2736/2736 2737/2737/2737 2882/2882/2882
f 2737/2737/2737 2883/2883/2883 2882/2882/2882
f 2737/2737/2737 2738/2738/2738 2883/2883/2883
f 2738/2738/2738 2884/2884/2884 2883/2883/2883
f 2738/2738/2738 2739/2739/2739 2884/2884/2884
f 2739/2739/2739 2885/2885/2885 2884/2884/2884
f 2739/2739/2739 2740/2740/2740 2885/2885/2885
f 2740/2740/2740 2886/2886/2886 2885/2885/2885
f 2740/2740/2740 2741/2741/2741 2886/2886/2886
f 2741/2741/2741 2887/2887/2887 2886/2886/2886
f 2741/2741/2741 2742/2742/2742 2887/2887/2887
f 2742/2742/2742 2888/2888/2888 2887/2887/2887
f 2742/2742/2742 2743/2743/2743 2888/2888/2888
f 2743/2743/2743 2889/2889/2889 2888/2888/2888
f 2743/2743/2743 2744/2744/2744 2889/2889/2889
f 2744/2744/2744 2890/2890/2890 2889/2889/2889
f 2744/2744/2744 2745/2745/2745 2890/2890/2890
f 2745/2745/2745 2891/2891/2891 2890/2890/2890
f 2745/2745/2745 2746/2746/2746 2891/2891/2891
f 2746/2746/2746 2892/2892/2892 2891/2891/2891
f 2746/2746/2746 2747/2747/2747 2892/2892/2892
f 2747/2747/2747 2893/2893/2893 2892/2892/2892
f 2747/2747/2747 2748/2748/2748 2893/2893/2893
f 2748/2748/2748 2894/2894/2894 2893/2893/2893
f 2748/2748/2748 2749/2749/2749 2894/2894/2894
f 2749/2749/2749 2895/2895/2895 2894/2894/2894
f 2749/2749/2749 2750/2750/2750 2895/2895/2895
f 2750/2750/2750 2896/2896/2896 2895/2895/2895
f 2750/2750/2750 2751/2751/2751 2896/2896/2896
f 2751/2751/2751 2897/2897/2897 2896/2896/2896
f 2751/2751/2751 2752/2752/2752 2897/2897/2897
f 2752/2752/2752 2898/2898/2898 2897/2897/2897
f 2752/2752/2752 2753/2753/2753 2898/2898/2898
f 2753/2753/2753 2899/2899/2899 2898/2898/2898
f 2753/2753/2753 2754/2754/2754 2899/2899/2899
f 2754/2754/2754 2900/2900/2900 2899/2899/2899
f 2754/2754/2754 2755/2755/2755 2900/2900/2900
f 2756/2756/2756 2902/2902/2902 2901/2901/2901
f 2756/2756/2756 2757/2757/2757 2902/2902/2902
f 2757/2757/2757 2903/2903/2903 2902/2902/2902
f 2757/2757/2757 2758/2758/2758 2903/2903/2903
f 2758/2758/2758 2904/2904/2904 2903/2903/2903
f 2758/2758/2758 2759/2759/2759 2904/2904/2904
f 2759/2759/2759 2905/2905/2905 2904/2904/2904
f 2759/2759/2759 2760/2760/2760 2905/2905/2905
f 2760/2760/2760 2906/2906/2906 2905/2905/2905
f 2760/2760/2760 2761/2761/2761 2906/2906/2906
f 2761/2761/2761 2907/2907/2907 2906/2906/2906
f 2761/2761/2761 2762/2762/2762 2907/2907/2907
f 2762/2762/2762 2908/2908/2908 2907/2907/2907
f 2762/2762/2762 2763/2763/2763 2908/2908/2908
f 2763/2763/2763 2909/2909/2909 2908/2908/2908
f 2763/2763/2763 2764/2764/2764 2909/2909/2909
f 2764/2764/2764 2910/2910/2910 2909/2909/2909
f 2764/2764/2764 2765/2765/2765 2910/2910/2910
f 2765/2765/2765 2911/2911/2911 2910/2910/2910
f 2765/2765/2765 2766/2766/2766 2911/2911/2911
f 2766/2766/2766 2912/2912/2912 2911/2911/2911
f 2766/2766/2766 2767/2767/2767 2912/2912/2912
f 2767/2767/2767 2913/2913/2913 2912/2912/2912
f 2767/2767/2767 2768/2768/2768 2913/2913/2913
f 2768/2768/2768 2914/2914/2914 2913/2913/2913
f 2768/2768/2768 2769/2769/2769 2914/2914/2914
f 2769/2769/2769 2915/2915/2915 2914/2914/2914
f 2769/2769/2769 2770/2770/2770 2915/2915/2915
f 2770/2770/2770 2916/2916/2916 2915/2915/2915
f 2770/2770/2770 2771/2771/2771 2916/2916/2916
f 2771/2771/2771 2917/2917/2917 2916/2916/2916
f 2771/2771/2771 2772/2772/2772 2917/2917/2917
f 2772/2772/2772 2918/2918/2918 2917/2917/2917
f 2772/2772/2772 2773/2773/2773 2918/2918/2918
f 2773/2773/2773 2919/2919/2919 2918/2918/2918
f 2773/2773/2773 2774/2774/2774 2919/2919/2919
f 2774/2774/2774 2920/2920/2920 2919/2919/2919
f 2774/2774/2774 2775/2775/2775 2920/2920/2920
f 2775/2775/2775 2921/2921/2921 2920/2920/2920
f 2775/2775/2775 2776/2776/2776 2921/2921/2921
f 2776/2776/2776 2922/2922/2922 2921/2921/2921
f 2776/2776/2776 2777/2777/2777 2922/2922/2922
f 2777/2777/2777 2923/2923/2923 2922/2922/2922
f 2777/2777/2777 2778/2778/2778 2923/2923/2923
f 2778/2778/2778 2924/2924/2924 2923/2923/2923
f 2778/2778/2778 2779/2779/2779 2924/2924/2924
f 2779/2779/2779 2925/2925/2925 2924/2924/2924
f 2779/2779/2779 2780/2780/2780 2925/2925/2925
f 2780/2780/2780 2926/2926/2926 2925/2925/2925
f 2780/2780/2780 2781/2781/2781 2926/2926/2926
f 2781/2781/2781 2927/2927/2927 2926/2926/2926
f 2781/2781/2781 2782/2782/2782 2927/2927/2927
f 2782/2782/2782 2928/2928/2928 2927/2927/2927
f 2782/2782/2782 2783/2783/2783 2928/2928/2928
f 2783/2783/2783 2929/2929/2929 2928/2928/2928
f 2783/2783/2783 2784/2784/2784 2929/2929/2929
f 2784/2784/2784 2930/2930/2930 2929/2929/2929
f 2784/2784/2784 2785/2785/2785 2930/2930/2930
f 2785/2785/2785 2931/2931/2931 2930/2930/2930
f 2785/2785/2785 2786/2786/2786 2931/2931/2931
f 2786/2786/2786 2932/2932/2932 2931/2931/2931
f 2786/2786/2786 2787/2787/2787 2932/2932/2932
f 2787/2787/2787 2933/2933/2933 2932/2932/2932
f 2787/2787/2787 2788/2788/2788 2933/2933/2933
f 2788/2788/2788 2934/2934/2934 2933/2933/2933
f 2788/2788/2788 2789/2789/2789 2934/2934/2934
f 2789/2789/2789 2935/2935/2935 2934/2934/2934
f 2789/2789/2789 2790/2790/2790 2935/2935/2935
f 2790/2790/2790 2936/2936/2936 2935/2935/2935
f 2790/2790/2790 2791/2791/2791 2936/2936/2936
f 2791/2791/2791 2937/2937/2937 2936/2936/2936
f 2791/2791/2791 2792/2792/2792 2937/2937/2937
f 2792/2792/2792 2938/2938/2938 2937/2937/2937
f 2792/2792/2792 2793/2793/2793 2938/2938/2938
f 2793/2793/2793 2939/2939/2939 2938/2938/2938
f 2793/2793/2793 2794/2794/2794 2939/2939/2939
f 2794/2794/2794 2940/2940/2940 2939/2939/2939
f 2794/2794/2794 2795/2795/2795 2940/2940/2940
f 2795/2795/2795 2941/2941/2941 2940/2940/2940
f 2795/2795/2795 2796/2796/2796 2941/2941/2941
f 2796/2796/2796 2942/2942/2942 2941/2941/2941
f 2796/2796/2796 2797/2797/2797 2942/2942/2942
f 2797/2797/2797 2943/2943/2943 2942/2942/2942
f 2797/2797/2797 2798/2798/2798 2943/2943/2943
f 2798/2798/2798 2944/2944/2944 2943/2943/2943
f 2798/2798/2798 2799/2799/2799 2944/2944/2944
f 2799/2799/2799 2945/2945/2945 2944/2944/2944
f 2799/2799/2799 2800/2800/2800 2945/2945/2945
f 2800/2800/2800 2946/2946/2946 2945/2945/2945
f 2800/2800/2800 2801/2801/2801 2946/2946/2946
f 2801/2801/2801 2947/2947/2947 2946/2946/2946
f 2801/2801/2801 2802/2802/2802 2947/2947/2947
f 2802/2802/2802 2948/2948/2948 2947/2947/2947
f 2802/2802/2802 2803/2803/2803 2948/2948/2948
f 2803/2803/2803 2949/2949/2949 2948/2948/2948
f 2803/2803/2803 2804/2804/2804 2949/2949/2949
f 2804/2804/2804 2950/2950/2950 2949/2949/2949
f 2804/2804/2804 2805/2805/2805 2950/2950/2950
f 2805/2805/2805 2951/2951/2951 2950/2950/2950
f 2805/2805/2805 2806/2806/2806 2951/2951/2951
f 2806/2806/2806 2952/2952/2952 2951/2951/2951
f 2806/2806/2806 2807/2807/2807 2952/2952/2952
f 2807/2807/2807 2953/2953/2953 2952/2952/2952
f 2807/2807/2807 2808/2808/2808 2953/2953/2953
f 2808/2808/2808 2954/2954/2954 2953/2953/2953
f 2808/2808/2808 2809/2809/2809 2954/2954/2954
f 2809/2809/2809 2955/2955/2955 2954/2954/2954
f 2809/2809/2809 2810/2810/2810 2955/2955/2955
f 2810/2810/2810 2956/2956/2956 2955/2955/2955
f 2810/2810/2810 2811/2811/2811 2956/2956/2956
f 2811/2811/2811 2957/2957/2957 2956/2956/2956
f 2811/2811/2811 2812/2812/2812 2957/2957/2957
f 2812/2812/2812 2958/2958/2958 2957/2957/2957
f 2812/2812/2812 2813/2813/2813 2958/2958/2958
f 2813/2813/2813 2959/2959/2959 2958/2958/2958
f 2813/2813/2813 2814/2814/2814 2959/2959/2959
f 2814/2814/2814 2960/2960/2960 2959/2959/2959
f 2814/2814/2814 2815/2815/2815 2960/2960/2960
f 2815/2815/2815 2961/2961/2961 2960/2960/2960
f 2815/2815/2815 2816/2816/2816 2961/2961/2961
f 2816/2816/2816 2962/2962/2962 2961/2961/2961
f 2816/2816/2816 2817/2817/2817 2962/2962/2962
f 2817/2817/2817 2963/2963/2963 2962/2962/2962
f 2817/2817/2817 2818/2818/2818 2963/2963/2963
f 2818/2818/2818 2964/2964/2964 2963/2963/2963
f 2818/2818/2818 2819/2819/2819 2964/2964/2964
f 2819/2819/2819 2965/2965/2965 2964/2964/2964
f 2819/2819/2819 2820/2820/2820 2965/2965/2965
f 2820/2820/2820 2966/2966/2966 2965/2965/2965
f 2820/2820/2820 2821/2821/2821 2966/2966/2966
f 2821/2821/2821 2967/2967/2967 2966/2966/2966
f 2821/2821/2821 2822/2822/2822 2967/2967/2967
f 2822/2822/2822 2968/2968/2968 2967/2967/2967
f 2822/2822/2822 2823/2823/2823 2968/2968/2968
f 2823/2823/2823 2969/2969/2969 2968/2968/2968
f 2823/2823/2823 2824/2824/2824 2969/2969/2969
f 2824/2824/2824 2970/2970/2970 2969/2969/2969
f 2824/2824/2824 2825/2825/2825 2970/2970/2970
f 2825/2825/2825 2971/2971/2971 2970/2970/2970
f 2825/2825/2825 2826/2826/2826 2971/2971/2971
f 2826/2826/2826 2972/2972/2972 2971/2971/2971
f 2826/2826/2826 2827/2827/2827 2972/2972/2972
f 2827/2827/2827 2973/2973/2973 2972/2972/2972
f 2827/2827/2827 2828/2828/2828 2973/2973/2973
f 2828/2828/2828 2974/2974/2974 2973/2973/2973
f 2828/2828/2828 2829/2829/2829 2974/2974/2974
f 2829/2829/2829 2975/2975/2975 2974/2974/2974
f 2829/2829/2829 2830/2830/2830 2975/2975/2975
f 2830/2830/2830 2976/2976/2976 2975/2975/2975
f 2830/2830/2830 2831/2831/2831 2976/2976/2976
f 2831/2831/2831 2977/2977/2977 2976/2976/2976
f 2831/2831/2831 2832/2832/2832 2977/2977/2977
f 2832/2832/2832 2978/2978/2978 2977/2977/2977
f 2832/2832/2832 2833/2833/2833 2978/2978/2978
f 2833/2833/2833 2979/2979/2979 2978/2978/2978
f 2833/2833/2833 2834/2834/2834 2979/2979/2979
f 2834/2834/2834 2980/2980/2980 2979/2979/2979
f 2834/2834/2834 2835/2835/2835 2980/2980/2980
f 2835/2835/2835 2981/2981/2981 2980/2980/2980
f 2835/2835/2835 2836/2836/2836 2981/2981/2981
f 2836/2836/2836 2982/2982/2982 2981/2981/2981
f 2836/2836/2836 2837/2837/2837 2982/2982/2982
f 2837/2837/2837 2983/2983/2983 2982/2982/2982
f 2837/2837/2837 2838/2838/2838 2983/2983/2983
f 2838/2838/2838 2984/2984/2984 2983/2983/2983
f 2838/2838/2838 2839/2839/2839 2984/2984/2984
f 2839/2839/2839 2985/2985/2985 2984/2984/2984
f 2839/2839/2839 2840/2840/2840 2985/2985/2985
f 2840/2840/2840 2986/2986/2986 2985/2985/2985
f 2840/2840/2840 2841/2841/2841 2986/2986/2986
f 2841/2841/2841 2987/2987/2987 2986/2986/2986
f 2841/2841/2841 2842/2842/2842 2987/2987/2987
f 2842/2842/2842 2988/2988/2988 2987/2987/2987
f 2842/2842/2842 2843/2843/2843 2988/2988/2988
f 2843/2843/2843 2989/2989/2989 2988/2988/2988
f 2843/2843/2843 2844/2844/2844 2989/2989/2989
f 2844/2844/2844 2990/2990/2990 2989/2989/2989
f 2844/2844/2844 2845/2845/2845 2990/2990/2990
f 2845/2845/2845 2991/2991/2991 2990/2990/2990
f 2845/2845/2845 2846/2846/2846 2991/2991/2991
f 2846/2846/2846 2992/2992/2992 2991/2991/2991
f 2846/2846/2846 2847/2847/2847 2992/2992/2992
f 2847/2847/2847 2993/2993/2993 2992/2992/2992
f 2847/2847/2847 2848/2848/2848 2993/2993/2993
f 2848/2848/2848 2994/2994/2994 2993/2993/2993
f 2848/2848/2848 2849/2849/2849 2994/2994/2994
f 2849/2849/2849 2995/2995/2995 2994/2994/2994
f 2849/2849/2849 2850/2850/2850 2995/2995/2995
f 2850/2850/2850 2996/2996/2996 2995/2995/2995
f 2850/2850/2850 2851/2851/2851 2996/2996/2996
f 2851/2851/2851 2997/2997/2997 2996/2996/2996
f 2851/2851/2851 2852/2852/2852 2997/2997/2997
f 2852/2852/2852 2998/2998/2998 2997/2997/2997
f 2852/2852/2852 2853/2853/2853 2998/2998/2998
f 2853/2853/2853 2999/2999/2999 2998/2998/2998
f 2853/2853/2853 2854/2854/2854 2999/2999/2999
f 2854/2854/2854 3000/3000/3000 2999/2999/2999
f 2854/2854/2854 2855/2855/2855 3000/3000/3000
f 2855/2855/2855 3001/3001/3001 3000/3000/3000
f 2855/2855/2855 2856/2856/2856 3001/3001/3001
f 2856/2856/2856 3002/3002/3002 3001/3001/3001
f 2856/2856/2856 2857/2857/2857 3002/3002/3002
f 2857/2857/2857 3003/3003/3003 3002/3002/3002
f 2857/2857/2857 2858/2858/2858 3003/3003/3003
f 2858/2858/2858 3004/3004/3004 3003/3003/3003
f 2858/2858/2858 2859/2859/2859 3004/3004/3004
f 2859/2859/2859 3005/3005/3005 3004/3004/3004
f 2859/2859/2859 2860/2860/2860 3005/3005/3005
f 2860/2860/2860 3006/3006/3006 3005/3005/3005
f 2860/2860/2860 2861/2861/2861 3006/3006/3006
f 2861/2861/2861 3007/3007/3007 3006/3006/3006
f 2861/2861/2861 2862/2862/2862 3007/3007/3007
f 2862/2862/2862 3008/3008/3008 3007/3007/3007
f 2862/2862/2862 2863/2863/2863 3008/3008/3008
f 2863/2863/2863 3009/3009/3009 3008/3008/3008
f 2863/2863/2863 2864/2864/2864 3009/3009/3009
f 2864/2864/2864 3010/3010/3010 3009/3009/3009
f 2864/2864/2864 2865/2865/2865 3010/3010/3010
f 2865/2865/2865 3011/3011/3011 3010/3010/3010
f 2865/2865/2865 2866/2866/2866 3011/3011/3011
f 2866/2866/2866 3012/3012/3012 3011/3011/3011
f 2866/2866/2866 2867/2867/2867 3012/3012/3012
f 2867/2867/2867 3013/3013/3013 3012/3012/3012
f 2867/2867/2867 2868/2868/2868 3013/3013/3013
f 2868/2868/2868 3014/3014/3014 3013/3013/3013
f 2868/2868/2868 2869/2869/2869 3014/3014/3014
f 2869/2869/2869 3015/3015/3015 3014/3014/3014
f 2869/2869/2869 2870/2870/2870 3015/3015/3015
f 2870/2870/2870 3016/3016/3016 3015/3015/3015
f 2870/2870/2870 2871/2871/2871 3016/3016/3016
f 2871/2871/2871 3017/3017/3017 3016/3016/3016
f 2871/2871/2871 2872/2872/2872 3017/3017/3017
f 2872/2872/2872 3018/3018/3018 3017/3017/3017
f 2872/2872/2872 2873/2873/2873 3018/3018/3018
f 2873/2873/2873 3019/3019/3019 3018/3018/3018
f 2873/2873/2873 2874/2874/2874 3019/3019/3019
f 2874/2874/2874 3020/3020/3020 3019/3019/3019
f 2874/2874/2874 2875/2875/2875 3020/3020/3020
f 2875/2875/2875 3021/3021/3021 3020/3020/3020
f 2875/2875/2875 2876/2876/2876 3021/3021/3021
f 2876/2876/2876 3022/3022/3022 3021/3021/3021
f 2876/2876/2876 2877/2877/2877 3022/3022/3022
f 2877/2877/2877 3023/3023/3023 3022/3022/3022
f 2877/2877/2877 2878/2878/2878 3023/3023/3023
f 2878/2878/2878 3024/3024/3024 3023/3023/3023
f 2878/2878/2878 2879/2879/2879 3024/3024/3024
f 2879/2879/2879 3025/3025/3025 3024/3024/3024
f 2879/2879/2879 2880/2880/2880 3025/3025/3025
f 2880/2880/2880 3026/3026/3026 3025/3025/3025
f 2880/2880/2880 2881/2881/2881 3026/3026/3026
f 2881/2881/2881 3027/3027/3027 3026/3026/3026
f 2881/2881/2881 2882/2882/2882 3027/3027/3027
f 2882/2882/2882 3028/3028/3028 3027/3027/3027
f 2882/2882/2882 2883/2883/2883 3028/3028/3028
f 2883/2883/2883 3029/3029/3029 3028/3028/3028
f 2883/2883/2883 2884/2884/2884 3029/3029/3029
f 2884/2884/2884 3030/3030/3030 3029/3029/3029
f 2884/2884/2884 2885/2885/2885 3030/3030/3030
f 2885/2885/2885 3031/3031/3031 3030/3030/3030
f 2885/2885/2885 2886/2886/2886 3031/3031/3031
f 2886/2886/2886 3032/3032/3032 3031/3031/3031
f 2886/2886/2886 2887/2887/2887 3032/3032/3032
f 2887/2887/2887 3033/3033/3033 3032/3032/3032
f 2887/2887/2887 2888/2888/2888 3033/3033/3033
f 2888/2888/2888 3034/3034/3034 3033/3033/3033
f 2888/2888/2888 2889/2889/2889 3034/3034/3034
f 2889/2889/2889 3035/3035/3035 3034/3034/3034
f 2889/2889/2889 2890/2890/2890 3035/3035/3035
f 2890/2890/2890 3036/3036/3036 3035/3035/3035
f 2890/2890/2890 2891/2891/2891 3036/3036/3036
f 2891/2891/2891 3037/3037/3037 3036/3036/3036
f 2891/2891/2891 2892/2892/2892 3037/3037/3037
f 2892/2892/2892 3038/3038/3038 3037/3037/3037
f 2892/2892/2892 2893/2893/2893 3038/3038/3038
f 2893/2893/2893 3039/3039/3039 3038/3038/3038
f 2893/2893/2893 2894/2894/2894 3039/3039/3039
f 2894/2894/2894 3040/3040/3040 3039/3039/3039
f 2894/2894/2894 2895/2895/2895 3040/3040/3040
f 2895/2895/2895 3041/3041/3041 3040/3040/3040
f 2895/2895/2895 2896/2896/2896 3041/3041/3041
f 2896/2896/2896 3042/3042/3042 3041/3041/3041
f 2896/2896/2896 2897/2897/2897 3042/3042/3042
f 2897/2897/2897 3043/3043/3043 3042/3042/3042
f 2897/2897/2897 2898/2898/2898 3043/3043/3043
f 2898/2898/2898 3044/3044/3044 3043/3043/3043
f 2898/2898/2898 2899/2899/2899 3044/3044/3044
f 2899/2899/2899 3045/3045/3045 3044/3044/3044
f 2899/2899/2899 2900/2900/2900 3045/3045/3045
f 2901/2901/2901 3047/3047/3047 3046/3046/3046
f 2901/2901/2901 2902/2902/2902 3047/3047/3047
f 2902/2902/2902 3048/3048/3048 3047/3047/3047
f 2902/2902/2902 2903/2903/2903 3048/3048/3048
f 2903/2903/2903 3049/3049/3049 3048/3048/3048
f 2903/2903/2903 2904/2904/2904 3049/3049/3049
f 2904/2904/2904 3050/3050/3050 3049/3049/3049
f 2904/2904/2904 2905/2905/2905 3050/3050/3050
f 2905/2905/2905 3051/3051/3051 3050/3050/3050
f 2905/2905/2905 2906/2906/2906 3051/3051/3051
f 2906/2906/2906 3052/3052/3052 3051/3051/3051
f 2906/2906/2906 2907/2907/2907 3052/3052/3052
f 2907/2907/2907 3053/3053/3053 3052/3052/3052
f 2907/2907/2907 2908/2908/2908 3053/3053/3053
f 2908/2908/2908 3054/3054/3054 3053/3053/3053
f 2908/2908/2908 2909/2909/2909 3054/3054/3054
f 2909/2909/2909 3055/3055/3055 3054/3054/3054
f 2909/2909/2909 2910/2910/2910 3055/3055/3055
f 2910/2910/2910 3056/3056/3056 3055/3055/3055
f 2910/2910/2910 2911/2911/2911 3056/3056/3056
f 2911/2911/2911 3057/3057/3057 3056/3056/3056
f 2911/2911/2911 2912/2912/2912 3057/3057/3057
f 2912/2912/2912 3058/3058/3058 3057/3057/3057
f 2912/2912/2912 2913/2913/2913 3058/3058/3058
f 2913/2913/2913 3059/3059/3059 3058/3058/3058
f 2913/2913/2913 2914/2914/2914 3059/3059/3059
f 2914/2914/2914 3060/3060/3060 3059/3059/3059
f 2914/2914/2914 2915/2915/2915 3060/3060/3060
f 2915/2915/2915 3061/3061/3061 3060/3060/3060
f 2915/2915/2915 2916/2916/2916 3061/3061/3061
f 2916/2916/2916 3062/3062/3062 3061/3061/3061
f 2916/2916/2916 2917/2917/2917 3062/3062/3062
f 2917/2917/2917 3063/3063/3063 3062/3062/3062
f 2917/2917/2917 2918/2918/2918 3063/3063/3063
f 2918/2918/2918 3064/3064/3064 3063/3063/3063
f 2918/2918/2918 2919/2919/2919 3064/3064/3064
f 2919/2919/2919 3065/3065/3065 3064/3064/3064
f 2919/2919/2919 2920/2920/2920 3065/3065/3065
f 2920/2920/2920 3066/3066/3066 3065/3065/3065
f 2920/2920/2920 2921/2921/2921 3066/3066/3066
f 2921/2921/2921 3067/3067/3067 3066/3066/3066
f 2921/2921/2921 2922/2922/2922 3067/3067/3067
f 2922/2922/2922 3068/3068/3068 3067/3067/3067
f 2922/2922/2922 2923/2923/2923 3068/3068/3068
f 2923/2923/2923 3069/3069/3069 3068/3068/3068
f 2923/2923/2923 2924/2924/2924 3069/3069/3069
f 2924/2924/2924 3070/3070/3070 3069/3069/3069
f 2924/2924/2924 2925/2925/2925 3070/3070/3070
f 2925/2925/2925 3071/3071/3071 3070/3070/3070
f 2925/2925/2925 2926/2926/2926 3071/3071/3071
f 2926/2926/2926 3072/3072/3072 3071/3071/3071
f 2926/2926/2926 2927/2927/2927 3072/3072/3072
f 2927/2927/2927 3073/3073/3073 3072/3072/3072
f 2927/2927/2927 2928/2928/2928 3073/3073/3073
f 2928/2928/2928 3074/3074/3074 3073/3073/3073
f 2928/2928/2928 2929/2929/2929 3074/3074/3074
f 2929/2929/2929 3075/3075/3075 3074/3074/3074
f 2929/2929/2929 2930/2930/2930 3075/3075/3075
f 2930/2930/2930 3076/3076/3076 3075/3075/3075
f 2930/2930/2930 2931/2931/2931 3076/3076/3076
f 2931/2931/2931 3077/3077/3077 3076/3076/3076
f 2931/2931/2931 2932/2932/2932 3077/3077/3077
f 2932/2932/2932 3078/3078/3078 3077/3077/3077
f 2932/2932/2932 2933/2933/2933 3078/3078/3078
f 2933/2933/2933 3079/3079/3079 3078/3078/3078
f 2933/2933/2933 2934/2934/2934 3079/3079/3079
f 2934/2934/2934 3080/3080/3080 3079/3079/3079
f 2934/2934/2934 2935/2935/2935 3080/3080/3080
f 2935/2935/2935 3081/3081/3081 3080/3080/3080
f 2935/2935/2935 2936/2936/2936 3081/3081/3081
f 2936/2936/2936 3082/3082/3082 3081/3081/3081
f 2936/2936/2936 2937/2937/2937 3082/3082/3082
f 2937/2937/2937 3083/3083/3083 3082/3082/3082
f 2937/2937/2937 2938/2938/2938 3083/3083/3083
f 2938/2938/2938 3084/3084/3084 3083/3083/3083
f 2938/2938/2938 2939/2939/2939 3084/3084/3084
f 2939/2939/2939 3085/3085/3085 3084/3084/3084
f 2939/2939/2939 2940/2940/2940 3085/3085/3085
f 2940/2940/2940 3086/3086/3086 3085/3085/3085
f 2940/2940/2940 2941/2941/2941 3086/3086/3086
f 2941/2941/2941 3087/3087/3087 3086/3086/3086
f 2941/2941/2941 2942/2942/2942 3087/3087/3087
f 2942/2942/2942 3088/3088/3088 3087/3087/3087
f 2942/2942/2942 2943/2943/2943 3088/3088/3088
f 2943/2943/2943 3089/3089/3089 3088/3088/3088
f 2943/2943/2943 2944/2944/2944 3089/3089/3089
f 2944/2944/2944 3090/3090/3090 3089/3089/3089
f 2944/2944/2944 2945/2945/2945 3090/3090/3090
f 2945/2945/2945 3091/3091/3091 3090/3090/3090
f 2945/2945/2945 2946/2946/2946 3091/3091/3091
f 2946/2946/2946 3092/3092/3092 3091/3091/3091
f 2946/2946/2946 2947/2947/2947 3092/3092/3092
f 2947/2947/2947 3093/3093/3093 3092/3092/3092
f 2947/2947/2947 2948/2948/2948 3093/3093/3093
f 2948/2948/2948 3094/3094/3094 3093/3093/3093
f 2948/2948/2948 2949/2949/2949 3094/3094/3094
f 2949/2949/2949 3095/3095/3095 3094/3094/3094
f 2949/2949/2949 2950/2950/2950 3095/3095/3095
f 2950/2950/2950 3096/3096/3096 3095/3095/3095
f 2950/2950/2950 2951/2951/2951 3096/3096/3096
f 2951/2951/2951 3097/3097/3097 3096/3096/3096
f 2951/2951/2951 2952/2952/2952 3097/3097/3097
f 2952/2952/2952 3098/3098/3098 3097/3097/3097
f 2952/2952/2952 2953/2953/2953 3098/3098/3098
f 2953/2953/2953 3099/3099/3099 3098/3098/3098
f 2953/2953/2953 2954/2954/2954 3099/3099/3099
f 2954/2954/2954 3100/3100/3100 3099/3099/3099
f 2954/2954/2954 2955/2955/2955 3100/3100/3100
f 2955/2955/2955 3101/3101/3101 3100/3100/3100
f 2955/2955/2955 2956/2956/2956 3101/3101/3101
f 2956/2956/2956 3102/3102/3102 3101/3101/3101
f 2956/2956/2956 2957/2957/2957 3102/3102/3102
f 2957/2957/2957 3103/3103/3103 3102/3102/3102
f 2957/2957/2957 2958/2958/2958 3103/3103/3103
f 2958/2958/2958 3104/3104/3104 3103/3103/3103
f 2958/2958/2958 2959/2959/2959 3104/3104/3104
f 2959/2959/2959 3105/3105/3105 3104/3104/3104
f 2959/2959/2959 2960/2960/2960 3105/3105/3105
f 2960/2960/2960 3106/3106/3106 3105/3105/3105
f 2960/2960/2960 2961/2961/2961 3106/3106/3106
f 2961/2961/2961 3107/3107/3107 3106/3106/3106
f 2961/2961/2961 2962/2962/2962 3107/3107/3107
f 2962/2962/2962 3108/3108/3108 3107/3107/3107
f 2962/2962/2962 2963/2963/2963 3108/3108/3108
f 2963/2963/2963 3109/3109/3109 3108/3108/3108
f 2963/2963/2963 2964/2964/2964 3109/3109/3109
f 2964/2964/2964 3110/3110/3110 3109/3109/3109
f 2964/2964/2964 2965/2965/2965 3110/3110/3110
f 2965/2965/2965 3111/3111/3111 3110/3110/3110
f 2965/2965/2965 2966/2966/2966 3111/3111/3111
f 2966/2966/2966 3112/3112/3112 3111/3111/3111
f 2966/2966/2966 2967/2967/2967 3112/3112/3112
f 2967/2967/2967 3113/3113/3113 3112/3112/3112
f 2967/2967/2967 2968/2968/2968 3113/3113/3113
f 2968/2968/2968 3114/3114/3114 3113/3113/3113
f 2968/2968/2968 2969/2969/2969 3114/3114/3114
f 2969/2969/2969 3115/3115/3115 3114/3114/3114
f 2969/2969/2969 2970/2970/2970 3115/3115/3115
f 2970/2970/2970 3116/3116/3116 3115/3115/3115
f 2970/2970/2970 2971/2971/2971 3116/3116/3116
f 2971/2971/2971 3117/3117/3117 3116/3116/3116
f 2971/2971/2971 2972/2972/2972 3117/3117/3117
f 2972/2972/2972 3118/3118/3118 3117/3117/3117
f 2972/2972/2972 2973/2973/2973 3118/3118/3118
f 2973/2973/2973 3119/3119/3119 3118/3118/3118
f 2973/2973/2973 2974/2974/2974 3119/3119/3119
f 2974/2974/2974 3120/3120/3120 3119/3119/3119
f 2974/2974/2974 2975/2975/2975 3120/3120/3120
f 2975/2975/2975 3121/3121/3121 3120/3120/3120
f 2975/2975/2975 2976/2976/2976 3121/3121/3121
f 2976/2976/2976 3122/3122/3122 3121/3121/3121
f 2976/2976/2976 2977/2977/2977 3122/3122/3122
f 2977/2977/2977 3123/3123/3123 3122/3122/3122
f 2977/2977/2977 2978/2978/2978 3123/3123/3123
f 2978/2978/2978 3124/3124/3124 3123/3123/3123
f 2978/2978/2978 2979/2979/2979 3124/3124/3124
f 2979/2979/2979 3125/3125/3125 3124/3124/3124
f 2979/2979/2979 2980/2980/2980 3125/3125/3125
f 2980/2980/2980 3126/3126/3126 3125/3125/3125
f 2980/2980/2980 2981/2981/2981 3126/3126/3126
f 2981/2981/2981 3127/3127/3127 3126/3126/3126
f 2981/2981/2981 2982/2982/2982 3127/3127/3127
f 2982/2982/2982 3128/3128/3128 3127/3127/3127
f 2982/2982/2982 2983/2983/2983 3128/3128/3128
f 2983/2983/2983 3129/3129/3129 3128/3128/3128
f 2983/2983/2983 2984/2984/2984 3129/3129/3129
f 2984/2984/2984 3130/3130/3130 3129/3129/3129
f 2984/2984/2984 2985/2985/2985 3130/3130/3130
f 2985/2985/2985 3131/3131/3131 3130/3130/3130
f 2985/2985/2985 2986/2986/2986 3131/3131/3131
f 2986/2986/2986 3132/3132/3132 3131/3131/3131
f 2986/2986/2986 2987/2987/2987 3132/3132/3132
f 2987/2987/2987 3133/3133/3133 3132/3132/3132
f 2987/2987/2987 2988/2988/2988 3133/3133/3133
f 2988/2988/2988 3134/3134/3134 3133/3133/3133
f 2988/2988/2988 2989/2989/2989 3134/3134/3134
f 2989/2989/2989 3135/3135/3135 3134/3134/3134
f 2989/2989/2989 2990/2990/2990 3135/3135/3135
f 2990/2990/2990 3136/3136/3136 3135/3135/3135
f 2990/2990/2990 2991/2991/2991 3136/3136/3136
f 2991/2991/2991 3137/3137/3137 3136/3136/3136
f 2991/2991/2991 2992/2992/2992 3137/3137/3137
f 2992/2992/2992 3138/3138/3138 3137/3137/3137
f 2992/2992/2992 2993/2993/2993 3138/3138/3138
f 2993/2993/2993 3139/3139/3139 3138/3138/3138
f 2993/2993/2993 2994/2994/2994 3139/3139/3139
f 2994/2994/2994 3140/3140/3140 3139/3139/3139
f 2994/2994/2994 2995/2995/2995 3140/3140/3140
f 2995/2995/2995 3141/3141/3141 3140/3140/3140
f 2995/2995/2995 2996/2996/2996 3141/3141/3141
f 2996/2996/2996 3142/3142/3142 3141/3141/3141
f 2996/2996/2996 2997/2997/2997 3142/3142/3142
f 2997/2997/2997 3143/3143/3143 3142/3142/3142
f 2997/2997/2997 2998/2998/2998 3143/3143/3143
f 2998/2998/2998 3144/3144/3144 3143/3143/3143
f 2998/2998/2998 2999/2999/2999 3144/3144/3144
f 2999/2999/2999 3145/3145/3145 3144/3144/3144
f 2999/2999/2999 3000/3000/3000 3145/3145/3145
f 3000/3000/3000 3146/3146/3146 3145/3145/3145
f 3000/3000/3000 3001/3001/3001 3146/3146/3146
f 3001/3001/3001 3147/3147/3147 3146/3146/3146
f 3001/3001/3001 3002/3002/3002 3147/3147/3147
f 3002/3002/3002 3148/3148/3148 3147/3147/3147
f 3002/3002/3002 3003/3003/3003 3148/3148/3148
f 3003/3003/3003 3149/3149/3149 3148/3148/3148
f 3003/3003/3003 3004/3004/3004 3149/3149/3149
f 3004/3004/3004 3150/3150/3150 3149/3149/3149
f 3004/3004/3004 3005/3005/3005 3150/3150/3150
f 3005/3005/3005 3151/3151/3151 3150/3150/3150
f 3005/3005/3005 3006/3006/3006 3151/3151/3151
f 3006/3006/3006 3152/3152/3152 3151/3151/3151
f 3006/3006/3006 3007/3007/3007 3152/3152/3152
f 3007/3007/3007 3153/3153/3153 3152/3152/3152
f 3007/3007/3007 3008/3008/3008 3153/3153/3153
f 3008/3008/3008 3154/3154/3154 3153/3153/3153
f 3008/3008/3008 3009/3009/3009 3154/3154/3154
f 3009/3009/3009 3155/3155/3155 3154/3154/3154
f 3009/3009/3009 3010/3010/3010 3155/3155/3155
f 3010/3010/3010 3156/3156/3156 3155/3155/3155
f 3010/3010/3010 3011/3011/3011 3156/3156/3156
f 3011/3011/3011 3157/3157/3157 3156/3156/3156
f 3011/3011/3011 3012/3012/3012 3157/3157/3157
f 3012/3012/3012 3158/3158/3158 3157/3157/3157
f 3012/3012/3012 3013/3013/3013 3158/3158/3158
f 3013/3013/3013 3159/3159/3159 3158/3158/3158
f 3013/3013/3013 3014/3014/3014 3159/3159/3159
f 3014/3014/3014 3160/3160/3160 3159/3159/3159
f 3014/3014/3014 3015/3015/3015 3160/3160/3160
f 3015/3015/3015 3161/3161/3161 3160/3160/3160
f 3015/3015/3015 3016/3016/3016 3161/3161/3161
f 3016/3016/3016 3162/3162/3162 3161/3161/3161
f 3016/3016/3016 3017/3017/3017 3162/3162/3162
f 3017/3017/3017 3163/3163/3163 3162/3162/3162
f 3017/3017/3017 3018/3018/3018 3163/3163/3163
f 3018/3018/3018 3164/3164/3164 3163/3163/3163
f 3018/3018/3018 3019/3019/3019 3164/3164/3164
f 3019/3019/3019 3165/3165/3165 3164/3164/3164
f 3019/3019/3019 3020/3020/3020 3165/3165/3165
f 3020/3020/3020 3166/3166/3166 3165/3165/3165
f 3020/3020/3020 3021/3021/3021 3166/3166/3166
f 3021/3021/3021 3167/3167/3167 3166/3166/3166
f 3021/3021/3021 3022/3022/3022 3167/3167/3167
f 3022/3022/3022 3168/3168/3168 3167/3167/3167
f 3022/3022/3022 3023/3023/3023 3168/3168/3168
f 3023/3023/3023 3169/3169/3169 3168/3168/3168
f 3023/3023/3023 3024/3024/3024 3169/3169/3169
f 3024/3024/3024 3170/3170/3170 3169/3169/3169
f 3024/3024/3024 3025/3025/3025 3170/3170/3170
f 3025/3025/3025 3171/3171/3171 3170/3170/3170
f 3025/3025/3025 3026/3026/3026 3171/3171/3171
f 3026/3026/3026 3172/3172/3172 3171/3171/3171
f 3026/3026/3026 3027/3027/3027 3172/3172/3172
f 3027/3027/3027 3173/3173/3173 3172/3172/3172
f 3027/3027/3027 3028/3028/3028 3173/3173/3173
f 3028/3028/3028 3174/3174/3174 3173/3173/3173
f 3028/3028/3028 3029/3029/3029 3174/3174/3174
f 3029/3029/3029 3175/3175/3175 3174/3174/3174
f 3029/3029/3029 3030/3030/3030 3175/3175/3175
f 3030/3030/3030 3176/3176/3176 3175/3175/3175
f 3030/3030/3030 3031/3031/3031 3176/3176/3176
f 3031/3031/3031 3177/3177/3177 3176/3176/3176
f 3031/3031/3031 3032/3032/3032 3177/3177/3177
f 3032/3032/3032 3178/3178/3178 3177/3177/3177
f 3032/3032/3032 3033/3033/3033 3178/3178/3178
f 3033/3033/3033 3179/3179/3179 3178/3178/3178
f 3033/3033/3033 3034/3034/3034 3179/3179/3179
f 3034/3034/3034 3180/3180/3180 3179/3179/3179
f 3034/3034/3034 3035/3035/3035 3180/3180/3180
f 3035/3035/3035 3181/3181/3181 3180/3180/3180
f 3035/3035/3035 3036/3036/3036 3181/3181/3181
f 3036/3036/3036 3182/3182/3182 3181/3181/3181
f 3036/3036/3036 3037/3037/3037 3182/3182/3182
f 3037/3037/3037 3183/3183/3183 3182/3182/3182
f 3037/3037/3037 3038/3038/3038 3183/3183/3183
f 3038/3038/3038 3184/3184/3184 3183/3183/3183
f 3038/3038/3038 3039/3039/3039 3184/3184/3184
f 3039/3039/3039 3185/3185/3185 3184/3184/3184
f 3039/3039/3039 3040/3040/3040 3185/3185/3185
f 3040/3040/3040 3186/3186/3186 3185/3185/3185
f 3040/3040/3040 3041/3041/3041 3186/3186/3186
f 3041/3041/3041 3187/3187/3187 3186/3186/3186
f 3041/3041/3041 3042/3042/3042 3187/3187/3187
f 3042/3042/3042 3188/3188/3188 3187/3187/3187
f 3042/3042/3042 3043/3043/3043 3188/3188/3188
f 3043/3043/3043 3189/3189/3189 3188/3188/3188
f 3043/3043/3043 3044/3044/3044 3189/3189/3189
f 3044/3044/3044 3190/3190/3190 3189/3189/3189
f 3044/3044/3044 3045/3045/3045 3190/3190/3190
f 3046/3046/3046 3192/3192/3192 3191/3191/3191
f 3046/3046/3046 3047/3047/3047 3192/3192/3192
f 3047/3047/3047 3193/3193/3193 3192/3192/3192
f 3047/3047/3047 3048/3048/3048 3193/3193/3193
f 3048/3048/3048 3194/3194/3194 3193/3193/3193
f 3048/3048/3048 3049/3049/3049 3194/3194/3194
f 3049/3049/3049 3195/3195/3195 3194/3194/3194
f 3049/3049/3049 3050/3050/3050 3195/3195/3195
f 3050/3050/3050 3196/3196/3196 3195/3195/3195
f 3050/3050/3050 3051/3051/3051 3196/3196/3196
f 3051/3051/3051 3197/3197/3197 3196/3196/3196
f 3051/3051/3051 3052/3052/3052 3197/3197/3197
f 3052/3052/3052 3198/3198/3198 3197/3197/3197
f 3052/3052/3052 3053/3053/3053 3198/3198/3198
f 3053/3053/3053 3199/3199/3199 3198/3198/3198
f 3053/3053/3053 3054/3054/3054 3199/3199/3199
f 3054/3054/3054 3200/3200/3200 3199/3199/3199
f 3054/3054/3054 3055/3055/3055 3200/3200/3200
f 3055/3055/3055 3201/3201/3201 3200/3200/3200
f 3055/3055/3055 3056/3056/3056 3201/3201/3201
f 3056/3056/3056 3202/3202/3202 3201/3201/3201
f 3056/3056/3056 3057/3057/3057 3202/3202/3202
f 3057/3057/3057 3203/3203/3203 3202/3202/3202
f 3057/3057/3057 3058/3058/3058 3203/3203/3203
f 3058/3058/3058 3204/3204/3204 3203/3203/3203
f 3058/3058/3058 3059/3059/3059 3204/3204/3204
f 3059/3059/3059 3205/3205/3205 3204/3204/3204
f 3059/3059/3059 3060/3060/3060 3205/3205/3205
f 3060/3060/3060 3206/3206/3206 3205/3205/3205
f 3060/3060/3060 3061/3061/3061 3206/3206/3206
f 3061/3061/3061 3207/3207/3207 3206/3206/3206
f 3061/3061/3061 3062/3062/3062 3207/3207/3207
f 3062/3062/3062 3208/3208/3208 3207/3207/3207
f 3062/3062/3062 3063/3063/3063 3208/3208/3208
f 3063/3063/3063 3209/3209/3209 3208/3208/3208
f 3063/3063/3063 3064/3064/3064 3209/3209/3209
f 3064/3064/3064 3210/3210/3210 3209/3209/3209
f 3064/3064/3064 3065/3065/3065 3210/3210/3210
f 3065/3065/3065 3211/3211/3211 3210/3210/3210
f 3065/3065/3065 3066/3066/3066 3211/3211/3211
f 3066/3066/3066 3212/3212/3212 3211/3211/3211
f 3066/3066/3066 3067/3067/3067 3212/3212/3212
f 3067/3067/3067 3213/3213/3213 3212/3212/3212
f 3067/3067/3067 3068/3068/3068 3213/3213/3213
f 3068/3068/3068 3214/3214/3214 3213/3213/3213
f 3068/3068/3068 3069/3069/3069 3214/3214/3214
f 3069/3069/3069 3215/3215/3215 3214/3214/3214
f 3069/3069/3069 3070/3070/3070 3215/3215/3215
f 3070/3070/3070 3216/3216/3216 3215/3215/3215
f 3070/3070/3070 3071/3071/3071 3216/3216/3216
f 3071/3071/3071 3217/3217/3217 3216/3216/3216
f 3071/3071/3071 3072/3072/3072 3217/3217/3217
f 3072/3072/3072 3218/3218/3218 3217/3217/3217
f 3072/3072/3072 3073/3073/3073 3218/3218/3218
f 3073/3073/3073 3219/3219/3219 3218/3218/3218
f 3073/3073/3073 3074/3074/3074 3219/3219/3219
f 3074/3074/3074 3220/3220/3220 3219/3219/3219
f 3074/3074/3074 3075/3075/3075 3220/3220/3220
f 3075/3075/3075 3221/3221/3221 3220/3220/3220
f 3075/3075/3075 3076/3076/3076 3221/3221/3221
f 3076/3076/3076 3222/3222/3222 3221/3221/3221
f 3076/3076/3076 3077/3077/3077 3222/3222/3222
f 3077/3077/3077 3223/3223/3223 3222/3222/3222
f 3077/3077/3077 3078/3078/3078 3223/3223/3223
f 3078/3078/3078 3224/3224/3224 3223/3223/3223
f 3078/3078/3078 3079/3079/3079 3224/3224/3224
f 3079/3079/3079 3225/3225/3225 3224/3224/3224
f 3079/3079/3079 3080/3080/3080 3225/3225/3225
f 3080/3080/3080 3226/3226/3226 3225/3225/3225
f 3080/3080/3080 3081/3081/3081 3226/3226/3226
f 3081/3081/3081 3227/3227/3227 3226/3226/3226
f 3081/3081/3081 3082/3082/3082 3227/3227/3227
f 3082/3082/3082 3228/3228/3228 3227/3227/3227
f 3082/3082/3082 3083/3083/3083 3228/3228/3228
f 3083/3083/3083 3229/3229/3229 3228/3228/3228
f 3083/3083/3083 3084/3084/3084 3229/3229/3229
f 3084/3084/3084 3230/3230/3230 3229/3229/3229
f 3084/3084/3084 3085/3085/3085 3230/3230/3230
f 3085/3085/3085 3231/3231/3231 3230/3230/3230
f 3085/3085/3085 3086/3086/3086 3231/3231/3231
f 3086/3086/3086 3232/3232/3232 3231/3231/3231
f 3086/3086/3086 3087/3087/3087 3232/3232/3232
f 3087/3087/3087 3233/3233/3233 3232/3232/3232
f 3087/3087/3087 3088/3088/3088 3233/3233/3233
f 3088/3088/3088 3234/3234/3234 3233/3233/3233
f 3088/3088/3088 3089/3089/3089 3234/3234/3234
f 3089/3089/3089 3235/3235/3235 3234/3234/3234
f 3089/3089/3089 3090/3090/3090 3235/3235/3235
f 3090/3090/3090 3236/3236/3236 3235/3235/3235
f 3090/3090/3090 3091/3091/3091 3236/3236/3236
f 3091/3091/3091 3237/3237/3237 3236/3236/3236
f 3091/3091/3091 3092/3092/3092 3237/3237/3237
f 3092/3092/3092 3238/3238/3238 3237/3237/3237
f 3092/3092/3092 3093/3093/3093 3238/3238/3238
f 3093/3093/3093 3239/3239/3239 3238/3238/3238
f 3093/3093/3093 3094/3094/3094 3239/3239/3239
f 3094/3094/3094 3240/3240/3240 3239/3239/3239
f 3094/3094/3094 3095/3095/3095 3240/3240/3240
f 3095/3095/3095 3241/3241/3241 3240/3240/3240
f 3095/3095/3095 3096/3096/3096 3241/3241/3241
f 3096/3096/3096 3242/3242/3242 3241/3241/3241
f 3096/3096/3096 3097/3097/3097 3242/3242/3242
f 3097/3097/3097 3243/3243/3243 3242/3242/3242
f 3097/3097/3097 3098/3098/3098 3243/3243/3243
f 3098/3098/3098 3244/3244/3244 3243/3243/3243
f 3098/3098/3098 3099/3099/3099 3244/3244/3244
f 3099/3099/3099 3245/3245/3245 3244/3244/3244
f 3099/3099/3099 3100/3100/3100 3245/3245/3245
f 3100/3100/3100 3246/3246/3246 3245/3245/3245
f 3100/3100/3100 3101/3101/3101 3246/3246/3246
f 3101/3101/3101 3247/3247/3247 3246/3246/3246
f 3101/3101/3101 3102/3102/3102 3247/3247/3247
f 3102/3102/3102 3248/3248/3248 3247/3247/3247
f 3102/3102/3102 3103/3103/3103 3248/3248/3248
f 3103/3103/3103 3249/3249/3249 3248/3248/3248
f 3103/3103/3103 3104/3104/3104 3249/3249/3249
f 3104/3104/3104 3250/3250/3250 3249/3249/3249
f 3104/3104/3104 3105/3105/3105 3250/3250/3250
f 3105/3105/3105 3251/3251/3251 3250/3250/3250
f 3105/3105/3105 3106/3106/3106 3251/3251/3251
f 3106/3106/3106 3252/3252/3252 3251/3251/3251
f 3106/3106/3106 3107/3107/3107 3252/3252/3252
f 3107/3107/3107 3253/3253/3253 3252/3252/3252
f 3107/3107/3107 3108/3108/3108 3253/3253/3253
f 3108/3108/3108 3254/3254/3254 3253/3253/3253
f 3108/3108/3108 3109/3109/3109 3254/3254/3254
f 3109/3109/3109 3255/3255/3255 3254/3254/3254
f 3109/3109/3109 3110/3110/3110 3255/3255/3255
f 3110/3110/3110 3256/3256/3256 3255/3255/3255
f 3110/3110/3110 3111/3111/3111 3256/3256/3256
f 3111/3111/3111 3257/3257/3257 3256/3256/3256
f 3111/3111/3111 3112/3112/3112 3257/3257/3257
f 3112/3112/3112 3258/3258/3258 3257/3257/3257
f 3112/3112/3112 3113/3113/3113 3258/3258/3258
f 3113/3113/3113 3259/3259/3259 3258/3258/3258
f 3113/3113/3113 3114/3114/3114 3259/3259/3259
f 3114/3114/3114 3260/3260/3260 3259/3259/3259
f 3114/3114/3114 3115/3115/3115 3260/3260/3260
f 3115/3115/3115 3261/3261/3261 3260/3260/3260
f 3115/3115/3115 3116/3116/3116 3261/3261/3261
f 3116/3116/3116 3262/3262/3262 3261/3261/3261
f 3116/3116/3116 3117/3117/3117 3262/3262/3262
f 3117/3117/3117 3263/3263/3263 3262/3262/3262
f 3117/3117/3117 3118/3118/3118 3263/3263/3263
f 3118/3118/3118 3264/3264/3264 3263/3263/3263
f 3118/3118/3118 3119/3119/3119 3264/3264/3264
f 3119/3119/3119 3265/3265/3265 3264/3264/3264
f 3119/3119/3119 3120/3120/3120 3265/3265/3265
f 3120/3120/3120 3266/3266/3266 3265/3265/3265
f 3120/3120/3120 3121/3121/3121 3266/3266/3266
f 3121/3121/3121 3267/3267/3267 3266/3266/3266
f 3121/3121/3121 3122/3122/3122 3267/3267/3267
f 3122/3122/3122 3268/3268/3268 3267/3267/3267
f 3122/3122/3122 3123/3123/3123 3268/3268/3268
f 3123/3123/3123 3269/3269/3269 3268/3268/3268
f 3123/3123/3123 3124/3124/3124 3269/3269/3269
f 3124/3124/3124 3270/3270/3270 3269/3269/3269
f 3124/3124/3124 3125/3125/3125 3270/3270/3270
f 3125/3125/3125 3271/3271/3271 3270/3270/3270
f 3125/3125/3125 3126/3126/3126 3271/3271/3271
f 3126/3126/3126 3272/3272/3272 3271/3271/3271
f 3126/3126/3126 3127/3127/3127 3272/3272/3272
f 3127/3127/3127 3273/3273/3273 3272/3272/3272
f 3127/3127/3127 3128/3128/3128 3273/3273/3273
f 3128/3128/3128 3274/3274/3274 3273/3273/3273
f 3128/3128/3128 3129/3129/3129 3274/3274/3274
f 3129/3129/3129 3275/3275/3275 3274/3274/3274
f 3129/3129/3129 3130/3130/3130 3275/3275/3275
f 3130/3130/3130 3276/3276/3276 3275/3275/3275
f 3130/3130/3130 3131/3131/3131 3276/3276/3276
f 3131/3131/3131 3277/3277/3277 3276/3276/3276
f 3131/3131/3131 3132/3132/3132 3277/3277/3277
f 3132/3132/3132 3278/3278/3278 3277/3277/3277
f 3132/3132/3132 3133/3133/3133 3278/3278/3278
f 3133/3133/3133 3279/3279/3279 3278/3278/3278
f 3133/3133/3133 3134/3134/3134 3279/3279/3279
f 3134/3134/3134 3280/3280/3280 3279/3279/3279
f 3134/3134/3134 3135/3135/3135 3280/3280/3280
f 3135/3135/3135 3281/3281/3281 3280/3280/3280
f 3135/3135/3135 3136/3136/3136 3281/3281/3281
f 3136/3136/3136 3282/3282/3282 3281/3281/3281
f 3136/3136/3136 3137/3137/3137 3282/3282/3282
f 3137/3137/3137 3283/3283/3283 3282/3282/3282
f 3137/3137/3137 3138/3138/3138 3283/3283/3283
f 3138/3138/3138 3284/3284/3284 3283/3283/3283
f 3138/3138/3138 3139/3139/3139 3284/3284/3284
f 3139/3139/3139 3285/3285/3285 3284/3284/3284
f 3139/3139/3139 3140/3140/3140 3285/3285/3285
f 3140/3140/3140 3286/3286/3286 3285/3285/3285
f 3140/3140/3140 3141/3141/3141 3286/3286/3286
f 3141/3141/3141 3287/3287/3287 3286/3286/3286
f 3141/3141/3141 3142/3142/3142 3287/3287/3287
f 3142/3142/3142 3288/3288/3288 3287/3287/3287
f 3142/3142/3142 3143/3143/3143 3288/3288/3288
f 3143/3143/3143 3289/3289/3289 3288/3288/3288
f 3143/3143/3143 3144/3144/3144 3289/3289/3289
f 3144/3144/3144 3290/3290/3290 3289/3289/3289
f 3144/3144/3144 3145/3145/3145 3290/3290/3290
f 3145/3145/3145 3291/3291/3291 3290/3290/3290
f 3145/3145/3145 3146/3146/3146 3291/3291/3291
f 3146/3146/3146 3292/3292/3292 3291/3291/3291
f 3146/3146/3146 3147/3147/3147 3292/3292/3292
f 3147/3147/3147 3293/3293/3293 3292/3292/3292
f 3147/3147/3147 3148/3148/3148 3293/3293/3293
f 3148/3148/3148 3294/3294/3294 3293/3293/3293
f 3148/3148/3148 3149/3149/3149 3294/3294/3294
f 3149/3149/3149 3295/3295/3295 3294/3294/3294
f 3149/3149/3149 3150/3150/3150 3295/3295/3295
f 3150/3150/3150 3296/3296/3296 3295/3295/3295
f 3150/3150/3150 3151/3151/3151 3296/3296/3296
f 3151/3151/3151 3297/3297/3297 3296/3296/3296
f 3151/3151/3151 3152/3152/3152 3297/3297/3297
f 3152/3152/3152 3298/3298/3298 3297/3297/3297
f 3152/3152/3152 3153/3153/3153 3298/3298/3298
f 3153/3153/3153 3299/3299/3299 3298/3298/3298
f 3153/3153/3153 3154/3154/3154 3299/3299/3299
f 3154/3154/3154 3300/3300/3300 3299/3299/3299
f 3154/3154/3154 3155/3155/3155 3300/3300/3300
f 3155/3155/3155 3301/3301/3301 3300/3300/3300
f 3155/3155/3155 3156/3156/3156 3301/3301/3301
f 3156/3156/3156 3302/3302/3302 3301/3301/3301
f 3156/3156/3156 3157/3157/3157 3302/3302/3302
f 3157/3157/3157 3303/3303/3303 3302/3302/3302
f 3157/3157/3157 3158/3158/3158 3303/3303/3303
f 3158/3158/3158 3304/3304/3304 3303/3303/3303
f 3158/3158/3158 3159/3159/3159 3304/3304/3304
f 3159/3159/3159 3305/3305/3305 3304/3304/3304
f 3159/3159/3159 3160/3160/3160 3305/3305/3305
f 3160/3160/3160 3306/3306/3306 3305/3305/3305
f 3160/3160/3160 3161/3161/3161 3306/3306/3306
f 3161/3161/3161 3307/3307/3307 3306/3306/3306
f 3161/3161/3161 3162/3162/3162 3307/3307/3307
f 3162/3162/3162 3308/3308/3308 3307/3307/3307
f 3162/3162/3162 3163/3163/3163 3308/3308/3308
f 3163/3163/3163 3309/3309/3309 3308/3308/3308
f 3163/3163/3163 3164/3164/3164 3309/3309/3309
f 3164/3164/3164 3310/3310/3310 3309/3309/3309
f 3164/3164/3164 3165/3165/3165 3310/3310/3310
f 3165/3165/3165 3311/3311/3311 3310/3310/3310
f 3165/3165/3165 3166/3166/3166 3311/3311/3311
f 3166/3166/3166 3312/3312/3312 3311/3311/3311
f 3166/3166/3166 3167/3167/3167 3312/3312/3312
f 3167/3167/3167 3313/3313/3313 3312/3312/3312
f 3167/3167/3167 3168/3168/3168 3313/3313/3313
f 3168/3168/3168 3314/3314/3314 3313/3313/3313
f 3168/3168/3168 3169/3169/3169 3314/3314/3314
f 3169/3169/3169 3315/3315/3315 3314/3314/3314
f 3169/3169/3169 3170/3170/3170 3315/3315/3315
f 3170/3170/3170 3316/3316/3316 3315/3315/3315
f 3170/3170/3170 3171/3171/3171 3316/3316/3316
f 3171/3171/3171 3317/3317/3317 3316/3316/3316
f 3171/3171/3171 3172/3172/3172 3317/3317/3317
f 3172/3172/3172 3318/3318/3318 3317/3317/3317
f 3172/3172/3172 3173/3173/3173 3318/3318/3318
f 3173/3173/3173 3319/3319/3319 3318/3318/3318
f 3173/3173/3173 3174/3174/3174 3319/3319/3319
f 3174/3174/3174 3320/3320/3320 3319/3319/3319
f 3174/3174/3174 3175/3175/3175 3320/3320/3320
f 3175/3175/3175 3321/3321/3321 3320/3320/3320
f 3175/3175/3175 3176/3176/3176 3321/3321/3321
f 3176/3176/3176 3322/3322/3322 3321/3321/3321
f 3176/3176/3176 3177/3177/3177 3322/3322/3322
f 3177/3177/3177 3323/3323/3323 3322/3322/3322
f 3177/3177/3177 3178/3178/3178 3323/3323/3323
f 3178/3178/3178 3324/3324/3324 3323/3323/3323
f 3178/3178/3178 3179/3179/3179 3324/3324/3324
f 3179/3179/3179 3325/3325/3325 3324/3324/3324
f 3179/3179/3179 3180/3180/3180 3325/3325/3325
f 3180/3180/3180 3326/3326/3326 3325/3325/3325
f 3180/3180/3180 3181/3181/3181 3326/3326/3326
f 3181/3181/3181 3327/3327/3327 3326/3326/3326
f 3181/3181/3181 3182/3182/3182 3327/3327/3327
f 3182/3182/3182 3328/3328/3328 3327/3327/3327
f 3182/3182/3182 3183/3183/3183 3328/3328/3328
f 3183/3183/3183 3329/3329/3329 3328/3328/3328
f 3183/3183/3183 3184/3184/3184 3329/3329/3329
f 3184/3184/3184 3330/3330/3330 3329/3329/3329
f 3184/3184/3184 3185/3185/3185 3330/3330/3330
f 3185/3185/3185 3331/3331/3331 3330/3330/3330
f 3185/3185/3185 3186/3186/3186 3331/3331/3331
f 3186/3186/3186 3332/3332/3332 3331/3331/3331
f 3186/3186/3186 3187/3187/3187 3332/3332/3332
f 3187/3187/3187 3333/3333/3333 3332/3332/3332
f 3187/3187/3187 3188/3188/3188 3333/3333/3333
f 3188/3188/3188 3334/3334/3334 3333/3333/3333
f 3188/3188/3188 3189/3189/3189 3334/3334/3334
f 3189/3189/3189 3335/3335/3335 3334/3334/3334
f 3189/3189/3189 3190/3190/3190 3335/3335/3335
f 3191/3191/3191 3337/3337/3337 3336/3336/3336
f 3191/3191/3191 3192/3192/3192 3337/3337/3337
f 3192/3192/3192 3338/3338/3338 3337/3337/3337
f 3192/3192/3192 3193/3193/3193 3338/3338/3338
f 3193/3193/3193 3339/3339/3339 3338/3338/3338
f 3193/3193/3193 3194/3194/3194 3339/3339/3339
f 3194/3194/3194 3340/3340/3340 3339/3339/3339
f 3194/3194/3194 3195/3195/3195 3340/3340/3340
f 3195/3195/3195 3341/3341/3341 3340/3340/3340
f 3195/3195/3195 3196/3196/3196 3341/3341/3341
f 3196/3196/3196 3342/3342/3342 3341/3341/3341
f 3196/3196/3196 3197/3197/3197 3342/3342/3342
f 3197/3197/3197 3343/3343/3343 3342/3342/3342
f 3197/3197/3197 3198/3198/3198 3343/3343/3343
f 3198/3198/3198 3344/3344/3344 3343/3343/3343
f 3198/3198/3198 3199/3199/3199 3344/3344/3344
f 3199/3199/3199 3345/3345/3345 3344/3344/3344
f 3199/3199/3199 3200/3200/3200 3345/3345/3345
f 3200/3200/3200 3346/3346/3346 3345/3345/3345
f 3200/3200/3200 3201/3201/3201 3346/3346/3346
f 3201/3201/3201 3347/3347/3347 3346/3346/3346
f 3201/3201/3201 3202/3202/3202 3347/3347/3347
f 3202/3202/3202 3348/3348/3348 3347/3347/3347
f 3202/3202/3202 3203/3203/3203 3348/3348/3348
f 3203/3203/3203 3349/3349/3349 3348/3348/3348
f 3203/3203/3203 3204/3204/3204 3349/3349/3349
f 3204/3204/3204 3350/3350/3350 3349/3349/3349
f 3204/3204/3204 3205/3205/3205 3350/3350/3350
f 3205/3205/3205 3351/3351/3351 3350/3350/3350
f 3205/3205/3205 3206/3206/3206 3351/3351/3351
f 3206/3206/3206 3352/3352/3352 3351/3351/3351
f 3206/3206/3206 3207/3207/3207 3352/3352/3352
f 3207/3207/3207 3353/3353/3353 3352/3352/3352
f 3207/3207/3207 3208/3208/3208 3353/3353/3353
f 3208/3208/3208 3354/3354/3354 3353/3353/3353
f 3208/3208/3208 3209/3209/3209 3354/3354/3354
f 3209/3209/3209 3355/3355/3355 3354/3354/3354
f 3209/3209/3209 3210/3210/3210 3355/3355/3355
f 3210/3210/3210 3356/3356/3356 3355/3355/3355
f 3210/3210/3210 3211/3211/3211 3356/3356/3356
f 3211/3211/3211 3357/3357/3357 3356/3356/3356
f 3211/3211/3211 3212/3212/3212 3357/3357/3357
f 3212/3212/3212 3358/3358/3358 3357/3357/3357
f 3212/3212/3212 3213/3213/3213 3358/3358/3358
f 3213/3213/3213 3359/3359/3359 3358/3358/3358
f 3213/3213/3213 3214/3214/3214 3359/3359/3359
f 3214/3214/3214 3360/3360/3360 3359/3359/3359
f 3214/3214/3214 3215/3215/3215 3360/3360/3360
f 3215/3215/3215 3361/3361/3361 3360/3360/3360
f 3215/3215/3215 3216/3216/3216 3361/3361/3361
f 3216/3216/3216 3362/3362/3362 3361/3361/3361
f 3216/3216/3216 3217/3217/3217 3362/3362/3362
f 3217/3217/3217 3363/3363/3363 3362/3362/3362
f 3217/3217/3217 3218/3218/3218 3363/3363/3363
f 3218/3218/3218 3364/3364/3364 3363/3363/3363
f 3218/3218/3218 3219/3219/3219 3364/3364/3364
f 3219/3219/3219 3365/3365/3365 3364/3364/3364
f 3219/3219/3219 3220/3220/3220 3365/3365/3365
f 3220/3220/3220 3366/3366/3366 3365/3365/3365
f 3220/3220/3220 3221/3221/3221 3366/3366/3366
f 3221/3221/3221 3367/3367/3367 3366/3366/3366
f 3221/3221/3221 3222/3222/3222 3367/3367/3367
f 3222/3222/3222 3368/3368/3368 3367/3367/3367
f 3222/3222/3222 3223/3223/3223 3368/3368/3368
f 3223/3223/3223 3369/3369/3369 3368/3368/3368
f 3223/3223/3223 3224/3224/3224 3369/3369/3369
f 3224/3224/3224 3370/3370/3370 3369/3369/3369
f 3224/3224/3224 3225/3225/3225 3370/3370/3370
f 3225/3225/3225 3371/3371/3371 3370/3370/3370
f 3225/3225/3225 3226/3226/3226 3371/3371/3371
f 3226/3226/3226 3372/3372/3372 3371/3371/3371
f 3226/3226/3226 3227/3227/3227 3372/3372/3372
f 3227/3227/3227 3373/3373/3373 3372/3372/3372
f 3227/3227/3227 3228/3228/3228 3373/3373/3373
f 3228/3228/3228 3374/3374/3374 3373/3373/3373
f 3228/3228/3228 3229/3229/3229 3374/3374/3374
f 3229/3229/3229 3375/3375/3375 3374/3374/3374
f 3229/3229/3229 3230/3230/3230 3375/3375/3375
f 3230/3230/3230 3376/3376/3376 3375/3375/3375
f 3230/3230/3230 3231/3231/3231 3376/3376/3376
f 3231/3231/3231 3377/3377/3377 3376/3376/3376
f 3231/3231/3231 3232/3232/3232 3377/3377/3377
f 3232/3232/3232 3378/3378/3378 3377/3377/3377
f 3232/3232/3232 3233/3233/3233 3378/3378/3378
f 3233/3233/3233 3379/3379/3379 3378/3378/3378
f 3233/3233/3233 3234/3234/3234 3379/3379/3379
f 3234/3234/3234 3380/3380/3380 3379/3379/3379
f 3234/3234/3234 3235/3235/3235 3380/3380/3380
f 3235/3235/3235 3381/3381/3381 3380/3380/3380
f 3235/3235/3235 3236/3236/3236 3381/3381/3381
f 3236/3236/3236 3382/3382/3382 3381/3381/3381
f 3236/3236/3236 3237/3237/3237 3382/3382/3382
f 3237/3237/3237 3383/3383/3383 3382/3382/3382
f 3237/3237/3237 3238/3238/3238 3383/3383/3383
f 3238/3238/3238 3384/3384/3384 3383/3383/3383
f 3238/3238/3238 3239/3239/3239 3384/3384/3384
f 3239/3239/3239 3385/3385/3385 3384/3384/3384
f 3239/3239/3239 3240/3240/3240 3385/3385/3385
f 3240/3240/3240 3386/3386/3386 3385/3385/3385
f 3240/3240/3240 3241/3241/3241 3386/3386/3386
f 3241/3241/3241 3387/3387/3387 3386/3386/3386
f 3241/3241/3241 3242/3242/3242 3387/3387/3387
f 3242/3242/3242 3388/3388/3388 3387/3387/3387
f 3242/3242/3242 3243/3243/3243 3388/3388/3388
f 3243/3243/3243 3389/3389/3389 3388/3388/3388
f 3243/3243/3243 3244/3244/3244 3389/3389/3389
f 3244/3244/3244 3390/3390/3390 3389/3389/3389
f 3244/3244/3244 3245/3245/3245 3390/3390/3390
f 3245/3245/3245 3391/3391/3391 3390/3390/3390
f 3245/3245/3245 3246/3246/3246 3391/3391/3391
f 3246/3246/3246 3392/3392/3392 3391/3391/3391
f 3246/3246/3246 3247/3247/3247 3392/3392/3392
f 3247/3247/3247 3393/3393/3393 3392/3392/3392
f 3247/3247/3247 3248/3248/3248 3393/3393/3393
f 3248/3248/3248 3394/3394/3394 3393/3393/3393
f 3248/3248/3248 3249/3249/3249 3394/3394/3394
f 3249/3249/3249 3395/3395/3395 3394/3394/3394
f 3249/3249/3249 3250/3250/3250 3395/3395/3395
f 3250/3250/3250 3396/3396/3396 3395/3395/3395
f 3250/3250/3250 3251/3251/3251 3396/3396/3396
f 3251/3251/3251 3397/3397/3397 3396/3396/3396
f 3251/3251/3251 3252/3252/3252 3397/3397/3397
f 3252/3252/3252 3398/3398/3398 3397/3397/3397
f 3252/3252/3252 3253/3253/3253 3398/3398/3398
f 3253/3253/3253 3399/3399/3399 3398/3398/3398
f 3253/3253/3253 3254/3254/3254 3399/3399/3399
f 3254/3254/3254 3400/3400/3400 3399/3399/3399
f 3254/3254/3254 3255/3255/3255 3400/3400/3400
f 3255/3255/3255 3401/3401/3401 3400/3400/3400
f 3255/3255/3255 3256/3256/3256 3401/3401/3401
f 3256/3256/3256 3402/3402/3402 3401/3401/3401
f 3256/3256/3256 3257/3257/3257 3402/3402/3402
f 3257/3257/3257 3403/3403/3403 3402/3402/3402
f 3257/3257/3257 3258/3258/3258 3403/3403/3403
f 3258/3258/3258 3404/3404/3404 3403/3403/3403
f 3258/3258/3258 3259/3259/3259 3404/3404/3404
f 3259/3259/3259 3405/3405/3405 3404/3404/3404
f 3259/3259/3259 3260/3260/3260 3405/3405/3405
f 3260/3260/3260 3406/3406/3406 3405/3405/3405
f 3260/3260/3260 3261/3261/3261 3406/3406/3406
f 3261/3261/3261 3407/3407/3407 3406/3406/3406
f 3261/3261/3261 3262/3262/3262 3407/3407/3407
f 3262/3262/3262 3408/3408/3408 3407/3407/3407
f 3262/3262/3262 3263/3263/3263 3408/3408/3408
f 3263/3263/3263 3409/3409/3409 3408/3408/3408
f 3263/3263/3263 3264/3264/3264 3409/3409/3409
f 3264/3264/3264 3410/3410/3410 3409/3409/3409
f 3264/3264/3264 3265/3265/3265 3410/3410/3410
f 3265/3265/3265 3411/3411/3411 3410/3410/3410
f 3265/3265/3265 3266/3266/3266 3411/3411/3411
f 3266/3266/3266 3412/3412/3412 3411/3411/3411
f 3266/3266/3266 3267/3267/3267 3412/3412/3412
f 3267/3267/3267 3413/3413/3413 3412/3412/3412
f 3267/3267/3267 3268/3268/3268 3413/3413/3413
f 3268/3268/3268 3414/3414/3414 3413/3413/3413
f 3268/3268/3268 3269/3269/3269 3414/3414/3414
f 3269/3269/3269 3415/3415/3415 3414/3414/3414
f 3269/3269/3269 3270/3270/3270 3415/3415/3415
f 3270/3270/3270 3416/3416/3416 3415/3415/3415
f 3270/3270/3270 3271/3271/3271 3416/3416/3416
f 3271/3271/3271 3417/3417/3417 3416/3416/3416
f 3271/3271/3271 3272/3272/3272 3417/3417/3417
f 3272/3272/3272 3418/3418/3418 3417/3417/3417
f 3272/3272/3272 3273/3273/3273 3418/3418/3418
f 3273/3273/3273 3419/3419/3419 3418/3418/3418
f 3273/3273/3273 3274/3274/3274 3419/3419/3419
f 3274/3274/3274 3420/3420/3420 3419/3419/3419
f 3274/3274/3274 3275/3275/3275 3420/3420/3420
f 3275/3275/3275 3421/3421/3421 3420/3420/3420
f 3275/3275/3275 3276/3276/3276 3421/3421/3421
f 3276/3276/3276 3422/3422/3422 3421/3421/3421
f 3276/3276/3276 3277/3277/3277 3422/3422/3422
f 3277/3277/3277 3423/3423/3423 3422/3422/3422
f 3277/3277/3277 3278/3278/3278 3423/3423/3423
f 3278/3278/3278 3424/3424/3424 3423/3423/3423
f 3278/3278/3278 3279/3279/3279 3424/3424/3424
f 3279/3279/3279 3425/3425/3425 3424/3424/3424
f 3279/3279/3279 3280/3280/3280 3425/3425/3425
f 3280/3280/3280 3426/3426/3426 3425/3425/3425
f 3280/3280/3280 3281/3281/3281 3426/3426/3426
f 3281/3281/3281 3427/3427/3427 3426/3426/3426
f 3281/3281/3281 3282/3282/3282 3427/3427/3427
f 3282/3282/3282 3428/3428/3428 3427/3427/3427
f 3282/3282/3282 3283/3283/3283 3428/3428/3428
f 3283/3283/3283 3429/3429/3429 3428/3428/3428
f 3283/3283/3283 3284/3284/3284 3429/3429/3429
f 3284/3284/3284 3430/3430/3430 3429/3429/3429
f 3284/3284/3284 3285/3285/3285 3430/3430/3430
f 3285/3285/3285 3431/3431/3431 3430/3430/3430
f 3285/3285/3285 3286/3286/3286 3431/3431/3431
f 3286/3286/3286 3432/3432/3432 3431/3431/3431
f 3286/3286/3286 3287/3287/3287 3432/3432/3432
f 3287/3287/3287 3433/3433/3433 3432/3432/3432
f 3287/3287/3287 3288/3288/3288 3433/3433/3433
f 3288/3288/3288 3434/3434/3434 3433/3433/3433
f 3288/3288/3288 3289/3289/3289 3434/3434/3434
f 3289/3289/3289 3435/3435/3435 3434/3434/3434
f 3289/3289/3289 3290/3290/3290 3435/3435/3435
f 3290/3290/3290 3436/3436/3436 3435/3435/3435
f 3290/3290/3290 3291/3291/3291 3436/3436/3436
f 3291/3291/3291 3437/3437/3437 3436/3436/3436
f 3291/3291/3291 3292/3292/3292 3437/3437/3437
f 3292/3292/3292 3438/3438/3438 3437/3437/3437
f 3292/3292/3292 3293/3293/3293 3438/3438/3438
f 3293/3293/3293 3439/3439/3439 3438/3438/3438
f 3293/3293/3293 3294/3294/3294 3439/3439/3439
f 3294/3294/3294 3440/3440/3440 3439/3439/3439
f 3294/3294/3294 3295/3295/3295 3440/3440/3440
f 3295/3295/3295 3441/3441/3441 3440/3440/3440
f 3295/3295/3295 3296/3296/3296 3441/3441/3441
f 3296/3296/3296 3442/3442/3442 3441/3441/3441
f 3296/3296/3296 3297/3297/3297 3442/3442/3442
f 3297/3297/3297 3443/3443/3443 3442/3442/3442
f 3297/3297/3297 3298/3298/3298 3443/3443/3443
f 3298/3298/3298 3444/3444/3444 3443/3443/3443
f 3298/3298/3298 3299/3299/3299 3444/3444/3444
f 3299/3299/3299 3445/3445/3445 3444/3444/3444
f 3299/3299/3299 3300/3300/3300 3445/3445/3445
f 3300/3300/3300 3446/3446/3446 3445/3445/3445
f 3300/3300/3300 3301/3301/3301 3446/3446/3446
f 3301/3301/3301 3447/3447/3447 3446/3446/3446
f 3301/3301/3301 3302/3302/3302 3447/3447/3447
f 3302/3302/3302 3448/3448/3448 3447/3447/3447
f 3302/3302/3302 3303/3303/3303 3448/3448/3448
f 3303/3303/3303 3449/3449/3449 3448/3448/3448
f 3303/3303/3303 3304/3304/3304 3449/3449/3449
f 3304/3304/3304 3450/3450/3450 3449/3449/3449
f 3304/3304/3304 3305/3305/3305 3450/3450/3450
f 3305/3305/3305 3451/3451/3451 3450/3450/3450
f 3305/3305/3305 3306/3306/3306 3451/3451/3451
f 3306/3306/3306 3452/3452/3452 3451/3451/3451
f 3306/3306/3306 3307/3307/3307 3452/3452/3452
f 3307/3307/3307 3453/3453/3453 3452/3452/3452
f 3307/3307/3307 3308/3308/3308 3453/3453/3453
f 3308/3308/3308 3454/3454/3454 3453/3453/3453
f 3308/3308/3308 3309/3309/3309 3454/3454/3454
f 3309/3309/3309 3455/3455/3455 3454/3454/3454
f 3309/3309/3309 3310/3310/3310 3455/3455/3455
f 3310/3310/3310 3456/3456/3456 3455/3455/3455
f 3310/3310/3310 3311/3311/3311 3456/3456/3456
f 3311/3311/3311 3457/3457/3457 3456/3456/3456
f 3311/3311/3311 3312/3312/3312 3457/3457/3457
f 3312/3312/3312 3458/3458/3458 3457/3457/3457
f 3312/3312/3312 3313/3313/3313 3458/3458/3458
f 3313/3313/3313 3459/3459/3459 3458/3458/3458
f 3313/3313/3313 3314/3314/3314 3459/3459/3459
f 3314/3314/3314 3460/3460/3460 3459/3459/3459
f 3314/3314/3314 3315/3315/3315 3460/3460/3460
f 3315/3315/3315 3461/3461/3461 3460/3460/3460
f 3315/3315/3315 3316/3316/3316 3461/3461/3461
f 3316/3316/3316 3462/3462/3462 3461/3461/3461
f 3316/3316/3316 3317/3317/3317 3462/3462/3462
f 3317/3317/3317 3463/3463/3463 3462/3462/3462
f 3317/3317/3317 3318/3318/3318 3463/3463/3463
f 3318/3318/3318 3464/3464/3464 3463/3463/3463
f 3318/3318/3318 3319/3319/3319 3464/3464/3464
f 3319/3319/3319 3465/3465/3465 3464/3464/3464
f 3319/3319/3319 3320/3320/3320 3465/3465/3465
f 3320/3320/3320 3466/3466/3466 3465/3465/3465
f 3320/3320/3320 3321/3321/3321 3466/3466/3466
f 3321/3321/3321 3467/3467/3467 3466/3466/3466
f 3321/3321/3321 3322/3322/3322 3467/3467/3467
f 3322/3322/3322 3468/3468/3468 3467/3467/3467
f 3322/3322/3322 3323/3323/3323 3468/3468/3468
f 3323/3323/3323 3469/3469/3469 3468/3468/3468
f 3323/3323/3323 3324/3324/3324 3469/3469/3469
f 3324/3324/3324 3470/3470/3470 3469/3469/3469
f 3324/3324/3324 3325/3325/3325 3470/3470/3470
f 3325/3325/3325 3471/3471/3471 3470/3470/3470
f 3325/3325/3325 3326/3326/3326 3471/3471/3471
f 3326/3326/3326 3472/3472/3472 3471/3471/3471
f 3326/3326/3326 3327/3327/3327 3472/3472/3472
f 3327/3327/3327 3473/3473/3473 3472/3472/3472
f 3327/3327/3327 3328/3328/3328 3473/3473/3473
f 3328/3328/3328 3474/3474/3474 3473/3473/3473
f 3328/3328/3328 3329/3329/3329 3474/3474/3474
f 3329/3329/3329 3475/3475/3475 3474/3474/3474
f 3329/3329/3329 3330/3330/3330 3475/3475/3475
f 3330/3330/3330 3476/3476/3476 3475/3475/3475
f 3330/3330/3330 3331/3331/3331 3476/3476/3476
f 3331/3331/3331 3477/3477/3477 3476/3476/3476
f 3331/3331/3331 3332/3332/3332 3477/3477/3477
f 3332/3332/3332 3478/3478/3478 3477/3477/3477
f 3332/3332/3332 3333/3333/3333 3478/3478/3478
f 3333/3333/3333 3479/3479/3479 3478/3478/3478
f 3333/3333/3333 3334/3334/3334 3479/3479/3479
f 3334/3334/3334 3480/3480/3480 3479/3479/3479
f 3334/3334/3334 3335/3335/3335 3480/3480/3480
f 3336/3336/3336 3482/3482/3482 3481/3481/3481
f 3336/3336/3336 3337/3337/3337 3482/3482/3482
f 3337/3337/3337 3483/3483/3483 3482/3482/3482
f 3337/3337/3337 3338/3338/3338 3483/3483/3483
f 3338/3338/3338 3484/3484/3484 3483/3483/3483
f 3338/3338/3338 3339/3339/3339 3484/3484/3484
f 3339/3339/3339 3485/3485/3485 3484/3484/3484
f 3339/3339/3339 3340/3340/3340 3485/3485/3485
f 3340/3340/3340 3486/3486/3486 3485/3485/3485
f 3340/3340/3340 3341/3341/3341 3486/3486/3486
f 3341/3341/3341 3487/3487/3487 3486/3486/3486
f 3341/3341/3341 3342/3342/3342 3487/3487/3487
f 3342/3342/3342 3488/3488/3488 3487/3487/3487
f 3342/3342/3342 3343/3343/3343 3488/3488/3488
f 3343/3343/3343 3489/3489/3489 3488/3488/3488
f 3343/3343/3343 3344/3344/3344 3489/3489/3489
f 3344/3344/3344 3490/3490/3490 3489/3489/3489
f 3344/3344/3344 3345/3345/3345 3490/3490/3490
f 3345/3345/3345 3491/3491/3491 3490/3490/3490
f 3345/3345/3345 3346/3346/3346 3491/3491/3491
f 3346/3346/3346 3492/3492/3492 3491/3491/3491
f 3346/3346/3346 3347/3347/3347 3492/3492/3492
f 3347/3347/3347 3493/3493/3493 3492/3492/3492
f 3347/3347/3347 3348/3348/3348 3493/3493/3493
f 3348/3348/3348 3494/3494/3494 3493/3493/3493
f 3348/3348/3348 3349/3349/3349 3494/3494/3494
f 3349/3349/3349 3495/3495/3495 3494/3494/3494
f 3349/3349/3349 3350/3350/3350 3495/3495/3495
f 3350/3350/3350 3496/3496/3496 3495/3495/3495
f 3350/3350/3350 3351/3351/3351 3496/3496/3496
f 3351/3351/3351 3497/3497/3497 3496/3496/3496
f 3351/3351/3351 3352/3352/3352 3497/3497/3497
f 3352/3352/3352 3498/3498/3498 3497/3497/3497
f 3352/3352/3352 3353/3353/3353 3498/3498/3498
f 3353/3353/3353 3499/3499/3499 3498/3498/3498
f 3353/3353/3353 3354/3354/3354 3499/3499/3499
f 3354/3354/3354 3500/3500/3500 3499/3499/3499
f 3354/3354/3354 3355/3355/3355 3500/3500/3500
f 3355/3355/3355 3501/3501/3501 3500/3500/3500
f 3355/3355/3355 3356/3356/3356 3501/3501/3501
f 3356/3356/3356 3502/3502/3502 3501/3501/3501
f 3356/3356/3356 3357/3357/3357 3502/3502/3502
f 3357/3357/3357 3503/3503/3503 3502/3502/3502
f 3357/3357/3357 3358/3358/3358 3503/3503/3503
f 3358/3358/3358 3504/3504/3504 3503/3503/3503
f 3358/3358/3358 3359/3359/3359 3504/3504/3504
f 3359/3359/3359 3505/3505/3505 3504/3504/3504
f 3359/3359/3359 3360/3360/3360 3505/3505/3505
f 3360/3360/3360 3506/3506/3506 3505/3505/3505
f 3360/3360/3360 3361/3361/3361 3506/3506/3506
f 3361/3361/3361 3507/3507/3507 3506/3506/3506
f 3361/3361/3361 3362/3362/3362 3507/3507/3507
f 3362/3362/3362 3508/3508/3508 3507/3507/3507
f 3362/3362/3362 3363/3363/3363 3508/3508/3508
f 3363/3363/3363 3509/3509/3509 3508/3508/3508
f 3363/3363/3363 3364/3364/3364 3509/3509/3509
f 3364/3364/3364 3510/3510/3510 3509/3509/3509
f 3364/3364/3364 3365/3365/3365 3510/3510/3510
f 3365/3365/3365 3511/3511/3511 3510/3510/3510
f 3365/3365/3365 3366/3366/3366 3511/3511/3511
f 3366/3366/3366 3512/3512/3512 3511/3511/3511
f 3366/3366/3366 3367/3367/3367 3512/3512/3512
f 3367/3367/3367 3513/3513/3513 3512/3512/3512
f 3367/3367/3367 3368/3368/3368 3513/3513/3513
f 3368/3368/3368 3514/3514/3514 3513/3513/3513
f 3368/3368/3368 3369/3369/3369 3514/3514/3514
f 3369/3369/3369 3515/3515/3515 3514/3514/3514
f 3369/3369/3369 3370/3370/3370 3515/3515/3515
f 3370/3370/3370 3516/3516/3516 3515/3515/3515
f 3370/3370/3370 3371/3371/3371 3516/3516/3516
f 3371/3371/3371 3517/3517/3517 3516/3516/3516
f 3371/3371/3371 3372/3372/3372 3517/3517/3517
f 3372/3372/3372 3518/3518/3518 3517/3517/3517
f 3372/3372/3372 3373/3373/3373 3518/3518/3518
f 3373/3373/3373 3519/3519/3519 3518/3518/3518
f 3373/3373/3373 3374/3374/3374 3519/3519/3519
f 3374/3374/3374 3520/3520/3520 3519/3519/3519
f 3374/3374/3374 3375/3375/3375 3520/3520/3520
f 3375/3375/3375 3521/3521/3521 3520/3520/3520
f 3375/3375/3375 3376/3376/3376 3521/3521/3521
f 3376/3376/3376 3522/3522/3522 3521/3521/3521
f 3376/3376/3376 3377/3377/3377 3522/3522/3522
f 3377/3377/3377 3523/3523/3523 3522/3522/3522
f 3377/3377/3377 3378/3378/3378 3523/3523/3523
f 3378/3378/3378 3524/3524/3524 3523/3523/3523
f 3378/3378/3378 3379/3379/3379 3524/3524/3524
f 3379/3379/3379 3525/3525/3525 3524/3524/3524
f 3379/3379/3379 3380/3380/3380 3525/3525/3525
f 3380/3380/3380 3526/3526/3526 3525/3525/3525
f 3380/3380/3380 3381/3381/3381 3526/3526/3526
f 3381/3381/3381 3527/3527/3527 3526/3526/3526
f 3381/3381/3381 3382/3382/3382 3527/3527/3527
f 3382/3382/3382 3528/3528/3528 3527/3527/3527
f 3382/3382/3382 3383/3383/3383 3528/3528/3528
f 3383/3383/3383 3529/3529/3529 3528/3528/3528
f 3383/3383/3383 3384/3384/3384 3529/3529/3529
f 3384/3384/3384 3530/3530/3530 3529/3529/3529
f 3384/3384/3384 3385/3385/3385 3530/3530/3530
f 3385/3385/3385 3531/3531/3531 3530/3530/3530
f 3385/3385/3385 3386/3386/3386 3531/3531/3531
f 3386/3386/3386 3532/3532/3532 3531/3531/3531
f 3386/3386/3386 3387/3387/3387 3532/3532/3532
f 3387/3387/3387 3533/3533/3533 3532/3532/3532
f 3387/3387/3387 3388/3388/3388 3533/3533/3533
f 3388/3388/3388 3534/3534/3534 3533/3533/3533
f 3388/3388/3388 3389/3389/3389 3534/3534/3534
f 3389/3389/3389 3535/3535/3535 3534/3534/3534
f 3389/3389/3389 3390/3390/3390 3535/3535/3535
f 3390/3390/3390 3536/3536/3536 3535/3535/3535
f 3390/3390/3390 3391/3391/3391 3536/3536/3536
f 3391/3391/3391 3537/3537/3537 3536/3536/3536
f 3391/3391/3391 3392/3392/3392 3537/3537/3537
f 3392/3392/3392 3538/3538/3538 3537/3537/3537
f 3392/3392/3392 3393/3393/3393 3538/3538/3538
f 3393/3393/3393 3539/3539/3539 3538/3538/3538
f 3393/3393/3393 3394/3394/3394 3539/3539/3539
f 3394/3394/3394 3540/3540/3540 3539/3539/3539
f 3394/3394/3394 3395/3395/3395 3540/3540/3540
f 3395/3395/3395 3541/3541/3541 3540/3540/3540
f 3395/3395/3395 3396/3396/3396 3541/3541/3541
f 3396/3396/3396 3542/3542/3542 3541/3541/3541
f 3396/3396/3396 3397/3397/3397 3542/3542/3542
f 3397/3397/3397 3543/3543/3543 3542/3542/3542
f 3397/3397/3397 3398/3398/3398 3543/3543/3543
f 3398/3398/3398 3544/3544/3544 3543/3543/3543
f 3398/3398/3398 3399/3399/3399 3544/3544/3544
f 3399/3399/3399 3545/3545/3545 3544/3544/3544
f 3399/3399/3399 3400/3400/3400 3545/3545/3545
f 3400/3400/3400 3546/3546/3546 3545/3545/3545
f 3400/3400/3400 3401/3401/3401 3546/3546/3546
f 3401/3401/3401 3547/3547/3547 3546/3546/3546
f 3401/3401/3401 3402/3402/3402 3547/3547/3547
f 3402/3402/3402 3548/3548/3548 3547/3547/3547
f 3402/3402/3402 3403/3403/3403 3548/3548/3548
f 3403/3403/3403 3549/3549/3549 3548/3548/3548
f 3403/3403/3403 3404/3404/3404 3549/3549/3549
f 3404/3404/3404 3550/3550/3550 3549/3549/3549
f 3404/3404/3404 3405/3405/3405 3550/3550/3550
f 3405/3405/3405 3551/3551/3551 3550/3550/3550
f 3405/3405/3405 3406/3406/3406 3551/3551/3551
f 3406/3406/3406 3552/3552/3552 3551/3551/3551
f 3406/3406/3406 3407/3407/3407 3552/3552/3552
f 3407/3407/3407 3553/3553/3553 3552/3552/3552
f 3407/3407/3407 3408/3408/3408 3553/3553/3553
f 3408/3408/3408 3554/3554/3554 3553/3553/3553
f 3408/3408/3408 3409/3409/3409 3554/3554/3554
f 3409/3409/3409 3555/3555/3555 3554/3554/3554
f 3409/3409/3409 3410/3410/3410 3555/3555/3555
f 3410/3410/3410 3556/3556/3556 3555/3555/3555
f 3410/3410/3410 3411/3411/3411 3556/3556/3556
f 3411/3411/3411 3557/3557/3557 3556/3556/3556
f 3411/3411/3411 3412/3412/3412 3557/3557/3557
f 3412/3412/3412 3558/3558/3558 3557/3557/3557
f 3412/3412/3412 3413/3413/3413 3558/3558/3558
f 3413/3413/3413 3559/3559/3559 3558/3558/3558
f 3413/3413/3413 3414/3414/3414 3559/3559/3559
f 3414/3414/3414 3560/3560/3560 3559/3559/3559
f 3414/3414/3414 3415/3415/3415 3560/3560/3560
f 3415/3415/3415 3561/3561/3561 3560/3560/3560
f 3415/3415/3415 3416/3416/3416 3561/3561/3561
f 3416/3416/3416 3562/3562/3562 3561/3561/3561
f 3416/3416/3416 3417/3417/3417 3562/3562/3562
f 3417/3417/3417 3563/3563/3563 3562/3562/3562
f 3417/3417/3417 3418/3418/3418 3563/3563/3563
f 3418/3418/3418 3564/3564/3564 3563/3563/3563
f 3418/3418/3418 3419/3419/3419 3564/3564/3564
f 3419/3419/3419 3565/3565/3565 3564/3564/3564
f 3419/3419/3419 3420/3420/3420 3565/3565/3565
f 3420/3420/3420 3566/3566/3566 3565/3565/3565
f 3420/3420/3420 3421/3421/3421 3566/3566/3566
f 3421/3421/3421 3567/3567/3567 3566/3566/3566
f 3421/3421/3421 3422/3422/3422 3567/3567/3567
f 3422/3422/3422 3568/3568/3568 3567/3567/3567
f 3422/3422/3422 3423/3423/3423 3568/3568/3568
f 3423/3423/3423 3569/3569/3569 3568/3568/3568
f 3423/3423/3423 3424/3424/3424 3569/3569/3569
f 3424/3424/3424 3570/3570/3570 3569/3569/3569
f 3424/3424/3424 3425/3425/3425 3570/3570/3570
f 3425/3425/3425 3571/3571/3571 3570/3570/3570
f 3425/3425/3425 3426/3426/3426 3571/3571/3571
f 3426/3426/3426 3572/3572/3572 3571/3571/3571
f 3426/3426/3426 3427/3427/3427 3572/3572/3572
f 3427/3427/3427 3573/3573/3573 3572/3572/3572
f 3427/3427/3427 3428/3428/3428 3573/3573/3573
f 3428/3428/3428 3574/3574/3574 3573/3573/3573
f 3428/3428/3428 3429/3429/3429 3574/3574/3574
f 3429/3429/3429 3575/3575/3575 3574/3574/3574
f 3429/3429/3429 3430/3430/3430 3575/3575/3575
f 3430/3430/3430 3576/3576/3576 3575/3575/3575
f 3430/3430/3430 3431/3431/3431 3576/3576/3576
f 3431/3431/3431 3577/3577/3577 3576/3576/3576
f 3431/3431/3431 3432/3432/3432 3577/3577/3577
f 3432/3432/3432 3578/3578/3578 3577/3577/3577
f 3432/3432/3432 3433/3433/3433 3578/3578/3578
f 3433/3433/3433 3579/3579/3579 3578/3578/3578
f 3433/3433/3433 3434/3434/3434 3579/3579/3579
f 3434/3434/3434 3580/3580/3580 3579/3579/3579
f 3434/3434/3434 3435/3435/3435 3580/3580/3580
f 3435/3435/3435 3581/3581/3581 3580/3580/3580
f 3435/3435/3435 3436/3436/3436 3581/3581/3581
f 3436/3436/3436 3582/3582/3582 3581/3581/3581
f 3436/3436/3436 3437/3437/3437 3582/3582/3582
f 3437/3437/3437 3583/3583/3583 3582/3582/3582
f 3437/3437/3437 3438/3438/3438 3583/3583/3583
f 3438/3438/3438 3584/3584/3584 3583/3583/3583
f 3438/3438/3438 3439/3439/3439 3584/3584/3584
f 3439/3439/3439 3585/3585/3585 3584/3584/3584
f 3439/3439/3439 3440/3440/3440 3585/3585/3585
f 3440/3440/3440 3586/3586/3586 3585/3585/3585
f 3440/3440/3440 3441/3441/3441 3586/3586/3586
f 3441/3441/3441 3587/3587/3587 3586/3586/3586
f 3441/3441/3441 3442/3442/3442 3587/3587/3587
f 3442/3442/3442 3588/3588/3588 3587/3587/3587
f 3442/3442/3442 3443/3443/3443 3588/3588/3588
f 3443/3443/3443 3589/3589/3589 3588/3588/3588
f 3443/3443/3443 3444/3444/3444 3589/3589/3589
f 3444/3444/3444 3590/3590/3590 3589/3589/3589
f 3444/3444/3444 3445/3445/3445 3590/3590/3590
f 3445/3445/3445 3591/3591/3591 3590/3590/3590
f 3445/3445/3445 3446/3446/3446 3591/3591/3591
f 3446/3446/3446 3592/3592/3592 3591/3591/3591
f 3446/3446/3446 3447/3447/3447 3592/3592/3592
f 3447/3447/3447 3593/3593/3593 3592/3592/3592
f 3447/3447/3447 3448/3448/3448 3593/3593/3593
f 3448/3448/3448 3594/3594/3594 3593/3593/3593
f 3448/3448/3448 3449/3449/3449 3594/3594/3594
f 3449/3449/3449 3595/3595/3595 3594/3594/3594
f 3449/3449/3449 3450/3450/3450 3595/3595/3595
f 3450/3450/3450 3596/3596/3596 3595/3595/3595
f 3450/3450/3450 3451/3451/3451 3596/3596/3596
f 3451/3451/3451 3597/3597/3597 3596/3596/3596
f 3451/3451/3451 3452/3452/3452 3597/3597/3597
f 3452/3452/3452 3598/3598/3598 3597/3597/3597
f 3452/3452/3452 3453/3453/3453 3598/3598/3598
f 3453/3453/3453 3599/3599/3599 3598/3598/3598
f 3453/3453/3453 3454/3454/3454 3599/3599/3599
f 3454/3454/3454 3600/3600/3600 3599/3599/3599
f 3454/3454/3454 3455/3455/3455 3600/3600/3600
f 3455/3455/3455 3601/3601/3601 3600/3600/3600
f 3455/3455/3455 3456/3456/3456 3601/3601/3601
f 3456/3456/3456 3602/3602/3602 3601/3601/3601
f 3456/3456/3456 3457/3457/3457 3602/3602/3602
f 3457/3457/3457 3603/3603/3603 3602/3602/3602
f 3457/3457/3457 3458/3458/3458 3603/3603/3603
f 3458/3458/3458 3604/3604/3604 3603/3603/3603
f 3458/3458/3458 3459/3459/3459 3604/3604/3604
f 3459/3459/3459 3605/3605/3605 3604/3604/3604
f 3459/3459/3459 3460/3460/3460 3605/3605/3605
f 3460/3460/3460 3606/3606/3606 3605/3605/3605
f 3460/3460/3460 3461/3461/3461 3606/3606/3606
f 3461/3461/3461 3607/3607/3607 3606/3606/3606
f 3461/3461/3461 3462/3462/3462 3607/3607/3607
f 3462/3462/3462 3608/3608/3608 3607/3607/3607
f 3462/3462/3462 3463/3463/3463 3608/3608/3608
f 3463/3463/3463 3609/3609/3609 3608/3608/3608
f 3463/3463/3463 3464/3464/3464 3609/3609/3609
f 3464/3464/3464 3610/3610/3610 3609/3609/3609
f 3464/3464/3464 3465/3465/3465 3610/3610/3610
f 3465/3465/3465 3611/3611/3611 3610/3610/3610
f 3465/3465/3465 3466/3466/3466 3611/3611/3611
f 3466/3466/3466 3612/3612/3612 3611/3611/3611
f 3466/3466/3466 3467/3467/3467 3612/3612/3612
f 3467/3467/3467 3613/3613/3613 3612/3612/3612
f 3467/3467/3467 3468/3468/3468 3613/3613/3613
f 3468/3468/3468 3614/3614/3614 3613/3613/3613
f 3468/3468/3468 3469/3469/3469 3614/3614/3614
f 3469/3469/3469 3615/3615/3615 3614/3614/3614
f 3469/3469/3469 3470/3470/3470 3615/3615/3615
f 3470/3470/3470 3616/3616/3616 3615/3615/3615
f 3470/3470/3470 3471/3471/3471 3616/3616/3616
f 3471/3471/3471 3617/3617/3617 3616/3616/3616
f 3471/3471/3471 3472/3472/3472 3617/3617/3617
f 3472/3472/3472 3618/3618/3618 3617/3617/3617
f 3472/3472/3472 3473/3473/3473 3618/3618/3618
f 3473/3473/3473 3619/3619/3619 3618/3618/3618
f 3473/3473/3473 3474/3474/3474 3619/3619/3619
f 3474/3474/3474 3620/3620/3620 3619/3619/3619
f 3474/3474/3474 3475/3475/3475 3620/3620/3620
f 3475/3475/3475 3621/3621/3621 3620/3620/3620
f 3475/3475/3475 3476/3476/3476 3621/3621/3621
f 3476/3476/3476 3622/3622/3622 3621/3621/3621
f 3476/3476/3476 3477/3477/3477 3622/3622/3622
f 3477/3477/3477 3623/3623/3623 3622/3622/3622
f 3477/3477/3477 3478/3478/3478 3623/3623/3623
f 3478/3478/3478 3624/3624/3624 3623/3623/3623
f 3478/3478/3478 3479/3479/3479 3624/3624/3624
f 3479/3479/3479 3625/3625/3625 3624/3624/3624
f 3479/3479/3479 3480/3480/3480 3625/3625/3625
f 3481/3481/3481 3627/3627/3627 3626/3626/3626
f 3481/3481/3481 3482/3482/3482 3627/3627/3627
f 3482/3482/3482 3628/3628/3628 3627/3627/3627
f 3482/3482/3482 3483/3483/3483 3628/3628/3628
f 3483/3483/3483 3629/3629/3629 3628/3628/3628
f 3483/3483/3483 3484/3484/3484 3629/3629/3629
f 3484/3484/3484 3630/3630/3630 3629/3629/3629
f 3484/3484/3484 3485/3485/3485 3630/3630/3630
f 3485/3485/3485 3631/3631/3631 3630/3630/3630
f 3485/3485/3485 3486/3486/3486 3631/3631/3631
f 3486/3486/3486 3632/3632/3632 3631/3631/3631
f 3486/3486/3486 3487/3487/3487 3632/3632/3632
f 3487/3487/3487 3633/3633/3633 3632/3632/3632
f 3487/3487/3487 3488/3488/3488 3633/3633/3633
f 3488/3488/3488 3634/3634/3634 3633/3633/3633
f 3488/3488/3488 3489/3489/3489 3634/3634/3634
f 3489/3489/3489 3635/3635/3635 3634/3634/3634
f 3489/3489/3489 3490/3490/3490 3635/3635/3635
f 3490/3490/3490 3636/3636/3636 3635/3635/3635
f 3490/3490/3490 3491/3491/3491 3636/3636/3636
f 3491/3491/3491 3637/3637/3637 3636/3636/3636
f 3491/3491/3491 3492/3492/3492 3637/3637/3637
f 3492/3492/3492 3638/3638/3638 3637/3637/3637
f 3492/3492/3492 3493/3493/3493 3638/3638/3638
f 3493/3493/3493 3639/3639/3639 3638/3638/3638
f 3493/3493/3493 3494/3494/3494 3639/3639/3639
f 3494/3494/3494 3640/3640/3640 3639/3639/3639
f 3494/3494/3494 3495/3495/3495 3640/3640/3640
f 3495/3495/3495 3641/3641/3641 3640/3640/3640
f 3495/3495/3495 3496/3496/3496 3641/3641/3641
f 3496/3496/3496 3642/3642/3642 3641/3641/3641
f 3496/3496/3496 3497/3497/3497 3642/3642/3642
f 3497/3497/3497 3643/3643/3643 3642/3642/3642
f 3497/3497/3497 3498/3498/3498 3643/3643/3643
f 3498/3498/3498 3644/3644/3644 3643/3643/3643
f 3498/3498/3498 3499/3499/3499 3644/3644/3644
f 3499/3499/3499 3645/3645/3645 3644/3644/3644
f 3499/3499/3499 3500/3500/3500 3645/3645/3645
f 3500/3500/3500 3646/3646/3646 3645/3645/3645
f 3500/3500/3500 3501/3501/3501 3646/3646/3646
f 3501/3501/3501 3647/3647/3647 3646/3646/3646
f 3501/3501/3501 3502/3502/3502 3647/3647/3647
f 3502/3502/3502 3648/3648/3648 3647/3647/3647
f 3502/3502/3502 3503/3503/3503 3648/3648/3648
f 3503/3503/3503 3649/3649/3649 3648/3648/3648
f 3503/3503/3503 3504/3504/3504 3649/3649/3649
f 3504/3504/3504 3650/3650/3650 3649/3649/3649
f 3504/3504/3504 3505/3505/3505 3650/3650/3650
f 3505/3505/3505 3651/3651/3651 3650/3650/3650
f 3505/3505/3505 3506/3506/3506 3651/3651/3651
f 3506/3506/3506 3652/3652/3652 3651/3651/3651
f 3506/3506/3506 3507/3507/3507 3652/3652/3652
f 3507/3507/3507 3653/3653/3653 3652/3652/3652
f 3507/3507/3507 3508/3508/3508 3653/3653/3653
f 3508/3508/3508 3654/3654/3654 3653/3653/3653
f 3508/3508/3508 3509/3509/3509 3654/3654/3654
f 3509/3509/3509 3655/3655/3655 3654/3654/3654
f 3509/3509/3509 3510/3510/3510 3655/3655/3655
f 3510/3510/3510 3656/3656/3656 3655/3655/3655
f 3510/3510/3510 3511/3511/3511 3656/3656/3656
f 3511/3511/3511 3657/3657/3657 3656/3656/3656
f 3511/3511/3511 3512/3512/3512 3657/3657/3657
f 3512/3512/3512 3658/3658/3658 3657/3657/3657
f 3512/3512/3512 3513/3513/3513 3658/3658/3658
f 3513/3513/3513 3659/3659/3659 3658/3658/3658
f 3513/3513/3513 3514/3514/3514 3659/3659/3659
f 3514/3514/3514 3660/3660/3660 3659/3659/3659
f 3514/3514/3514 3515/3515/3515 3660/3660/3660
f 3515/3515/3515 3661/3661/3661 3660/3660/3660
f 3515/3515/3515 3516/3516/3516 3661/3661/3661
f 3516/3516/3516 3662/3662/3662 3661/3661/3661
f 3516/3516/3516 3517/3517/3517 3662/3662/3662
f 3517/3517/3517 3663/3663/3663 3662/3662/3662
f 3517/3517/3517 3518/3518/3518 3663/3663/3663
f 3518/3518/3518 3664/3664/3664 3663/3663/3663
f 3518/3518/3518 3519/3519/3519 3664/3664/3664
f 3519/3519/3519 3665/3665/3665 3664/3664/3664
f 3519/3519/3519 3520/3520/3520 3665/3665/3665
f 3520/3520/3520 3666/3666/3666 3665/3665/3665
f 3520/3520/3520 3521/3521/3521 3666/3666/3666
f 3521/3521/3521 3667/3667/3667 3666/3666/3666
f 3521/3521/3521 3522/3522/3522 3667/3667/3667
f 3522/3522/3522 3668/3668/3668 3667/3667/3667
f 3522/3522/3522 3523/3523/3523 3668/3668/3668
f 3523/3523/3523 3669/3669/3669 3668/3668/3668
f 3523/3523/3523 3524/3524/3524 3669/3669/3669
f 3524/3524/3524 3670/3670/3670 3669/3669/3669
f 3524/3524/3524 3525/3525/3525 3670/3670/3670
f 3525/3525/3525 3671/3671/3671 3670/3670/3670
f 3525/3525/3525 3526/3526/3526 3671/3671/3671
f 3526/3526/3526 3672/3672/3672 3671/3671/3671
f 3526/3526/3526 3527/3527/3527 3672/3672/3672
f 3527/3527/3527 3673/3673/3673 3672/3672/3672
f 3527/3527/3527 3528/3528/3528 3673/3673/3673
f 3528/3528/3528 3674/3674/3674 3673/3673/3673
f 3528/3528/3528 3529/3529/3529 3674/3674/3674
f 3529/3529/3529 3675/3675/3675 3674/3674/3674
f 3529/3529/3529 3530/3530/3530 3675/3675/3675
f 3530/3530/3530 3676/3676/3676 3675/3675/3675
f 3530/3530/3530 3531/3531/3531 3676/3676/3676
f 3531/3531/3531 3677/3677/3677 3676/3676/3676
f 3531/3531/3531 3532/3532/3532 3677/3677/3677
f 3532/3532/3532 3678/3678/3678 3677/3677/3677
f 3532/3532/3532 3533/3533/3533 3678/3678/3678
f 3533/3533/3533 3679/3679/3679 3678/3678/3678
f 3533/3533/3533 3534/3534/3534 3679/3679/3679
f 3534/3534/3534 3680/3680/3680 3679/3679/3679
f 3534/3534/3534 3535/3535/3535 3680/3680/3680
f 3535/3535/3535 3681/3681/3681 3680/3680/3680
f 3535/3535/3535 3536/3536/3536 3681/3681/3681
f 3536/3536/3536 3682/3682/3682 3681/3681/3681
f 3536/3536/3536 3537/3537/3537 3682/3682/3682
f 3537/3537/3537 3683/3683/3683 3682/3682/3682
f 3537/3537/3537 3538/3538/3538 3683/3683/3683
f 3538/3538/3538 3684/3684/3684 3683/3683/3683
f 3538/3538/3538 3539/3539/3539 3684/3684/3684
f 3539/3539/3539 3685/3685/3685 3684/3684/3684
f 3539/3539/3539 3540/3540/3540 3685/3685/3685
f 3540/3540/3540 3686/3686/3686 3685/3685/3685
f 3540/3540/3540 3541/3541/3541 3686/3686/3686
f 3541/3541/3541 3687/3687/3687 3686/3686/3686
f 3541/3541/3541 3542/3542/3542 3687/3687/3687
f 3542/3542/3542 3688/3688/3688 3687/3687/3687
f 3542/3542/3542 3543/3543/3543 3688/3688/3688
f 3543/3543/3543 3689/3689/3689 3688/3688/3688
f 3543/3543/3543 3544/3544/3544 3689/3689/3689
f 3544/3544/3544 3690/3690/3690 3689/3689/3689
f 3544/3544/3544 3545/3545/3545 3690/3690/3690
f 3545/3545/3545 3691/3691/3691 3690/3690/3690
f 3545/3545/3545 3546/3546/3546 3691/3691/3691
f 3546/3546/3546 3692/3692/3692 3691/3691/3691
f 3546/3546/3546 3547/3547/3547 3692/3692/3692
f 3547/3547/3547 3693/3693/3693 3692/3692/3692
f 3547/3547/3547 3548/3548/3548 3693/3693/3693
f 3548/3548/3548 3694/3694/3694 3693/3693/3693
f 3548/3548/3548 3549/3549/3549 3694/3694/3694
f 3549/3549/3549 3695/3695/3695 3694/3694/3694
f 3549/3549/3549 3550/3550/3550 3695/3695/3695
f 3550/3550/3550 3696/3696/3696 3695/3695/3695
f 3550/3550/3550 3551/3551/3551 3696/3696/3696
f 3551/3551/3551 3697/3697/3697 3696/3696/3696
f 3551/3551/3551 3552/3552/3552 3697/3697/3697
f 3552/3552/3552 3698/3698/3698 3697/3697/3697
f 3552/3552/3552 3553/3553/3553 3698/3698/3698
f 3553/3553/3553 3699/3699/3699 3698/3698/3698
f 3553/3553/3553 3554/3554/3554 3699/3699/3699
f 3554/3554/3554 3700/3700/3700 3699/3699/3699
f 3554/3554/3554 3555/3555/3555 3700/3700/3700
f 3555/3555/3555 3701/3701/3701 3700/3700/3700
f 3555/3555/3555 3556/3556/3556 3701/3701/3701
f 3556/3556/3556 3702/3702/3702 3701/3701/3701
f 3556/3556/3556 3557/3557/3557 3702/3702/3702
f 3557/3557/3557 3703/3703/3703 3702/3702/3702
f 3557/3557/3557 3558/3558/3558 3703/3703/3703
f 3558/3558/3558 3704/3704/3704 3703/3703/3703
f 3558/3558/3558 3559/3559/3559 3704/3704/3704
f 3559/3559/3559 3705/3705/3705 3704/3704/3704
f 3559/3559/3559 3560/3560/3560 3705/3705/3705
f 3560/3560/3560 3706/3706/3706 3705/3705/3705
f 3560/3560/3560 3561/3561/3561 3706/3706/3706
f 3561/3561/3561 3707/3707/3707 3706/3706/3706
f 3561/3561/3561 3562/3562/3562 3707/3707/3707
f 3562/3562/3562 3708/3708/3708 3707/3707/3707
f 3562/3562/3562 3563/3563/3563 3708/3708/3708
f 3563/3563/3563 3709/3709/3709 3708/3708/3708
f 3563/3563/3563 3564/3564/3564 3709/3709/3709
f 3564/3564/3564 3710/3710/3710 3709/3709/3709
f 3564/3564/3564 3565/3565/3565 3710/3710/3710
f 3565/3565/3565 3711/3711/3711 3710/3710/3710
f 3565/3565/3565 3566/3566/3566 3711/3711/3711
f 3566/3566/3566 3712/3712/3712 3711/3711/3711
f 3566/3566/3566 3567/3567/3567 3712/3712/3712
f 3567/3567/3567 3713/3713/3713 3712/3712/3712
f 3567/3567/3567 3568/3568/3568 3713/3713/3713
f 3568/3568/3568 3714/3714/3714 3713/3713/3713
f 3568/3568/3568 3569/3569/3569 3714/3714/3714
f 3569/3569/3569 3715/3715/3715 3714/3714/3714
f 3569/3569/3569 3570/3570/3570 3715/3715/3715
f 3570/3570/3570 3716/3716/3716 3715/3715/3715
f 3570/3570/3570 3571/3571/3571 3716/3716/3716
f 3571/3571/3571 3717/3717/3717 3716/3716/3716
f 3571/3571/3571 3572/3572/3572 3717/3717/3717
f 3572/3572/3572 3718/3718/3718 3717/3717/3717
f 3572/3572/3572 3573/3573/3573 3718/3718/3718
f 3573/3573/3573 3719/3719/3719 3718/3718/3718
f 3573/3573/3573 3574/3574/3574 3719/3719/3719
f 3574/3574/3574 3720/3720/3720 3719/3719/3719
f 3574/3574/3574 3575/3575/3575 3720/3720/3720
f 3575/3575/3575 3721/3721/3721 3720/3720/3720
f 3575/3575/3575 3576/3576/3576 3721/3721/3721
f 3576/3576/3576 3722/3722/3722 3721/3721/3721
f 3576/3576/3576 3577/3577/3577 3722/3722/3722
f 3577/3577/3577 3723/3723/3723 3722/3722/3722
f 3577/3577/3577 3578/3578/3578 3723/3723/3723
f 3578/3578/3578 3724/3724/3724 3723/3723/3723
f 3578/3578/3578 3579/3579/3579 3724/3724/3724
f 3579/3579/3579 3725/3725/3725 3724/3724/3724
f 3579/3579/3579 3580/3580/3580 3725/3725/3725
f 3580/3580/3580 3726/3726/3726 3725/3725/3725
f 3580/3580/3580 3581/3581/3581 3726/3726/3726
f 3581/3581/3581 3727/3727/3727 3726/3726/3726
f 3581/3581/3581 3582/3582/3582 3727/3727/3727
f 3582/3582/3582 3728/3728/3728 3727/3727/3727
f 3582/3582/3582 3583/3583/3583 3728/3728/3728
f 3583/3583/3583 3729/3729/3729 3728/3728/3728
f 3583/3583/3583 3584/3584/3584 3729/3729/3729
f 3584/3584/3584 3730/3730/3730 3729/3729/3729
f 3584/3584/3584 3585/3585/3585 3730/3730/3730
f 3585/3585/3585 3731/3731/3731 3730/3730/3730
f 3585/3585/3585 3586/3586/3586 3731/3731/3731
f 3586/3586/3586 3732/3732/3732 3731/3731/3731
f 3586/3586/3586 3587/3587/3587 3732/3732/3732
f 3587/3587/3587 3733/3733/3733 3732/3732/3732
f 3587/3587/3587 3588/3588/3588 3733/3733/3733
f 3588/3588/3588 3734/3734/3734 3733/3733/3733
f 3588/3588/3588 3589/3589/3589 3734/3734/3734
f 3589/3589/3589 3735/3735/3735 3734/3734/3734
f 3589/3589/3589 3590/3590/3590 3735/3735/3735
f 3590/3590/3590 3736/3736/3736 3735/3735/3735
f 3590/3590/3590 3591/3591/3591 3736/3736/3736
f 3591/3591/3591 3737/3737/3737 3736/3736/3736
f 3591/3591/3591 3592/3592/3592 3737/3737/3737
f 3592/3592/3592 3738/3738/3738 3737/3737/3737
f 3592/3592/3592 3593/3593/3593 3738/3738/3738
f 3593/3593/3593 3739/3739/3739 3738/3738/3738
f 3593/3593/3593 3594/3594/3594 3739/3739/3739
f 3594/3594/3594 3740/3740/3740 3739/3739/3739
f 3594/3594/3594 3595/3595/3595 3740/3740/3740
f 3595/3595/3595 3741/3741/3741 3740/3740/3740
f 3595/3595/3595 3596/3596/3596 3741/3741/3741
f 3596/3596/3596 3742/3742/3742 3741/3741/3741
f 3596/3596/3596 3597/3597/3597 3742/3742/3742
f 3597/3597/3597 3743/3743/3743 3742/3742/3742
f 3597/3597/3597 3598/3598/3598 3743/3743/3743
f 3598/3598/3598 3744/3744/3744 3743/3743/3743
f 3598/3598/3598 3599/3599/3599 3744/3744/3744
f 3599/3599/3599 3745/3745/3745 3744/3744/3744
f 3599/3599/3599 3600/3600/3600 3745/3745/3745
f 3600/3600/3600 3746/3746/3746 3745/3745/3745
f 3600/3600/3600 3601/3601/3601 3746/3746/3746
f 3601/3601/3601 3747/3747/3747 3746/3746/3746
f 3601/3601/3601 3602/3602/3602 3747/3747/3747
f 3602/3602/3602 3748/3748/3748 3747/3747/3747
f 3602/3602/3602 3603/3603/3603 3748/3748/3748
f 3603/3603/3603 3749/3749/3749 3748/3748/3748
f 3603/3603/3603 3604/3604/3604 3749/3749/3749
f 3604/3604/3604 3750/3750/3750 3749/3749/3749
f 3604/3604/3604 3605/3605/3605 3750/3750/3750
f 3605/3605/3605 3751/3751/3751 3750/3750/3750
f 3605/3605/3605 3606/3606/3606 3751/3751/3751
f 3606/3606/3606 3752/3752/3752 3751/3751/3751
f 3606/3606/3606 3607/3607/3607 3752/3752/3752
f 3607/3607/3607 3753/3753/3753 3752/3752/3752
f 3607/3607/3607 3608/3608/3608 3753/3753/3753
f 3608/3608/3608 3754/3754/3754 3753/3753/3753
f 3608/3608/3608 3609/3609/3609 3754/3754/3754
f 3609/3609/3609 3755/3755/3755 3754/3754/3754
f 3609/3609/3609 3610/3610/3610 3755/3755/3755
f 3610/3610/3610 3756/3756/3756 3755/3755/3755
f 3610/3610/3610 3611/3611/3611 3756/3756/3756
f 3611/3611/3611 3757/3757/3757 3756/3756/3756
f 3611/3611/3611 3612/3612/3612 3757/3757/3757
f 3612/3612/3612 3758/3758/3758 3757/3757/3757
f 3612/3612/3612 3613/3613/3613 3758/3758/3758
f 3613/3613/3613 3759/3759/3759 3758/3758/3758
f 3613/3613/3613 3614/3614/3614 3759/3759/3759
f 3614/3614/3614 3760/3760/3760 3759/3759/3759
f 3614/3614/3614 3615/3615/3615 3760/3760/3760
f 3615/3615/3615 3761/3761/3761 3760/3760/3760
f 3615/3615/3615 3616/3616/3616 3761/3761/3761
f 3616/3616/3616 3762/3762/3762 3761/3761/3761
f 3616/3616/3616 3617/3617/3617 3762/3762/3762
f 3617/3617/3617 3763/3763/3763 3762/3762/3762
f 3617/3617/3617 3618/3618/3618 3763/3763/3763
f 3618/3618/3618 3764/3764/3764 3763/3763/3763
f 3618/3618/3618 3619/3619/3619 3764/3764/3764
f 3619/3619/3619 3765/3765/3765 3764/3764/3764
f 3619/3619/3619 3620/3620/3620 3765/3765/3765
f 3620/3620/3620 3766/3766/3766 3765/3765/3765
f 3620/3620/3620 3621/3621/3621 3766/3766/3766
f 3621/3621/3621 3767/3767/3767 3766/3766/3766
f 3621/3621/3621 3622/3622/3622 3767/3767/3767
f 3622/3622/3622 3768/3768/3768 3767/3767/3767
f 3622/3622/3622 3623/3623/3623 3768/3768/3768
f 3623/3623/3623 3769/3769/3769 3768/3768/3768
f 3623/3623/3623 3624/3624/3624 3769/3769/3769
f 3624/3624/3624 3770/3770/3770 3769/3769/3769
f 3624/3624/3624 3625/3625/3625 3770/3770/3770
